Sku,OD Item Number
EX10-LEBAMG28-130,100107
EX10-LEBASM28-140,100859
EX4895-14-1M,100884
EX4040-13-250,100915
FE614ZF-12-100,101156
FA4010-05-1M,101219
EX4010-11-500,101585
FLBK4880-04-1M,102423
EX10-LEBATE28-160,102756
FA5020-04-1M,103233
F-4575-B-1M,103337
EX5030-13-50,104637
FA4895-07-1M,104725
EXLEVC-18-50,105128
EX5010-23-50,105638
EX4860-17-50,105734
FFW-83411-500,105938
FA5010-06-50,106007
EX4080-12-50,106084
EX10-LEBANA28-200,106095
FE4590-05-500,106163
FA81211-07-500,106262
FA4010-02-500,106381
FA4040-06-250,106457
EX5020-27-500,106574
EX4060-23-50,106919
FB4880-GR-50,107262
FE-4220-12-250,107411
FFW-10-L22-1M,107922
FA4875-05-50,107949
EX4030-13-500,108299
EX4060-12-500,108467
EX4060-18-50,109074
EX5010-10-1M,110354
EX8555-23-50,110433
EX5030-10-1M,110543
FE4270-15-50,111110
EX10-LEBAOR28-180,111629
EX10-LEBAMG28-60,111644
FE-4220-15-50,111833
EX10-LEBAWH28-50,112094
EX4820-17-1M,113093
EX5040-11-250,113108
FEA7ZF-12-500,113198
EXLEVC-17-1M,113213
FA5030-05-250,113266
EX4875-27-1M,113318
EX4894-27-250,113516
FEA7GF-12-10,113603
EX10-LEBASM6SPF-70,113963
EX5060-26-1M,114033
FA4865-02-1M,114332
EX8535-17-50,114800
EX10-LEBALY28-250,115262
EX10-LEBAWH28-150,115352
EX4870-10-50,115419
EX4897-10-50,116699
FA4870-01-500,117608
EX10-LEBASM28-20,118009
EX5020-22-250,118168
EX10-LEBASMPC-80,119501
EX4030-15-1M,119559
EX4040-13-50,119588
EX10-LEBATE24-50,119883
EX8535-17-500,120765
EX4860-10-500,120783
FFW-10-B-50,121004
EX4010-14-500,121379
EX4030-13-50,122646
EX7716-23-250,122696
EX10-LEBASMPC-90,122827
EX10-LEBAQM6SPF-100,123023
EX1644-10-1M,123765
FA4010-07-1M,123857
EX10-LEBAOL28-30,124032
EX8555-14-1M,124176
EX8555-12-500,124259
EX5060-23-500,125027
EX5030-23-250,126179
EX4040-27-500,126296
EX4060-25-500,126500
EX4894-13-1M,126914
F-8535-B-50,127607
EX5020-14-250,128108
FA5010-06-250,128199
EX5010-26-50,128523
EX10-LEBASMPC-170,129686
F-8575-B-500,129864
EX1644-11-250,129923
EX10-LEBAOL24-70,130109
F-4570-B-50,130127
FE-7300-15-1M,130242
EX4897-10-250,130662
FE4265-15-250,130709
EX10-LEBAOR28-150,130862
EX4030-10-1M,131027
EX10-LEBAPI28-30,131241
EX4030-15-500,131828
EX4080-10-1M,132201
EX10-LEBAOR28-10,132294
FE4865-22-250,132461
EX4040-12-500,132803
EX5060-17-50,133167
EX4820-27-250,133437
EX4870-27-500,134148
EX4030-18-50,134603
F-8595-B-1M,134606
FA4865-05-500,135062
EX4060-12-50,135698
FA81211-C-05-500,135734
FLNT4880-04-50,135806
EX10-LEBAQM6SPF-220,136064
EX5040-18-1M,136529
FE614ZF-12-50,137084
EXLEVC-15-250,137087
EXLEVC-14-1M,137903
FA4880-05-1M,138371
FA5060-05-500,138621
EXLEVC-11-50,138632
FE-7280-15-50,138819
EX4865-17-1M,139185
EX10-LEBANA28-120,139598
FLNT4872-01-1M,139647
EX4895-10-250,139649
EX4865-11-500,140119
EX4895-15-1M,141236
EX4020-14-250,141332
EXLEVC-17-50,142064
EX10-LEBASMPC-100,142149
EX4870-11-500,142158
EX10-LEBAQMPF-60,142446
EX10-LEBATE24-10,142855
EX4820-11-1M,143342
EX10-LEBASMPF-1M,144372
FA4040-04-250,144725
EX10-LEBAGR28-220,144871
EX10-LEBAOL28-140,144947
EX1644-23-1M,145106
EX5030-25-500,145250
EX4895-18-250,145418
EX4897-11-1M,146027
EX5010-25-50,146163
EX10-LEBAQMPC-240,146633
EX4820-12-500,147414
EX5020-18-250,147513
EX10-LEBAQM28-230,148278
EX4865-14-500,148546
EX5030-26-1M,149257
EX8555-25-1M,149363
EX10-LEBASM28-210,149747
EX10-LEBAQM6SPF-30,149942
EX10-LEBAOL24-20,150132
FA5040-05-1M,150330
EX5060-17-250,150353
F-4570-B-1M,150366
EX10-LEBAOL28-130,150681
EX4030-25-1M,150852
EX5030-18-1M,151076
FA5010-03-1M,151345
EX10-LEBAPI28-70,151907
EX7716-22-1M,152027
EX4020-22-50,152463
EX4030-18-500,153057
EX4894-13-250,153273
EX10-LEBAPI28-180,153458
EX7716-17-50,153804
FE4585-05-1M,153899
EX4880-11-250,154760
EX7716-17-1M,154817
EX5020-22-1M,154857
FLNV4872-04-50,155082
EX10-LEBATE23-250,155111
EX7716-18-1M,155348
EX5010-23-250,155642
EX4897-14-50,155879
EX4860-18-1M,156981
EX4030-17-500,157008
EX5030-11-250,157382
FFW-1013-50,157514
EX4899-14-1M,157597
EX4875-25-250,157724
EX4860-22-500,157742
FLNV4880-04-250,157938
EX10-LEBASM6SPF-230,158051
EX10-LEBALB28-20,158216
EX5010-15-50,158423
FA5060-05-1M,158909
EX4080-18-1M,159363
FA5030-04-250,159851
EX4010-22-500,159908
EX10-LEBAOL28-40,160142
F-6075-B-50,160154
FA4010-05-500,160973
EX5010-25-500,161058
EX4080-11-250,161063
EX4060-22-250,161279
EX5010-22-50,162014
EX10-LEBALB28-220,162452
EX10-LEBAWH28-40,162473
EX8515-27-250,163022
EX4040-17-250,163034
EX5040-18-50,163463
FEA7ZF-12-250,163508
EX4894-12-500,164343
EX8535-15-250,164478
FA4030-03-250,164525
EX4897-22-50,165137
EX4894-15-50,165302
EX10-LEBAWH28-30,165611
FE4270-12-250,165720
EX4870-22-50,166047
EX4030-26-1M,166089
EX10-LEBAOL24-210,166373
FA4870-05-50,166778
FA4020-05-250,166998
EX4870-12-50,167873
FE-7280-13-500,168438
FFW-69-B-500,168460
EX10-LEBATE28-230,168479
EX10-LEBALB28-170,168617
FA4060-05-1M,169023
EX10-LEBASMPC-30,170036
EX4870-17-1M,170319
EX4820-26-250,170456
EX4010-25-50,170642
EX5040-11-500,171347
EX4870-22-250,171413
EX10-LEBATE28-200,172043
FA5030-07-1M,172152
EX4870-26-50,172178
EX4060-13-250,172247
EX4010-17-50,172937
EX5060-14-250,173117
EX4860-25-50,173222
EX4030-14-50,173252
EX4895-12-250,173315
EX10-LEBAWH28-60,173672
FLNT4872-01-250,174204
EX4080-17-500,174542
EX10-LEBAOL23-80,174554
EX10-LEBAGO28-130,174783
EX10-LEBAMG28-500,174842
EX4030-10-500,174843
EX10-LEBATE23-80,174900
FA81211-C-04-500,175346
EX10-LEBARE28-190,175836
EX4860-11-50,176099
EX4010-17-1M,176414
EX4870-17-500,176693
EX4895-17-250,176862
FLNT4880-04-250,176882
EX5040-25-1M,177647
FA5010-04-1M,178082
FA4865-01-1M,178716
FA4875-06-50,178739
EX4040-18-50,179679
EX8555-12-50,179906
EX10-LEBAOL28-110,179922
FE614GF-12-500,180194
FA5030-04-50,180197
EX4860-15-250,180950
EX4875-27-500,181106
EX8515-13-250,181487
EX4880-14-50,182028
FLBK4872-01-1M,182543
EX4875-10-1M,183189
EX4865-25-250,183311
FFW-69-18-500,184028
FA5040-06-50,184091
EX5060-12-1M,184223
EX4820-13-50,185223
EX10-LEBAQMPF-500,185537
FA4040-07-250,187499
EX4020-23-500,187631
EX5060-10-1M,187931
EX4030-10-250,187932
EX5010-12-500,188022
EX10-LEBAOL28-70,188769
EX7716-10-1M,189413
EX10-LEBATE24-200,189581
EX10-LEBATE23-120,189633
EX4020-13-250,190049
EX8515-22-500,190091
EX10-LEBAGO28-500,191162
EX4899-14-500,191591
EX8555-12-250,191829
FE4275-22-50,192027
FA5020-02-50,192135
FFW-1013-1M,192279
EX10-LEBAPI28-190,192287
EX4020-11-250,192473
EXLEVC-17-500,193292
FA4895-01-250,193541
EX10-LEBAGO28-50,193763
FA5030-07-250,193953
EX4030-22-500,194021
EX10-LEBAQMPC-80,194053
FA81211-C-03-50,194273
EX4080-23-500,195098
FE-7280-13-1M,195278
EX4899-23-50,195332
FA4875-03-500,195360
EX5030-27-500,195852
EX10-LEBAOL24-200,196283
EX10-LEBARE28-70,196577
FA5040-02-50,197021
EX4880-12-50,197036
EX10-LEBASM6SPF-150,197040
EX10-LEBANA28-130,197058
EX4040-56-1M,197098
FA5060-03-50,197107
EX4020-12-50,197177
FE4270-15-250,197684
EX10-LEBASMPC-240,198554
EX4870-11-50,199223
EX8555-15-1M,199317
FE8535-20-50,199736
EX4875-27-50,199970
EX10-LEBARE28-250,199980
FA5060-02-50,200330
EX4865-22-1M,200363
FA5060-07-50,200417
EX4899-22-1M,200435
EX10-LEBATE24-140,200570
EX10-LEBAQM6SPF-110,200627
EX4897-25-1M,200825
EX1644-22-500,200874
EX5030-23-500,201194
EX10-LEBAOL24-60,201387
EX8555-13-50,201554
EX10-LEBAQMPC-170,201596
EX4860-10-250,201963
EX4865-10-250,202188
FE4275-20-250,202346
EX10-LEBASM6SPF-130,202505
FA4010-03-500,202917
EX4820-15-500,202973
EX7716-17-250,203241
EX8555-18-1M,203441
FA4895-05-500,203537
EX4020-18-50,203996
F-8585-B-1M,204695
EX5040-14-500,204722
EX10-LEBATE24-70,204789
EX4865-10-500,205239
FA5060-07-1M,205284
EX10-LEBATE23-60,205328
FA4875-06-1M,205615
EX10-LEBAMG28-10,206071
EX10-LEBAQMPC-100,206078
EX10-LEBARE28-130,206429
EX5010-26-1M,206585
FEXA7ZF-22-50,207026
EX4860-17-250,207341
EXLEVC-26-50,207381
EX4040-14-250,207858
EX4010-27-500,207959
FE4595-05-500,208136
EX5030-22-1M,208607
FA4895-04-250,208751
EX4010-22-1M,208823
EX10-LEBAQMPF-170,209071
EX4897-26-1M,209183
FEA7GF-22-1M,209195
FE4280-15-50,209341
EX4860-17-1M,209366
EX5040-10-50,209541
EX10-LEBAWH28-120,210009
EX5020-14-50,210846
EX4894-26-500,211107
EX10-LEBAQM6SPF-120,211265
EX4865-14-1M,211431
EX10-LEBANA28-140,211442
EX4870-26-1M,211730
EX4894-14-50,211802
EX10-LEBAOL24-30,212097
EX10-LEBAOL23-1M,212208
FA81211-04-500,212729
EX5010-11-50,213002
FA5020-03-50,213406
EX4010-13-1M,213546
EX4895-23-250,214167
EX4060-12-1M,214198
EX4899-11-250,214574
EX4870-18-250,215481
EX4030-27-250,215512
EX5060-25-1M,215546
FA4870-06-250,215751
EX10-LEBASMPC-50,217045
EX10-LEBAQM6SPF-90,217335
EX10-LEBAGR28-90,217358
EX4899-23-500,217718
EX10-LEBAQM28-210,217816
F-4595-B-50,217901
FFW-69-GB-50,218109
FA4870-03-250,218248
EX5030-14-50,218582
FA5040-01-1M,218865
EX10-LEBAMG28-160,219071
FA4010-04-250,219177
EX5020-15-500,219275
FA4880-04-500,219455
EX8555-18-500,219569
FA81211-C-03-500,220247
EX4865-11-50,220595
EX4865-18-500,220692
EX10-LEBALY28-130,221003
EX10-LEBAOL28-90,221097
EX10-LEBATE24-170,221862
EX10-LEBALY28-50,222053
EX8555-25-250,222190
EX4010-26-50,222308
EXLEVC-23-250,222370
FA4880-01-250,222584
FA4875-07-50,222726
FA5060-04-1M,223743
EX8555-17-50,224166
EX5040-13-500,224386
EX5030-25-250,224582
EX5020-18-500,224825
EX10-LEBAOL28-150,225257
FA4040-03-1M,225498
EX4860-25-500,226209
EX10-LEBAQM28-70,226583
FLBK4872-03-250,226700
EX8555-23-1M,226799
EX4894-23-250,227061
FA4040-06-1M,227186
EX10-LEBASM6SPF-50,227617
FA81211-C-03-1M,228621
FA4010-07-250,228641
FE-7280-15-500,228644
FE4275-22-250,228806
EX10-LEBASMPF-230,228963
F-8505-B-50,229062
FA4865-03-500,229314
EX4899-23-250,230031
FE4270-20-50,230780
FFW-912-250,230975
FA5010-01-50,230981
EX10-LEBAOL24-150,231526
EX10-LEBALB28-140,231726
EX4040-10-50,232171
EX5060-18-1M,232745
EX4010-12-500,234147
FA4865-04-250,234214
FA4865-07-50,234215
EX10-LEBAOL24-120,234797
FA5060-06-500,234959
EX10-LEBASMPC-70,235150
EX10-LEBAPI28-240,235223
EX4895-23-50,235467
EX10-LEBARE28-200,236298
EX5030-17-1M,236851
FA81211-C-07-1M,237020
EX10-LEBASMPF-100,237023
FA4875-07-1M,237110
EX10-LEBASM28-90,238485
FE4865-22-50,238503
EX8515-23-500,238883
FA4895-07-250,238901
EX4880-26-500,239534
EX4897-22-500,239681
EX4020-25-1M,239700
EX4060-15-500,240125
FFW-10-B-1M,240170
EX4080-15-50,240348
FE-7280-13-250,240366
EX10-LEBAOL24-90,240380
FFW-10-L20-250,240782
EX10-LEBANA28-230,240839
EX4020-23-50,241163
EX4875-15-50,242018
FA4060-04-50,242195
EX10-LEBAMG28-200,242615
EX10-LEBAQM28-190,243428
FLNT4880-04-1M,243507
EX4010-10-250,243525
EX5020-17-1M,244241
EX4040-23-50,244490
EX4870-14-250,244722
FA81211-04-50,244787
EX10-LEBAQM28-170,244880
EX10-LEBAQMPC-30,244943
EX5010-26-500,246036
EX10-LEBAPI28-160,246612
FA5030-07-500,246701
EX4895-25-50,246827
EX10-LEBATE23-160,246851
EX5020-22-50,247217
EX10-LEBAMG28-190,247586
EX8535-12-1M,247921
EX8515-11-1M,247946
EX4010-25-1M,248018
EX10-LEBASMPC-190,248243
EX5020-14-500,248579
EXLEVC-11-1M,248639
EX10-LEBAOL28-220,248891
EX4060-11-250,248979
EX4865-15-1M,249047
EX10-LEBATE28-40,249245
EX10-LEBAQMPF-240,249564
EX7716-15-500,249746
EX4875-11-1M,249794
EX4010-12-250,250040
EX8535-27-1M,250154
FA4865-04-1M,250279
FA4895-06-1M,250466
FE4265-20-1M,250473
EX10-LEBAQMPC-130,250788
EX5010-22-1M,250841
EX10-LEBAQMPF-220,251085
EX4875-25-500,251391
EX4880-10-250,252767
FE4265-20-250,252977
EX4060-25-1M,253187
EX5020-12-1M,253722
EX4880-22-50,253922
EX4030-23-1M,254838
FA4870-02-500,255031
EX10-LEBAOL28-60,255146
FA4040-02-250,255554
EX4895-18-50,256028
EX8515-26-1M,256373
EX4860-13-500,256553
EX4030-23-250,256601
EX7716-12-500,256962
EX5030-17-500,257344
EX10-LEBAQM6SPF-190,257903
EX4030-25-250,258019
EX10-LEBAQMPC-50,258677
EX4030-10-50,258995
EX4897-13-500,259050
EX4820-13-500,259086
EX10-LEBALY28-200,259757
EX4899-13-500,259887
EX4880-12-250,259964
EX10-LEBAGO28-190,260015
EX4894-23-1M,260063
EX10-LEBAQMPF-90,260321
FLBK4880-01-1M,260588
EX10-LEBAOL23-20,260897
EX4010-26-250,260935
EX4820-18-1M,260987
FA81211-06-250,261057
FA5010-05-250,261876
EX5040-12-50,261890
EX4899-12-50,262274
EX10-LEBASM6SPF-120,262550
EX5060-11-250,262724
EX10-LEBAGO28-140,262934
EX10-LEBAMG28-230,262978
EX4897-12-250,262983
FE4270-15-1M,263054
FA4020-03-250,263066
EX4865-23-1M,263460
EX4080-22-500,263509
EX4080-11-500,263525
EX8535-23-500,263741
EX4030-12-500,264266
EX4010-23-50,264284
EX10-LEBAQM6SPF-80,264751
EX10-LEBANA28-70,265175
EX10-LEBASM28-240,265322
EX4865-17-500,265382
EX4060-10-50,265595
FE4270-22-50,266002
EX8535-12-50,266047
EX4020-12-500,266222
EX10-LEBAGR28-50,266324
EX10-LEBASMPC-180,266354
EX5010-12-1M,266709
EX10-LEBANA28-20,267110
EX10-LEBAWH28-140,267401
F-8565-B-1M,267784
EX10-LEBALB28-250,267881
EX10-LEBATE24-40,267915
FA4895-07-500,268010
EX4899-15-500,268094
EX5040-26-500,268743
EX4860-12-50,269060
EX4060-22-50,269108
FA4030-05-500,269134
EX4080-22-250,269180
EX4860-25-250,269193
FA4870-02-50,269220
F-4575-B-250,269402
EX4010-26-1M,269510
EX8515-26-50,269559
EX5010-15-1M,269567
FA5010-01-250,269801
EX10-LEBASM28-70,269873
FA4870-05-500,270212
FA4020-01-50,270257
EX4865-23-250,270363
EXLEVC-10-50,270444
EX10-LEBANA28-40,271007
EX10-LEBAOL28-500,271349
EX4875-12-1M,271476
FFW-10-B-500,271823
EX4875-14-1M,271958
EX10-LEBASM6SPF-160,272087
EX4899-12-250,272262
EX10-LEBANA28-160,272667
EX4020-25-250,273396
EX10-LEBALB28-240,273542
EX10-LEBALY28-90,273749
FA81211-06-500,273794
FEXA7ZF-22-1M,274031
EXLEVC-26-1M,274247
EX4880-25-500,274397
EX4865-18-250,274739
EX4894-11-50,275142
EX5020-13-1M,275174
EX5040-18-250,275300
EX4880-17-50,275303
EX4860-14-50,275493
EX10-LEBAGR28-200,275669
EX4040-14-50,275795
EX10-LEBAGO28-180,276461
EX8515-15-50,276482
EX5010-11-250,276822
EX4875-18-250,277109
EX5010-17-1M,277171
FLBK4880-04-500,277214
EX8555-13-500,277469
EX8535-10-500,277595
FEA7ZF-12-100,278094
EX4030-26-50,278130
EX10-LEBASMPF-50,278186
EX4060-17-500,278283
EX5060-15-50,279134
EX5010-18-50,279599
EX5020-15-50,279773
EX10-LEBASM28-10,279952
EX10-LEBAGO28-170,280079
EX4880-14-500,280119
EX10-LEBATE24-110,280556
FA5030-01-1M,280866
EX8515-15-500,280884
EX4060-18-250,281870
EX5060-27-250,282662
EX5010-11-1M,283250
FE4275-15-250,283625
EX4894-12-250,283854
EXLEVC-23-1M,284313
FA4865-03-50,284614
FLNT4872-04-50,285001
EX10-LEBASM28-30,285402
EX10-LEBASMPC-250,285735
EX10-LEBAOL23-100,286394
FA4020-03-500,286716
EX10-LEBASMPF-240,286968
EX4897-23-500,287174
FE4275-12-1M,287213
FA4030-06-1M,287522
EX10-LEBATE24-130,287899
EX4010-56-1M,287954
FA5010-01-500,288201
FA5020-01-500,289299
EX5060-14-1M,289373
EX10-LEBATE28-140,289490
FA4020-02-50,290339
FE614ZF-22-250,290689
FA4880-07-250,290894
EX1644-17-50,290964
FE-7280-12-500,291297
EX4060-27-50,291329
EX4860-26-500,291459
EX4860-18-250,291560
FE-6070-15-500,292052
EX4875-15-500,292202
EX7716-11-500,292487
EX8515-25-250,292494
FA4870-06-1M,292736
EX4870-27-1M,292823
EX10-LEBASM28-60,292953
EX4860-11-1M,293603
EX4894-27-1M,294087
EX4870-17-50,294323
EX5020-23-500,294834
EX5060-14-500,294932
EX10-LEBALY28-210,295158
EX1644-11-50,295247
FA4895-05-50,295977
EX4040-27-1M,296012
EX5030-10-250,296076
FA5040-06-1M,296438
EX7716-14-500,296601
F-8505-B-500,298097
FA4865-07-250,298229
FA5040-06-250,298344
EX10-LEBASM6SPF-190,298517
FFW-125-50,298802
EXLEVC-10-500,299021
FFW-69-103-1M,299183
EX4897-14-250,299393
EX10-LEBANA28-80,299396
EX1644-10-500,299402
EX4820-14-500,299822
EX4894-25-250,299900
FA81211-C-06-500,300873
FA4020-04-50,300977
EX5040-27-250,301007
EX4895-27-1M,301206
FA5020-05-1M,301289
EX4820-11-50,301400
EX5010-12-50,301424
EX10-LEBAPI28-140,301604
EX10-LEBAGMPF-30,301971
FE4280-20-500,302036
EX4880-18-500,302259
EX4010-18-500,302398
EX10-LEBAOL24-180,302414
EX8515-10-1M,302534
F-8505-B-1M,302687
FA4875-04-50,302852
EX4899-27-500,303152
FA4030-01-500,304079
FA4060-02-500,304226
EXLEVC-13-250,304261
EX5020-13-250,304509
FE614ZF-22-50,304878
FA4895-03-250,305405
EX10-LEBARE28-160,307109
FE4595-05-1M,307358
FA4865-01-50,307362
EX4860-27-1M,307913
EX10-LEBARE28-220,307920
EX10-LEBAOL28-200,307993
EX5020-10-500,308267
FA4870-02-250,308489
EX10-LEBAQMPF-50,308669
EX5060-13-250,308882
EX4894-14-500,309227
EX4040-26-50,309812
FE4270-12-1M,310397
EX10-LEBAGMPF-80,310908
EX10-LEBALB28-70,311279
F-4560-B-50,311720
EX10-LEBAMG28-180,312467
EX5010-27-500,313014
FE-6070-15-1M,313139
EX1644-12-250,313196
EX10-LEBAOL23-140,314048
EX4894-22-500,314994
FFW-10-L20-500,315119
EXP-1602PL-250,315185
FFW-10-GB-1M,315734
FFW-10-500,315773
FFW-10-L22-500,316565
EX4020-17-500,316835
FA4040-07-1M,316910
EX4010-13-250,317249
EX10-LEBASM6SPF-220,317820
EX10-LEBATE24-1M,317991
EX4040-14-500,318396
EX10-LEBATE28-110,318779
EX10-LEBAPI28-40,319183
EX10-LEBAQM28-80,319514
FA4880-05-50,319706
EX5040-22-50,319917
EX10-LEBAQMPC-230,319988
F-8565-B-50,320036
FA4010-04-500,320426
EX4060-14-1M,320495
FA4895-02-500,321227
FE4265-20-50,321404
EX10-LEBAQMPF-160,322040
FA4895-05-1M,322412
EX4040-12-50,322468
EX4060-26-50,322637
EX4865-12-1M,322986
EX4080-27-250,323337
EX4820-18-500,323654
EX4060-13-500,323843
F-8585-B-250,324044
EX4020-13-500,324137
EX10-LEBASMPF-130,324228
EX10-LEBASMPF-20,325139
FA4865-04-500,325313
FE614GF-22-250,325605
EX4880-17-250,325613
EX10-LEBAGR28-170,325712
EX8515-11-500,325947
EX4870-13-1M,326174
EX5020-26-50,326929
EX4860-22-250,327271
EX8555-13-1M,327513
F-8565-B-500,327692
EX10-LEBAPI28-80,328397
EX10-LEBAQMPC-500,328484
EX4030-25-50,328793
EX10-LEBALY28-60,328831
EX10-LEBAOR28-170,328838
FA81211-C-02-500,329079
EX4895-27-250,329394
EX10-LEBASMPF-250,329441
FE4275-12-250,329459
FE4265-12-1M,330020
EX4060-17-1M,330179
FA5020-06-250,330789
FA4895-01-50,331038
FFW-69-B-250,331113
EX10-LEBAGO28-20,331118
FA4030-05-1M,331293
EX5060-13-50,331914
FA5010-06-1M,331955
FE4265-15-50,332342
EXLEVC-15-50,332373
FA4895-07-50,332510
EX10-LEBALY28-160,332774
FLNV4880-04-1M,333152
EX8555-15-50,333633
EX5060-10-250,333923
EX5040-22-500,334349
EX5010-27-1M,334551
EX4895-10-50,334655
FE4865-22-1M,334659
EX7716-14-50,335001
FA5040-07-500,335059
FA4040-05-500,335084
FE4580-05-1M,335123
EX4875-10-50,335381
FE614GF-22-100,335660
EX5060-26-500,335820
EX10-LEBAQMPC-120,336199
EX4060-15-50,336418
EX5060-23-1M,336542
EX4880-13-500,336841
FLNT4872-04-1M,337332
EX4820-15-250,337471
EX4860-25-1M,337485
EX10-LEBAMG28-20,337727
EX5020-26-500,337796
EX10-LEBALB28-200,338120
FA4040-06-500,338207
EX10-LEBAQM6SPF-500,338287
EX10-LEBASM6SPF-500,338792
EX10-LEBAOL23-190,338795
FE-7280-12-1M,338804
EX5030-14-250,339089
EX10-LEBANA28-500,339295
EX5040-12-250,339611
EX1644-14-50,339623
EX4020-14-50,339627
EX10-LEBALY28-220,339719
FEXA7ZF-22-250,340077
EX4880-23-50,340718
EX5040-10-250,340754
F-4550-B-250,340891
EX1644-22-1M,340907
FLNT4872-02-500,341424
EX4060-13-1M,342101
FA4865-03-1M,342471
EX4060-18-500,342821
EX10-LEBASM28-50,343007
EX10-LEBASMPF-120,343160
FLBK4880-03-250,343214
EX4865-25-1M,343256
EX4040-25-500,343848
EX4020-13-1M,343850
EX7716-15-1M,343916
EX4895-26-250,343967
EX4895-27-500,344298
EX8515-18-500,344345
EX5030-12-50,346111
EX8515-25-1M,346379
EX8515-22-50,346736
EX1644-17-250,346955
EX10-LEBARE28-150,346991
EX4870-23-500,347045
FA4875-02-250,347790
EX10-LEBALY28-180,348065
EX4060-27-500,348285
FA81211-03-500,348713
EX4875-26-250,348716
F-8575-B-250,348749
FLNV4880-03-250,349106
EX8515-18-50,350429
FA4020-01-500,351112
EX5060-22-500,351194
FA5010-05-500,351521
EX5020-25-250,351548
F-4550-B-500,351890
FE4580-05-500,352052
FFW-69-1M,352069
EX10-LEBAGR28-30,352321
EX5020-25-500,352547
FFW-69-500,352947
FA5060-02-1M,352949
EX10-LEBATE24-100,353383
EX4899-15-50,354239
FFW-83411-250,354251
EX4060-25-250,354670
EX10-LEBARE28-230,355784
EX4895-13-50,356693
EX5030-26-500,356891
EX4865-17-50,356948
EX4010-27-250,357227
FA5020-02-500,357911
FLNT4870-04-50,358080
EX10-LEBATE24-250,359087
EX10-LEBALB28-500,359400
EX8515-15-250,359564
EX4875-10-500,359927
FLNV4880-03-1M,360422
EX10-LEBATE23-240,361349
EX4010-22-50,361403
FEA7GF-22-50,361425
EX7716-10-500,361571
EX10-LEBAOL23-160,361889
EX10-LEBAWH28-130,362163
FE4265-12-250,362363
FA4895-01-500,362678
EX4060-27-1M,363617
EX5040-14-50,364275
EX8515-10-500,364778
FA81211-05-500,364931
EX4875-15-250,365273
EX8515-12-500,365585
EX10-LEBAMG28-120,365860
FLNT4880-02-1M,365873
EX4080-26-50,365939
EX10-LEBALB28-10,366101
EX10-LEBANA28-1M,366429
EX4030-27-500,366677
FA4865-05-50,366692
EX5020-27-1M,367418
FA4895-02-1M,367811
EX4870-12-500,368342
EX8515-14-250,368487
EX4894-18-500,368717
EX4897-23-50,369716
EX4040-13-500,370164
EX5030-22-50,370196
F-8595-B-500,370775
EX10-LEBATE28-90,371343
EX10-LEBASM28-170,371543
FA4030-01-50,372083
FA4060-01-1M,372554
EX8515-23-50,372578
EX10-LEBALB28-80,373139
EX4860-27-50,373332
EX4875-12-50,373337
EX4875-10-250,373466
EX8535-13-1M,373499
EX4060-26-250,373944
EX10-LEBAQM28-30,374385
EX8555-18-50,374873
FA4865-02-500,374999
FLNT4872-04-250,375008
EX5040-26-1M,375479
EXLEVC-25-500,376397
EX10-LEBALY28-150,376568
EX10-LEBAGR28-40,376788
EX10-LEBAQM6SPF-180,376802
EX1644-15-50,377063
EX1644-22-250,377184
EX4894-15-1M,377426
EX10-LEBATE23-40,377454
EX5020-22-500,377705
EX5010-17-250,378048
EX4875-26-1M,378066
FB4880-SF-50,378939
F-4561-B-250,379002
EX5040-12-500,379632
EX10-LEBAOL24-170,380006
EX4030-14-250,380066
EX4080-17-50,380303
FA4040-07-500,381149
F-4565-B-250,381512
EX10-LEBASMPF-10,381572
FA5030-05-1M,381758
EX4080-27-50,381905
FA4880-06-50,382967
FA5060-01-500,383567
EX4880-18-1M,383858
EX10-LEBALB28-160,383963
EX4040-18-500,383981
EX10-LEBATE23-100,384263
FA4865-01-250,384668
EX7716-13-50,384798
FB4880-SF-500,384803
EX10-LEBAQMPC-150,385086
FE4280-12-50,385088
FA4865-04-50,386486
FA4895-04-1M,387002
EX10-LEBASM6SPF-250,387093
EX4870-18-50,387129
EX10-LEBAGO28-60,387158
EX5060-18-250,387530
EX4080-26-1M,387641
EX4080-27-500,387759
EX10-LEBANA28-240,387795
EX10-LEBATE24-80,387899
EX10-LEBAOL23-90,388355
EX10-LEBAWH28-90,388493
EX4875-23-50,388763
EX8515-27-1M,389474
EX4820-22-50,389629
EX10-LEBATE28-190,390266
FA4895-06-250,390356
EX4820-12-50,390554
EX4865-26-1M,391026
FE4590-05-50,393173
FFW-69-103-50,393467
F-8535-B-250,393632
EX4897-18-50,393872
FA4020-05-50,394622
EX10-LEBALY28-20,394838
EX10-LEBAQM28-220,394964
EX4875-13-1M,395022
EX4020-25-500,395132
FA4030-04-250,396237
EX8535-22-500,396390
EX4875-11-500,397139
FFW-10-103-500,397353
EX1644-15-250,398192
FFW-69-L22-50,398874
EX10-LEBAGO28-120,399198
EX4010-15-50,399657
EX1644-13-50,399688
FE614GF-12-250,400235
EX4897-10-500,400552
FE-7300-15-500,400928
EX4897-14-1M,401318
EX10-LEBATE28-210,401333
EX10-LEBAOL23-50,401561
FFW-69-18-250,401606
EX1644-11-1M,402047
EX4899-25-1M,402143
FA5060-02-500,402688
EX10-LEBAOL28-210,402701
EX10-LEBAOL23-10,402803
EX5060-22-1M,403019
FLBK4872-01-500,403833
EX4010-15-1M,404225
EX10-LEBASMPC-160,404294
FE614ZF-12-10,405301
EX4865-26-500,405674
EX4820-23-250,405908
EX8535-23-50,407282
FLNT4870-04-1M,407352
EX10-LEBAQMPF-10,408398
FA4030-07-1M,409478
EX10-LEBAOL24-80,409962
EX4897-15-500,410591
EX10-LEBAQMPC-250,411482
EX4820-10-250,411933
EX4860-15-1M,412241
FA4875-02-1M,412401
FLNT4872-02-50,412793
FA5060-06-250,412904
EX4010-10-50,413063
FA5020-04-50,413207
EX8515-13-500,413769
EXLEVC-23-500,414084
FE4585-05-250,414179
EX10-LEBAGR28-1M,414773
EXLEVC-18-250,415067
EX10-LEBAQMPC-60,415454
EX4870-11-1M,415547
FA5010-02-250,415598
EX4030-26-250,415791
FA4060-01-500,416095
EXLEVC-23-50,416177
EX1644-15-1M,416291
EX1644-23-500,416627
EX4820-26-1M,417256
EX4030-17-1M,417857
EX5060-27-1M,418811
EX10-LEBASMPF-70,419486
EX4040-26-1M,420074
EX4080-14-250,420179
EX4880-15-250,420434
FA81211-02-50,420452
FA4040-04-50,421151
EX5030-25-1M,421221
EX5040-17-50,421259
F-8545-B-500,421322
FA5030-02-50,422015
EX1644-26-50,423014
EX4865-26-250,423311
FA81211-02-500,423543
EX4020-17-50,424277
EX4865-12-50,424313
EX8515-23-250,424502
EX8555-27-1M,424668
FA81211-C-01-500,424754
EX5030-18-250,425028
EX5030-17-50,425127
FA5020-03-250,425354
EX10-LEBAOL23-30,425564
EX4897-22-250,425606
EX5040-11-1M,425811
F-4580-B-250,426218
EX4030-12-50,426470
EX10-LEBAOR28-240,427071
EX4894-27-50,427553
EX10-LEBASM6SPF-1M,427967
EX4870-10-250,428558
EX8555-25-500,428789
FA5060-04-500,429028
EX4080-10-250,429348
EX4060-23-1M,430109
EX4040-12-250,430293
EX8535-27-500,430445
FE4565-05-500,430897
FA4010-07-50,431377
EX4899-27-50,432170
EX10-LEBASM6SPF-10,432205
EX8555-10-50,432273
EX4897-25-50,432338
FA4875-04-1M,432584
F-8555-B-500,432662
EX10-LEBARE28-100,433308
FA4895-06-500,433317
EX5060-18-50,433553
EX4020-23-250,433598
FA5040-03-250,433609
EX4870-22-500,433799
EX10-LEBAQM6SPF-210,433839
F-4575-B-500,434147
EX10-LEBALY28-1M,434402
EX5010-10-250,434546
EX5030-18-500,434563
EX4875-12-250,434738
EX10-LEBAGO28-150,434822
EX10-LEBATE24-60,435220
F-8565-B-250,435297
EX4020-26-50,435761
FLNV4880-03-50,435887
EX4010-56-500,435929
EX10-LEBAQM6SPF-160,436926
EX10-LEBARE28-30,437108
EX7716-11-50,437344
EX4865-13-1M,437678
FA81211-05-1M,437777
EX4040-11-1M,438028
F-4550-B-1M,438749
EX4860-23-1M,438851
FA5040-03-1M,439194
EX8515-27-50,439613
EX1644-13-1M,439658
EX4875-23-500,439862
EX10-LEBASMPF-210,439916
EX4060-22-500,439964
EX4875-18-50,440148
EX8555-22-1M,440513
FE4570-05-500,440969
F-4585-B-1M,441149
EX4880-14-250,441623
FEA7GF-22-100,441878
EX7716-12-250,441983
EX10-LEBATE28-20,442065
EX4060-23-250,442169
FE4275-20-500,442326
FA5010-07-1M,442730
EX5030-27-50,443318
EX5010-27-250,443335
EX5060-15-250,444252
FA4060-06-50,444419
EX4880-18-50,444956
FA4865-05-250,444992
FA5010-02-500,445111
FB4880-SD-250,445296
EX10-LEBAWH28-100,445323
FE4275-15-500,445883
EX1644-12-1M,446027
FA81211-05-250,446403
EX4870-25-1M,446421
EX5040-23-1M,446555
FA4030-04-500,446879
EX1644-18-500,446957
EX4894-23-50,447311
FA4870-04-1M,447337
EX8535-10-250,447413
EX4030-11-250,447707
EX4894-11-250,448113
FA4895-03-500,448291
EX4060-17-250,448349
EX8535-14-500,448365
EX5020-18-1M,448478
EX10-LEBAQM6SPF-50,448856
FE-7280-15-250,449463
EX4897-27-1M,449738
FE4280-22-50,450509
EX10-LEBAMG28-110,450737
EX5010-15-500,450993
EX8555-11-50,451007
EX5020-13-500,451182
EX1CO-27-500,453137
FA81211-C-07-250,453477
EX4875-11-50,453797
FB4880-SF-250,454100
FA5010-01-1M,454721
FLSL4880-02-250,454818
EX1CO-27-250,455072
EX4870-27-250,455198
EX8515-13-50,455358
FA4875-01-250,455603
FE4280-22-250,456512
EX4899-22-500,456542
EX4895-26-50,456758
EX4030-15-50,456819
EX4020-18-250,457059
EX5060-12-250,457154
FA5010-02-50,457538
EX4895-11-250,457619
EX7716-14-1M,457765
FE-4220-15-500,457779
FA81211-C-03-250,458168
EX10-LEBASMPF-220,459014
EX10-LEBASM28-80,459138
EX8555-25-50,460047
EX8555-18-250,460684
EX4040-17-500,460811
EX4875-18-500,460916
EX4880-10-500,461377
EX10-LEBATE24-120,461576
EX8515-12-50,461699
EXLEVC-15-500,461860
EX10-LEBAMG28-100,462160
EX4060-10-1M,462686
EX10-LEBAOL24-160,462848
EX5020-17-500,463049
EX10-LEBATE23-10,463382
EX4897-17-1M,463886
EX4895-14-50,464885
F-8515-B-50,465044
EX5060-13-1M,465402
EX10-LEBAWH28-1M,465518
EX10-LEBAOR28-1M,465707
FE-4220-12-500,466379
EX5030-10-500,466490
EX4080-10-50,466506
EX4880-17-1M,466784
EX4820-15-1M,466853
EX4895-14-250,467000
EX10-LEBAPI28-220,467616
FA5040-05-500,468212
EX4875-14-500,468777
EX10-LEBASMPC-500,469133
EX4020-18-1M,469223
EX4870-23-250,469721
EX10-LEBAOR28-20,469758
FA4880-01-1M,469926
EX5040-23-250,470127
EX10-LEBAMG28-1M,470279
EX4080-12-1M,470495
EX8535-15-500,470516
FE4265-20-500,470756
FA5010-05-50,470764
EX10-LEBAQMPF-180,471884
F-8545-B-250,472269
EX8555-10-1M,472571
EX4870-26-500,473147
EX10-LEBAOL23-130,473231
FB4880-SF-1M,473660
FE614ZF-12-250,474302
EX4010-18-1M,475187
FFW-69-103-500,475826
FLNV4880-04-50,475829
FLNT4870-04-250,476157
FLNV4880-04-500,476198
EX4894-22-50,476315
FA5020-04-500,476756
EX7716-23-500,477182
EX10-LEBAOL23-230,477421
EX4870-22-1M,479411
FA4030-05-250,479429
EX4080-11-1M,479857
EX7716-15-250,480149
FA5060-02-250,480869
EX4899-25-250,481044
F-6075-B-250,481052
EX4875-12-500,481175
EX10-LEBASMPC-120,481440
FE8535-20-250,481463
EX10-LEBAOL23-200,481487
EX10-LEBALB28-180,481517
EX10-LEBAOL23-210,481741
EX4060-11-500,481854
FA4060-03-500,482693
EX10-LEBAPI28-10,483506
EX10-LEBAGO28-220,484788
FA5020-01-50,485094
EX10-LEBAQMPC-220,485409
FLSL4872-02-250,485634
EX4020-13-50,485705
EX10-LEBAGR28-130,485708
EX10-LEBASMPC-110,485753
FA5020-05-50,485909
EX4860-12-250,486401
EX7716-11-1M,486437
FA5040-07-250,487137
EX5060-18-500,487164
FLNT4880-02-250,487568
EXLEVC-25-1M,488102
FA4880-04-50,488141
EX8535-25-500,488748
FA4060-03-50,488840
EX5030-25-50,489108
EX4895-17-1M,489270
EX10-LEBAPI28-210,490206
EX4080-14-500,490523
FA4020-05-1M,490742
FA4040-01-500,491477
EX5030-15-250,491907
EX5020-14-1M,491988
EX4865-18-50,492164
FA4020-03-50,492636
EX10-LEBASMPC-20,493181
FA4020-03-1M,493214
EX1644-25-50,493482
EX4880-22-250,495714
EX10-LEBAGO28-240,497231
EX10-LEBAGO28-230,497682
EX10-LEBALY28-140,498428
FE4270-12-50,499766
EX10-LEBAOL24-190,500387
FA4875-02-500,500828
EX4030-18-250,500876
EX4899-23-1M,500948
EX10-LEBAOL24-40,501026
FFW-69-GB-500,501413
EX10-LEBANA28-30,501551
EX10-LEBAQMPC-210,501749
FEA7GF-22-500,501974
EX10-LEBAOL23-60,502043
EX4897-10-1M,502113
FA81211-03-250,502682
EX10-LEBAQMPC-200,503582
FE4275-12-50,503699
FA4880-02-50,504329
FE4275-22-500,504618
EX4899-18-500,504795
FLNV4872-03-250,504941
EX10-LEBAPI28-230,506933
EX5020-12-500,507171
EX5060-27-500,507216
EX4897-14-500,507320
FA4040-02-500,507657
FE-7280-15-1M,508631
EX4865-17-250,509439
EX5020-15-1M,509922
FE4280-22-500,509963
FA4060-02-250,510953
FA4060-03-1M,511085
EX8515-10-50,511286
FE-6070-15-50,512427
F-4550-B-50,512508
FE4265-12-500,512549
EX4897-18-1M,512717
EX10-LEBASM6SPF-20,513532
EX5040-14-1M,513687
EX8515-14-500,513700
EX5030-23-1M,513732
FA81211-06-1M,513786
EX10-LEBATE24-90,513894
EX10-LEBAQMPF-20,514209
EX8515-25-50,514451
EX10-LEBATE23-170,514832
EX4820-25-250,515109
EX10-LEBATE24-160,515687
FA4875-05-250,516083
FE4280-12-1M,516513
EX8515-17-250,516615
EX5010-14-1M,517451
F-8545-B-1M,517571
EX5020-13-50,517679
EX10-LEBAGR28-10,518072
EX4895-12-500,518154
EX4894-17-250,518531
FFW-69-GB-250,518954
EX4080-25-50,519033
EX10-LEBAOR28-210,519078
EX10-LEBAQM28-150,519339
EX8555-14-50,519461
EX8555-10-500,519488
EX1644-25-500,520199
EX8555-22-50,520559
EX4865-13-250,521346
FA5010-02-1M,521474
FA4875-03-250,523047
EX4060-23-500,523191
EX4875-18-1M,523299
FE4590-05-1M,523967
FA4870-01-50,524307
EX1644-13-250,524351
EX4870-15-1M,524681
FFW-10-GB-250,525018
FA4875-07-500,525252
FA5020-07-500,525374
EX4899-10-1M,525791
EX4897-15-1M,525812
EX8515-17-1M,526602
EXLEVC-14-250,526772
EX5060-13-500,527147
FFW-125-1M,527340
EX10-LEBALB28-190,527390
EX4010-18-250,527771
EX10-LEBAQMPC-70,527942
EX10-LEBAQMPC-140,528251
EX8535-17-1M,528503
FA5010-03-500,528992
EX10-LEBAMG28-220,529658
EX10-LEBAOR28-120,529979
EX10-LEBATE28-1M,530382
EX10-LEBASMPF-200,530591
EX4865-22-50,530625
EX10-LEBAGMPF-40,531084
EX10-LEBAGO28-80,532007
FA81211-C-01-250,532010
EX10-LEBAMG28-150,532148
EXLEVC-17-250,532226
EX10-LEBAGR28-120,532614
FE4270-15-500,532722
EX10-LEBASM6SPF-80,532877
FA4870-03-50,532967
EX4899-26-50,533307
FA4060-04-1M,533309
EX10-LEBAGO28-90,534107
EX4880-27-50,534657
EX4820-26-50,534827
EX5010-18-250,534888
EX5030-14-1M,534893
FA5030-06-50,535748
EX10-LEBAWH28-250,536018
FFW-912-1M,536036
EX1644-14-500,536979
EX10-LEBASM6SPF-100,537121
EX8515-17-500,538226
EX4895-13-250,538394
EX4030-56-1M,538469
FA4060-06-1M,538559
EX8535-12-500,538874
EX10-LEBASM28-190,539211
FA4880-02-1M,540149
EX5030-27-250,540653
EX5060-25-500,541304
EX8515-25-500,541569
EXLEVC-22-250,541811
FA5060-03-250,541839
EX4894-13-50,542453
EX4010-25-500,542537
FA4030-01-1M,542783
EX8535-22-50,542892
EX4880-26-50,543032
EX10-LEBASM28-110,543068
EX10-LEBAQMPF-130,543521
FA4040-01-1M,543783
FB4880-SD-50,543914
EX4870-15-500,543963
FA4870-06-50,544080
EX10-LEBAOL28-240,544211
EX10-LEBAQMPF-40,544683
EXLEVC-22-500,544801
FA4865-06-1M,545036
EX4865-13-500,545051
FE614GF-22-50,545097
EX4897-12-500,545133
EX5030-17-250,546297
EX4865-11-1M,547032
FA5020-02-1M,547068
EX5010-14-500,547121
FFW-125-250,547577
EX10-LEBAPI28-50,549327
EX10-LEBALB28-30,551111
FE4280-15-1M,551622
EX10-LEBAQM28-1M,551669
EX1644-10-250,552108
EX4894-23-500,552161
EX4897-17-500,552315
EX8535-26-250,552342
EX10-LEBAGR28-160,552977
EX5040-17-250,552981
EX4897-27-500,553001
EX10-LEBAWH28-190,553433
EX4870-13-250,553604
EX4080-27-1M,554612
EX10-LEBAGR28-150,555053
EX4040-16-1M,555148
EX8535-14-50,555203
EX10-LEBALY28-230,555906
EX4880-10-1M,556268
EX1CO-27-50,556475
EX4894-10-500,556718
EX4030-23-500,557661
EX10-LEBAOL24-50,558167
FFW-69-L20-250,558426
EX5060-12-50,558717
EX5010-25-1M,558809
EX4865-25-500,559247
FE614GF-12-10,559526
EX10-LEBAOR28-90,559974
FA5030-03-500,560199
EX10-LEBATE23-130,560462
EX4894-14-250,560834
EX4899-25-50,561203
FFW-10-L20-50,561338
FA5020-01-250,561518
EX10-LEBAQM28-160,561611
F-4580-B-500,561851
FFW-69-18-50,562764
EX4895-22-1M,562841
FFW-1013-500,563439
EX10-LEBAGO28-100,563927
FA4030-02-50,563929
FA4060-02-50,564150
EX4870-15-50,564209
EX4040-15-1M,564353
EX10-LEBAOR28-60,564973
EX4880-11-1M,565019
EX4894-27-500,565617
EX8555-23-250,566216
EX4897-15-250,566486
EX7716-26-50,566661
FE614GF-12-50,566706
EX4860-27-500,567588
EX10-LEBAPI28-120,567683
FA4895-05-250,567869
EX4899-25-500,568205
EX10-LEBAOL24-100,568839
EX10-LEBATE24-180,568901
EX4880-12-1M,569132
EX10-LEBATE24-190,569216
FFW-83411-50,569784
FE4595-05-250,569852
FLNV4872-03-50,570657
EX4030-11-50,570887
EX4860-23-250,571622
EX4895-10-1M,571699
FE4280-15-500,571994
FA5020-02-250,572168
EX4010-13-500,572237
EX1644-25-1M,572369
EX8535-18-250,573047
EX4020-12-1M,573101
EX10-LEBAOR28-100,573320
EX10-LEBATE24-240,574345
EX4897-22-1M,574415
EX10-LEBALB28-40,574658
EX10-LEBASM28-40,575220
EX4080-22-50,575247
EX10-LEBASM6SPF-110,575836
FA4880-07-1M,576104
EX10-LEBAWH28-180,576281
FA4040-03-50,576725
EX4820-10-1M,577637
FA5030-06-250,577724
EX10-LEBALY28-40,578386
FE4280-20-50,578397
EX4897-18-250,578766
EX4897-27-50,579027
EX4060-26-1M,579693
EX4894-12-1M,579795
FA4030-06-500,579875
EX4030-17-250,580935
EX4860-15-50,580994
EX10-LEBARE28-20,581423
EX10-LEBALB28-100,581606
EX4020-11-1M,581693
EX10-LEBAGR28-250,581740
FA81211-07-50,581789
EX10-LEBALB28-150,581843
FA5060-07-250,582406
FA4875-06-250,582683
F-8515-B-1M,582758
EX4897-27-250,582794
EX4820-23-500,583257
EX4820-17-50,583527
FA5020-04-250,584492
EX10-LEBAGMPF-90,585066
FA5060-01-250,585759
EX5030-14-500,586299
EX5030-26-250,586412
FA4895-03-1M,586547
EX10-LEBAQMPF-70,586623
EX7716-23-1M,586724
F-4595-B-500,586943
FA4060-06-500,587138
FA5030-02-250,587325
FA5040-04-1M,587840
EX10-LEBAGR28-230,589220
EX4894-11-1M,590325
FA5030-04-1M,591032
FA4040-02-1M,591794
EX4020-11-500,591839
EX10-LEBATE28-130,592217
EX4030-27-1M,592292
EX5030-27-1M,592577
EX10-LEBASM28-500,592824
EX8535-10-1M,593267
EX4020-56-1M,594628
EX10-LEBAQM28-250,594651
FA5010-07-500,594815
EX4820-13-250,595848
EX10-LEBASMPF-170,596255
EX8515-13-1M,596372
EX8515-22-1M,596723
FLNT4885-04-1M,596946
FA81211-C-01-1M,596969
FFW-69-L20-50,597369
EX5010-27-50,598406
EX10-LEBAGO28-10,598854
EX4860-17-500,598922
EX1644-12-50,599097
EX4040-10-1M,599231
EX4875-17-1M,600080
EX4880-13-1M,600338
FA4020-04-500,600623
EX4820-12-1M,601550
EX10-LEBAPI28-250,602333
EX10-LEBANA28-90,602582
F-4580-B-50,602813
EX4895-25-250,602840
FA4870-05-1M,602976
EX10-LEBAOR28-30,604245
EX10-LEBAQMPC-1M,604337
EX4897-12-1M,604364
EXLEVC-13-50,604430
EX7716-15-50,604733
EX4870-17-250,604832
EX10-LEBATE28-60,604931
EX5030-10-50,605523
F-8575-B-50,605531
EX8555-11-250,605597
EX5020-25-1M,605865
EX4010-15-250,606302
EX5010-10-50,606357
FA4010-02-1M,606486
EX10-LEBASM28-200,606641
EX10-LEBAOL28-1M,607337
EX10-LEBASMPC-10,607359
EX10-LEBAQM6SPF-1M,607521
EX10-LEBAOL24-250,607886
EX4060-15-1M,608746
EX4894-26-1M,609053
EX4865-25-50,609197
EX10-LEBAGR28-100,609398
EX8535-18-50,609446
EX4010-23-250,609677
EX4010-23-500,610083
EX4010-13-50,610520
EX10-LEBAOR28-500,610914
EX5020-26-250,611168
EX4894-14-1M,611756
FA4040-03-250,612056
EX4060-11-50,612062
FA4060-03-250,612561
EX4040-16-500,613040
EX5030-12-1M,613047
EX4880-25-50,613092
F-8525-B-500,614028
EX5020-11-50,614588
EX8535-22-1M,616369
EX5060-25-250,616433
FA4865-03-250,616539
EX10-LEBALY28-70,617057
FA5040-02-250,617196
EX4899-26-1M,617864
F-8505-B-250,617948
FA5030-05-50,617952
FFW-69-103-250,618368
EX10-LEBAWH28-500,618884
EX4899-14-250,619400
EX5010-15-250,619493
EX10-LEBAWH28-200,619559
FE-6070-15-250,619865
EX10-LEBAWH28-170,620063
EX4030-56-250,620432
EX4875-13-50,621128
EX5060-27-50,621242
EX10-LEBAPI28-500,621377
EX10-LEBAWH28-110,621428
EX8555-12-1M,621539
FE4275-15-1M,621597
EX4897-12-50,622029
EX10-LEBAQMPF-140,622502
FE4275-15-50,622649
EX10-LEBAOR28-220,622713
EX4880-14-1M,622902
EX8535-25-250,623072
FE4265-12-50,623207
FA4875-01-50,623288
EX10-LEBAQM28-10,623559
FFW-69-L22-250,624002
EX5040-26-250,624117
FA81211-04-250,624980
FE4270-20-500,625604
EX4820-17-500,625964
FA5040-04-500,625982
EX4820-25-50,627125
EX1644-23-250,627258
EX8515-23-1M,627888
FA5010-06-500,628545
FA4060-06-250,628707
EX4895-26-500,629027
FA5040-05-50,629429
EX10-LEBATE23-200,630230
FLNV4880-03-500,630363
FA81211-07-250,630548
EX4010-56-50,630638
EX4010-23-1M,630759
EX4020-11-50,631091
EX10-LEBAOL23-500,631229
FLBK4872-01-50,631533
EX7716-27-250,631607
EX10-LEBASM6SPF-180,631877
FFW-10-GB-50,631893
EXLEVC-25-50,632019
FLSL4872-02-50,632523
FA4865-05-1M,633431
EX5030-22-500,633594
EX4897-17-250,633854
EX10-LEBAQM6SPF-250,634226
EX4030-18-1M,634953
FEA7GF-12-1M,635078
FE4575-05-250,635849
EX10-LEBATE28-170,636167
FA4865-02-50,636197
EX5040-13-50,636263
EX4060-27-250,636731
EX10-LEBATE23-30,636737
EX4020-12-250,636977
FA5030-01-50,637105
EX4820-25-500,637292
EX4870-14-50,637824
EX4894-22-1M,637934
EX4820-10-500,639149
EX10-LEBASMPF-150,639284
FLNT4880-01-500,639741
EX10-LEBAGO28-1M,640751
EX5060-10-500,640784
F-8575-B-1M,641129
FA4865-07-500,641163
EX4820-22-1M,641298
EX4020-27-250,641777
EX5060-11-500,641942
EX4820-14-50,642239
EX10-LEBALY28-170,642533
EX10-LEBAWH28-220,643073
EX8515-27-500,643508
EX4897-11-250,643521
EX5010-13-250,645362
FLNV4872-03-500,645519
F-4565-B-1M,645998
EX10-LEBATE24-30,646184
FEA7GF-12-250,646649
EX4020-15-1M,646766
FA81211-C-06-50,646868
FLBK4872-03-500,647054
EX4895-12-50,647342
EX4899-17-500,647562
EX10-LEBAGR28-140,647819
FA81211-C-05-50,648641
EX4040-15-50,649110
F-4560-B-500,649142
EX4870-26-250,649820
FE4565-05-1M,649929
FA4040-03-500,650471
EX5060-15-1M,650711
EX4820-23-50,650815
EX4820-11-250,651893
EX10-LEBASMPF-80,652089
FA4870-06-500,652211
EX4080-13-250,652231
EXLEVC-13-500,652514
EX4820-26-500,653536
FA4020-02-500,653781
EX4899-17-1M,653833
EX10-LEBAQMPF-210,653846
FA4020-02-1M,654110
EX4860-23-500,654166
EX5040-10-500,654767
EX10-LEBAQMPC-110,655412
EX1644-26-500,655514
FA5030-01-250,656076
FA81211-C-01-50,656132
EX10-LEBAOL28-230,656744
FLNV4872-03-1M,656832
EX4894-26-250,657827
EX4080-26-250,658434
FFW-912-500,659348
EXLEVC-12-500,659474
EX10-LEBAQMPF-80,659822
FLNT4880-01-50,660036
EX10-LEBAMG28-250,660413
FFW-69-GB-1M,661100
F-4585-B-250,662259
EX10-LEBASM6SPF-30,662342
EX10-LEBATE24-500,662351
EX10-LEBASMPC-60,662732
FE4270-12-500,662806
EXLEVC-27-50,662952
EX10-LEBARE28-500,664082
FA4060-07-1M,664262
EX10-LEBAOR28-70,664316
EX1644-18-1M,664577
EX1644-27-1M,664871
EX4897-23-1M,665099
FLNT4260-04-250,665108
EX4080-23-50,665141
EX4875-15-1M,665342
FA4030-06-250,666113
FA5060-06-50,666134
EX10-LEBATE23-90,667034
FA4060-04-500,667146
EX4080-18-250,667463
EX10-LEBAMG28-90,667729
FA5020-03-500,668039
EX4010-14-250,668780
EX4820-18-250,668825
FA4875-05-1M,669275
FA4880-02-500,669378
FLNT4880-02-500,669497
FFW-69-B-50,669549
EX4899-13-1M,669693
FEXA7ZF-22-10,669918
FA81211-C-05-1M,670301
EX4820-27-1M,670664
FA4010-06-1M,670946
EX4020-15-250,671252
FE4280-22-1M,671498
EX5060-23-50,671597
EX10-LEBALB28-110,671723
FFW-10-103-250,672473
EX10-LEBASM28-230,672749
EX4895-13-1M,672800
EX4860-11-500,673106
EX8535-27-50,673232
F-4570-B-500,673376
EX4040-22-50,673485
EX8555-26-250,673619
EX5010-22-500,673658
EX4880-25-1M,673682
EX4870-13-500,673685
EX4875-26-500,674369
FA4010-04-1M,674705
EX4020-17-1M,674747
FE4575-05-500,674789
EXLEVC-11-500,675278
EX10-LEBASMPF-180,675467
FA4030-06-50,675831
EX5010-13-1M,676074
EX10-LEBAGMPF-500,676119
EX10-LEBATE28-150,676484
EX4860-10-50,676653
EX1644-17-500,677082
EX4899-27-250,677334
EX8515-18-1M,677355
EX8535-22-250,677702
EX4895-12-1M,677861
F-8545-B-50,677867
EX4860-14-250,679766
FE4265-15-500,680234
FE4270-20-250,680333
FE4565-05-50,680355
EX4030-17-50,681131
EX4080-25-500,681188
EX8535-14-1M,681205
EX4860-26-250,681278
EXLEVC-14-500,681717
F-8595-B-250,682109
EX8555-17-500,683796
EX4040-22-250,684089
EX5040-25-250,684311
EX4010-11-50,684570
FA4880-06-1M,684937
FA4880-06-500,685072
FA4895-04-50,685279
FA4880-01-500,685307
EX10-LEBALB28-50,685324
EX8555-26-500,685558
FE-4220-15-250,685875
EX7716-11-250,686759
EX10-LEBAOL23-180,686883
EX5010-13-50,687059
EX4020-25-50,688134
FA81211-C-02-250,688508
EX5010-13-500,688899
FA5020-01-1M,688901
EX4080-12-500,689305
EX4870-10-1M,689723
EXLEVC-13-1M,690032
EX4860-13-250,690061
FA4020-06-1M,691124
EX10-LEBARE28-180,691538
EX4880-12-500,691718
EX10-LEBATE23-50,692252
FLNT4872-02-250,692546
EX10-LEBATE23-140,692607
EX4060-25-50,693017
FE4590-05-250,693588
FA4880-03-1M,693606
EX5030-15-500,694307
EX4030-11-1M,694772
FA4020-02-250,695102
F-8515-B-250,695510
FA4870-04-50,695783
EX5020-10-1M,695793
FLNT4260-04-1M,697535
EX5060-10-50,697883
EX4010-18-50,697919
EX4875-11-250,698511
EX5010-23-1M,698591
FLNT4880-02-50,699299
EX10-LEBAOL23-170,699983
FA5030-04-500,700041
EX5010-17-500,700527
EX10-LEBAOL24-130,700607
EX8535-13-50,700617
FA4875-04-500,700671
EX10-LEBAQM28-200,701724
FLNT4875-04-250,702021
EX4020-27-500,702073
FLBK4880-04-250,702347
EX4897-13-250,702374
EX4895-17-50,702732
EX10-LEBALY28-80,702822
FEA7GF-22-10,703094
EX10-LEBAOL28-100,703113
EX5030-13-500,703569
EX4020-17-250,703814
EX4820-27-500,704276
EX10-LEBASMPC-210,705485
EX10-LEBAQM6SPF-230,705752
EX4020-10-50,705841
EX10-LEBALB28-60,705929
EX8555-15-250,706256
EX10-LEBAWH28-80,706706
EX4865-15-500,707304
EX4865-10-50,707681
EX5010-18-1M,707822
FA4010-04-50,707993
EX4080-14-50,708035
EX4820-27-50,708101
FLNT4872-02-1M,708122
FE4570-05-50,708320
FA5010-07-50,708348
EX4895-15-250,708798
EX10-LEBAOR28-80,709106
EX4880-22-1M,709307
EX4010-11-250,709403
F-4575-B-50,709691
F-4220-B-500,710067
EX4040-13-1M,710076
FA4875-02-50,710276
EX5060-12-500,710341
EXLEVC-12-250,710559
EX4895-14-500,710753
EX4897-11-50,711068
EX4870-25-50,711554
EX10-LEBAQMPF-120,712002
EX4060-17-50,712398
EX4040-16-50,713253
EX5060-22-250,713496
EX4820-22-250,713609
EX7716-26-250,713660
EX10-LEBATE24-220,713687
EX10-LEBAOL28-170,713966
FFW-10-GB-500,714320
FFW-69-L20-500,714713
EX5040-17-1M,715301
EX8535-10-50,715892
EX4880-26-1M,716852
EX5030-11-1M,717404
FA4010-03-250,717458
EX10-LEBAMG28-50,717573
EX10-LEBAWH28-240,718205
FA4875-04-250,718613
FFW-10-L22-250,718718
FA5020-07-50,718847
EX10-LEBARE28-10,718869
FFW-69-L22-500,719048
F-4565-B-50,719274
EX5010-17-50,719684
EX8555-17-1M,719837
EX7716-22-500,719877
EX10-LEBAGR28-190,719987
EX4040-11-50,720059
EX5060-15-500,720111
EX4040-56-500,720307
FA4020-06-250,720448
EX4870-12-1M,720600
EX5030-26-50,720757
EX4865-14-250,720839
EX10-LEBAPI28-20,720982
EX4060-14-500,721031
EX4875-14-50,721466
FA5020-07-1M,722973
EX4899-13-250,723167
EX4040-10-250,723239
EX10-LEBAOL28-20,723400
FA4870-07-1M,723612
EX8515-18-250,723857
FE614GF-22-10,724049
F-8525-B-50,724467
EX4880-15-50,724697
EX10-LEBAPI28-130,724829
EX8555-17-250,724890
FLNT4885-04-500,725168
EX4040-27-50,725338
EX4895-26-1M,725403
EXLEVC-18-500,725552
FE4275-12-500,725687
EX4899-11-50,725889
FLNT4870-04-500,726190
FE614GF-12-1M,726443
F-4585-B-500,726611
EX4860-13-1M,726746
EX4080-15-1M,726854
EX4820-18-50,727001
EX10-LEBATE24-150,727489
EX7716-22-250,728279
EX4875-13-500,728357
EX4897-26-500,729020
EX8555-27-250,729309
EX10-LEBAGO28-160,729567
EX10-LEBATE23-1M,730100
EX4899-17-50,730142
EX7716-27-500,730406
EX10-LEBAQM28-120,730493
EX7716-12-50,730647
EX10-LEBASMPC-150,730778
EX5040-10-1M,730818
EX10-LEBAMG28-140,730862
FLNT4885-04-250,730961
EX10-LEBASM28-130,731429
EX4880-26-250,731574
EX10-LEBAQM6SPF-40,731627
FA4010-05-50,731761
EX4010-27-50,731826
EX10-LEBASM6SPF-140,731869
EX10-LEBAOL28-80,732043
EX4040-25-250,732502
FA4020-04-250,732598
FEA7GF-12-100,732745
FE4265-15-1M,732800
EX10-LEBATE24-20,732923
FFW-83411-1M,732990
FA4010-03-1M,733091
EX4894-25-1M,733238
EX10-LEBAGO28-70,733382
FA81211-C-05-250,734087
FA81211-C-04-50,734102
EX4080-15-250,734106
EX4030-56-50,734286
EX4010-56-250,734747
EX1644-27-250,735832
EX4875-22-50,735986
FLBK4880-01-50,736025
FA81211-C-04-250,736090
EX5030-13-250,736307
F-6075-B-1M,736428
FA5010-07-250,736570
EX8535-13-500,736662
FEA7GF-12-50,736934
EX10-LEBAOL23-120,737072
FA4880-06-250,737274
FA4030-03-500,737753
EX4880-27-250,738086
EX4820-10-50,738404
FA4865-06-250,739313
EX8535-11-250,739439
FA4865-07-1M,739778
EX10-LEBAQM28-110,739967
EX1644-27-500,739972
EX10-LEBAOL23-40,740042
FFW-10-50,740408
FEA7ZF-12-1M,740456
EX4870-14-500,740765
F-4220-B-250,741167
FE-4220-12-1M,741871
FLNT4885-04-50,742136
EX10-LEBAOR28-190,743151
EXLEVC-10-250,743498
EX10-LEBASM6SPF-240,743513
FA5060-01-50,743759
EX4040-17-1M,744227
FA4020-07-1M,744707
EX5030-12-500,744893
FE4580-05-250,744983
EX8555-26-50,745268
EX10-LEBASM28-250,745669
EX4030-26-500,746069
EX4865-27-1M,746517
EX7716-27-1M,747391
EX4860-18-50,747606
EX10-LEBAQM6SPF-20,747669
F-6075-B-500,747956
EX5010-14-250,747973
EX10-LEBARE28-90,748143
FA4020-04-1M,748337
EX10-LEBARE28-60,748507
EX4040-11-250,748668
EX4875-25-50,748682
EX4897-26-50,748699
EXLEVC-22-50,748706
EX10-LEBAGR28-60,748722
EX8555-13-250,748812
EX8515-12-250,748929
FLNT4875-04-50,748967
EX4865-27-50,749156
EX4899-12-500,749228
EX4865-15-50,749694
EX4080-23-1M,749710
EX5040-15-500,750052
FA5060-01-1M,750383
EX5040-13-1M,750722
FA4875-03-50,750956
FE4275-20-1M,751575
EX4897-18-500,752205
F-4220-B-1M,752223
EX4060-13-50,752744
EX10-LEBAQM28-180,752844
FA5040-04-250,752954
EX10-LEBANA28-110,753160
FA4875-05-500,753857
EX4030-22-250,754475
EX10-LEBAPI28-1M,754988
EX10-LEBALY28-100,755177
EX10-LEBALY28-30,755238
EX10-LEBASMPC-130,755526
FA4880-05-500,755903
FE4575-05-1M,756039
FEXA7ZF-22-500,756301
EX10-LEBAGMPF-50,756524
EXLEVC-15-1M,756718
FA4870-07-50,756916
EX4870-25-500,756944
F-8525-B-250,757033
FA4895-03-50,757211
FA4020-06-50,757237
EX5010-11-500,757254
EXLEVC-25-250,757547
F-4561-B-1M,757667
EX4080-17-250,757694
EX4010-26-500,757823
EX7716-23-50,758470
EX4865-12-250,758523
FEA7GF-12-500,758853
EX4895-11-1M,759227
FA4020-07-500,759234
EX4860-22-50,759308
EX10-LEBAGR28-20,759353
EXLEVC-27-500,759738
F-8585-B-500,760233
EX10-LEBAQM6SPF-240,760531
EX4030-25-500,760732
EX4860-11-250,760948
EX5020-17-50,761048
EX5020-12-50,761223
EX4894-12-50,762109
EX4880-25-250,762114
FA4030-02-1M,762241
EX10-LEBAOL24-240,762492
EX10-LEBASMPF-90,762542
EX4860-14-1M,762803
EX4040-22-500,763540
EX4899-18-1M,763907
EX8515-15-1M,764004
EX5040-18-500,764207
EX4010-17-500,764441
EX10-LEBASM28-180,764474
EX4894-26-50,765183
EX4080-11-50,765250
EX4020-23-1M,765560
EX10-LEBARE28-80,765716
EX10-LEBAOL23-110,765911
EX5060-25-50,766067
FA4880-07-50,766112
EX4870-13-50,766173
EX4860-27-250,766204
EX4875-26-50,766586
EX10-LEBANA28-180,767086
EX10-LEBAGO28-110,767406
EX7716-17-500,767757
EX5060-23-250,768610
FE4595-05-50,768697
EX4030-22-1M,768838
EX7716-13-500,768913
EX10-LEBATE28-220,769062
EX8515-26-250,769217
F-8595-B-50,770081
EX10-LEBATE24-210,770162
EX4020-15-50,770642
EX8535-12-250,771283
EX4060-12-250,771638
EX10-LEBAOL24-500,771782
FA4870-01-1M,772031
FA4010-06-250,772034
EX10-LEBAPI28-110,772293
FA81211-C-07-50,772430
EX10-LEBAWH28-20,772664
EXLEVC-12-50,772765
FA5010-04-250,773361
EX4860-26-1M,773998
EX4894-25-500,774122
EX10-LEBANA28-100,774229
FA4060-05-500,776290
FFW-1013-250,777648
EX4860-15-500,778134
EX8555-11-500,778597
EX10-LEBAQMPF-230,778739
FA5030-05-500,780015
F-4595-B-1M,780609
EXLEVC-26-500,781316
EX8535-26-500,781437
FFW-10-1M,781499
FA4895-04-500,781649
EX4870-10-500,781765
EX10-LEBALB28-120,781766
EX8535-18-1M,781919
EX4010-27-1M,782139
EX8515-26-500,782540
EX10-LEBATE28-10,782755
EX10-LEBAOL24-220,782778
FA5040-02-500,782831
EX10-LEBATE23-220,783040
FEA7ZF-12-10,783340
EX10-LEBATE24-230,783498
EX8535-25-1M,783626
EX4860-23-50,783697
EX8535-23-1M,783763
EX4020-22-1M,783845
FA4060-05-50,784421
EX10-LEBAOL23-150,784811
EX4030-27-50,785073
FLBK4872-03-50,785472
EX8515-11-50,785613
EX4040-23-250,785707
FA4060-07-50,785708
FA4875-01-500,785816
EX5060-11-50,786301
EX10-LEBAGO28-250,786392
EX1644-15-500,786479
EX10-LEBASMPF-30,786524
EX10-LEBAQMPF-110,786628
EX1644-23-50,786758
EX10-LEBAOR28-230,787105
EX10-LEBATE28-250,787233
EX5030-11-500,787314
FFW-10-B-250,787484
EX4865-12-500,787739
FA4060-07-250,787895
EX4870-15-250,788097
FA4880-05-250,788454
EX7716-14-250,788612
EX1644-22-50,788669
EX1644-14-250,788783
EX10-LEBASM28-150,788972
EX4880-13-50,789479
FA4020-01-250,790268
EX10-LEBATE28-120,790946
EX5010-23-500,791076
EX4865-10-1M,791337
FLBK4872-04-50,791438
FE4280-12-500,791666
EX10-LEBAOL23-220,792203
EX10-LEBANA28-190,792255
FA4010-07-500,792305
FA4875-07-250,792790
EX10-LEBATE28-240,792920
FA5010-05-1M,793037
EX10-LEBAWH28-160,793148
EX5040-25-50,793231
EX4040-15-500,793787
EX8535-14-250,793811
EX10-LEBAOL24-110,793817
EX8535-26-50,793847
FA4865-06-500,794041
EX5020-27-250,794147
EX8535-17-250,794874
EX10-LEBASMPC-220,795182
EX5030-18-50,795473
EX10-LEBALY28-240,795536
EX10-LEBATE28-500,795575
EX10-LEBALY28-120,795686
EX5040-27-1M,796253
EX5040-14-250,796544
FA5030-06-1M,796559
EX4875-13-250,796674
EX5060-26-250,797421
EX4895-18-500,797846
EX4880-23-1M,798098
EX4860-12-1M,798440
EX4040-18-1M,798903
EX10-LEBAMG28-80,798971
EX4020-10-1M,799472
EX10-LEBANA28-10,799630
EX4860-22-1M,800009
FA4870-01-250,800336
FLSL4872-02-1M,800733
FA81211-07-1M,800789
EX4040-56-250,800979
FLNV4872-04-500,801338
EX4895-27-50,802969
EX8555-23-500,803189
FA5060-06-1M,803802
FE4270-20-1M,804027
FE4585-05-50,804077
EX1CO-27-1M,804884
FB4880-SD-500,805676
EX8535-11-50,805998
EX4895-22-50,806333
EX4820-23-1M,806349
EX4880-11-500,806396
F-4595-B-250,807590
EX4860-26-50,807644
FA4030-07-500,808196
FE-7280-13-50,808239
FA4040-02-50,808469
EX10-LEBAOL28-250,808892
FA4040-07-50,808934
EX10-LEBAQM28-130,809868
EX4899-11-1M,810038
FE4270-22-500,810044
EX5040-25-500,810248
FA4870-04-500,810399
EX4894-17-1M,810854
EX4020-56-50,811589
EX10-LEBARE28-40,811893
EX10-LEBAQMPC-190,812366
EX5010-12-250,812442
EX10-LEBATE23-70,813036
EX4880-17-500,813881
EX4895-13-500,814316
EX4894-15-500,815186
FLBK4880-03-50,815273
EX4080-12-250,815846
FLBK4880-01-500,817019
FE4585-05-500,817037
EX4875-17-500,817113
EX10-LEBANA28-150,817151
EX10-LEBAQM28-40,817583
EX4870-11-250,817598
EX4897-23-250,817646
FA4020-05-500,817791
EX10-LEBASM28-120,817941
EX4020-56-250,818618
EX4880-13-250,818666
EX4870-27-50,818798
EX4894-15-250,818801
EX5020-11-500,818868
FA4870-03-1M,819341
EX10-LEBAWH28-230,820227
EX4899-17-250,820326
EX10-LEBAOL28-180,820870
FA4030-04-50,821150
EX4895-11-50,821230
FE614GF-12-100,822558
EX4040-25-50,822716
FFW-912-50,823098
EX5060-14-50,823217
EX4897-25-250,823629
EX5010-22-250,823796
FA4870-07-500,824363
FA5010-03-250,824888
FA81211-04-1M,825460
FA5060-03-1M,825591
EX8535-11-1M,826079
FE614ZF-12-1M,826289
FA4880-02-250,826554
EX10-LEBAQM6SPF-10,826829
EX4895-18-1M,827724
FA4865-06-50,827798
EX4865-27-500,828233
EX4897-13-50,828557
EX7716-26-500,828776
FA4865-01-500,829115
EX10-LEBAGO28-210,829127
EX4875-23-250,829200
EX4895-23-500,829247
EX8535-26-1M,829825
EX8555-27-500,829955
FA81211-C-02-50,830060
FA4040-05-1M,830140
EX4030-23-50,830144
FLNV4872-04-1M,831263
EX4865-18-1M,831328
EX4010-25-250,831333
FB4880-GR-250,831756
EX5020-11-1M,832017
F-4561-B-50,832467
EX10-LEBASM6SPF-200,832629
EX5040-27-500,832868
FLNT4872-01-500,833466
EX10-LEBAPI28-200,833907
EXLEVC-26-250,834116
FEA7GF-22-250,834160
EX4880-15-500,834460
EX4820-25-1M,834542
EX7716-26-1M,834661
EX4894-18-250,834746
EX5020-11-250,834980
FA5030-07-50,835199
FE-4220-15-1M,835454
EX4895-17-500,835553
EX5020-23-250,835628
EX10-LEBALB28-90,835709
EX10-LEBAOL24-230,836042
FA5040-03-500,837053
EX5020-27-50,837143
EX4894-10-1M,837417
EX10-LEBATE23-500,837986
FA5040-01-50,837998
FE614ZF-22-10,838011
EX5030-23-50,838124
EX10-LEBARE28-170,838664
FE4565-05-250,839003
FA5040-05-250,839051
EX4870-23-50,839489
EX4060-10-500,839586
EX4060-10-250,840038
EX4899-22-50,840452
FE614GF-22-500,840563
EX10-LEBARE28-50,840713
FA5040-04-50,840893
EX1644-25-250,840898
EXP-1602PL-500,841415
EX10-LEBAOR28-130,841424
FA4030-07-50,841476
EX10-LEBAQMPC-180,841940
EX4080-23-250,841985
EX4040-27-250,842207
FLBK4880-01-250,842718
EX10-LEBASMPF-500,842810
EX10-LEBAQM28-100,842816
EX10-LEBAQM28-140,842831
EX4875-17-250,842954
FA5020-06-50,842975
EX5020-26-1M,843173
EX5040-26-50,843326
EX10-LEBAWH28-10,843735
FE4270-22-250,843757
EX4020-56-500,844649
FA4040-05-50,845042
FA4040-01-50,845060
FLBK4872-03-1M,846318
EX4899-15-250,846647
EX4865-14-50,846698
FA5060-04-50,846716
EX8515-14-1M,846833
FA4865-02-250,846840
EX10-LEBAOR28-50,846887
EX8555-26-1M,846905
FE-7280-12-250,847133
FB4880-GR-500,847499
EX4899-27-1M,847507
EX4860-13-50,848213
EX10-LEBAQM28-50,848498
FA4040-06-50,848645
EX10-LEBAMG28-70,848837
EX8535-27-250,848975
FE8535-20-1M,849173
FA4010-02-50,849293
EX10-LEBANA28-210,849392
EX10-LEBAQMPF-190,849539
EX4010-15-500,849540
EX4880-27-500,849722
FE-4220-12-50,849776
FFW-69-50,850082
EX10-LEBAQMPC-20,850098
FA5010-03-50,850247
EX4040-17-50,850343
EX5040-23-500,850903
EX5040-27-50,851354
EX4020-15-500,851693
EX4820-22-500,852092
FA4870-03-500,852134
FA4030-03-1M,852186
EX10-LEBAGR28-180,852546
EX10-LEBASMPC-230,852827
EX5030-15-1M,853253
FA81211-C-06-1M,853999
FA4895-06-50,854107
EX10-LEBATE23-20,854267
FE4280-20-250,854303
EX4899-12-1M,854787
EXLEVC-12-1M,856346
EX10-LEBALY28-10,857399
FA4040-01-250,857658
EX10-LEBATE28-180,857753
EX5060-17-1M,858548
FA4010-01-250,858617
EX4030-11-500,859195
EX4899-18-50,859253
EX5020-15-250,859359
FA4880-01-50,859478
FA4060-01-50,859751
EX4080-18-50,859796
EX4060-15-250,859908
FA4895-02-50,860009
EX4894-17-500,860129
EX8535-23-250,860313
FA4060-05-250,860934
EX10-LEBAOL28-190,861078
EX10-LEBASMPF-160,861680
EX4080-13-1M,862266
EX8555-27-50,862351
FA4895-01-1M,862954
FA81211-C-02-1M,863009
EX4897-13-1M,863160
EX1644-26-250,863247
FA4030-07-250,863332
EX4860-10-1M,863657
EX8555-10-250,863789
FA4870-07-250,863819
EX10-LEBAOL24-10,864359
EX4895-15-500,864374
EX4880-10-50,864419
EX4895-23-1M,864458
FLNT4260-04-50,864626
EX4030-22-50,864714
EX5040-13-250,865029
FA81211-03-1M,865272
FA5030-02-1M,865398
F-8555-B-250,865952
EX10-LEBARE28-1M,866474
EX4899-14-50,866689
FA4870-04-250,867031
EX10-LEBAOL28-120,867149
FB4880-GR-1M,867431
EX4010-11-1M,867909
EX10-LEBAQMPF-100,868139
EX10-LEBATE23-230,868298
FE-7300-15-50,868332
EX4010-14-50,868436
EX4060-22-1M,869537
EX4897-11-500,869765
EX4060-18-1M,870074
FE4275-22-1M,870398
EX4080-15-500,870803
FA4880-04-1M,871097
EX10-LEBAQM28-60,871154
FLNT4872-01-50,871779
EX10-LEBASM6SPF-90,872063
FLNT4875-04-500,872292
EX5040-22-1M,873075
EX8535-25-50,873282
EX10-LEBAQM6SPF-150,873420
FLBK4880-03-500,873597
EX10-LEBALY28-110,874367
FLNV4872-04-250,874803
EX10-LEBASMPF-40,874841
FE4865-22-500,875091
EX4820-14-1M,875294
EX10-LEBASM6SPF-210,875316
EX4880-18-250,875433
EX1644-12-500,876185
EX1644-11-500,876374
EX10-LEBAQMPF-1M,877071
EX5040-15-50,878333
FEA7ZF-12-50,879033
FE4270-22-1M,879204
EX10-LEBALB28-230,879764
EX10-LEBAGO28-200,879890
FFW-69-L22-1M,880118
EX5040-11-50,880133
EX4899-13-50,880229
EX4040-18-250,880433
EX4875-22-500,880500
F-4561-B-500,880628
EX4040-16-250,880757
EX10-LEBASM6SPF-60,880847
EX10-LEBAPI28-100,880923
EX10-LEBAMG28-240,880946
EX10-LEBANA28-220,881076
EX4895-11-500,881215
EX4040-15-250,881261
FA5020-07-250,882071
EX5020-10-250,882332
EX4899-15-1M,882867
EX4040-11-500,883193
FLNT4260-04-500,883209
EX4020-26-500,883421
EX10-LEBASM6SPF-40,883481
EX10-LEBAQM6SPF-130,883859
EX4060-14-250,884064
EX10-LEBALY28-190,884118
EX4895-10-500,884154
FA5020-03-1M,884861
FE614ZF-12-500,884883
EX10-LEBARE28-140,884919
F-4585-B-50,884957
FA81211-06-50,885500
EX4020-14-1M,885809
FA5040-07-1M,885929
F-8535-B-1M,886487
EX5010-25-250,886514
FFW-69-L20-1M,886670
FA5020-05-250,886721
EX4860-18-500,887198
EX10-LEBATE23-210,887659
FA5030-03-1M,887678
EX4894-17-50,887889
EX4860-14-500,888230
EX4040-26-500,888578
FA4880-03-500,888605
EX1644-13-500,888712
EX4880-22-500,888851
FA4060-02-1M,888892
EX4899-10-250,888938
EX4899-18-250,889254
FE614GF-22-1M,889277
EX4865-22-500,889538
EX7716-12-1M,889547
F-4560-B-250,890022
EX10-LEBAQM6SPF-200,890243
EX4030-12-1M,890517
EX5020-23-50,890796
F-4570-B-250,890886
EX10-LEBAOR28-110,891363
FFW-10-18-50,891503
EX10-LEBAMG28-30,891653
FA5010-04-50,891669
EX4894-10-50,891715
EX4895-25-1M,891750
EX10-LEBATE23-190,891836
FA4020-06-500,892052
FA81211-C-07-500,892137
EX8515-14-50,892259
EX5010-10-500,892439
EXLEVC-27-1M,892857
EX4865-23-50,892907
EX4080-26-500,893298
EX8555-11-1M,893474
FE4580-05-50,893752
EX7716-10-50,894362
EXP-1602PL-1M,895692
EX4020-10-500,896063
EX10-LEBAWH28-70,896093
FE614ZF-22-1M,896218
EX10-LEBAMG28-40,896466
EX10-LEBAGR28-110,896480
FA4870-02-1M,896729
EX10-LEBAQMPC-90,896864
FA4010-05-250,897479
F-8555-B-50,897807
EX10-LEBAPI28-60,898037
EX5060-26-50,898076
EX10-LEBAQM6SPF-60,898266
EX4010-10-500,898347
EX10-LEBAQMPC-160,898437
EX4899-11-500,898662
FLBK4880-04-50,898871
EX8535-15-1M,899058
EX10-LEBAQM6SPF-140,899328
FE8535-20-500,900113
EX4040-23-1M,900605
EX10-LEBANA28-50,901196
EX5060-22-50,901673
EX4080-13-500,902051
EX7716-18-50,902118
F-8525-B-1M,902471
EX5020-10-50,902759
FA4040-04-1M,902876
FLBK4872-04-1M,902936
EX4880-27-1M,903324
EX10-LEBASMPC-1M,903326
EX4020-14-500,903450
F-4590-B-250,903841
EX10-LEBAGMPF-60,903864
EX4820-12-250,903878
EX10-LEBAQMPF-250,903932
EX4880-15-1M,904269
EX4020-26-250,904805
EX8515-10-250,905043
EX10-LEBALY28-500,905070
EX5010-14-50,905909
FA4030-01-250,906680
EXLEVC-11-250,906767
EX4030-12-250,907347
FA5020-06-500,907892
FLSL4880-02-1M,907964
FA5060-05-250,908153
FA4895-02-250,908162
EX4870-14-1M,908351
FA5060-07-500,908958
EX4875-22-1M,909266
EX5040-23-50,910028
FE4280-20-1M,910073
EX8535-18-500,910088
EX10-LEBATE28-70,910337
EX4010-22-250,910526
FA4880-03-250,910538
EX1644-27-50,910542
FFW-10-250,911375
FA4060-01-250,911604
EX4897-25-500,911713
EX5020-23-1M,912131
FLNT4872-04-500,912287
EX5040-17-500,913255
EX5040-22-250,913415
FEXA7ZF-22-100,913521
EX4895-25-500,913730
EX4010-10-1M,914108
EX8535-13-250,914979
EX4870-18-500,915098
EX10-LEBAGR28-80,916556
EX4875-14-250,916595
EX10-LEBARE28-210,916752
FLBK4880-03-1M,916934
EX4865-26-50,917157
FA4010-01-50,917373
EX10-LEBAGO28-30,917930
FFW-69-B-1M,918035
FA4010-06-50,918368
FE4280-15-250,918395
EX5060-11-1M,919047
EX5030-15-50,919290
EX7716-22-50,919439
FLNT4875-04-1M,919995
EX10-LEBASMPF-140,920138
F-8555-B-1M,920981
EX1644-26-1M,921113
EX4894-22-250,921482
EX10-LEBAOR28-140,921549
EX8555-15-500,921644
FA5020-05-500,922138
FLBK4872-04-250,922739
EXLEVC-22-1M,923351
EX10-LEBAQMPF-150,923394
EX10-LEBASM28-1M,923666
F-4220-B-50,923745
EX10-LEBAOL24-140,923987
EX4020-22-250,924087
FFW-69-250,924701
FE-7280-12-50,924797
FE614ZF-22-100,926085
EX10-LEBALB28-1M,926477
EX5040-15-1M,926565
EX4820-11-500,927842
EX4030-15-250,928427
EX8555-22-500,930083
EX4894-25-50,930434
EX10-LEBAQM6SPF-170,931376
EX4880-23-250,931449
EX4899-10-50,931742
F-4590-B-1M,932693
FE4280-12-250,932948
EX10-LEBAQM28-90,933762
EX10-LEBAGMPF-70,933794
EX1644-14-1M,933933
EX4060-26-500,934280
EX4895-22-500,934293
FA81211-03-50,934889
F-4560-B-1M,935890
EX4875-27-250,936084
FB4880-SD-1M,936372
FA81211-02-1M,936473
EX10-LEBASM28-100,936494
EX10-LEBATE28-30,936606
EX10-LEBAOL23-250,937103
FA4010-01-1M,937353
FA5030-03-50,937454
EX4040-25-1M,937556
FA81211-02-250,937574
EX4060-14-50,938276
EX1644-18-50,939239
EX10-LEBASM28-160,939301
EX4080-14-1M,939308
FE4570-05-1M,939720
F-8515-B-500,939821
EX10-LEBALB28-130,940211
EX10-LEBATE23-110,940409
FLBK4872-01-250,940757
FA5030-01-500,941156
EX1644-17-1M,941363
EX10-LEBAOR28-200,941403
FE4275-20-50,941502
EX5010-26-250,941606
EX4080-22-1M,941645
EX8555-14-500,941831
EX4010-12-1M,941853
EX4860-12-500,942065
EX10-LEBAOL24-1M,942242
EX4875-25-1M,942866
EX4865-22-250,943754
EXLEVC-14-50,944051
EX4020-10-250,944087
FA5040-01-500,944139
EX4875-17-50,944537
FA4010-02-250,945061
FFW-10-L20-1M,945228
EX4865-27-250,945683
EX5010-18-500,945716
EXLEVC-18-1M,945788
EX4080-18-500,946052
FA4040-05-250,946241
FA81211-C-04-1M,946312
EX5020-25-50,946529
EX4030-13-250,946668
EX4040-22-1M,946782
EX10-LEBAPI28-150,946883
EX4080-25-1M,946898
EX10-LEBASMPF-60,947351
EX4894-18-50,947533
F-8535-B-500,947681
FFW-125-500,947816
EX4894-18-1M,948189
FA4030-02-500,948236
EX10-LEBAMG28-170,948668
EX5030-22-250,948863
EX10-LEBAMG28-210,948956
EX4040-14-1M,949949
EX10-LEBARE28-110,950790
EX10-LEBAOL28-10,950876
EX10-LEBAOL28-50,950943
FA4020-01-1M,951078
EX4880-11-50,951101
EX4899-26-250,951506
EX10-LEBATE28-80,952554
EX4870-25-250,952883
FA4060-07-500,952919
EX10-LEBAOR28-40,953588
EX10-LEBAQM28-500,954056
EX4870-12-250,954188
EX4820-15-50,954257
EX10-LEBATE23-180,954263
FA5040-02-1M,954527
F-8585-B-50,954746
FLBK4872-04-500,954923
EX5060-17-500,955319
EX10-LEBASMPF-190,955531
FA4870-05-250,957306
FA5060-05-50,957324
FA4875-06-500,957461
EX10-LEBAPI28-90,957482
EX5040-15-250,957724
FLSL4872-02-500,957749
EX4080-10-500,957797
EX8515-11-250,957936
EX4020-26-1M,958298
FA81211-C-06-250,958811
EX4020-27-1M,959027
FA4020-07-250,959261
EX4865-15-250,959318
EX4010-17-250,959601
EX10-LEBASMPC-140,960852
EX4895-15-50,960861
EX4820-14-250,961832
EX10-LEBALB28-210,962048
FE614ZF-22-500,962153
EX4030-13-1M,962528
FA4875-01-1M,962657
FA4880-03-50,962942
EX10-LEBASM6SPF-170,962999
FA4030-05-50,964049
EX4820-13-1M,964181
EX10-LEBAQM6SPF-70,964259
EX4899-10-500,964461
EX10-LEBAWH28-210,964511
F-4565-B-500,964517
EX10-LEBARE28-120,964915
EXLEVC-10-1M,964967
EX4899-22-250,965588
EX4875-22-250,965793
FLNT4880-04-500,966176
EX1644-18-250,966369
FA4040-04-500,966452
EX4897-17-50,966527
FA4030-02-250,966623
EX5040-12-1M,966684
EX4080-13-50,966707
FFW-69-18-1M,966895
EX4870-18-1M,967142
EX5020-18-50,967208
FA5010-04-500,967334
EX4040-26-250,967493
EX4894-10-250,967892
FA81211-05-50,968637
EX10-LEBAGR28-240,969321
EX4020-22-500,969573
EX4010-12-50,970022
EX7716-13-1M,970257
EX10-LEBATE23-150,970334
EX7716-18-500,970864
EX10-LEBAQM28-240,970886
EX10-LEBAGR28-500,971018
EX4865-11-250,971066
EX8535-11-500,971255
FE4570-05-250,971435
EX7716-27-50,971582
EX4865-23-500,972131
EX10-LEBASMPF-110,972266
EX7716-13-250,972302
EX4040-23-500,972422
EX10-LEBASMPC-40,972620
EX10-LEBAQM28-20,973074
EX4060-11-1M,973101
EX10-LEBASM28-220,973384
EX10-LEBAPI28-170,973859
EX5020-17-250,974088
EX4894-13-500,974256
EX10-LEBAQMPF-200,974536
EX10-LEBANA28-250,975486
EX8555-22-250,975621
FA4020-07-50,975719
FLNT4880-01-250,976143
EX10-LEBAOL28-160,976242
EX8515-22-250,976703
FA5030-03-250,976874
F-4590-B-50,977389
EX10-LEBAQMPC-40,978083
EX4030-56-500,978537
EX4820-17-250,978659
FA4010-01-500,979271
EX4040-12-1M,979421
EX4897-15-50,979604
EX5020-12-250,979631
EX10-LEBAQMPC-10,979810
FA5060-03-500,979833
FA4880-04-250,980006
EX8555-14-250,980031
EX10-LEBANA28-60,980194
EX10-LEBAOL23-70,981158
EX4020-27-50,981212
EX8535-15-50,981422
EX1644-10-50,981633
FA5030-02-500,982843
EX4870-23-1M,982929
EX10-LEBAOL23-240,983138
EX4040-10-500,983588
EX10-LEBANA28-170,983878
EX10-LEBATE28-100,985469
EX10-LEBAOR28-160,985589
EX7716-18-250,986087
EX4875-23-1M,986187
FA5040-06-500,986380
EX4020-18-500,986457
EX10-LEBAGO28-40,987569
FE-7300-15-250,987604
EX10-LEBAOR28-250,987758
EX4880-23-500,987911
EX10-LEBARE28-240,988454
FA4060-04-250,988502
EX10-LEBAGR28-210,988622
EX10-LEBAGR28-70,988706
EXLEVC-27-250,988779
FA4030-04-1M,988788
EX8515-17-50,989027
EX4010-14-1M,989558
FLNT4880-01-1M,989771
F-4590-B-500,989913
EX4040-56-50,989922
FA4010-03-50,990140
EX7716-10-250,990377
FE4575-05-50,990863
EX4899-26-500,991641
EX8515-12-1M,991802
EX4080-17-1M,992384
EX10-LEBAQMPF-30,992469
FA5040-03-50,992954
EX5030-11-50,993387
FA4880-07-500,993524
FA5040-01-250,993527
EX4897-26-250,993617
FA5040-07-50,994046
FA5060-04-250,994466
EX10-LEBASMPC-200,994961
EX4865-13-50,995201
EX4080-25-250,995695
FA5030-06-500,995777
FA4875-03-1M,996197
FA4030-03-50,996294
EX4030-14-500,996341
F-4580-B-1M,997072
FA4010-06-500,997124
EX4894-11-500,997774
EX5030-13-1M,997810
EX4030-14-1M,997850
EX10-LEBATE28-50,998418
FA5020-06-1M,999534
EX5030-12-250,999737
EX4895-22-250,999741
LUX-1CO-12-50,100349
LUX-1CO-22-250,102195
FLBK4880-04-1M,102423
GLASS-25-10,102693
FFW-83411-500,105938
FE4590-05-500,106163
FB4880-GR-50,107262
FE-4220-12-250,107411
FFW-10-L22-1M,107922
LUX-1CO-14-500,110687
FE4270-15-50,111110
FE-4220-15-50,111833
FEA7GF-12-10,113603
FLWH4875-02-50,116728
LUX-1644-101-250,119469
FFW-10-B-50,121004
FLWH4875-02-500,122394
LUX-1644-101-50,125592
LUX-1644-103-500,126239
GLASS-25-500,126827
FE-7300-15-1M,130242
FE4265-15-250,130709
FE4865-22-250,132461
GLASS-15-250,134840
FLNT4880-04-50,135806
FE-7280-15-50,138819
FLWH4870-02-500,138932
FLWH4885-03-1M,139611
FLNT4872-01-1M,139647
EX4865-11-500,140119
LUX-4820-L22-500,141407
LUX-1590-13-50,144399
LEVC904-50,145695
LUX-1590-07-1M,149331
LUX-1590-B-250,150107
GLASS-25-50,150913
FE4585-05-1M,153899
LUX-1CO-23-50,154631
FLNV4872-04-50,155082
LUX-1644-102-50,156074
FFW-1013-50,157514
FLNV4880-04-250,157938
FLWH4870-01-50,158318
FLWH4895-04-50,159188
LUX-1644-102-500,162008
FE4270-12-250,165720
LUX-1CO-20-1M,167601
FE-7280-13-500,168438
FFW-69-B-500,168460
LUX-1590-101-500,169113
FLSM4880-03-250,172325
FLNT4872-01-250,174204
LUX-1590-101-1M,175364
FLNT4880-04-250,176882
FLWH4895-03-1M,179081
FE614GF-12-500,180194
FLBK4872-01-1M,182543
LUX-1590-102-50,182708
FFW-69-18-500,184028
FLWH4875-02-1M,184454
FLWH4872-03-50,185646
FLWH4880-02-50,185900
LUX-1CO-101-1M,191132
FLWH4895-03-500,191613
FE4275-22-50,192027
FLWH4885-03-500,192164
FFW-1013-1M,192279
FLWHPHGC-04-50,192788
LUX-1644-113-50,193364
LUX-1590-18-500,194891
FE-7280-13-1M,195278
FLWH4880-02-500,195519
LUX-1590-L22-50,196365
FE4270-15-250,197684
LUX-1CO-15-250,197841
LUX-4820-106-500,199004
FE8535-20-50,199736
LUX-1590-11-500,200266
FE4275-20-250,202346
GLASS-01-10,206247
FE4595-05-500,208136
LUX-1CO-22-500,208418
LDI-24WW-1M,209012
FEA7GF-22-1M,209195
FE4280-15-50,209341
FLWHPHGC-01-250,210612
FLWH4260-01-1M,211940
INVDW-250,214010
LUX-1590-103-500,216473
FFW-69-GB-50,218109
FLWH4872-04-1M,219472
LUX-4860-05-50,220210
LUX-1CO-L22-50,221339
LUX-1CO-112-1M,221414
LUX-4820-106-250,221830
FLWH8535-02-250,221870
LUX-1590-B-50,223154
LDI-24WW-250,226047
FLBK4872-03-250,226700
FLWH4870-01-1M,227552
FE-7280-15-500,228644
FE4275-22-250,228806
FLWH4880-03-500,229152
FE4270-20-50,230780
FFW-912-250,230975
LEVC-98-500,232589
FLWH4895-02-50,233202
LUX-1CO-113-1M,233891
FLWH4885-04-50,235247
LUX-1590-11-250,237086
LUX-1CO-106-500,237239
FLWH4885-04-500,238336
FE4865-22-50,238503
LUX-1CO-15-50,239484
FFW-10-B-1M,240170
FE-7280-13-250,240366
FFW-10-L20-250,240782
FLNT4880-04-1M,243507
FLWH4880-04-50,244097
LUX-1CO-26-1M,247757
LUX-1590-L22-500,248282
LUX-4820-L22-50,249136
FLWH4885-01-500,249920
FLWHPHGC-01-500,250167
FE4265-20-1M,250473
FLWHPHGC-04-500,250760
LDI-24WW-500,251031
FLWH4872-01-1M,251990
LUX-1590-L20-250,252201
FE4265-20-250,252977
LUX-1CO-14-50,253805
GLASS-15-1M,257642
LUX-1590-103-1M,258145
LUX-4820-104-500,258537
LEVC905-1M,259385
FLBK4880-01-1M,260588
LUX-1CO-L22-500,262142
LUX-4820-104-1M,262368
LUX-1CO-07-500,262958
FE4270-15-1M,263054
INVDW-L22-500,263993
FLWH4872-04-500,264796
FLWH4260-04-250,265071
FE4270-22-50,266002
LUX-1644-112-1M,267658
FLWH4875-03-50,267929
LUX-1644-104-500,270272
FFW-10-B-500,271823
FLWH4885-04-250,272555
LUX-1590-102-1M,272669
LUX-4820-102-250,272919
FLWH4895-01-1M,275678
FLBK4880-04-500,277214
LUX-4820-101-500,278265
LUX-1CO-112-50,281082
FLWHPHGC-01-50,281910
LEVC-96-250,282004
LEVC-97-500,283109
FE4275-15-250,283625
FLNT4872-04-50,285001
LUX-1590-101-50,286271
LEVC-99-500,286382
GLASS-19-250,286741
FE4275-12-1M,287213
GLASS-25-250,290012
FE-7280-12-500,291297
FE-6070-15-500,292052
LUX-1CO-102-250,293864
FLWH4885-03-50,295572
LUX-1590-22-50,296283
LUX-1590-L20-50,296400
FFW-125-50,298802
FFW-69-103-1M,299183
FLWH8535-04-1M,299374
FE4280-20-500,302036
LUX-4820-103-50,302682
LEVC902-500,303537
LEVC903-250,304109
LUX-1CO-13-50,306509
FE4595-05-1M,307358
INVDW-18-50,309533
FE4270-12-1M,310397
FLWH8535-04-50,313046
FE-6070-15-1M,313139
GLASS-01-250,313826
LEVC905-250,314468
FLWH4870-03-250,314849
FFW-10-L20-500,315119
LEVC904-250,315426
FFW-10-GB-1M,315734
FFW-10-500,315773
FFW-10-L22-500,316565
LUX-1CO-12-500,318230
INVDW-B-50,321389
FE4265-20-50,321404
INVDW-L20-500,321681
FE614GF-22-250,325605
FLWH4875-04-50,327874
FE4275-12-250,329459
FE4265-12-1M,330020
FFW-69-B-250,331113
FE4265-15-50,332342
FLNV4880-04-1M,333152
FE4865-22-1M,334659
FE4580-05-1M,335123
INVDW-L20-50,335366
FE614GF-22-100,335660
FLWH8535-01-50,336927
FLSM4880-03-500,337067
FLNT4872-04-1M,337332
FLWHPHGC-02-250,337364
FE-7280-12-1M,338804
FLNT4872-02-500,341424
FLWH4260-01-50,342196
FLBK4880-03-250,343214
LUX-1CO-11-1M,344738
LUX-4820-103-250,345553
LUX-4860-05-500,348901
FLNV4880-03-250,349106
FLWH4885-02-500,351014
LUX-1590-13-1M,351923
FE4580-05-500,352052
FFW-69-1M,352069
LEVC-GB-50,352670
FFW-69-500,352947
FFW-83411-250,354251
LUX-1CO-101-250,355292
FLNT4870-04-50,358080
LUX-1590-13-250,358127
FLNV4880-03-1M,360422
LUX-4820-102-1M,361367
FEA7GF-22-50,361425
FE4265-12-250,362363
FLWH4870-04-1M,362450
FLNT4880-02-1M,365873
FLWH4872-04-250,368661
FLWH4875-04-1M,371489
LUX-1590-12-50,372121
GLASS-19-1M,373898
FLNT4872-04-250,375008
FB4880-SF-50,378939
GLASS-27-1M,382433
LUX-1CO-103-50,383138
FB4880-SF-500,384803
FE4280-12-50,385088
FLWH4895-02-250,387533
FLWH4872-02-250,389870
LUX-1590-12-1M,390506
LUX-1590-B-1M,390909
FE4590-05-50,393173
FLWH4872-01-500,393366
FFW-69-103-50,393467
FLWH8535-02-500,395454
LUX-1590-18-50,396003
GLASS-09-50,396120
FFW-10-103-500,397353
LUX-1CO-12-1M,398291
FFW-69-L22-50,398874
LUX-1CO-104-1M,399002
LUX-1CO-102-50,400136
FE614GF-12-250,400235
FE-7300-15-500,400928
FFW-69-18-250,401606
FLWH4872-03-500,403446
FLBK4872-01-500,403833
LUX-1590-22-250,404636
FLNT4870-04-1M,407352
LUX-1590-18-250,411294
FLNT4872-02-50,412793
FE4585-05-250,414179
LUX-1CO-104-250,417711
FLWH4885-04-1M,418040
FLWH8535-04-250,418127
FLWH4260-02-250,424776
FLWH8535-03-250,430874
FE4565-05-500,430897
FLWH4880-02-250,433029
LUX-1CO-14-1M,434298
FLNV4880-03-50,435887
LUX-1590-17-50,438827
FE4570-05-500,440969
FEA7GF-22-100,441878
LUX-1CO-25-1M,442173
FE4275-20-500,442326
LEVC903-50,442994
GLASS-15-100,443933
LUX-1CO-L17-1M,444041
LUX-1590-11-1M,444164
FB4880-SD-250,445296
LUX-1CO-20-500,445697
FE4275-15-500,445883
LUX-1CO-103-250,448154
LEVC902-1M,448715
FE-7280-15-250,449463
LUX-1CO-23-500,449810
FE4280-22-50,450509
INVDW-18-1M,451407
FB4880-SF-250,454100
FLSL4880-02-250,454818
FLWH4895-01-250,456335
FE4280-22-250,456512
LUX-1CO-113-500,456680
LUX-1CO-104-50,457478
FE-4220-15-500,457779
LUX-1CO-101-500,458537
FE-4220-12-500,466379
LUX-1644-113-1M,467627
GLASS-09-10,468284
LUX-1CO-10-500,469911
FE4265-20-500,470756
FLWH4872-01-250,470888
FLWH4880-04-500,471812
FLWH4870-01-250,473507
FB4880-SF-1M,473660
FLWH4872-02-500,474276
FLWH4870-02-1M,474506
FFW-69-103-500,475826
FLNV4880-04-50,475829
FLNT4870-04-250,476157
FLNV4880-04-500,476198
LUX-1644-103-250,476465
FE8535-20-250,481463
LUX-1CO-10-50,482729
INVDW-18-500,484883
FLSL4872-02-250,485634
INVDW-50,486422
FLNT4880-02-250,487568
FLWH4870-01-500,487841
LUX-1590-L22-250,489198
FLWH8535-01-500,490022
FLWHPHGC-02-50,490667
LUX-1644-113-250,491934
LUX-1590-22-500,499334
FE4270-12-50,499766
LUX-1CO-22-1M,500844
FFW-69-GB-500,501413
FEA7GF-22-500,501974
GLASS-01-50,503519
FLWH4875-01-1M,503681
FE4275-12-50,503699
FE4275-22-500,504618
FLNV4872-03-250,504941
FE-7280-15-1M,508631
LUX-1CO-23-250,509387
GLASS-27-100,509774
FE4280-22-500,509963
FE-6070-15-50,512427
FE4265-12-500,512549
LUX-1CO-113-50,512634
FLWH8535-02-1M,513926
FLWH4880-01-500,514111
FE4280-12-1M,516513
LEVC-GB-250,517373
FFW-69-GB-250,518954
FLWH4870-03-50,520377
LUX-1CO-102-1M,523535
FE4590-05-1M,523967
FFW-10-GB-250,525018
LUX-1644-101-1M,525071
FFW-125-1M,527340
FLWH8535-04-500,527780
LUX-4820-112-1M,529847
FLWH4895-03-250,530438
FLWH4260-01-250,531503
FE4270-15-500,532722
FLWH4880-01-250,534194
FFW-912-1M,536036
LUX-4820-113-50,537618
LUX-1CO-15-500,537737
LUX-1CO-18-250,538763
FLWH4260-02-1M,543791
FB4880-SD-50,543914
LUX-1CO-26-250,544238
LUX-1590-07-50,544449
FE614GF-22-50,545097
GLASS-25-1M,546974
LUX-4860-05-1M,547226
FFW-125-250,547577
LUX-4820-113-500,548450
FLWH4895-01-500,548847
FE4280-15-1M,551622
FLWHPHGC-04-1M,553829
FLWH4880-04-1M,558113
FFW-69-L20-250,558426
LUX-1CO-103-500,558780
FE614GF-12-10,559526
FFW-10-L20-50,561338
FFW-69-18-50,562764
FFW-1013-500,563439
GLASS-01-100,563839
FE614GF-12-50,566706
FFW-83411-50,569784
FE4595-05-250,569852
FLNV4872-03-50,570657
FLWH4260-04-50,571108
FE4280-15-500,571994
INVDW-1M,572029
FLWH4895-02-1M,577796
LUX-1644-102-1M,577949
LUX-1644-113-500,578008
FE4280-20-50,578397
FLWH4870-03-500,585968
LUX-1644-103-50,587537
GLASS-01-1M,588758
LUX-1644-103-1M,588893
FLWH4880-03-250,589269
GLASS-15-500,589676
LUX-1644-112-500,591303
FLWH4260-02-500,592259
LUX-1590-17-1M,594314
FLNT4885-04-1M,596946
FFW-69-L20-50,597369
LUX-1CO-113-250,597506
GLASS-19-500,598526
LUX-1CO-L22-1M,604227
LUX-1644-102-250,605762
FLSL4880-02-500,607089
LUX-1CO-23-1M,607511
LUX-4820-104-250,608376
LUX-4820-106-50,609947
INVDW-500,610397
LUX-4820-101-250,612614
INVDW-B-500,613448
FLWHPHGC-03-500,616112
LUX-1CO-25-500,617918
FFW-69-103-250,618368
FLWH4875-04-250,618402
FE-6070-15-250,619865
LUX-1CO-112-250,620958
FE4275-15-1M,621597
FE4275-15-50,622649
LUX-1CO-25-50,622769
FE4265-12-50,623207
LUX-4820-113-250,623612
FFW-69-L22-250,624002
FE4270-20-500,625604
LUX-1CO-18-50,628338
LUX-1CO-L17-500,629048
FLWH4870-02-50,629576
FLNV4880-03-500,630363
FLWH4260-03-250,631178
FLBK4872-01-50,631533
FFW-10-GB-50,631893
FLSL4872-02-50,632523
FLWH4872-03-1M,634240
FEA7GF-12-1M,635078
FE4575-05-250,635849
FLNT4880-01-500,639741
GLASS-27-50,642180
LUX-1590-07-500,642468
LUX-1590-101-250,643181
FLSM4872-03-1M,643775
FLNV4872-03-500,645519
FEA7GF-12-250,646649
FLBK4872-03-500,647054
FE4565-05-1M,649929
LUX-1590-07-250,651428
FLWH4260-03-50,652532
GLASS-27-10,652604
FLNV4872-03-1M,656832
FFW-912-500,659348
FLNT4880-01-50,660036
FFW-69-GB-1M,661100
LUX-1CO-07-1M,661531
LUX-1644-101-500,661994
FE4270-12-500,662806
LUX-4820-101-1M,664473
FLNT4260-04-250,665108
FLNT4880-02-500,669497
FFW-69-B-50,669549
FE4280-22-1M,671498
FFW-10-103-250,672473
FE4575-05-500,674789
FLWH4870-02-250,676040
LUX-4820-103-1M,678122
LUX-1590-L20-1M,678965
LEVC902-50,679667
FE4265-15-500,680234
FE4270-20-250,680333
FE4565-05-50,680355
LUX-1CO-13-250,681839
LUX-1644-106-250,684885
FE-4220-15-250,685875
FLWHPHGC-02-500,687389
FLWH4872-01-50,688820
FLWH4875-04-500,691214
FLNT4872-02-250,692546
FE4590-05-250,693588
FLWH4880-03-1M,693713
LEVC903-1M,693867
LUX-4820-102-500,694598
FLNT4260-04-1M,697535
FLWH4872-02-50,698872
FLNT4880-02-50,699299
FLNT4875-04-250,702021
FLBK4880-04-250,702347
FEA7GF-22-10,703094
FLWH4880-01-50,704385
FLNT4872-02-1M,708122
LUX-1CO-25-250,708230
FE4570-05-50,708320
GLASS-09-250,709001
FLWH4870-04-50,709829
GLASS-09-500,711383
FFW-10-GB-500,714320
FFW-69-L20-500,714713
LUX-1CO-12-250,718643
GLASS-09-100,718684
FFW-10-L22-250,718718
FFW-69-L22-500,719048
FLWH4260-03-500,719441
LUX-1CO-18-500,719594
FLWH4895-02-500,719940
FLWH4875-03-1M,721137
LUX-1CO-112-500,722082
FE614GF-22-10,724049
LUX-1644-112-250,724453
FLNT4885-04-500,725168
FE4275-12-500,725687
FLNT4870-04-500,726190
FE614GF-12-1M,726443
LUX-1CO-13-1M,729865
LUX-1CO-20-50,730469
FLNT4885-04-250,730961
FEA7GF-12-100,732745
FE4265-15-1M,732800
FFW-83411-1M,732990
FLBK4880-01-50,736025
FEA7GF-12-50,736934
FLWH4260-03-1M,739502
LUX-1CO-11-500,739929
FFW-10-50,740408
FE-4220-12-1M,741871
FLNT4885-04-50,742136
INVDW-18-250,743974
LUX-1CO-102-500,744663
LUX-1590-102-250,744769
FE4580-05-250,744983
FLWH4870-03-1M,746598
LUX-1CO-103-1M,747876
FLNT4875-04-50,748967
LEVC902-250,750234
LUX-1644-106-500,751242
FLWH8535-01-250,751573
FE4275-20-1M,751575
LUX-4820-113-1M,751730
FE4575-05-1M,756039
LUX-4820-103-500,758086
LUX-1590-18-1M,758363
FEA7GF-12-500,758853
FLWH4885-02-1M,762348
FLWH4260-04-500,766829
LUX-1CO-05-250,767723
FE4595-05-50,768697
LEVC-GB-500,773517
LUX-1CO-101-50,774932
FFW-1013-250,777648
GLASS-19-10,778508
LUX-1CO-106-250,778571
FLSM4880-03-50,779421
FLWH4895-01-50,779447
LUX-1590-12-500,779844
FFW-10-1M,781499
INVDW-B-250,781747
FLSM4872-03-50,782283
LUX-1644-104-250,783926
FLBK4872-03-50,785472
FFW-10-B-250,787484
LUX-4860-05-250,789924
FLWH4885-01-50,791114
FLBK4872-04-50,791438
FE4280-12-500,791666
FLWHPHGC-01-1M,791939
GLASS-19-50,794658
LUX-4820-112-250,795227
FLWHPHGC-02-1M,796656
LUX-1CO-17-250,796733
FLWH4885-01-1M,796769
FLSL4872-02-1M,800733
FLNV4872-04-500,801338
LUX-1590-17-500,802286
LEVC904-1M,803093
FE4270-20-1M,804027
FE4585-05-50,804077
FB4880-SD-500,805676
FE-7280-13-50,808239
FE4270-22-500,810044
FLWH4875-01-500,815084
FLBK4880-03-50,815273
LUX-1644-106-50,815970
FLBK4880-01-500,817019
FE4585-05-500,817037
LUX-1CO-14-250,818114
LDI-24WW-50,818895
FE614GF-12-100,822558
FFW-912-50,823098
FLSM4880-03-1M,824052
GLASS-01-500,826091
FLWH4875-01-50,826374
FLWH4260-01-500,826806
FLWH4880-02-1M,830519
FLNV4872-04-1M,831263
FLWH8535-03-500,831428
FB4880-GR-250,831756
LUX-1590-11-50,832118
FLWH4872-03-250,832565
FLNT4872-01-500,833466
FEA7GF-22-250,834160
LUX-1590-103-250,835150
FE-4220-15-1M,835454
LUX-1CO-106-50,835645
INVDW-L22-1M,837331
LEVC-96-1M,838034
FE4565-05-250,839003
FE614GF-22-500,840563
FLBK4880-01-250,842718
LUX-1CO-22-50,842807
FLSL4880-02-50,843114
FE4270-22-250,843757
FLBK4872-03-1M,846318
LEVC904-500,846740
LUX-1CO-05-1M,846815
FE-7280-12-250,847133
FLWH4885-02-50,847259
FB4880-GR-500,847499
LUX-1CO-05-500,847785
FLWH8535-02-50,848102
FE8535-20-1M,849173
FE-4220-12-50,849776
FFW-69-50,850082
LUX-1CO-106-1M,851853
LUX-1644-104-1M,853547
GLASS-19-100,853617
FE4280-20-250,854303
LUX-1644-112-50,855669
FLWH4895-03-50,856596
FLWHPHGC-03-50,857996
LEVC-GB-1M,858263
LEVC905-50,864579
FLNT4260-04-50,864626
FLWH4872-02-1M,865349
GLASS-27-250,865713
LUX-1CO-15-1M,866633
FB4880-GR-1M,867431
FE-7300-15-50,868332
FE4275-22-1M,870398
FLNT4872-01-50,871779
FLWH4260-02-50,872184
FLWH4872-04-50,872258
FLNT4875-04-500,872292
LUX-4820-104-50,872567
FLBK4880-03-500,873597
LUX-1590-22-1M,874082
FLNV4872-04-250,874803
FE4865-22-500,875091
FE4270-22-1M,879204
FFW-69-L22-1M,880118
LUX-1CO-05-50,882786
LEVC-96-500,882911
FLNT4260-04-500,883209
FLWH4885-01-250,885324
LUX-1590-102-500,885488
GLASS-25-100,885986
FFW-69-L20-1M,886670
FE614GF-22-1M,889277
LUX-4820-102-50,889662
FFW-10-18-50,891503
GLASS-27-500,892592
FLSM4872-03-250,893267
FE4580-05-50,893752
LUX-1CO-07-250,893757
INVDW-L20-1M,894791
LUX-1590-L22-1M,898518
FLBK4880-04-50,898871
FLWH4875-03-500,899930
FE8535-20-500,900113
LUX-4820-L22-250,902789
FLBK4872-04-1M,902936
FLWH4260-04-1M,902968
LUX-1590-L20-500,906893
FLSL4880-02-1M,907964
FE4280-20-1M,910073
LUX-1CO-13-500,911185
FFW-10-250,911375
LUX-1644-104-50,911793
FLNT4872-04-500,912287
LUX-1CO-26-50,912443
INVDW-L22-250,912481
FLWHPHGC-03-1M,913265
LUX-1590-13-500,914090
FLWH4875-02-250,914682
LUX-4820-106-1M,915998
FLBK4880-03-1M,916934
FFW-69-B-1M,918035
LUX-1CO-17-500,918329
FE4280-15-250,918395
FLNT4875-04-1M,919995
FLSM4872-03-500,920532
LUX-4820-L22-1M,920676
FLBK4872-04-250,922739
LUX-4820-112-50,923331
FFW-69-250,924701
FE-7280-12-50,924797
LUX-1644-106-1M,928682
FLWH4875-03-250,928688
LUX-1CO-17-50,932327
FE4280-12-250,932948
FB4880-SD-1M,936372
FLWHPHGC-03-250,936383
FE4570-05-1M,939720
INVDW-B-1M,940016
FLBK4872-01-250,940757
FE4275-20-50,941502
FLWH4895-04-1M,942791
GLASS-09-1M,943286
FLWHPHGC-04-250,945021
FFW-10-L20-1M,945228
LUX-1590-12-250,945251
FLWH8535-03-1M,945662
FFW-125-500,947816
FLWH4885-02-250,948761
GLASS-15-50,950718
FLWH4880-03-50,954662
FLBK4872-04-500,954923
FLWH4870-04-500,955127
LUX-1CO-07-50,955202
LUX-1CO-104-500,956876
FLSL4872-02-500,957749
INVDW-L20-250,958908
LEVC905-500,960767
LUX-1CO-L17-50,961997
FLWH4880-01-1M,964346
FLNT4880-04-500,966176
LUX-1CO-L22-250,966413
FFW-69-18-1M,966895
FLWH4895-04-500,966963
LUX-1CO-18-1M,967118
FLWH8535-03-50,969082
FE4570-05-250,971435
LUX-1590-B-500,971499
LUX-1CO-17-1M,971949
LUX-1590-17-250,972151
LUX-1CO-L17-250,972338
FLWH4885-03-250,973884
FLNT4880-01-250,976143
FLWH4880-04-250,978336
LUX-1CO-11-50,978897
GLASS-15-10,980483
FLWH4895-04-250,981644
LUX-1CO-10-1M,983093
FE-7300-15-250,987604
INVDW-L22-50,988451
FLNT4880-01-1M,989771
FE4575-05-50,990863
LUX-1590-103-50,990869
FLWH8535-01-1M,991589
FLWH4870-04-250,993671
LUX-1CO-20-250,995439
LUX-4820-101-50,997739
LUX-4820-112-500,997844
LUX-1CO-26-500,999839
EX1CO-27-1M,804884
EX1CO-27-250,455072
EX1CO-27-50,556475
EX1CO-27-500,453137
LUX-1590-07-1M,149331
LUX-1590-07-250,651428
LUX-1590-07-50,544449
LUX-1590-07-500,642468
LUX-1590-101-1M,175364
LUX-1590-101-250,643181
LUX-1590-101-50,286271
LUX-1590-101-500,169113
LUX-1590-102-1M,272669
LUX-1590-102-250,744769
LUX-1590-102-50,182708
LUX-1590-102-500,885488
LUX-1590-103-1M,258145
LUX-1590-103-250,835150
LUX-1590-103-50,990869
LUX-1590-103-500,216473
LUX-1590-11-1M,444164
LUX-1590-11-250,237086
LUX-1590-11-50,832118
LUX-1590-11-500,200266
LUX-1590-12-1M,390506
LUX-1590-12-250,945251
LUX-1590-12-50,372121
LUX-1590-12-500,779844
LUX-1590-13-1M,351923
LUX-1590-13-250,358127
LUX-1590-13-50,144399
LUX-1590-13-500,914090
LUX-1590-17-1M,594314
LUX-1590-17-250,972151
LUX-1590-17-50,438827
LUX-1590-17-500,802286
LUX-1590-18-1M,758363
LUX-1590-18-250,411294
LUX-1590-18-50,396003
LUX-1590-18-500,194891
LUX-1590-22-1M,874082
LUX-1590-22-250,404636
LUX-1590-22-50,296283
LUX-1590-22-500,499334
LUX-1590-B-1M,390909
LUX-1590-B-250,150107
LUX-1590-B-50,223154
LUX-1590-B-500,971499
LUX-1590-L20-1M,678965
LUX-1590-L20-250,252201
LUX-1590-L20-50,296400
LUX-1590-L20-500,906893
LUX-1590-L22-1M,898518
LUX-1590-L22-250,489198
LUX-1590-L22-50,196365
LUX-1590-L22-500,248282
LUX-1CO-05-1M,846815
LUX-1CO-05-250,767723
LUX-1CO-05-50,882786
LUX-1CO-05-500,847785
LUX-1CO-07-1M,661531
LUX-1CO-07-250,893757
LUX-1CO-07-50,955202
LUX-1CO-07-500,262958
LUX-1CO-10-1M,983093
LUX-1CO-10-50,482729
LUX-1CO-10-500,469911
LUX-1CO-101-1M,191132
LUX-1CO-101-250,355292
LUX-1CO-101-50,774932
LUX-1CO-101-500,458537
LUX-1CO-102-1M,523535
LUX-1CO-102-250,293864
LUX-1CO-102-50,400136
LUX-1CO-102-500,744663
LUX-1CO-103-1M,747876
LUX-1CO-103-250,448154
LUX-1CO-103-50,383138
LUX-1CO-103-500,558780
LUX-1CO-104-1M,399002
LUX-1CO-104-250,417711
LUX-1CO-104-50,457478
LUX-1CO-104-500,956876
LUX-1CO-106-1M,851853
LUX-1CO-106-250,778571
LUX-1CO-106-50,835645
LUX-1CO-106-500,237239
LUX-1CO-11-1M,344738
LUX-1CO-11-50,978897
LUX-1CO-11-500,739929
LUX-1CO-112-1M,221414
LUX-1CO-112-250,620958
LUX-1CO-112-50,281082
LUX-1CO-112-500,722082
LUX-1CO-113-1M,233891
LUX-1CO-113-250,597506
LUX-1CO-113-50,512634
LUX-1CO-113-500,456680
LUX-1CO-12-1M,398291
LUX-1CO-12-250,718643
LUX-1CO-12-50,100349
LUX-1CO-12-500,318230
LUX-1CO-13-1M,729865
LUX-1CO-13-250,681839
LUX-1CO-13-50,306509
LUX-1CO-13-500,911185
LUX-1CO-14-1M,434298
LUX-1CO-14-250,818114
LUX-1CO-14-50,253805
LUX-1CO-14-500,110687
LUX-1CO-15-1M,866633
LUX-1CO-15-250,197841
LUX-1CO-15-50,239484
LUX-1CO-15-500,537737
LUX-1CO-17-1M,971949
LUX-1CO-17-250,796733
LUX-1CO-17-50,932327
LUX-1CO-17-500,918329
LUX-1CO-18-1M,967118
LUX-1CO-18-250,538763
LUX-1CO-18-50,628338
LUX-1CO-18-500,719594
LUX-1CO-20-1M,167601
LUX-1CO-20-250,995439
LUX-1CO-20-50,730469
LUX-1CO-20-500,445697
LUX-1CO-22-1M,500844
LUX-1CO-22-250,102195
LUX-1CO-22-50,842807
LUX-1CO-22-500,208418
LUX-1CO-23-1M,607511
LUX-1CO-23-250,509387
LUX-1CO-23-50,154631
LUX-1CO-23-500,449810
LUX-1CO-25-1M,442173
LUX-1CO-25-250,708230
LUX-1CO-25-50,622769
LUX-1CO-25-500,617918
LUX-1CO-26-1M,247757
LUX-1CO-26-250,544238
LUX-1CO-26-50,912443
LUX-1CO-26-500,999839
LUX-1CO-L17-1M,444041
LUX-1CO-L17-250,972338
LUX-1CO-L17-50,961997
LUX-1CO-L17-500,629048
LUX-1CO-L22-1M,604227
LUX-1CO-L22-250,966413
LUX-1CO-L22-50,221339
LUX-1CO-L22-500,262142
LEVC946-50,112616
LEVC930-50,150240
LEVC946-1M,262205
LUX-1801-B-250,285726
LEVC946-500,328625
LUX-1801-B-500,364301
LEVCBLK-1M,394509
LUX-1801-18-50,416693
LEVC945-500,441156
LEVCSIL-500,443051
LEVCGLD-500,492897
LEVC930-250,522305
LEVCGLD-1M,575040
LEVC933-50,583586
LEVCGLD-250,591251
LUX-1801-18-1M,641804
LUX-1801-B-1M,734687
LEVC945-1M,773473
LEVCSIL-1M,802974
LUX-1801-18-250,827414
LEVCBLK-250,829454
LEVC933-250,844014
LEVCBLK-50,850658
LUX-1801-18-500,855743
LEVCGLD-50,876677
LEVC946-250,889109
LEVC933-500,936521
LEVC945-50,970761
WEL-DDBLU100-GF-25,9155919
WEL-DE100-GF-25,8986128
WEL-DDP100-GF-25,8183248
LF-118-SG12-25,6584484
LF-118-DDBLK100-25,6924246
WEL-DB100-GF-25,5855020
LF-118-DDBLU100-25,6306018
