-- INSERT INTO `sequence_value_item` (`SEQ_NAME`, `SEQ_ID`) values('QcQuote', 1);

INSERT INTO `qc_vendor` (`VENDOR_ID`, `VENDOR_NAME`, `LAST_UPDATED_STAMP`, `LAST_UPDATED_TX_STAMP`, `CREATED_STAMP`, `CREATED_TX_STAMP`) VALUES ('ADMORE', 'Admore', '2017-07-20 12:00:00', '2017-07-20 12:00:00', '2017-07-20 12:00:00', '2017-07-20 12:00:00');

INSERT INTO `qc_material_type` (`MATERIAL_TYPE_ID`, `MATERIAL_TYPE_NAME`, `LAST_UPDATED_STAMP`, `LAST_UPDATED_TX_STAMP`, `CREATED_STAMP`, `CREATED_TX_STAMP`) VALUES ('PAPER', 'Paper', '2017-07-20 12:00:00', '2017-07-20 12:00:00', '2017-07-20 12:00:00', '2017-07-20 12:00:00');

INSERT INTO `qc_stock_type` (`STOCK_TYPE_ID`, `MATERIAL_TYPE_ID`, `STOCK_TYPE_NAME`, `LAST_UPDATED_STAMP`, `LAST_UPDATED_TX_STAMP`, `CREATED_STAMP`, `CREATED_TX_STAMP`) VALUES ('BASE_PAPER_STOCKS', 'PAPER', 'Base Paper', '2017-07-20 12:00:00', '2017-07-20 12:00:00', '2017-07-20 12:00:00', '2017-07-20 12:00:00');
INSERT INTO `qc_stock_type` (`STOCK_TYPE_ID`, `MATERIAL_TYPE_ID`, `STOCK_TYPE_NAME`, `LAST_UPDATED_STAMP`, `LAST_UPDATED_TX_STAMP`, `CREATED_STAMP`, `CREATED_TX_STAMP`) VALUES ('GROUP_A_STOCKS', 'PAPER', 'Group A', '2017-07-20 12:00:00', '2017-07-20 12:00:00', '2017-07-20 12:00:00', '2017-07-20 12:00:00');
INSERT INTO `qc_stock_type` (`STOCK_TYPE_ID`, `MATERIAL_TYPE_ID`, `STOCK_TYPE_NAME`, `LAST_UPDATED_STAMP`, `LAST_UPDATED_TX_STAMP`, `CREATED_STAMP`, `CREATED_TX_STAMP`) VALUES ('GROUP_B_STOCKS', 'PAPER', 'Group B', '2017-07-20 12:00:00', '2017-07-20 12:00:00', '2017-07-20 12:00:00', '2017-07-20 12:00:00');
INSERT INTO `qc_stock_type` (`STOCK_TYPE_ID`, `MATERIAL_TYPE_ID`, `STOCK_TYPE_NAME`, `LAST_UPDATED_STAMP`, `LAST_UPDATED_TX_STAMP`, `CREATED_STAMP`, `CREATED_TX_STAMP`) VALUES ('GROUP_C_STOCKS', 'PAPER', 'Group C', '2017-07-20 12:00:00', '2017-07-20 12:00:00', '2017-07-20 12:00:00', '2017-07-20 12:00:00');
INSERT INTO `qc_stock_type` (`STOCK_TYPE_ID`, `MATERIAL_TYPE_ID`, `STOCK_TYPE_NAME`, `LAST_UPDATED_STAMP`, `LAST_UPDATED_TX_STAMP`, `CREATED_STAMP`, `CREATED_TX_STAMP`) VALUES ('GROUP_D_STOCKS', 'PAPER', 'Group D', '2017-07-20 12:00:00', '2017-07-20 12:00:00', '2017-07-20 12:00:00', '2017-07-20 12:00:00');
INSERT INTO `qc_stock_type` (`STOCK_TYPE_ID`, `MATERIAL_TYPE_ID`, `STOCK_TYPE_NAME`, `LAST_UPDATED_STAMP`, `LAST_UPDATED_TX_STAMP`, `CREATED_STAMP`, `CREATED_TX_STAMP`) VALUES ('TAG_PAPER_STOCKS', 'PAPER', 'Tag Paper', '2017-07-20 12:00:00', '2017-07-20 12:00:00', '2017-07-20 12:00:00', '2017-07-20 12:00:00');
INSERT INTO `qc_stock_type` (`STOCK_TYPE_ID`, `MATERIAL_TYPE_ID`, `STOCK_TYPE_NAME`, `LAST_UPDATED_STAMP`, `LAST_UPDATED_TX_STAMP`, `CREATED_STAMP`, `CREATED_TX_STAMP`) VALUES ('BINDER_PAPER_STOCKS', 'PAPER', 'Binder_paper', '2017-07-20 12:00:00', '2017-07-20 12:00:00', '2017-07-20 12:00:00', '2017-07-20 12:00:00');
INSERT INTO `qc_stock_type` (`STOCK_TYPE_ID`, `MATERIAL_TYPE_ID`, `STOCK_TYPE_NAME`, `LAST_UPDATED_STAMP`, `LAST_UPDATED_TX_STAMP`, `CREATED_STAMP`, `CREATED_TX_STAMP`) VALUES ('FILE_FOLDERS_STOCKS', 'PAPER', 'File Folders', '2017-07-20 12:00:00', '2017-07-20 12:00:00', '2017-07-20 12:00:00', '2017-07-20 12:00:00');
INSERT INTO `qc_stock_type` (`STOCK_TYPE_ID`, `MATERIAL_TYPE_ID`, `STOCK_TYPE_NAME`, `LAST_UPDATED_STAMP`, `LAST_UPDATED_TX_STAMP`, `CREATED_STAMP`, `CREATED_TX_STAMP`) VALUES ('DIGITAL_FOLDERS_STOCK', 'PAPER', 'Digital Folders', '2017-07-20 12:00:00', '2017-07-20 12:00:00', '2017-07-20 12:00:00', '2017-07-20 12:00:00');
INSERT INTO `qc_stock_type` (`STOCK_TYPE_ID`, `MATERIAL_TYPE_ID`, `STOCK_TYPE_NAME`, `LAST_UPDATED_STAMP`, `LAST_UPDATED_TX_STAMP`, `CREATED_STAMP`, `CREATED_TX_STAMP`) VALUES ('INSERTS_BROCHURES_STOCKS', 'PAPER', 'Inserts and Brochures', '2017-07-20 12:00:00', '2017-07-20 12:00:00', '2017-07-20 12:00:00', '2017-07-20 12:00:00');

INSERT INTO `qc_stock` (`STOCK_ID`, `STOCK_TYPE_ID`, `MATERIAL_TYPE_ID`, `STOCK_NAME`, `LAST_UPDATED_STAMP`, `LAST_UPDATED_TX_STAMP`, `CREATED_STAMP`, `CREATED_TX_STAMP`) VALUES ('ASGW12', 'GROUP_A_STOCKS', 'PAPER', 'White 12 PT C2S Semi-Gloss', '2017-07-20 12:00:00', '2017-07-20 12:00:00', '2017-07-20 12:00:00', '2017-07-20 12:00:00');
INSERT INTO `qc_stock` (`STOCK_ID`, `STOCK_TYPE_ID`, `MATERIAL_TYPE_ID`, `STOCK_NAME`, `LAST_UPDATED_STAMP`, `LAST_UPDATED_TX_STAMP`, `CREATED_STAMP`, `CREATED_TX_STAMP`) VALUES ('ASGW14', 'GROUP_A_STOCKS', 'PAPER', 'White 14 PT C1S Semi-Gloss', '2017-07-20 12:00:00', '2017-07-20 12:00:00', '2017-07-20 12:00:00', '2017-07-20 12:00:00');
INSERT INTO `qc_stock` (`STOCK_ID`, `STOCK_TYPE_ID`, `MATERIAL_TYPE_ID`, `STOCK_NAME`, `LAST_UPDATED_STAMP`, `LAST_UPDATED_TX_STAMP`, `CREATED_STAMP`, `CREATED_TX_STAMP`) VALUES ('ABW80', 'GROUP_A_STOCKS', 'PAPER', 'White - Bright White 80lb. Felt', '2017-07-20 12:00:00', '2017-07-20 12:00:00', '2017-07-20 12:00:00', '2017-07-20 12:00:00');
INSERT INTO `qc_stock` (`STOCK_ID`, `STOCK_TYPE_ID`, `MATERIAL_TYPE_ID`, `STOCK_NAME`, `LAST_UPDATED_STAMP`, `LAST_UPDATED_TX_STAMP`, `CREATED_STAMP`, `CREATED_TX_STAMP`) VALUES ('AW100', 'GROUP_A_STOCKS', 'PAPER', 'White 100lb. Smooth', '2017-07-20 12:00:00', '2017-07-20 12:00:00', '2017-07-20 12:00:00', '2017-07-20 12:00:00');
INSERT INTO `qc_stock` (`STOCK_ID`, `STOCK_TYPE_ID`, `MATERIAL_TYPE_ID`, `STOCK_NAME`, `LAST_UPDATED_STAMP`, `LAST_UPDATED_TX_STAMP`, `CREATED_STAMP`, `CREATED_TX_STAMP`) VALUES ('AV80', 'GROUP_A_STOCKS', 'PAPER', 'Vanilla 80lb. Vellum', '2017-07-20 12:00:00', '2017-07-20 12:00:00', '2017-07-20 12:00:00', '2017-07-20 12:00:00');
INSERT INTO `qc_stock` (`STOCK_ID`, `STOCK_TYPE_ID`, `MATERIAL_TYPE_ID`, `STOCK_NAME`, `LAST_UPDATED_STAMP`, `LAST_UPDATED_TX_STAMP`, `CREATED_STAMP`, `CREATED_TX_STAMP`) VALUES ('AEK18', 'GROUP_A_STOCKS', 'PAPER', 'Eco Kraft 18 PT', '2017-07-20 12:00:00', '2017-07-20 12:00:00', '2017-07-20 12:00:00', '2017-07-20 12:00:00');
INSERT INTO `qc_stock` (`STOCK_ID`, `STOCK_TYPE_ID`, `MATERIAL_TYPE_ID`, `STOCK_NAME`, `LAST_UPDATED_STAMP`, `LAST_UPDATED_TX_STAMP`, `CREATED_STAMP`, `CREATED_TX_STAMP`) VALUES ('BSGW14', 'GROUP_B_STOCKS', 'PAPER', 'White 14 PT C2S Semi-Gloss', '2017-07-20 12:00:00', '2017-07-20 12:00:00', '2017-07-20 12:00:00', '2017-07-20 12:00:00');
INSERT INTO `qc_stock` (`STOCK_ID`, `STOCK_TYPE_ID`, `MATERIAL_TYPE_ID`, `STOCK_NAME`, `LAST_UPDATED_STAMP`, `LAST_UPDATED_TX_STAMP`, `CREATED_STAMP`, `CREATED_TX_STAMP`) VALUES ('BSGW16', 'GROUP_B_STOCKS', 'PAPER', 'White 16 PT C1S Semi-Gloss', '2017-07-20 12:00:00', '2017-07-20 12:00:00', '2017-07-20 12:00:00', '2017-07-20 12:00:00');
INSERT INTO `qc_stock` (`STOCK_ID`, `STOCK_TYPE_ID`, `MATERIAL_TYPE_ID`, `STOCK_NAME`, `LAST_UPDATED_STAMP`, `LAST_UPDATED_TX_STAMP`, `CREATED_STAMP`, `CREATED_TX_STAMP`) VALUES ('BGW120', 'GROUP_B_STOCKS', 'PAPER', 'White 120lb. C2S Gloss', '2017-07-20 12:00:00', '2017-07-20 12:00:00', '2017-07-20 12:00:00', '2017-07-20 12:00:00');
INSERT INTO `qc_stock` (`STOCK_ID`, `STOCK_TYPE_ID`, `MATERIAL_TYPE_ID`, `STOCK_NAME`, `LAST_UPDATED_STAMP`, `LAST_UPDATED_TX_STAMP`, `CREATED_STAMP`, `CREATED_TX_STAMP`) VALUES ('BDW130', 'GROUP_B_STOCKS', 'PAPER', 'White 130lb. C2S Dull', '2017-07-20 12:00:00', '2017-07-20 12:00:00', '2017-07-20 12:00:00', '2017-07-20 12:00:00');
INSERT INTO `qc_stock` (`STOCK_ID`, `STOCK_TYPE_ID`, `MATERIAL_TYPE_ID`, `STOCK_NAME`, `LAST_UPDATED_STAMP`, `LAST_UPDATED_TX_STAMP`, `CREATED_STAMP`, `CREATED_TX_STAMP`) VALUES ('BW80', 'GROUP_B_STOCKS', 'PAPER', 'White 80lb. Fiber', '2017-07-20 12:00:00', '2017-07-20 12:00:00', '2017-07-20 12:00:00', '2017-07-20 12:00:00');
INSERT INTO `qc_stock` (`STOCK_ID`, `STOCK_TYPE_ID`, `MATERIAL_TYPE_ID`, `STOCK_NAME`, `LAST_UPDATED_STAMP`, `LAST_UPDATED_TX_STAMP`, `CREATED_STAMP`, `CREATED_TX_STAMP`) VALUES ('BWW80', 'GROUP_B_STOCKS', 'PAPER', 'White - Warm White 80lb. Felt', '2017-07-20 12:00:00', '2017-07-20 12:00:00', '2017-07-20 12:00:00', '2017-07-20 12:00:00');
INSERT INTO `qc_stock` (`STOCK_ID`, `STOCK_TYPE_ID`, `MATERIAL_TYPE_ID`, `STOCK_NAME`, `LAST_UPDATED_STAMP`, `LAST_UPDATED_TX_STAMP`, `CREATED_STAMP`, `CREATED_TX_STAMP`) VALUES ('BW100', 'GROUP_B_STOCKS', 'PAPER', 'White 100lb. Linen', '2017-07-20 12:00:00', '2017-07-20 12:00:00', '2017-07-20 12:00:00', '2017-07-20 12:00:00');
INSERT INTO `qc_stock` (`STOCK_ID`, `STOCK_TYPE_ID`, `MATERIAL_TYPE_ID`, `STOCK_NAME`, `LAST_UPDATED_STAMP`, `LAST_UPDATED_TX_STAMP`, `CREATED_STAMP`, `CREATED_TX_STAMP`) VALUES ('BWH90', 'GROUP_B_STOCKS', 'PAPER', 'White 90lb. Hopsack', '2017-07-20 12:00:00', '2017-07-20 12:00:00', '2017-07-20 12:00:00', '2017-07-20 12:00:00');
INSERT INTO `qc_stock` (`STOCK_ID`, `STOCK_TYPE_ID`, `MATERIAL_TYPE_ID`, `STOCK_NAME`, `LAST_UPDATED_STAMP`, `LAST_UPDATED_TX_STAMP`, `CREATED_STAMP`, `CREATED_TX_STAMP`) VALUES ('BWC90', 'GROUP_B_STOCKS', 'PAPER', 'White 90lb. Cordwain', '2017-07-20 12:00:00', '2017-07-20 12:00:00', '2017-07-20 12:00:00', '2017-07-20 12:00:00');
INSERT INTO `qc_stock` (`STOCK_ID`, `STOCK_TYPE_ID`, `MATERIAL_TYPE_ID`, `STOCK_NAME`, `LAST_UPDATED_STAMP`, `LAST_UPDATED_TX_STAMP`, `CREATED_STAMP`, `CREATED_TX_STAMP`) VALUES ('BN80', 'GROUP_B_STOCKS', 'PAPER', 'Natural 80lb. Fiber', '2017-07-20 12:00:00', '2017-07-20 12:00:00', '2017-07-20 12:00:00', '2017-07-20 12:00:00');
INSERT INTO `qc_stock` (`STOCK_ID`, `STOCK_TYPE_ID`, `MATERIAL_TYPE_ID`, `STOCK_NAME`, `LAST_UPDATED_STAMP`, `LAST_UPDATED_TX_STAMP`, `CREATED_STAMP`, `CREATED_TX_STAMP`) VALUES ('BC80', 'GROUP_B_STOCKS', 'PAPER', 'Cream 80lb. Fiber', '2017-07-20 12:00:00', '2017-07-20 12:00:00', '2017-07-20 12:00:00', '2017-07-20 12:00:00');
INSERT INTO `qc_stock` (`STOCK_ID`, `STOCK_TYPE_ID`, `MATERIAL_TYPE_ID`, `STOCK_NAME`, `LAST_UPDATED_STAMP`, `LAST_UPDATED_TX_STAMP`, `CREATED_STAMP`, `CREATED_TX_STAMP`) VALUES ('BN100', 'GROUP_B_STOCKS', 'PAPER', 'Natural 100lb. Linen', '2017-07-20 12:00:00', '2017-07-20 12:00:00', '2017-07-20 12:00:00', '2017-07-20 12:00:00');
INSERT INTO `qc_stock` (`STOCK_ID`, `STOCK_TYPE_ID`, `MATERIAL_TYPE_ID`, `STOCK_NAME`, `LAST_UPDATED_STAMP`, `LAST_UPDATED_TX_STAMP`, `CREATED_STAMP`, `CREATED_TX_STAMP`) VALUES ('BG80', 'GROUP_B_STOCKS', 'PAPER', 'Gray 80lb. Fiber', '2017-07-20 12:00:00', '2017-07-20 12:00:00', '2017-07-20 12:00:00', '2017-07-20 12:00:00');
INSERT INTO `qc_stock` (`STOCK_ID`, `STOCK_TYPE_ID`, `MATERIAL_TYPE_ID`, `STOCK_NAME`, `LAST_UPDATED_STAMP`, `LAST_UPDATED_TX_STAMP`, `CREATED_STAMP`, `CREATED_TX_STAMP`) VALUES ('BB80', 'GROUP_B_STOCKS', 'PAPER', 'Ice Blue 80lb. Fiber', '2017-07-20 12:00:00', '2017-07-20 12:00:00', '2017-07-20 12:00:00', '2017-07-20 12:00:00');
INSERT INTO `qc_stock` (`STOCK_ID`, `STOCK_TYPE_ID`, `MATERIAL_TYPE_ID`, `STOCK_NAME`, `LAST_UPDATED_STAMP`, `LAST_UPDATED_TX_STAMP`, `CREATED_STAMP`, `CREATED_TX_STAMP`) VALUES ('BP80', 'GROUP_B_STOCKS', 'PAPER', 'Periwinkle 80lb. Fiber', '2017-07-20 12:00:00', '2017-07-20 12:00:00', '2017-07-20 12:00:00', '2017-07-20 12:00:00');
INSERT INTO `qc_stock` (`STOCK_ID`, `STOCK_TYPE_ID`, `MATERIAL_TYPE_ID`, `STOCK_NAME`, `LAST_UPDATED_STAMP`, `LAST_UPDATED_TX_STAMP`, `CREATED_STAMP`, `CREATED_TX_STAMP`) VALUES ('BT80', 'GROUP_B_STOCKS', 'PAPER', 'Thyme 80lb. Fiber', '2017-07-20 12:00:00', '2017-07-20 12:00:00', '2017-07-20 12:00:00', '2017-07-20 12:00:00');
INSERT INTO `qc_stock` (`STOCK_ID`, `STOCK_TYPE_ID`, `MATERIAL_TYPE_ID`, `STOCK_NAME`, `LAST_UPDATED_STAMP`, `LAST_UPDATED_TX_STAMP`, `CREATED_STAMP`, `CREATED_TX_STAMP`) VALUES ('BR80', 'GROUP_B_STOCKS', 'PAPER', 'Rose 80lb. Fiber', '2017-07-20 12:00:00', '2017-07-20 12:00:00', '2017-07-20 12:00:00', '2017-07-20 12:00:00');
INSERT INTO `qc_stock` (`STOCK_ID`, `STOCK_TYPE_ID`, `MATERIAL_TYPE_ID`, `STOCK_NAME`, `LAST_UPDATED_STAMP`, `LAST_UPDATED_TX_STAMP`, `CREATED_STAMP`, `CREATED_TX_STAMP`) VALUES ('SG12', 'BASE_PAPER_STOCKS', 'PAPER', 'White Semi-Gloss 12 PT C1S', '2017-07-20 12:00:00', '2017-07-20 12:00:00', '2017-07-20 12:00:00', '2017-07-20 12:00:00');
INSERT INTO `qc_stock` (`STOCK_ID`, `STOCK_TYPE_ID`, `MATERIAL_TYPE_ID`, `STOCK_NAME`, `LAST_UPDATED_STAMP`, `LAST_UPDATED_TX_STAMP`, `CREATED_STAMP`, `CREATED_TX_STAMP`) VALUES ('SW80', 'BASE_PAPER_STOCKS', 'PAPER', 'White Smooth 80lb.', '2017-07-20 12:00:00', '2017-07-20 12:00:00', '2017-07-20 12:00:00', '2017-07-20 12:00:00');
INSERT INTO `qc_stock` (`STOCK_ID`, `STOCK_TYPE_ID`, `MATERIAL_TYPE_ID`, `STOCK_NAME`, `LAST_UPDATED_STAMP`, `LAST_UPDATED_TX_STAMP`, `CREATED_STAMP`, `CREATED_TX_STAMP`) VALUES ('MCW10', 'BASE_PAPER_STOCKS', 'PAPER', 'White Marble Crush 10 PT C1S', '2017-07-20 12:00:00', '2017-07-20 12:00:00', '2017-07-20 12:00:00', '2017-07-20 12:00:00');
INSERT INTO `qc_stock` (`STOCK_ID`, `STOCK_TYPE_ID`, `MATERIAL_TYPE_ID`, `STOCK_NAME`, `LAST_UPDATED_STAMP`, `LAST_UPDATED_TX_STAMP`, `CREATED_STAMP`, `CREATED_TX_STAMP`) VALUES ('SGL20', 'BINDER_PAPER_STOCKS', 'PAPER', 'White Semi-Gloss Laminated 20 PT C1S', '2017-07-20 12:00:00', '2017-07-20 12:00:00', '2017-07-20 12:00:00', '2017-07-20 12:00:00');
INSERT INTO `qc_stock` (`STOCK_ID`, `STOCK_TYPE_ID`, `MATERIAL_TYPE_ID`, `STOCK_NAME`, `LAST_UPDATED_STAMP`, `LAST_UPDATED_TX_STAMP`, `CREATED_STAMP`, `CREATED_TX_STAMP`) VALUES ('SGW24C1', 'BINDER_PAPER_STOCKS', 'PAPER', 'White Semi-Gloss 24 PT C1S', '2017-07-20 12:00:00', '2017-07-20 12:00:00', '2017-07-20 12:00:00', '2017-07-20 12:00:00');
INSERT INTO `qc_stock` (`STOCK_ID`, `STOCK_TYPE_ID`, `MATERIAL_TYPE_ID`, `STOCK_NAME`, `LAST_UPDATED_STAMP`, `LAST_UPDATED_TX_STAMP`, `CREATED_STAMP`, `CREATED_TX_STAMP`) VALUES ('AEK26', 'BINDER_PAPER_STOCKS', 'PAPER', 'Eco Kraft 26 PT', '2017-07-20 12:00:00', '2017-07-20 12:00:00', '2017-07-20 12:00:00', '2017-07-20 12:00:00');
INSERT INTO `qc_stock` (`STOCK_ID`, `STOCK_TYPE_ID`, `MATERIAL_TYPE_ID`, `STOCK_NAME`, `LAST_UPDATED_STAMP`, `LAST_UPDATED_TX_STAMP`, `CREATED_STAMP`, `CREATED_TX_STAMP`) VALUES ('CCC12', 'GROUP_C_STOCKS', 'PAPER', 'White 12 PT C1S Cast Coated', '2017-07-20 12:00:00', '2017-07-20 12:00:00', '2017-07-20 12:00:00', '2017-07-20 12:00:00');
INSERT INTO `qc_stock` (`STOCK_ID`, `STOCK_TYPE_ID`, `MATERIAL_TYPE_ID`, `STOCK_NAME`, `LAST_UPDATED_STAMP`, `LAST_UPDATED_TX_STAMP`, `CREATED_STAMP`, `CREATED_TX_STAMP`) VALUES ('CSGW16', 'GROUP_C_STOCKS', 'PAPER', 'White 16 PT C2S Semi-Gloss', '2017-07-20 12:00:00', '2017-07-20 12:00:00', '2017-07-20 12:00:00', '2017-07-20 12:00:00');
INSERT INTO `qc_stock` (`STOCK_ID`, `STOCK_TYPE_ID`, `MATERIAL_TYPE_ID`, `STOCK_NAME`, `LAST_UPDATED_STAMP`, `LAST_UPDATED_TX_STAMP`, `CREATED_STAMP`, `CREATED_TX_STAMP`) VALUES ('CSGW18', 'GROUP_C_STOCKS', 'PAPER', 'White 18 PT C1S Semi-Gloss', '2017-07-20 12:00:00', '2017-07-20 12:00:00', '2017-07-20 12:00:00', '2017-07-20 12:00:00');
INSERT INTO `qc_stock` (`STOCK_ID`, `STOCK_TYPE_ID`, `MATERIAL_TYPE_ID`, `STOCK_NAME`, `LAST_UPDATED_STAMP`, `LAST_UPDATED_TX_STAMP`, `CREATED_STAMP`, `CREATED_TX_STAMP`) VALUES ('CEW80', 'GROUP_C_STOCKS', 'PAPER', 'White Eco 80lb. Smooth', '2017-07-20 12:00:00', '2017-07-20 12:00:00', '2017-07-20 12:00:00', '2017-07-20 12:00:00');
INSERT INTO `qc_stock` (`STOCK_ID`, `STOCK_TYPE_ID`, `MATERIAL_TYPE_ID`, `STOCK_NAME`, `LAST_UPDATED_STAMP`, `LAST_UPDATED_TX_STAMP`, `CREATED_STAMP`, `CREATED_TX_STAMP`) VALUES ('CEGG80', 'GROUP_C_STOCKS', 'PAPER', 'White Eggshell 80lb', '2017-07-20 12:00:00', '2017-07-20 12:00:00', '2017-07-20 12:00:00', '2017-07-20 12:00:00');
INSERT INTO `qc_stock` (`STOCK_ID`, `STOCK_TYPE_ID`, `MATERIAL_TYPE_ID`, `STOCK_NAME`, `LAST_UPDATED_STAMP`, `LAST_UPDATED_TX_STAMP`, `CREATED_STAMP`, `CREATED_TX_STAMP`) VALUES ('CEI80', 'GROUP_C_STOCKS', 'PAPER', 'Eco Ivory 80lb. Smooth', '2017-07-20 12:00:00', '2017-07-20 12:00:00', '2017-07-20 12:00:00', '2017-07-20 12:00:00');
INSERT INTO `qc_stock` (`STOCK_ID`, `STOCK_TYPE_ID`, `MATERIAL_TYPE_ID`, `STOCK_NAME`, `LAST_UPDATED_STAMP`, `LAST_UPDATED_TX_STAMP`, `CREATED_STAMP`, `CREATED_TX_STAMP`) VALUES ('CS80', 'GROUP_C_STOCKS', 'PAPER', 'Sandstone 80lb. Felt', '2017-07-20 12:00:00', '2017-07-20 12:00:00', '2017-07-20 12:00:00', '2017-07-20 12:00:00');
INSERT INTO `qc_stock` (`STOCK_ID`, `STOCK_TYPE_ID`, `MATERIAL_TYPE_ID`, `STOCK_NAME`, `LAST_UPDATED_STAMP`, `LAST_UPDATED_TX_STAMP`, `CREATED_STAMP`, `CREATED_TX_STAMP`) VALUES ('CJ80', 'GROUP_C_STOCKS', 'PAPER', 'Jute 80lb. Vellum', '2017-07-20 12:00:00', '2017-07-20 12:00:00', '2017-07-20 12:00:00', '2017-07-20 12:00:00');
INSERT INTO `qc_stock` (`STOCK_ID`, `STOCK_TYPE_ID`, `MATERIAL_TYPE_ID`, `STOCK_NAME`, `LAST_UPDATED_STAMP`, `LAST_UPDATED_TX_STAMP`, `CREATED_STAMP`, `CREATED_TX_STAMP`) VALUES ('CP80', 'GROUP_C_STOCKS', 'PAPER', 'Pumice 80lb. Felt', '2017-07-20 12:00:00', '2017-07-20 12:00:00', '2017-07-20 12:00:00', '2017-07-20 12:00:00');
INSERT INTO `qc_stock` (`STOCK_ID`, `STOCK_TYPE_ID`, `MATERIAL_TYPE_ID`, `STOCK_NAME`, `LAST_UPDATED_STAMP`, `LAST_UPDATED_TX_STAMP`, `CREATED_STAMP`, `CREATED_TX_STAMP`) VALUES ('CSG100', 'GROUP_C_STOCKS', 'PAPER', 'Sterling Gray 100lb. Linen', '2017-07-20 12:00:00', '2017-07-20 12:00:00', '2017-07-20 12:00:00', '2017-07-20 12:00:00');
INSERT INTO `qc_stock` (`STOCK_ID`, `STOCK_TYPE_ID`, `MATERIAL_TYPE_ID`, `STOCK_NAME`, `LAST_UPDATED_STAMP`, `LAST_UPDATED_TX_STAMP`, `CREATED_STAMP`, `CREATED_TX_STAMP`) VALUES ('CMASH12', 'GROUP_C_STOCKS', 'PAPER', 'Ash 12 PT C1S MarbleCoat', '2017-07-20 12:00:00', '2017-07-20 12:00:00', '2017-07-20 12:00:00', '2017-07-20 12:00:00');
INSERT INTO `qc_stock` (`STOCK_ID`, `STOCK_TYPE_ID`, `MATERIAL_TYPE_ID`, `STOCK_NAME`, `LAST_UPDATED_STAMP`, `LAST_UPDATED_TX_STAMP`, `CREATED_STAMP`, `CREATED_TX_STAMP`) VALUES ('CB80', 'GROUP_C_STOCKS', 'PAPER', 'Black - New Black 80lb. Felt', '2017-07-20 12:00:00', '2017-07-20 12:00:00', '2017-07-20 12:00:00', '2017-07-20 12:00:00');
INSERT INTO `qc_stock` (`STOCK_ID`, `STOCK_TYPE_ID`, `MATERIAL_TYPE_ID`, `STOCK_NAME`, `LAST_UPDATED_STAMP`, `LAST_UPDATED_TX_STAMP`, `CREATED_STAMP`, `CREATED_TX_STAMP`) VALUES ('CMBLK12', 'GROUP_C_STOCKS', 'PAPER', 'Black 12 PT C1S MarbleCoat', '2017-07-20 12:00:00', '2017-07-20 12:00:00', '2017-07-20 12:00:00', '2017-07-20 12:00:00');
INSERT INTO `qc_stock` (`STOCK_ID`, `STOCK_TYPE_ID`, `MATERIAL_TYPE_ID`, `STOCK_NAME`, `LAST_UPDATED_STAMP`, `LAST_UPDATED_TX_STAMP`, `CREATED_STAMP`, `CREATED_TX_STAMP`) VALUES ('CMBLU12', 'GROUP_C_STOCKS', 'PAPER', 'Blue 12 PT C1S MarbleCoat', '2017-07-20 12:00:00', '2017-07-20 12:00:00', '2017-07-20 12:00:00', '2017-07-20 12:00:00');
INSERT INTO `qc_stock` (`STOCK_ID`, `STOCK_TYPE_ID`, `MATERIAL_TYPE_ID`, `STOCK_NAME`, `LAST_UPDATED_STAMP`, `LAST_UPDATED_TX_STAMP`, `CREATED_STAMP`, `CREATED_TX_STAMP`) VALUES ('CFG80', 'GROUP_C_STOCKS', 'PAPER', 'Forest Green 80lb. Felt', '2017-07-20 12:00:00', '2017-07-20 12:00:00', '2017-07-20 12:00:00', '2017-07-20 12:00:00');
INSERT INTO `qc_stock` (`STOCK_ID`, `STOCK_TYPE_ID`, `MATERIAL_TYPE_ID`, `STOCK_NAME`, `LAST_UPDATED_STAMP`, `LAST_UPDATED_TX_STAMP`, `CREATED_STAMP`, `CREATED_TX_STAMP`) VALUES ('CY80', 'GROUP_C_STOCKS', 'PAPER', 'Yellow 80lb. Vellum', '2017-07-20 12:00:00', '2017-07-20 12:00:00', '2017-07-20 12:00:00', '2017-07-20 12:00:00');
INSERT INTO `qc_stock` (`STOCK_ID`, `STOCK_TYPE_ID`, `MATERIAL_TYPE_ID`, `STOCK_NAME`, `LAST_UPDATED_STAMP`, `LAST_UPDATED_TX_STAMP`, `CREATED_STAMP`, `CREATED_TX_STAMP`) VALUES ('CMBUR12', 'GROUP_C_STOCKS', 'PAPER', 'Burgundy 12 PT C1S MarbleCoat', '2017-07-20 12:00:00', '2017-07-20 12:00:00', '2017-07-20 12:00:00', '2017-07-20 12:00:00');
INSERT INTO `qc_stock` (`STOCK_ID`, `STOCK_TYPE_ID`, `MATERIAL_TYPE_ID`, `STOCK_NAME`, `LAST_UPDATED_STAMP`, `LAST_UPDATED_TX_STAMP`, `CREATED_STAMP`, `CREATED_TX_STAMP`) VALUES ('DMAH100', 'GROUP_D_STOCKS', 'PAPER', 'Mahogany 100lb. Linen', '2017-07-20 12:00:00', '2017-07-20 12:00:00', '2017-07-20 12:00:00', '2017-07-20 12:00:00');
INSERT INTO `qc_stock` (`STOCK_ID`, `STOCK_TYPE_ID`, `MATERIAL_TYPE_ID`, `STOCK_NAME`, `LAST_UPDATED_STAMP`, `LAST_UPDATED_TX_STAMP`, `CREATED_STAMP`, `CREATED_TX_STAMP`) VALUES ('DG80', 'GROUP_D_STOCKS', 'PAPER', 'Granite 80lb. Felt', '2017-07-20 12:00:00', '2017-07-20 12:00:00', '2017-07-20 12:00:00', '2017-07-20 12:00:00');
INSERT INTO `qc_stock` (`STOCK_ID`, `STOCK_TYPE_ID`, `MATERIAL_TYPE_ID`, `STOCK_NAME`, `LAST_UPDATED_STAMP`, `LAST_UPDATED_TX_STAMP`, `CREATED_STAMP`, `CREATED_TX_STAMP`) VALUES ('DSGG80', 'GROUP_D_STOCKS', 'PAPER', 'Smoke Gray 80lb Grandee', '2017-07-20 12:00:00', '2017-07-20 12:00:00', '2017-07-20 12:00:00', '2017-07-20 12:00:00');
INSERT INTO `qc_stock` (`STOCK_ID`, `STOCK_TYPE_ID`, `MATERIAL_TYPE_ID`, `STOCK_NAME`, `LAST_UPDATED_STAMP`, `LAST_UPDATED_TX_STAMP`, `CREATED_STAMP`, `CREATED_TX_STAMP`) VALUES ('DCG80', 'GROUP_D_STOCKS', 'PAPER', 'Charcoal 80lb Grandee', '2017-07-20 12:00:00', '2017-07-20 12:00:00', '2017-07-20 12:00:00', '2017-07-20 12:00:00');
INSERT INTO `qc_stock` (`STOCK_ID`, `STOCK_TYPE_ID`, `MATERIAL_TYPE_ID`, `STOCK_NAME`, `LAST_UPDATED_STAMP`, `LAST_UPDATED_TX_STAMP`, `CREATED_STAMP`, `CREATED_TX_STAMP`) VALUES ('DDBLK100', 'GROUP_D_STOCKS', 'PAPER', 'Dark Black 100lb. Linen', '2017-07-20 12:00:00', '2017-07-20 12:00:00', '2017-07-20 12:00:00', '2017-07-20 12:00:00');
INSERT INTO `qc_stock` (`STOCK_ID`, `STOCK_TYPE_ID`, `MATERIAL_TYPE_ID`, `STOCK_NAME`, `LAST_UPDATED_STAMP`, `LAST_UPDATED_TX_STAMP`, `CREATED_STAMP`, `CREATED_TX_STAMP`) VALUES ('DB12', 'GROUP_D_STOCKS', 'PAPER', 'Black 14 PT C1S ColorCoat', '2017-07-20 12:00:00', '2017-07-20 12:00:00', '2017-07-20 12:00:00', '2017-07-20 12:00:00');
INSERT INTO `qc_stock` (`STOCK_ID`, `STOCK_TYPE_ID`, `MATERIAL_TYPE_ID`, `STOCK_NAME`, `LAST_UPDATED_STAMP`, `LAST_UPDATED_TX_STAMP`, `CREATED_STAMP`, `CREATED_TX_STAMP`) VALUES ('DA100', 'GROUP_D_STOCKS', 'PAPER', 'Aquamarine 100lb. Vellum', '2017-07-20 12:00:00', '2017-07-20 12:00:00', '2017-07-20 12:00:00', '2017-07-20 12:00:00');
INSERT INTO `qc_stock` (`STOCK_ID`, `STOCK_TYPE_ID`, `MATERIAL_TYPE_ID`, `STOCK_NAME`, `LAST_UPDATED_STAMP`, `LAST_UPDATED_TX_STAMP`, `CREATED_STAMP`, `CREATED_TX_STAMP`) VALUES ('DDBLU100', 'GROUP_D_STOCKS', 'PAPER', 'Dark Blue 100lb. Linen', '2017-07-20 12:00:00', '2017-07-20 12:00:00', '2017-07-20 12:00:00', '2017-07-20 12:00:00');
INSERT INTO `qc_stock` (`STOCK_ID`, `STOCK_TYPE_ID`, `MATERIAL_TYPE_ID`, `STOCK_NAME`, `LAST_UPDATED_STAMP`, `LAST_UPDATED_TX_STAMP`, `CREATED_STAMP`, `CREATED_TX_STAMP`) VALUES ('DB90', 'GROUP_D_STOCKS', 'PAPER', 'Blue 90lb. Hopsack', '2017-07-20 12:00:00', '2017-07-20 12:00:00', '2017-07-20 12:00:00', '2017-07-20 12:00:00');
INSERT INTO `qc_stock` (`STOCK_ID`, `STOCK_TYPE_ID`, `MATERIAL_TYPE_ID`, `STOCK_NAME`, `LAST_UPDATED_STAMP`, `LAST_UPDATED_TX_STAMP`, `CREATED_STAMP`, `CREATED_TX_STAMP`) VALUES ('DDB90', 'GROUP_D_STOCKS', 'PAPER', 'Deep Blue 90lb. Cordwain', '2017-07-20 12:00:00', '2017-07-20 12:00:00', '2017-07-20 12:00:00', '2017-07-20 12:00:00');
INSERT INTO `qc_stock` (`STOCK_ID`, `STOCK_TYPE_ID`, `MATERIAL_TYPE_ID`, `STOCK_NAME`, `LAST_UPDATED_STAMP`, `LAST_UPDATED_TX_STAMP`, `CREATED_STAMP`, `CREATED_TX_STAMP`) VALUES ('DRD80', 'GROUP_D_STOCKS', 'PAPER', 'Royal Blue 80lb. Tweed', '2017-07-20 12:00:00', '2017-07-20 12:00:00', '2017-07-20 12:00:00', '2017-07-20 12:00:00');
INSERT INTO `qc_stock` (`STOCK_ID`, `STOCK_TYPE_ID`, `MATERIAL_TYPE_ID`, `STOCK_NAME`, `LAST_UPDATED_STAMP`, `LAST_UPDATED_TX_STAMP`, `CREATED_STAMP`, `CREATED_TX_STAMP`) VALUES ('DN12', 'GROUP_D_STOCKS', 'PAPER', 'Navy 14PT C1S ColorCoat', '2017-07-20 12:00:00', '2017-07-20 12:00:00', '2017-07-20 12:00:00', '2017-07-20 12:00:00');
INSERT INTO `qc_stock` (`STOCK_ID`, `STOCK_TYPE_ID`, `MATERIAL_TYPE_ID`, `STOCK_NAME`, `LAST_UPDATED_STAMP`, `LAST_UPDATED_TX_STAMP`, `CREATED_STAMP`, `CREATED_TX_STAMP`) VALUES ('DBBG80', 'GROUP_D_STOCKS', 'PAPER', 'Blazer Blue 80lb Grandee', '2017-07-20 12:00:00', '2017-07-20 12:00:00', '2017-07-20 12:00:00', '2017-07-20 12:00:00');
INSERT INTO `qc_stock` (`STOCK_ID`, `STOCK_TYPE_ID`, `MATERIAL_TYPE_ID`, `STOCK_NAME`, `LAST_UPDATED_STAMP`, `LAST_UPDATED_TX_STAMP`, `CREATED_STAMP`, `CREATED_TX_STAMP`) VALUES ('DDP100', 'GROUP_D_STOCKS', 'PAPER', 'Deep Pine 100lb. Linen', '2017-07-20 12:00:00', '2017-07-20 12:00:00', '2017-07-20 12:00:00', '2017-07-20 12:00:00');
INSERT INTO `qc_stock` (`STOCK_ID`, `STOCK_TYPE_ID`, `MATERIAL_TYPE_ID`, `STOCK_NAME`, `LAST_UPDATED_STAMP`, `LAST_UPDATED_TX_STAMP`, `CREATED_STAMP`, `CREATED_TX_STAMP`) VALUES ('DFG90', 'GROUP_D_STOCKS', 'PAPER', 'Forest Green 90lb. Hopsack', '2017-07-20 12:00:00', '2017-07-20 12:00:00', '2017-07-20 12:00:00', '2017-07-20 12:00:00');
INSERT INTO `qc_stock` (`STOCK_ID`, `STOCK_TYPE_ID`, `MATERIAL_TYPE_ID`, `STOCK_NAME`, `LAST_UPDATED_STAMP`, `LAST_UPDATED_TX_STAMP`, `CREATED_STAMP`, `CREATED_TX_STAMP`) VALUES ('DLG80', 'GROUP_D_STOCKS', 'PAPER', 'Leaf Green 80lb Vellum', '2017-07-20 12:00:00', '2017-07-20 12:00:00', '2017-07-20 12:00:00', '2017-07-20 12:00:00');
INSERT INTO `qc_stock` (`STOCK_ID`, `STOCK_TYPE_ID`, `MATERIAL_TYPE_ID`, `STOCK_NAME`, `LAST_UPDATED_STAMP`, `LAST_UPDATED_TX_STAMP`, `CREATED_STAMP`, `CREATED_TX_STAMP`) VALUES ('DB100', 'GROUP_D_STOCKS', 'PAPER', 'Burgundy 100lb. Linen', '2017-07-20 12:00:00', '2017-07-20 12:00:00', '2017-07-20 12:00:00', '2017-07-20 12:00:00');
INSERT INTO `qc_stock` (`STOCK_ID`, `STOCK_TYPE_ID`, `MATERIAL_TYPE_ID`, `STOCK_NAME`, `LAST_UPDATED_STAMP`, `LAST_UPDATED_TX_STAMP`, `CREATED_STAMP`, `CREATED_TX_STAMP`) VALUES ('DMER100', 'GROUP_D_STOCKS', 'PAPER', 'Merlot 100lb. Linen', '2017-07-20 12:00:00', '2017-07-20 12:00:00', '2017-07-20 12:00:00', '2017-07-20 12:00:00');
INSERT INTO `qc_stock` (`STOCK_ID`, `STOCK_TYPE_ID`, `MATERIAL_TYPE_ID`, `STOCK_NAME`, `LAST_UPDATED_STAMP`, `LAST_UPDATED_TX_STAMP`, `CREATED_STAMP`, `CREATED_TX_STAMP`) VALUES ('DE100', 'GROUP_D_STOCKS', 'PAPER', 'Eggplant 100lb. Linen', '2017-07-20 12:00:00', '2017-07-20 12:00:00', '2017-07-20 12:00:00', '2017-07-20 12:00:00');
INSERT INTO `qc_stock` (`STOCK_ID`, `STOCK_TYPE_ID`, `MATERIAL_TYPE_ID`, `STOCK_NAME`, `LAST_UPDATED_STAMP`, `LAST_UPDATED_TX_STAMP`, `CREATED_STAMP`, `CREATED_TX_STAMP`) VALUES ('DR90', 'GROUP_D_STOCKS', 'PAPER', 'Red 90lb. Hopsack', '2017-07-20 12:00:00', '2017-07-20 12:00:00', '2017-07-20 12:00:00', '2017-07-20 12:00:00');
INSERT INTO `qc_stock` (`STOCK_ID`, `STOCK_TYPE_ID`, `MATERIAL_TYPE_ID`, `STOCK_NAME`, `LAST_UPDATED_STAMP`, `LAST_UPDATED_TX_STAMP`, `CREATED_STAMP`, `CREATED_TX_STAMP`) VALUES ('DRG14', 'GROUP_D_STOCKS', 'PAPER', 'Red Gloss 14 PT C1S', '2017-07-20 12:00:00', '2017-07-20 12:00:00', '2017-07-20 12:00:00', '2017-07-20 12:00:00');
INSERT INTO `qc_stock` (`STOCK_ID`, `STOCK_TYPE_ID`, `MATERIAL_TYPE_ID`, `STOCK_NAME`, `LAST_UPDATED_STAMP`, `LAST_UPDATED_TX_STAMP`, `CREATED_STAMP`, `CREATED_TX_STAMP`) VALUES ('WSD80', 'DIGITAL_FOLDERS_STOCK', 'PAPER', 'White Smooth Digital 80C', '2017-07-20 12:00:00', '2017-07-20 12:00:00', '2017-07-20 12:00:00', '2017-07-20 12:00:00');
INSERT INTO `qc_stock` (`STOCK_ID`, `STOCK_TYPE_ID`, `MATERIAL_TYPE_ID`, `STOCK_NAME`, `LAST_UPDATED_STAMP`, `LAST_UPDATED_TX_STAMP`, `CREATED_STAMP`, `CREATED_TX_STAMP`) VALUES ('WED80', 'DIGITAL_FOLDERS_STOCK', 'PAPER', 'White Eggshell Digital 80C', '2017-07-20 12:00:00', '2017-07-20 12:00:00', '2017-07-20 12:00:00', '2017-07-20 12:00:00');
INSERT INTO `qc_stock` (`STOCK_ID`, `STOCK_TYPE_ID`, `MATERIAL_TYPE_ID`, `STOCK_NAME`, `LAST_UPDATED_STAMP`, `LAST_UPDATED_TX_STAMP`, `CREATED_STAMP`, `CREATED_TX_STAMP`) VALUES ('WGD100C2', 'DIGITAL_FOLDERS_STOCK', 'PAPER', 'White Gloss Digital 100C C2S', '2017-07-20 12:00:00', '2017-07-20 12:00:00', '2017-07-20 12:00:00', '2017-07-20 12:00:00');
INSERT INTO `qc_stock` (`STOCK_ID`, `STOCK_TYPE_ID`, `MATERIAL_TYPE_ID`, `STOCK_NAME`, `LAST_UPDATED_STAMP`, `LAST_UPDATED_TX_STAMP`, `CREATED_STAMP`, `CREATED_TX_STAMP`) VALUES ('MT150', 'FILE_FOLDERS_STOCKS', 'PAPER', 'Manila Tag 150#', '2017-07-20 12:00:00', '2017-07-20 12:00:00', '2017-07-20 12:00:00', '2017-07-20 12:00:00');
INSERT INTO `qc_stock` (`STOCK_ID`, `STOCK_TYPE_ID`, `MATERIAL_TYPE_ID`, `STOCK_NAME`, `LAST_UPDATED_STAMP`, `LAST_UPDATED_TX_STAMP`, `CREATED_STAMP`, `CREATED_TX_STAMP`) VALUES ('WT150', 'FILE_FOLDERS_STOCKS', 'PAPER', 'White Tag 150#', '2017-07-20 12:00:00', '2017-07-20 12:00:00', '2017-07-20 12:00:00', '2017-07-20 12:00:00');
INSERT INTO `qc_stock` (`STOCK_ID`, `STOCK_TYPE_ID`, `MATERIAL_TYPE_ID`, `STOCK_NAME`, `LAST_UPDATED_STAMP`, `LAST_UPDATED_TX_STAMP`, `CREATED_STAMP`, `CREATED_TX_STAMP`) VALUES ('CI140', 'FILE_FOLDERS_STOCKS', 'PAPER', 'Canary Index 140#', '2017-07-20 12:00:00', '2017-07-20 12:00:00', '2017-07-20 12:00:00', '2017-07-20 12:00:00');
INSERT INTO `qc_stock` (`STOCK_ID`, `STOCK_TYPE_ID`, `MATERIAL_TYPE_ID`, `STOCK_NAME`, `LAST_UPDATED_STAMP`, `LAST_UPDATED_TX_STAMP`, `CREATED_STAMP`, `CREATED_TX_STAMP`) VALUES ('BI140', 'FILE_FOLDERS_STOCKS', 'PAPER', 'Blue Index 140#', '2017-07-20 12:00:00', '2017-07-20 12:00:00', '2017-07-20 12:00:00', '2017-07-20 12:00:00');
INSERT INTO `qc_stock` (`STOCK_ID`, `STOCK_TYPE_ID`, `MATERIAL_TYPE_ID`, `STOCK_NAME`, `LAST_UPDATED_STAMP`, `LAST_UPDATED_TX_STAMP`, `CREATED_STAMP`, `CREATED_TX_STAMP`) VALUES ('WGTIB80C2', 'INSERTS_BROCHURES_STOCKS', 'PAPER', 'White Gloss Text Inserts Brochures 80T C2S', '2017-07-20 12:00:00', '2017-07-20 12:00:00', '2017-07-20 12:00:00', '2017-07-20 12:00:00');
INSERT INTO `qc_stock` (`STOCK_ID`, `STOCK_TYPE_ID`, `MATERIAL_TYPE_ID`, `STOCK_NAME`, `LAST_UPDATED_STAMP`, `LAST_UPDATED_TX_STAMP`, `CREATED_STAMP`, `CREATED_TX_STAMP`) VALUES ('WMTIB', 'INSERTS_BROCHURES_STOCKS', 'PAPER', 'White Matte Text Inserts Brochures', '2017-07-20 12:00:00', '2017-07-20 12:00:00', '2017-07-20 12:00:00', '2017-07-20 12:00:00');

INSERT INTO `qc_style_group` (`STYLE_GROUP_ID`, `STYLE_GROUP_NAME`, `LAST_UPDATED_STAMP`, `LAST_UPDATED_TX_STAMP`, `CREATED_STAMP`, `CREATED_TX_STAMP`) VALUES ('LARGE', 'Large Presentation Folders', '2017-07-20 12:00:00', '2017-07-20 12:00:00', '2017-07-20 12:00:00', '2017-07-20 12:00:00');
INSERT INTO `qc_style_group` (`STYLE_GROUP_ID`, `STYLE_GROUP_NAME`, `LAST_UPDATED_STAMP`, `LAST_UPDATED_TX_STAMP`, `CREATED_STAMP`, `CREATED_TX_STAMP`) VALUES ('LEGAL', 'Legal Folders', '2017-07-20 12:00:00', '2017-07-20 12:00:00', '2017-07-20 12:00:00', '2017-07-20 12:00:00');
INSERT INTO `qc_style_group` (`STYLE_GROUP_ID`, `STYLE_GROUP_NAME`, `LAST_UPDATED_STAMP`, `LAST_UPDATED_TX_STAMP`, `CREATED_STAMP`, `CREATED_TX_STAMP`) VALUES ('STANDARD', 'Standard Folders', '2017-07-20 12:00:00', '2017-07-20 12:00:00', '2017-07-20 12:00:00', '2017-07-20 12:00:00');
INSERT INTO `qc_style_group` (`STYLE_GROUP_ID`, `STYLE_GROUP_NAME`, `LAST_UPDATED_STAMP`, `LAST_UPDATED_TX_STAMP`, `CREATED_STAMP`, `CREATED_TX_STAMP`) VALUES ('SMALL', 'Small Presentation Folders', '2017-07-20 12:00:00', '2017-07-20 12:00:00', '2017-07-20 12:00:00', '2017-07-20 12:00:00');
INSERT INTO `qc_style_group` (`STYLE_GROUP_ID`, `STYLE_GROUP_NAME`, `LAST_UPDATED_STAMP`, `LAST_UPDATED_TX_STAMP`, `CREATED_STAMP`, `CREATED_TX_STAMP`) VALUES ('CARD', 'Card Holders', '2017-07-20 12:00:00', '2017-07-20 12:00:00', '2017-07-20 12:00:00', '2017-07-20 12:00:00');
INSERT INTO `qc_style_group` (`STYLE_GROUP_ID`, `STYLE_GROUP_NAME`, `LAST_UPDATED_STAMP`, `LAST_UPDATED_TX_STAMP`, `CREATED_STAMP`, `CREATED_TX_STAMP`) VALUES ('RE', 'Reinforced Edge Folders', '2017-07-20 12:00:00', '2017-07-20 12:00:00', '2017-07-20 12:00:00', '2017-07-20 12:00:00');
INSERT INTO `qc_style_group` (`STYLE_GROUP_ID`, `STYLE_GROUP_NAME`, `LAST_UPDATED_STAMP`, `LAST_UPDATED_TX_STAMP`, `CREATED_STAMP`, `CREATED_TX_STAMP`) VALUES ('CAPACITY', 'Capacity Folders', '2017-07-20 12:00:00', '2017-07-20 12:00:00', '2017-07-20 12:00:00', '2017-07-20 12:00:00');
INSERT INTO `qc_style_group` (`STYLE_GROUP_ID`, `STYLE_GROUP_NAME`, `LAST_UPDATED_STAMP`, `LAST_UPDATED_TX_STAMP`, `CREATED_STAMP`, `CREATED_TX_STAMP`) VALUES ('TRIPANEL', 'Tripanel Folders', '2017-07-20 12:00:00', '2017-07-20 12:00:00', '2017-07-20 12:00:00', '2017-07-20 12:00:00');
INSERT INTO `qc_style_group` (`STYLE_GROUP_ID`, `STYLE_GROUP_NAME`, `LAST_UPDATED_STAMP`, `LAST_UPDATED_TX_STAMP`, `CREATED_STAMP`, `CREATED_TX_STAMP`) VALUES ('CERTIFICATE', 'Certificate Holders', '2017-07-20 12:00:00', '2017-07-20 12:00:00', '2017-07-20 12:00:00', '2017-07-20 12:00:00');
INSERT INTO `qc_style_group` (`STYLE_GROUP_ID`, `STYLE_GROUP_NAME`, `LAST_UPDATED_STAMP`, `LAST_UPDATED_TX_STAMP`, `CREATED_STAMP`, `CREATED_TX_STAMP`) VALUES ('FILE', 'File Folders', '2017-07-20 12:00:00', '2017-07-20 12:00:00', '2017-07-20 12:00:00', '2017-07-20 12:00:00');
INSERT INTO `qc_style_group` (`STYLE_GROUP_ID`, `STYLE_GROUP_NAME`, `LAST_UPDATED_STAMP`, `LAST_UPDATED_TX_STAMP`, `CREATED_STAMP`, `CREATED_TX_STAMP`) VALUES ('PHOTO', 'Photo Holder', '2017-07-20 12:00:00', '2017-07-20 12:00:00', '2017-07-20 12:00:00', '2017-07-20 12:00:00');
INSERT INTO `qc_style_group` (`STYLE_GROUP_ID`, `STYLE_GROUP_NAME`, `LAST_UPDATED_STAMP`, `LAST_UPDATED_TX_STAMP`, `CREATED_STAMP`, `CREATED_TX_STAMP`) VALUES ('REPORT', 'Report Covers', '2017-07-20 12:00:00', '2017-07-20 12:00:00', '2017-07-20 12:00:00', '2017-07-20 12:00:00');
INSERT INTO `qc_style_group` (`STYLE_GROUP_ID`, `STYLE_GROUP_NAME`, `LAST_UPDATED_STAMP`, `LAST_UPDATED_TX_STAMP`, `CREATED_STAMP`, `CREATED_TX_STAMP`) VALUES ('PORTFOLIO', 'Portfolios', '2017-07-20 12:00:00', '2017-07-20 12:00:00', '2017-07-20 12:00:00', '2017-07-20 12:00:00');
INSERT INTO `qc_style_group` (`STYLE_GROUP_ID`, `STYLE_GROUP_NAME`, `LAST_UPDATED_STAMP`, `LAST_UPDATED_TX_STAMP`, `CREATED_STAMP`, `CREATED_TX_STAMP`) VALUES ('CD_DVD', 'CD/DVD Packaging', '2017-07-20 12:00:00', '2017-07-20 12:00:00', '2017-07-20 12:00:00', '2017-07-20 12:00:00');
INSERT INTO `qc_style_group` (`STYLE_GROUP_ID`, `STYLE_GROUP_NAME`, `LAST_UPDATED_STAMP`, `LAST_UPDATED_TX_STAMP`, `CREATED_STAMP`, `CREATED_TX_STAMP`) VALUES ('BINDER', 'Paper Binder', '2017-07-20 12:00:00', '2017-07-20 12:00:00', '2017-07-20 12:00:00', '2017-07-20 12:00:00');
INSERT INTO `qc_style_group` (`STYLE_GROUP_ID`, `STYLE_GROUP_NAME`, `LAST_UPDATED_STAMP`, `LAST_UPDATED_TX_STAMP`, `CREATED_STAMP`, `CREATED_TX_STAMP`) VALUES ('QUICK_SHIP_ECONOMY', 'Quick Ship Economy', '2017-11-03 12:00:00', '2017-11-03 12:00:00', '2017-11-03 12:00:00', '2017-11-03 12:00:00');

INSERT INTO `qc_style` (`STYLE_ID`, `STYLE_GROUP_ID`, `STYLE_NAME`, `STYLE_DESCRIPTION`, `LAST_UPDATED_STAMP`, `LAST_UPDATED_TX_STAMP`, `CREATED_STAMP`, `CREATED_TX_STAMP`) VALUES ('CKH-2704', 'CARD', '2704', 'Card Holder - Horizontal Orientation w/ Side Pocket (2 3/4" x 3 3/4")', '2017-07-20 12:00:00', '2017-07-20 12:00:00', '2017-07-20 12:00:00', '2017-07-20 12:00:00');
INSERT INTO `qc_style` (`STYLE_ID`, `STYLE_GROUP_ID`, `STYLE_NAME`, `STYLE_DESCRIPTION`, `LAST_UPDATED_STAMP`, `LAST_UPDATED_TX_STAMP`, `CREATED_STAMP`, `CREATED_TX_STAMP`) VALUES ('CKH-2709', 'CARD', '2709', 'Card Holder - Two Pocket (3 3/8" x 6")', '2017-07-20 12:00:00', '2017-07-20 12:00:00', '2017-07-20 12:00:00', '2017-07-20 12:00:00');
INSERT INTO `qc_style` (`STYLE_ID`, `STYLE_GROUP_ID`, `STYLE_NAME`, `STYLE_DESCRIPTION`, `LAST_UPDATED_STAMP`, `LAST_UPDATED_TX_STAMP`, `CREATED_STAMP`, `CREATED_TX_STAMP`) VALUES ('CKH-2711', 'CARD', '2711', 'Card Holder - Right Pocket (3 3/8" x 6")', '2017-07-20 12:00:00', '2017-07-20 12:00:00', '2017-07-20 12:00:00', '2017-07-20 12:00:00');
INSERT INTO `qc_style` (`STYLE_ID`, `STYLE_GROUP_ID`, `STYLE_NAME`, `STYLE_DESCRIPTION`, `LAST_UPDATED_STAMP`, `LAST_UPDATED_TX_STAMP`, `CREATED_STAMP`, `CREATED_TX_STAMP`) VALUES ('CKH-2710', 'CARD', '2710', 'Card Holder - Left Pocket (3 3/8" x 6")', '2017-07-20 12:00:00', '2017-07-20 12:00:00', '2017-07-20 12:00:00', '2017-07-20 12:00:00');
INSERT INTO `qc_style` (`STYLE_ID`, `STYLE_GROUP_ID`, `STYLE_NAME`, `STYLE_DESCRIPTION`, `LAST_UPDATED_STAMP`, `LAST_UPDATED_TX_STAMP`, `CREATED_STAMP`, `CREATED_TX_STAMP`) VALUES ('CKH-2705', 'CARD', '2705', 'Card Holder - Right Rounded Pocket (3 3/8" x 6")', '2017-07-20 12:00:00', '2017-07-20 12:00:00', '2017-07-20 12:00:00', '2017-07-20 12:00:00');
INSERT INTO `qc_style` (`STYLE_ID`, `STYLE_GROUP_ID`, `STYLE_NAME`, `STYLE_DESCRIPTION`, `LAST_UPDATED_STAMP`, `LAST_UPDATED_TX_STAMP`, `CREATED_STAMP`, `CREATED_TX_STAMP`) VALUES ('CKH-2703', 'CARD', '2703', 'Card Holder - Vertical Orientation w/ Bottom Pocket (5 1/8" x 3 3/8")', '2017-07-20 12:00:00', '2017-07-20 12:00:00', '2017-07-20 12:00:00', '2017-07-20 12:00:00');
INSERT INTO `qc_style` (`STYLE_ID`, `STYLE_GROUP_ID`, `STYLE_NAME`, `STYLE_DESCRIPTION`, `LAST_UPDATED_STAMP`, `LAST_UPDATED_TX_STAMP`, `CREATED_STAMP`, `CREATED_TX_STAMP`) VALUES ('MF-4801', 'SMALL', '4801', 'Mini Folders - Standard Two Pocket', '2017-07-20 12:00:00', '2017-07-20 12:00:00', '2017-07-20 12:00:00', '2017-07-20 12:00:00');
INSERT INTO `qc_style` (`STYLE_ID`, `STYLE_GROUP_ID`, `STYLE_NAME`, `STYLE_DESCRIPTION`, `LAST_UPDATED_STAMP`, `LAST_UPDATED_TX_STAMP`, `CREATED_STAMP`, `CREATED_TX_STAMP`) VALUES ('MF-4804', 'SMALL', '4804', 'Mini Folders - One Pocket (Right)', '2017-07-20 12:00:00', '2017-07-20 12:00:00', '2017-07-20 12:00:00', '2017-07-20 12:00:00');
INSERT INTO `qc_style` (`STYLE_ID`, `STYLE_GROUP_ID`, `STYLE_NAME`, `STYLE_DESCRIPTION`, `LAST_UPDATED_STAMP`, `LAST_UPDATED_TX_STAMP`, `CREATED_STAMP`, `CREATED_TX_STAMP`) VALUES ('MF-4810', 'SMALL', '4810', 'Mini Folders - Angled Pockets', '2017-07-20 12:00:00', '2017-07-20 12:00:00', '2017-07-20 12:00:00', '2017-07-20 12:00:00');
INSERT INTO `qc_style` (`STYLE_ID`, `STYLE_GROUP_ID`, `STYLE_NAME`, `STYLE_DESCRIPTION`, `LAST_UPDATED_STAMP`, `LAST_UPDATED_TX_STAMP`, `CREATED_STAMP`, `CREATED_TX_STAMP`) VALUES ('MFTP-4831', 'SMALL', '4831', 'Mini Folders - Three Pocket', '2017-07-20 12:00:00', '2017-07-20 12:00:00', '2017-07-20 12:00:00', '2017-07-20 12:00:00');
INSERT INTO `qc_style` (`STYLE_ID`, `STYLE_GROUP_ID`, `STYLE_NAME`, `STYLE_DESCRIPTION`, `LAST_UPDATED_STAMP`, `LAST_UPDATED_TX_STAMP`, `CREATED_STAMP`, `CREATED_TX_STAMP`) VALUES ('MFTP-4834', 'SMALL', '4834', 'Mini Folders - Tripanel w/ One Pocket (Right)', '2017-07-20 12:00:00', '2017-07-20 12:00:00', '2017-07-20 12:00:00', '2017-07-20 12:00:00');
INSERT INTO `qc_style` (`STYLE_ID`, `STYLE_GROUP_ID`, `STYLE_NAME`, `STYLE_DESCRIPTION`, `LAST_UPDATED_STAMP`, `LAST_UPDATED_TX_STAMP`, `CREATED_STAMP`, `CREATED_TX_STAMP`) VALUES ('MFC-4865', 'SMALL', '4865', 'Mini CONFORMER® Folders - Standard Two Pocket', '2017-07-20 12:00:00', '2017-07-20 12:00:00', '2017-07-20 12:00:00', '2017-07-20 12:00:00');
INSERT INTO `qc_style` (`STYLE_ID`, `STYLE_GROUP_ID`, `STYLE_NAME`, `STYLE_DESCRIPTION`, `LAST_UPDATED_STAMP`, `LAST_UPDATED_TX_STAMP`, `CREATED_STAMP`, `CREATED_TX_STAMP`) VALUES ('HF-6801', 'SMALL', '6801', 'Small Presentation Folders - Standard Two Pocket', '2017-07-20 12:00:00', '2017-07-20 12:00:00', '2017-07-20 12:00:00', '2017-07-20 12:00:00');
INSERT INTO `qc_style` (`STYLE_ID`, `STYLE_GROUP_ID`, `STYLE_NAME`, `STYLE_DESCRIPTION`, `LAST_UPDATED_STAMP`, `LAST_UPDATED_TX_STAMP`, `CREATED_STAMP`, `CREATED_TX_STAMP`) VALUES ('HF-6804', 'SMALL', '6804', 'Small Presentation Folders - One Pocket (Right)', '2017-07-20 12:00:00', '2017-07-20 12:00:00', '2017-07-20 12:00:00', '2017-07-20 12:00:00');
INSERT INTO `qc_style` (`STYLE_ID`, `STYLE_GROUP_ID`, `STYLE_NAME`, `STYLE_DESCRIPTION`, `LAST_UPDATED_STAMP`, `LAST_UPDATED_TX_STAMP`, `CREATED_STAMP`, `CREATED_TX_STAMP`) VALUES ('F-6806', 'SMALL', '6806', '1 Pocket Landscape Midsize', '2017-07-20 12:00:00', '2017-07-20 12:00:00', '2017-07-20 12:00:00', '2017-07-20 12:00:00');
INSERT INTO `qc_style` (`STYLE_ID`, `STYLE_GROUP_ID`, `STYLE_NAME`, `STYLE_DESCRIPTION`, `LAST_UPDATED_STAMP`, `LAST_UPDATED_TX_STAMP`, `CREATED_STAMP`, `CREATED_TX_STAMP`) VALUES ('F-6807', 'SMALL', '6807', '2 Pocket Midsize', '2017-07-20 12:00:00', '2017-07-20 12:00:00', '2017-07-20 12:00:00', '2017-07-20 12:00:00');
INSERT INTO `qc_style` (`STYLE_ID`, `STYLE_GROUP_ID`, `STYLE_NAME`, `STYLE_DESCRIPTION`, `LAST_UPDATED_STAMP`, `LAST_UPDATED_TX_STAMP`, `CREATED_STAMP`, `CREATED_TX_STAMP`) VALUES ('HF-6851', 'SMALL', '6851', 'Small Presentation Folders - Landscape Orientation & One Pocket (Bottom)', '2017-07-20 12:00:00', '2017-07-20 12:00:00', '2017-07-20 12:00:00', '2017-07-20 12:00:00');
INSERT INTO `qc_style` (`STYLE_ID`, `STYLE_GROUP_ID`, `STYLE_NAME`, `STYLE_DESCRIPTION`, `LAST_UPDATED_STAMP`, `LAST_UPDATED_TX_STAMP`, `CREATED_STAMP`, `CREATED_TX_STAMP`) VALUES ('MF-135', 'SMALL', 'MF-135', 'Mini Folders - Standard Two Pocket', '2017-07-20 12:00:00', '2017-07-20 12:00:00', '2017-07-20 12:00:00', '2017-07-20 12:00:00');
INSERT INTO `qc_style` (`STYLE_ID`, `STYLE_GROUP_ID`, `STYLE_NAME`, `STYLE_DESCRIPTION`, `LAST_UPDATED_STAMP`, `LAST_UPDATED_TX_STAMP`, `CREATED_STAMP`, `CREATED_TX_STAMP`) VALUES ('MF-144', 'SMALL', 'MF-144', 'Small Presentation Folders - Standard Two Pockets', '2017-07-20 12:00:00', '2017-07-20 12:00:00', '2017-07-20 12:00:00', '2017-07-20 12:00:00');
INSERT INTO `qc_style` (`STYLE_ID`, `STYLE_GROUP_ID`, `STYLE_NAME`, `STYLE_DESCRIPTION`, `LAST_UPDATED_STAMP`, `LAST_UPDATED_TX_STAMP`, `CREATED_STAMP`, `CREATED_TX_STAMP`) VALUES ('TP-115', 'SMALL', 'TP-115', '3 Pockets Tripanel Small', '2017-07-20 12:00:00', '2017-07-20 12:00:00', '2017-07-20 12:00:00', '2017-07-20 12:00:00');
INSERT INTO `qc_style` (`STYLE_ID`, `STYLE_GROUP_ID`, `STYLE_NAME`, `STYLE_DESCRIPTION`, `LAST_UPDATED_STAMP`, `LAST_UPDATED_TX_STAMP`, `CREATED_STAMP`, `CREATED_TX_STAMP`) VALUES ('HF-6802', 'SMALL', '6802', '2 Pockets Half Size', '2017-07-20 12:00:00', '2017-07-20 12:00:00', '2017-07-20 12:00:00', '2017-07-20 12:00:00');
INSERT INTO `qc_style` (`STYLE_ID`, `STYLE_GROUP_ID`, `STYLE_NAME`, `STYLE_DESCRIPTION`, `LAST_UPDATED_STAMP`, `LAST_UPDATED_TX_STAMP`, `CREATED_STAMP`, `CREATED_TX_STAMP`) VALUES ('SF-0801', 'STANDARD', '0801', '9 x 12 Presentation Folders - Round Corners', '2017-07-20 12:00:00', '2017-07-20 12:00:00', '2017-07-20 12:00:00', '2017-07-20 12:00:00');
INSERT INTO `qc_style` (`STYLE_ID`, `STYLE_GROUP_ID`, `STYLE_NAME`, `STYLE_DESCRIPTION`, `LAST_UPDATED_STAMP`, `LAST_UPDATED_TX_STAMP`, `CREATED_STAMP`, `CREATED_TX_STAMP`) VALUES ('SF-0804', 'STANDARD', '0804', '9" x 12" Presentation Folders - Standard One Pocket (Right) w/ Rounded Corner', '2017-07-20 12:00:00', '2017-07-20 12:00:00', '2017-07-20 12:00:00', '2017-07-20 12:00:00');
INSERT INTO `qc_style` (`STYLE_ID`, `STYLE_GROUP_ID`, `STYLE_NAME`, `STYLE_DESCRIPTION`, `LAST_UPDATED_STAMP`, `LAST_UPDATED_TX_STAMP`, `CREATED_STAMP`, `CREATED_TX_STAMP`) VALUES ('SF-0828', 'STANDARD', '0828', 'SF-101 with Card Slits', '2017-07-20 12:00:00', '2017-07-20 12:00:00', '2017-07-20 12:00:00', '2017-07-20 12:00:00');
INSERT INTO `qc_style` (`STYLE_ID`, `STYLE_GROUP_ID`, `STYLE_NAME`, `STYLE_DESCRIPTION`, `LAST_UPDATED_STAMP`, `LAST_UPDATED_TX_STAMP`, `CREATED_STAMP`, `CREATED_TX_STAMP`) VALUES ('SF-0829', 'STANDARD', '0829', 'SF-101 with Card Slits', '2017-07-20 12:00:00', '2017-07-20 12:00:00', '2017-07-20 12:00:00', '2017-07-20 12:00:00');
INSERT INTO `qc_style` (`STYLE_ID`, `STYLE_GROUP_ID`, `STYLE_NAME`, `STYLE_DESCRIPTION`, `LAST_UPDATED_STAMP`, `LAST_UPDATED_TX_STAMP`, `CREATED_STAMP`, `CREATED_TX_STAMP`) VALUES ('OR-144', 'STANDARD', 'OR-144', '9 x 12 Presentation Folders - Standard Two Pocket w/ Front Cover Center Card Slits', '2017-07-20 12:00:00', '2017-07-20 12:00:00', '2017-07-20 12:00:00', '2017-07-20 12:00:00');
INSERT INTO `qc_style` (`STYLE_ID`, `STYLE_GROUP_ID`, `STYLE_NAME`, `STYLE_DESCRIPTION`, `LAST_UPDATED_STAMP`, `LAST_UPDATED_TX_STAMP`, `CREATED_STAMP`, `CREATED_TX_STAMP`) VALUES ('SF-111', 'STANDARD', 'SF-111', '9" x 12" Presentation Folders - Standard One Pocket (Right)', '2017-07-20 12:00:00', '2017-07-20 12:00:00', '2017-07-20 12:00:00', '2017-07-20 12:00:00');
INSERT INTO `qc_style` (`STYLE_ID`, `STYLE_GROUP_ID`, `STYLE_NAME`, `STYLE_DESCRIPTION`, `LAST_UPDATED_STAMP`, `LAST_UPDATED_TX_STAMP`, `CREATED_STAMP`, `CREATED_TX_STAMP`) VALUES ('SF-101', 'STANDARD', 'SF-101', '9 x 12 Presentation Folders - Standard Two Pocket', '2017-07-20 12:00:00', '2017-07-20 12:00:00', '2017-07-20 12:00:00', '2017-07-20 12:00:00');
INSERT INTO `qc_style` (`STYLE_ID`, `STYLE_GROUP_ID`, `STYLE_NAME`, `STYLE_DESCRIPTION`, `LAST_UPDATED_STAMP`, `LAST_UPDATED_TX_STAMP`, `CREATED_STAMP`, `CREATED_TX_STAMP`) VALUES ('3DF-0802', 'LARGE', '0802', '9 1/2 x 12 Presentation Folders - 1/2" Double Score Spine', '2017-07-20 12:00:00', '2017-07-20 12:00:00', '2017-07-20 12:00:00', '2017-07-20 12:00:00');
INSERT INTO `qc_style` (`STYLE_ID`, `STYLE_GROUP_ID`, `STYLE_NAME`, `STYLE_DESCRIPTION`, `LAST_UPDATED_STAMP`, `LAST_UPDATED_TX_STAMP`, `CREATED_STAMP`, `CREATED_TX_STAMP`) VALUES ('3DF-0803', 'LARGE', '0803', '9 1/2 x 12 Presentation Folders - 1/2" Triple Score Spine', '2017-07-20 12:00:00', '2017-07-20 12:00:00', '2017-07-20 12:00:00', '2017-07-20 12:00:00');
INSERT INTO `qc_style` (`STYLE_ID`, `STYLE_GROUP_ID`, `STYLE_NAME`, `STYLE_DESCRIPTION`, `LAST_UPDATED_STAMP`, `LAST_UPDATED_TX_STAMP`, `CREATED_STAMP`, `CREATED_TX_STAMP`) VALUES ('LS1-0806', 'LARGE', '0806', '9" x 12" Presentation Folders - Landscape Orientation w/ One Pocket (Right)', '2017-07-20 12:00:00', '2017-07-20 12:00:00', '2017-07-20 12:00:00', '2017-07-20 12:00:00');
INSERT INTO `qc_style` (`STYLE_ID`, `STYLE_GROUP_ID`, `STYLE_NAME`, `STYLE_DESCRIPTION`, `LAST_UPDATED_STAMP`, `LAST_UPDATED_TX_STAMP`, `CREATED_STAMP`, `CREATED_TX_STAMP`) VALUES ('TP-0807', 'LARGE', '0807', '9" x 12" Presentation Folders - French Tripanel w/ One Pocket (Center)', '2017-07-20 12:00:00', '2017-07-20 12:00:00', '2017-07-20 12:00:00', '2017-07-20 12:00:00');
INSERT INTO `qc_style` (`STYLE_ID`, `STYLE_GROUP_ID`, `STYLE_NAME`, `STYLE_DESCRIPTION`, `LAST_UPDATED_STAMP`, `LAST_UPDATED_TX_STAMP`, `CREATED_STAMP`, `CREATED_TX_STAMP`) VALUES ('SFIF-0808', 'LARGE', '0808', '9 x 12 Presentation Folders - Tripanel Two Pocket w/ Info Flap', '2017-07-20 12:00:00', '2017-07-20 12:00:00', '2017-07-20 12:00:00', '2017-07-20 12:00:00');
INSERT INTO `qc_style` (`STYLE_ID`, `STYLE_GROUP_ID`, `STYLE_NAME`, `STYLE_DESCRIPTION`, `LAST_UPDATED_STAMP`, `LAST_UPDATED_TX_STAMP`, `CREATED_STAMP`, `CREATED_TX_STAMP`) VALUES ('WF-0809', 'LARGE', '0809', 'Standard 2 Pocket w/ Window', '2017-07-20 12:00:00', '2017-07-20 12:00:00', '2017-07-20 12:00:00', '2017-07-20 12:00:00');
INSERT INTO `qc_style` (`STYLE_ID`, `STYLE_GROUP_ID`, `STYLE_NAME`, `STYLE_DESCRIPTION`, `LAST_UPDATED_STAMP`, `LAST_UPDATED_TX_STAMP`, `CREATED_STAMP`, `CREATED_TX_STAMP`) VALUES ('SF-0810', 'LARGE', '0810', 'Standard 2 Pocket with 3" Pockets', '2017-07-20 12:00:00', '2017-07-20 12:00:00', '2017-07-20 12:00:00', '2017-07-20 12:00:00');
INSERT INTO `qc_style` (`STYLE_ID`, `STYLE_GROUP_ID`, `STYLE_NAME`, `STYLE_DESCRIPTION`, `LAST_UPDATED_STAMP`, `LAST_UPDATED_TX_STAMP`, `CREATED_STAMP`, `CREATED_TX_STAMP`) VALUES ('3DF-0811', 'LARGE', '0811', '9 1/2 x 12 Presentation Folders - 1/4" Double Score Spine', '2017-07-20 12:00:00', '2017-07-20 12:00:00', '2017-07-20 12:00:00', '2017-07-20 12:00:00');
INSERT INTO `qc_style` (`STYLE_ID`, `STYLE_GROUP_ID`, `STYLE_NAME`, `STYLE_DESCRIPTION`, `LAST_UPDATED_STAMP`, `LAST_UPDATED_TX_STAMP`, `CREATED_STAMP`, `CREATED_TX_STAMP`) VALUES ('CPF-0815', 'LARGE', '0815', '9 x 12 Presentation Folders - Continuous Pockets', '2017-07-20 12:00:00', '2017-07-20 12:00:00', '2017-07-20 12:00:00', '2017-07-20 12:00:00');
INSERT INTO `qc_style` (`STYLE_ID`, `STYLE_GROUP_ID`, `STYLE_NAME`, `STYLE_DESCRIPTION`, `LAST_UPDATED_STAMP`, `LAST_UPDATED_TX_STAMP`, `CREATED_STAMP`, `CREATED_TX_STAMP`) VALUES ('STF-0816', 'LARGE', '0816', '9" x 12" Presentation Folders - One Pocket (Left) w/ Staple Tab Optional Window', '2017-07-20 12:00:00', '2017-07-20 12:00:00', '2017-07-20 12:00:00', '2017-07-20 12:00:00');
INSERT INTO `qc_style` (`STYLE_ID`, `STYLE_GROUP_ID`, `STYLE_NAME`, `STYLE_DESCRIPTION`, `LAST_UPDATED_STAMP`, `LAST_UPDATED_TX_STAMP`, `CREATED_STAMP`, `CREATED_TX_STAMP`) VALUES ('FT-0821', 'LARGE', '0821', '9" x 12" Presentation Folders - Standard One Pocket (Right) w/ File Tab', '2017-07-20 12:00:00', '2017-07-20 12:00:00', '2017-07-20 12:00:00', '2017-07-20 12:00:00');
INSERT INTO `qc_style` (`STYLE_ID`, `STYLE_GROUP_ID`, `STYLE_NAME`, `STYLE_DESCRIPTION`, `LAST_UPDATED_STAMP`, `LAST_UPDATED_TX_STAMP`, `CREATED_STAMP`, `CREATED_TX_STAMP`) VALUES ('FT-0822', 'LARGE', '0822', '9 x 11 3/4 Presentation Folders - Half File Tab', '2017-07-20 12:00:00', '2017-07-20 12:00:00', '2017-07-20 12:00:00', '2017-07-20 12:00:00');
INSERT INTO `qc_style` (`STYLE_ID`, `STYLE_GROUP_ID`, `STYLE_NAME`, `STYLE_DESCRIPTION`, `LAST_UPDATED_STAMP`, `LAST_UPDATED_TX_STAMP`, `CREATED_STAMP`, `CREATED_TX_STAMP`) VALUES ('OF-0824', 'LARGE', '0824', 'Oversized 2 Pocket', '2017-07-20 12:00:00', '2017-07-20 12:00:00', '2017-07-20 12:00:00', '2017-07-20 12:00:00');
INSERT INTO `qc_style` (`STYLE_ID`, `STYLE_GROUP_ID`, `STYLE_NAME`, `STYLE_DESCRIPTION`, `LAST_UPDATED_STAMP`, `LAST_UPDATED_TX_STAMP`, `CREATED_STAMP`, `CREATED_TX_STAMP`) VALUES ('SGBS-0827', 'LARGE', '0827', '9 3/4" x 12 Presentation Folders - Glued Pockets', '2017-07-20 12:00:00', '2017-07-20 12:00:00', '2017-07-20 12:00:00', '2017-07-20 12:00:00');
INSERT INTO `qc_style` (`STYLE_ID`, `STYLE_GROUP_ID`, `STYLE_NAME`, `STYLE_DESCRIPTION`, `LAST_UPDATED_STAMP`, `LAST_UPDATED_TX_STAMP`, `CREATED_STAMP`, `CREATED_TX_STAMP`) VALUES ('VSRP-0830', 'LARGE', '0830', '9" x 12" Presentation Folders - Serpentine Cut w/ One Vertical Pocket (Right)', '2017-07-20 12:00:00', '2017-07-20 12:00:00', '2017-07-20 12:00:00', '2017-07-20 12:00:00');
INSERT INTO `qc_style` (`STYLE_ID`, `STYLE_GROUP_ID`, `STYLE_NAME`, `STYLE_DESCRIPTION`, `LAST_UPDATED_STAMP`, `LAST_UPDATED_TX_STAMP`, `CREATED_STAMP`, `CREATED_TX_STAMP`) VALUES ('VH-0832', 'LARGE', '0832', '1 Small Horizontal and 1 Vertical Pocket', '2017-07-20 12:00:00', '2017-07-20 12:00:00', '2017-07-20 12:00:00', '2017-07-20 12:00:00');
INSERT INTO `qc_style` (`STYLE_ID`, `STYLE_GROUP_ID`, `STYLE_NAME`, `STYLE_DESCRIPTION`, `LAST_UPDATED_STAMP`, `LAST_UPDATED_TX_STAMP`, `CREATED_STAMP`, `CREATED_TX_STAMP`) VALUES ('VST-0850', 'LARGE', '0850', '1 Vertical Pocket', '2017-07-20 12:00:00', '2017-07-20 12:00:00', '2017-07-20 12:00:00', '2017-07-20 12:00:00');
INSERT INTO `qc_style` (`STYLE_ID`, `STYLE_GROUP_ID`, `STYLE_NAME`, `STYLE_DESCRIPTION`, `LAST_UPDATED_STAMP`, `LAST_UPDATED_TX_STAMP`, `CREATED_STAMP`, `CREATED_TX_STAMP`) VALUES ('V1-0851', 'LARGE', '0851', '9" x 12" Presentation Folders - One Vertical Pocket (Right)', '2017-07-20 12:00:00', '2017-07-20 12:00:00', '2017-07-20 12:00:00', '2017-07-20 12:00:00');
INSERT INTO `qc_style` (`STYLE_ID`, `STYLE_GROUP_ID`, `STYLE_NAME`, `STYLE_DESCRIPTION`, `LAST_UPDATED_STAMP`, `LAST_UPDATED_TX_STAMP`, `CREATED_STAMP`, `CREATED_TX_STAMP`) VALUES ('V1-0852', 'LARGE', '0852', '9" x 12" Presentation Folders - Vertical Orientation w/ One Pocket (Bottom) & Tuck Tab', '2017-07-20 12:00:00', '2017-07-20 12:00:00', '2017-07-20 12:00:00', '2017-07-20 12:00:00');
INSERT INTO `qc_style` (`STYLE_ID`, `STYLE_GROUP_ID`, `STYLE_NAME`, `STYLE_DESCRIPTION`, `LAST_UPDATED_STAMP`, `LAST_UPDATED_TX_STAMP`, `CREATED_STAMP`, `CREATED_TX_STAMP`) VALUES ('SFTF-0855', 'LARGE', '0855', '9 x 12 Presentation Folders - Two Pocket w/ Tuck Tab Flap (Right)', '2017-07-20 12:00:00', '2017-07-20 12:00:00', '2017-07-20 12:00:00', '2017-07-20 12:00:00');
INSERT INTO `qc_style` (`STYLE_ID`, `STYLE_GROUP_ID`, `STYLE_NAME`, `STYLE_DESCRIPTION`, `LAST_UPDATED_STAMP`, `LAST_UPDATED_TX_STAMP`, `CREATED_STAMP`, `CREATED_TX_STAMP`) VALUES ('SFTF-0856', 'LARGE', '0856', '9 x 12 Presentation Folders - Two Pocket w/ Tuck Tab Flap (Left)', '2017-07-20 12:00:00', '2017-07-20 12:00:00', '2017-07-20 12:00:00', '2017-07-20 12:00:00');
INSERT INTO `qc_style` (`STYLE_ID`, `STYLE_GROUP_ID`, `STYLE_NAME`, `STYLE_DESCRIPTION`, `LAST_UPDATED_STAMP`, `LAST_UPDATED_TX_STAMP`, `CREATED_STAMP`, `CREATED_TX_STAMP`) VALUES ('HV-0857', 'LARGE', '0857', '9" x 12" Presentation Folders - One Horizontal Pocket and One Vertical Right Pocket', '2017-07-20 12:00:00', '2017-07-20 12:00:00', '2017-07-20 12:00:00', '2017-07-20 12:00:00');
INSERT INTO `qc_style` (`STYLE_ID`, `STYLE_GROUP_ID`, `STYLE_NAME`, `STYLE_DESCRIPTION`, `LAST_UPDATED_STAMP`, `LAST_UPDATED_TX_STAMP`, `CREATED_STAMP`, `CREATED_TX_STAMP`) VALUES ('V2-0858', 'LARGE', '0858', '9" x 12" Presentation Folders - Two Vertical Pockets', '2017-07-20 12:00:00', '2017-07-20 12:00:00', '2017-07-20 12:00:00', '2017-07-20 12:00:00');
INSERT INTO `qc_style` (`STYLE_ID`, `STYLE_GROUP_ID`, `STYLE_NAME`, `STYLE_DESCRIPTION`, `LAST_UPDATED_STAMP`, `LAST_UPDATED_TX_STAMP`, `CREATED_STAMP`, `CREATED_TX_STAMP`) VALUES ('HV-0859', 'LARGE', '0859', '9" x 12" Presentation Folders - One Vertical Left Pocket and One Horizontal Pocket', '2017-07-20 12:00:00', '2017-07-20 12:00:00', '2017-07-20 12:00:00', '2017-07-20 12:00:00');
INSERT INTO `qc_style` (`STYLE_ID`, `STYLE_GROUP_ID`, `STYLE_NAME`, `STYLE_DESCRIPTION`, `LAST_UPDATED_STAMP`, `LAST_UPDATED_TX_STAMP`, `CREATED_STAMP`, `CREATED_TX_STAMP`) VALUES ('BF-0860', 'LARGE', '0860', '1 pocket - Small Letter size', '2017-07-20 12:00:00', '2017-07-20 12:00:00', '2017-07-20 12:00:00', '2017-07-20 12:00:00');
INSERT INTO `qc_style` (`STYLE_ID`, `STYLE_GROUP_ID`, `STYLE_NAME`, `STYLE_DESCRIPTION`, `LAST_UPDATED_STAMP`, `LAST_UPDATED_TX_STAMP`, `CREATED_STAMP`, `CREATED_TX_STAMP`) VALUES ('AP-0861', 'LARGE', '0861', '9 x 11 3/4 Presentation Folders - Diagonal Pockets', '2017-07-20 12:00:00', '2017-07-20 12:00:00', '2017-07-20 12:00:00', '2017-07-20 12:00:00');
INSERT INTO `qc_style` (`STYLE_ID`, `STYLE_GROUP_ID`, `STYLE_NAME`, `STYLE_DESCRIPTION`, `LAST_UPDATED_STAMP`, `LAST_UPDATED_TX_STAMP`, `CREATED_STAMP`, `CREATED_TX_STAMP`) VALUES ('DF-0862', 'LARGE', '0862', '9" x 12" Presentation Folders - One Pocket w/ Disc Sleeve', '2017-07-20 12:00:00', '2017-07-20 12:00:00', '2017-07-20 12:00:00', '2017-07-20 12:00:00');
INSERT INTO `qc_style` (`STYLE_ID`, `STYLE_GROUP_ID`, `STYLE_NAME`, `STYLE_DESCRIPTION`, `LAST_UPDATED_STAMP`, `LAST_UPDATED_TX_STAMP`, `CREATED_STAMP`, `CREATED_TX_STAMP`) VALUES ('RP-0863', 'LARGE', '0863', 'Curved 2 Pockets', '2017-07-20 12:00:00', '2017-07-20 12:00:00', '2017-07-20 12:00:00', '2017-07-20 12:00:00');
INSERT INTO `qc_style` (`STYLE_ID`, `STYLE_GROUP_ID`, `STYLE_NAME`, `STYLE_DESCRIPTION`, `LAST_UPDATED_STAMP`, `LAST_UPDATED_TX_STAMP`, `CREATED_STAMP`, `CREATED_TX_STAMP`) VALUES ('C-0865', 'LARGE', '0865', '9 1/2 x 12 CONFORMER® Folder - Standard Two Pocket', '2017-07-20 12:00:00', '2017-07-20 12:00:00', '2017-07-20 12:00:00', '2017-07-20 12:00:00');
INSERT INTO `qc_style` (`STYLE_ID`, `STYLE_GROUP_ID`, `STYLE_NAME`, `STYLE_DESCRIPTION`, `LAST_UPDATED_STAMP`, `LAST_UPDATED_TX_STAMP`, `CREATED_STAMP`, `CREATED_TX_STAMP`) VALUES ('WP-0880', 'LARGE', '0880', '9 x 12 Presentation Folders - Wavy Pockets', '2017-07-20 12:00:00', '2017-07-20 12:00:00', '2017-07-20 12:00:00', '2017-07-20 12:00:00');
INSERT INTO `qc_style` (`STYLE_ID`, `STYLE_GROUP_ID`, `STYLE_NAME`, `STYLE_DESCRIPTION`, `LAST_UPDATED_STAMP`, `LAST_UPDATED_TX_STAMP`, `CREATED_STAMP`, `CREATED_TX_STAMP`) VALUES ('SF-0882', 'LARGE', '0882', '9 x 12 Presentation Folders - 6" Tall Pockets', '2017-07-20 12:00:00', '2017-07-20 12:00:00', '2017-07-20 12:00:00', '2017-07-20 12:00:00');
INSERT INTO `qc_style` (`STYLE_ID`, `STYLE_GROUP_ID`, `STYLE_NAME`, `STYLE_DESCRIPTION`, `LAST_UPDATED_STAMP`, `LAST_UPDATED_TX_STAMP`, `CREATED_STAMP`, `CREATED_TX_STAMP`) VALUES ('SF-08-Flash', 'LARGE', '08FLSH01', '9" x 12" Presentation Folders - One Pocket (Right) w/ Flash Drive Holder', '2017-07-20 12:00:00', '2017-07-20 12:00:00', '2017-07-20 12:00:00', '2017-07-20 12:00:00');
INSERT INTO `qc_style` (`STYLE_ID`, `STYLE_GROUP_ID`, `STYLE_NAME`, `STYLE_DESCRIPTION`, `LAST_UPDATED_STAMP`, `LAST_UPDATED_TX_STAMP`, `CREATED_STAMP`, `CREATED_TX_STAMP`) VALUES ('OR-145', 'LARGE', 'OR-145', '9 x 12 Presentation Folders - Standard Two Pocket w/ Front Cover Lower Right Card Slits', '2017-07-20 12:00:00', '2017-07-20 12:00:00', '2017-07-20 12:00:00', '2017-07-20 12:00:00');
INSERT INTO `qc_style` (`STYLE_ID`, `STYLE_GROUP_ID`, `STYLE_NAME`, `STYLE_DESCRIPTION`, `LAST_UPDATED_STAMP`, `LAST_UPDATED_TX_STAMP`, `CREATED_STAMP`, `CREATED_TX_STAMP`) VALUES ('TPF-3834', 'LARGE', '3834', '3 Pocket Gate fold Tripanel', '2017-07-20 12:00:00', '2017-07-20 12:00:00', '2017-07-20 12:00:00', '2017-07-20 12:00:00');
INSERT INTO `qc_style` (`STYLE_ID`, `STYLE_GROUP_ID`, `STYLE_NAME`, `STYLE_DESCRIPTION`, `LAST_UPDATED_STAMP`, `LAST_UPDATED_TX_STAMP`, `CREATED_STAMP`, `CREATED_TX_STAMP`) VALUES ('3DF-113', 'LARGE', '3DF-113', '9 1/2 x 12 Presentation Folders - 3/8" Double Score Spine', '2017-07-20 12:00:00', '2017-07-20 12:00:00', '2017-07-20 12:00:00', '2017-07-20 12:00:00');
INSERT INTO `qc_style` (`STYLE_ID`, `STYLE_GROUP_ID`, `STYLE_NAME`, `STYLE_DESCRIPTION`, `LAST_UPDATED_STAMP`, `LAST_UPDATED_TX_STAMP`, `CREATED_STAMP`, `CREATED_TX_STAMP`) VALUES ('FT-107', 'LARGE', 'FT-107', '9 x 12 Presentation Folders - File Tab on Pocket', '2017-07-20 12:00:00', '2017-07-20 12:00:00', '2017-07-20 12:00:00', '2017-07-20 12:00:00');
INSERT INTO `qc_style` (`STYLE_ID`, `STYLE_GROUP_ID`, `STYLE_NAME`, `STYLE_DESCRIPTION`, `LAST_UPDATED_STAMP`, `LAST_UPDATED_TX_STAMP`, `CREATED_STAMP`, `CREATED_TX_STAMP`) VALUES ('RF-148', 'LARGE', 'RF-148', '9" x 12" Presentation Folders - Two Pockets w/ Tear Our Rotary Card', '2017-07-20 12:00:00', '2017-07-20 12:00:00', '2017-07-20 12:00:00', '2017-07-20 12:00:00');
INSERT INTO `qc_style` (`STYLE_ID`, `STYLE_GROUP_ID`, `STYLE_NAME`, `STYLE_DESCRIPTION`, `LAST_UPDATED_STAMP`, `LAST_UPDATED_TX_STAMP`, `CREATED_STAMP`, `CREATED_TX_STAMP`) VALUES ('SF-102', 'LARGE', 'SF-102', '9 x 12 Presentation Folders - Standard Two Pocket w/ Front Cover Window', '2017-07-20 12:00:00', '2017-07-20 12:00:00', '2017-07-20 12:00:00', '2017-07-20 12:00:00');
INSERT INTO `qc_style` (`STYLE_ID`, `STYLE_GROUP_ID`, `STYLE_NAME`, `STYLE_DESCRIPTION`, `LAST_UPDATED_STAMP`, `LAST_UPDATED_TX_STAMP`, `CREATED_STAMP`, `CREATED_TX_STAMP`) VALUES ('VS-104', 'LARGE', 'VS-104', '9 x 12 Presentation Folders - Curved Pockets', '2017-07-20 12:00:00', '2017-07-20 12:00:00', '2017-07-20 12:00:00', '2017-07-20 12:00:00');
INSERT INTO `qc_style` (`STYLE_ID`, `STYLE_GROUP_ID`, `STYLE_NAME`, `STYLE_DESCRIPTION`, `LAST_UPDATED_STAMP`, `LAST_UPDATED_TX_STAMP`, `CREATED_STAMP`, `CREATED_TX_STAMP`) VALUES ('VS-105', 'LARGE', 'VS-105', '9 x 12 Presentation Folders - Angled Pockets', '2017-07-20 12:00:00', '2017-07-20 12:00:00', '2017-07-20 12:00:00', '2017-07-20 12:00:00');
INSERT INTO `qc_style` (`STYLE_ID`, `STYLE_GROUP_ID`, `STYLE_NAME`, `STYLE_DESCRIPTION`, `LAST_UPDATED_STAMP`, `LAST_UPDATED_TX_STAMP`, `CREATED_STAMP`, `CREATED_TX_STAMP`) VALUES ('VS-106', 'LARGE', 'VS-106', '1 Pocket Vertical 1 pocket horizontal', '2017-07-20 12:00:00', '2017-07-20 12:00:00', '2017-07-20 12:00:00', '2017-07-20 12:00:00');
INSERT INTO `qc_style` (`STYLE_ID`, `STYLE_GROUP_ID`, `STYLE_NAME`, `STYLE_DESCRIPTION`, `LAST_UPDATED_STAMP`, `LAST_UPDATED_TX_STAMP`, `CREATED_STAMP`, `CREATED_TX_STAMP`) VALUES ('VS-112', 'LARGE', 'VS-112', '9" x 12" Presentation Folder - One Small Pocket and One Vertical Pocket', '2017-07-20 12:00:00', '2017-07-20 12:00:00', '2017-07-20 12:00:00', '2017-07-20 12:00:00');
INSERT INTO `qc_style` (`STYLE_ID`, `STYLE_GROUP_ID`, `STYLE_NAME`, `STYLE_DESCRIPTION`, `LAST_UPDATED_STAMP`, `LAST_UPDATED_TX_STAMP`, `CREATED_STAMP`, `CREATED_TX_STAMP`) VALUES ('VS-114', 'LARGE', 'VS-114', '9 x 11 3/4 Presentation Folders - Landscape Orientation', '2017-07-20 12:00:00', '2017-07-20 12:00:00', '2017-07-20 12:00:00', '2017-07-20 12:00:00');
INSERT INTO `qc_style` (`STYLE_ID`, `STYLE_GROUP_ID`, `STYLE_NAME`, `STYLE_DESCRIPTION`, `LAST_UPDATED_STAMP`, `LAST_UPDATED_TX_STAMP`, `CREATED_STAMP`, `CREATED_TX_STAMP`) VALUES ('VS-175', 'LARGE', 'VS-175', '1 Pocket Vertical 1 pocket horizontal', '2017-07-20 12:00:00', '2017-07-20 12:00:00', '2017-07-20 12:00:00', '2017-07-20 12:00:00');
INSERT INTO `qc_style` (`STYLE_ID`, `STYLE_GROUP_ID`, `STYLE_NAME`, `STYLE_DESCRIPTION`, `LAST_UPDATED_STAMP`, `LAST_UPDATED_TX_STAMP`, `CREATED_STAMP`, `CREATED_TX_STAMP`) VALUES ('CHEP-188', 'LARGE', 'CHE-188', 'Certificate Holder - Portrait Orientation w/ One Pocket', '2017-07-20 12:00:00', '2017-07-20 12:00:00', '2017-07-20 12:00:00', '2017-07-20 12:00:00');
INSERT INTO `qc_style` (`STYLE_ID`, `STYLE_GROUP_ID`, `STYLE_NAME`, `STYLE_DESCRIPTION`, `LAST_UPDATED_STAMP`, `LAST_UPDATED_TX_STAMP`, `CREATED_STAMP`, `CREATED_TX_STAMP`) VALUES ('CHEL-189', 'LARGE', 'CHE-189', 'Certificate Holder - Landscape Orientation w/ One Pocket', '2017-07-20 12:00:00', '2017-07-20 12:00:00', '2017-07-20 12:00:00', '2017-07-20 12:00:00');
INSERT INTO `qc_style` (`STYLE_ID`, `STYLE_GROUP_ID`, `STYLE_NAME`, `STYLE_DESCRIPTION`, `LAST_UPDATED_STAMP`, `LAST_UPDATED_TX_STAMP`, `CREATED_STAMP`, `CREATED_TX_STAMP`) VALUES ('SF-179', 'RE', 'SF-179', '9 1/2 x 11 3/4 Presentation Folders - Reinforced Edges', '2017-07-20 12:00:00', '2017-07-20 12:00:00', '2017-07-20 12:00:00', '2017-07-20 12:00:00');
INSERT INTO `qc_style` (`STYLE_ID`, `STYLE_GROUP_ID`, `STYLE_NAME`, `STYLE_DESCRIPTION`, `LAST_UPDATED_STAMP`, `LAST_UPDATED_TX_STAMP`, `CREATED_STAMP`, `CREATED_TX_STAMP`) VALUES ('RE-2911', 'RE', '2911', '9 1/2 x 11 3/4 Presentation Folders - Reinforced Edges w/ 1/4" Scored Spine', '2017-07-20 12:00:00', '2017-07-20 12:00:00', '2017-07-20 12:00:00', '2017-07-20 12:00:00');
INSERT INTO `qc_style` (`STYLE_ID`, `STYLE_GROUP_ID`, `STYLE_NAME`, `STYLE_DESCRIPTION`, `LAST_UPDATED_STAMP`, `LAST_UPDATED_TX_STAMP`, `CREATED_STAMP`, `CREATED_TX_STAMP`) VALUES ('RECF-2965', 'RE', '2965', '9 1/2 x 12 CONFORMER® Folder - Reinforced Edges', '2017-07-20 12:00:00', '2017-07-20 12:00:00', '2017-07-20 12:00:00', '2017-07-20 12:00:00');
INSERT INTO `qc_style` (`STYLE_ID`, `STYLE_GROUP_ID`, `STYLE_NAME`, `STYLE_DESCRIPTION`, `LAST_UPDATED_STAMP`, `LAST_UPDATED_TX_STAMP`, `CREATED_STAMP`, `CREATED_TX_STAMP`) VALUES ('RE-2971', 'RE', '2971', '9 1/2 x 11 3/4 Presentation Folders - Reinforced Edges', '2017-07-20 12:00:00', '2017-07-20 12:00:00', '2017-07-20 12:00:00', '2017-07-20 12:00:00');
INSERT INTO `qc_style` (`STYLE_ID`, `STYLE_GROUP_ID`, `STYLE_NAME`, `STYLE_DESCRIPTION`, `LAST_UPDATED_STAMP`, `LAST_UPDATED_TX_STAMP`, `CREATED_STAMP`, `CREATED_TX_STAMP`) VALUES ('RE-2971-TOP', 'RE', '2971-TOP', '2 Pockets Reinforced Side and Top Edges', '2017-07-20 12:00:00', '2017-07-20 12:00:00', '2017-07-20 12:00:00', '2017-07-20 12:00:00');
INSERT INTO `qc_style` (`STYLE_ID`, `STYLE_GROUP_ID`, `STYLE_NAME`, `STYLE_DESCRIPTION`, `LAST_UPDATED_STAMP`, `LAST_UPDATED_TX_STAMP`, `CREATED_STAMP`, `CREATED_TX_STAMP`) VALUES ('RE-2972', 'RE', '2972', '9 1/2 x 11 3/4 Presentation Folders - Reinforced Edges w/ 1/2" Spine', '2017-07-20 12:00:00', '2017-07-20 12:00:00', '2017-07-20 12:00:00', '2017-07-20 12:00:00');
INSERT INTO `qc_style` (`STYLE_ID`, `STYLE_GROUP_ID`, `STYLE_NAME`, `STYLE_DESCRIPTION`, `LAST_UPDATED_STAMP`, `LAST_UPDATED_TX_STAMP`, `CREATED_STAMP`, `CREATED_TX_STAMP`) VALUES ('RE-2974', 'RE', '2974', '9" x 12" Presentation Folders - Standard One Pocket (Right) w/ Reinforced Edges', '2017-07-20 12:00:00', '2017-07-20 12:00:00', '2017-07-20 12:00:00', '2017-07-20 12:00:00');
INSERT INTO `qc_style` (`STYLE_ID`, `STYLE_GROUP_ID`, `STYLE_NAME`, `STYLE_DESCRIPTION`, `LAST_UPDATED_STAMP`, `LAST_UPDATED_TX_STAMP`, `CREATED_STAMP`, `CREATED_TX_STAMP`) VALUES ('RE-2978', 'RE', '2978', 'School Folders - Continuous Pockets w/ 3 Hole Punch', '2017-07-20 12:00:00', '2017-07-20 12:00:00', '2017-07-20 12:00:00', '2017-07-20 12:00:00');
INSERT INTO `qc_style` (`STYLE_ID`, `STYLE_GROUP_ID`, `STYLE_NAME`, `STYLE_DESCRIPTION`, `LAST_UPDATED_STAMP`, `LAST_UPDATED_TX_STAMP`, `CREATED_STAMP`, `CREATED_TX_STAMP`) VALUES ('RE-2988', 'RE', '2988', '9 1/2 x 11 3/4 Presentation Folders - Continuous Pocket w/ Reinforced Edges', '2017-07-20 12:00:00', '2017-07-20 12:00:00', '2017-07-20 12:00:00', '2017-07-20 12:00:00');
INSERT INTO `qc_style` (`STYLE_ID`, `STYLE_GROUP_ID`, `STYLE_NAME`, `STYLE_DESCRIPTION`, `LAST_UPDATED_STAMP`, `LAST_UPDATED_TX_STAMP`, `CREATED_STAMP`, `CREATED_TX_STAMP`) VALUES ('RE-2982', 'RE', '2982', '9 1/2 x 11 3/4 Presentation Folders - Reinforced Edges w/ 1/2" Double Score Spine', '2017-07-20 12:00:00', '2017-07-20 12:00:00', '2017-07-20 12:00:00', '2017-07-20 12:00:00');
INSERT INTO `qc_style` (`STYLE_ID`, `STYLE_GROUP_ID`, `STYLE_NAME`, `STYLE_DESCRIPTION`, `LAST_UPDATED_STAMP`, `LAST_UPDATED_TX_STAMP`, `CREATED_STAMP`, `CREATED_TX_STAMP`) VALUES ('3DF-139', 'RE', '3DF-139', '10" x 11 3/4 Presentation Folders - 1/4" Expansion Pockets and 1" Reinforced Edges', '2017-07-20 12:00:00', '2017-07-20 12:00:00', '2017-07-20 12:00:00', '2017-07-20 12:00:00');
INSERT INTO `qc_style` (`STYLE_ID`, `STYLE_GROUP_ID`, `STYLE_NAME`, `STYLE_DESCRIPTION`, `LAST_UPDATED_STAMP`, `LAST_UPDATED_TX_STAMP`, `CREATED_STAMP`, `CREATED_TX_STAMP`) VALUES ('3DF-0812', 'CAPACITY', '0812', 'Standard 2 Pocket with 1/4" Capacity Box Pockets & 1/2" Double Score Spine', '2017-07-20 12:00:00', '2017-07-20 12:00:00', '2017-07-20 12:00:00', '2017-07-20 12:00:00');
INSERT INTO `qc_style` (`STYLE_ID`, `STYLE_GROUP_ID`, `STYLE_NAME`, `STYLE_DESCRIPTION`, `LAST_UPDATED_STAMP`, `LAST_UPDATED_TX_STAMP`, `CREATED_STAMP`, `CREATED_TX_STAMP`) VALUES ('CST-0836', 'CAPACITY', '0836', '9.5" x 12" CONFORMER® Folders - Tax Folder One Pocket (Left) w/ Optional Window', '2017-07-20 12:00:00', '2017-07-20 12:00:00', '2017-07-20 12:00:00', '2017-07-20 12:00:00');
INSERT INTO `qc_style` (`STYLE_ID`, `STYLE_GROUP_ID`, `STYLE_NAME`, `STYLE_DESCRIPTION`, `LAST_UPDATED_STAMP`, `LAST_UPDATED_TX_STAMP`, `CREATED_STAMP`, `CREATED_TX_STAMP`) VALUES ('3DF-0853', 'CAPACITY', '0853', '9 1/2 x 12 Presentation Folders - 1/4" Capacity Box Right Pocket and Double Score Spine', '2017-07-20 12:00:00', '2017-07-20 12:00:00', '2017-07-20 12:00:00', '2017-07-20 12:00:00');
--INSERT INTO `qc_style` (`STYLE_ID`, `STYLE_GROUP_ID`, `STYLE_NAME`, `STYLE_DESCRIPTION`, `LAST_UPDATED_STAMP`, `LAST_UPDATED_TX_STAMP`, `CREATED_STAMP`, `CREATED_TX_STAMP`) VALUES ('C-0865', 'CAPACITY', '0865', '9 1/2 x 12 CONFORMER® Folder - Standard Two Pocket', '2017-07-20 12:00:00', '2017-07-20 12:00:00', '2017-07-20 12:00:00', '2017-07-20 12:00:00');
INSERT INTO `qc_style` (`STYLE_ID`, `STYLE_GROUP_ID`, `STYLE_NAME`, `STYLE_DESCRIPTION`, `LAST_UPDATED_STAMP`, `LAST_UPDATED_TX_STAMP`, `CREATED_STAMP`, `CREATED_TX_STAMP`) VALUES ('C-0866', 'CAPACITY', '0866', '9.5" x 12" CONFORMER® Folders - Two Pockets w/ Pen Holder', '2017-07-20 12:00:00', '2017-07-20 12:00:00', '2017-07-20 12:00:00', '2017-07-20 12:00:00');
INSERT INTO `qc_style` (`STYLE_ID`, `STYLE_GROUP_ID`, `STYLE_NAME`, `STYLE_DESCRIPTION`, `LAST_UPDATED_STAMP`, `LAST_UPDATED_TX_STAMP`, `CREATED_STAMP`, `CREATED_TX_STAMP`) VALUES ('3DE-2872', 'CAPACITY', '2872', '2 Pocket with 1/4" Expansion Pockets & 1" Reinforced Edges', '2017-07-20 12:00:00', '2017-07-20 12:00:00', '2017-07-20 12:00:00', '2017-07-20 12:00:00');
INSERT INTO `qc_style` (`STYLE_ID`, `STYLE_GROUP_ID`, `STYLE_NAME`, `STYLE_DESCRIPTION`, `LAST_UPDATED_STAMP`, `LAST_UPDATED_TX_STAMP`, `CREATED_STAMP`, `CREATED_TX_STAMP`) VALUES ('3DFE-2886', 'CAPACITY', '2886', '2 Pocket with Flat Pocket, 1/4" Expansion Pocket, Double Score Spine & File Tab', '2017-07-20 12:00:00', '2017-07-20 12:00:00', '2017-07-20 12:00:00', '2017-07-20 12:00:00');
INSERT INTO `qc_style` (`STYLE_ID`, `STYLE_GROUP_ID`, `STYLE_NAME`, `STYLE_DESCRIPTION`, `LAST_UPDATED_STAMP`, `LAST_UPDATED_TX_STAMP`, `CREATED_STAMP`, `CREATED_TX_STAMP`) VALUES ('3DF-141', 'CAPACITY', '3DF-141', '9 1/2 x 12 Presentation Folders - 1/8" Capacity Box Pockets and Double Score Spine', '2017-07-20 12:00:00', '2017-07-20 12:00:00', '2017-07-20 12:00:00', '2017-07-20 12:00:00');
INSERT INTO `qc_style` (`STYLE_ID`, `STYLE_GROUP_ID`, `STYLE_NAME`, `STYLE_DESCRIPTION`, `LAST_UPDATED_STAMP`, `LAST_UPDATED_TX_STAMP`, `CREATED_STAMP`, `CREATED_TX_STAMP`) VALUES ('3DF-149', 'CAPACITY', '3DF-149', '9 1/2 x 12 Presentation Folders - 1/4" Capacity Box Pockets and Double Score Spine', '2017-07-20 12:00:00', '2017-07-20 12:00:00', '2017-07-20 12:00:00', '2017-07-20 12:00:00');
INSERT INTO `qc_style` (`STYLE_ID`, `STYLE_GROUP_ID`, `STYLE_NAME`, `STYLE_DESCRIPTION`, `LAST_UPDATED_STAMP`, `LAST_UPDATED_TX_STAMP`, `CREATED_STAMP`, `CREATED_TX_STAMP`) VALUES ('VS-122', 'CAPACITY', 'VS-122', '8.75" x 11.75" Presentation Folder - One Vertical Pocket and One Round Box Pocket', '2017-07-20 12:00:00', '2017-07-20 12:00:00', '2017-07-20 12:00:00', '2017-07-20 12:00:00');
INSERT INTO `qc_style` (`STYLE_ID`, `STYLE_GROUP_ID`, `STYLE_NAME`, `STYLE_DESCRIPTION`, `LAST_UPDATED_STAMP`, `LAST_UPDATED_TX_STAMP`, `CREATED_STAMP`, `CREATED_TX_STAMP`) VALUES ('LHV-0846', 'LEGAL', '0846', '9 x 14 1/2 Presentation Folder - One Vertical Pocket and 1 Horizontal Pocket', '2017-07-20 12:00:00', '2017-07-20 12:00:00', '2017-07-20 12:00:00', '2017-07-20 12:00:00');
INSERT INTO `qc_style` (`STYLE_ID`, `STYLE_GROUP_ID`, `STYLE_NAME`, `STYLE_DESCRIPTION`, `LAST_UPDATED_STAMP`, `LAST_UPDATED_TX_STAMP`, `CREATED_STAMP`, `CREATED_TX_STAMP`) VALUES ('LFT-0847', 'LEGAL', '0847', 'Legal Size Folders - Two Pocket w/ File Tab', '2017-07-20 12:00:00', '2017-07-20 12:00:00', '2017-07-20 12:00:00', '2017-07-20 12:00:00');
INSERT INTO `qc_style` (`STYLE_ID`, `STYLE_GROUP_ID`, `STYLE_NAME`, `STYLE_DESCRIPTION`, `LAST_UPDATED_STAMP`, `LAST_UPDATED_TX_STAMP`, `CREATED_STAMP`, `CREATED_TX_STAMP`) VALUES ('LF-1401', 'LEGAL', '1401', 'Legal Size Folders - Two Pocket w/ Rounded Corner', '2017-07-20 12:00:00', '2017-07-20 12:00:00', '2017-07-20 12:00:00', '2017-07-20 12:00:00');
INSERT INTO `qc_style` (`STYLE_ID`, `STYLE_GROUP_ID`, `STYLE_NAME`, `STYLE_DESCRIPTION`, `LAST_UPDATED_STAMP`, `LAST_UPDATED_TX_STAMP`, `CREATED_STAMP`, `CREATED_TX_STAMP`) VALUES ('LF-1404', 'LEGAL', '1404', 'Legal Size Folders - One Short Pocket & Rounded Corner', '2017-07-20 12:00:00', '2017-07-20 12:00:00', '2017-07-20 12:00:00', '2017-07-20 12:00:00');
INSERT INTO `qc_style` (`STYLE_ID`, `STYLE_GROUP_ID`, `STYLE_NAME`, `STYLE_DESCRIPTION`, `LAST_UPDATED_STAMP`, `LAST_UPDATED_TX_STAMP`, `CREATED_STAMP`, `CREATED_TX_STAMP`) VALUES ('LFIF-1408', 'LEGAL', '1408', 'Legal Size Folders - Two Pocket Tripanel w/ Info Flap', '2017-07-20 12:00:00', '2017-07-20 12:00:00', '2017-07-20 12:00:00', '2017-07-20 12:00:00');
INSERT INTO `qc_style` (`STYLE_ID`, `STYLE_GROUP_ID`, `STYLE_NAME`, `STYLE_DESCRIPTION`, `LAST_UPDATED_STAMP`, `LAST_UPDATED_TX_STAMP`, `CREATED_STAMP`, `CREATED_TX_STAMP`) VALUES ('LST-1416', 'LEGAL', '1416', 'Legal Size Folders - One Pocket w/ Fold Down Legal Tab', '2017-07-20 12:00:00', '2017-07-20 12:00:00', '2017-07-20 12:00:00', '2017-07-20 12:00:00');
INSERT INTO `qc_style` (`STYLE_ID`, `STYLE_GROUP_ID`, `STYLE_NAME`, `STYLE_DESCRIPTION`, `LAST_UPDATED_STAMP`, `LAST_UPDATED_TX_STAMP`, `CREATED_STAMP`, `CREATED_TX_STAMP`) VALUES ('LF-1417', 'LEGAL', '1417', '2 Pocket w/Top Right Rounded Corner Legal', '2017-07-20 12:00:00', '2017-07-20 12:00:00', '2017-07-20 12:00:00', '2017-07-20 12:00:00');
INSERT INTO `qc_style` (`STYLE_ID`, `STYLE_GROUP_ID`, `STYLE_NAME`, `STYLE_DESCRIPTION`, `LAST_UPDATED_STAMP`, `LAST_UPDATED_TX_STAMP`, `CREATED_STAMP`, `CREATED_TX_STAMP`) VALUES ('CL-1445', 'LEGAL', '1445', 'Legal Size CONFORMER® Folders - Standard Two Pocket', '2017-07-20 12:00:00', '2017-07-20 12:00:00', '2017-07-20 12:00:00', '2017-07-20 12:00:00');
INSERT INTO `qc_style` (`STYLE_ID`, `STYLE_GROUP_ID`, `STYLE_NAME`, `STYLE_DESCRIPTION`, `LAST_UPDATED_STAMP`, `LAST_UPDATED_TX_STAMP`, `CREATED_STAMP`, `CREATED_TX_STAMP`) VALUES ('CL-1465', 'LEGAL', '1465', 'Legal Size CONFORMER® Folders - Standard Two Pocket', '2017-07-20 12:00:00', '2017-07-20 12:00:00', '2017-07-20 12:00:00', '2017-07-20 12:00:00');
INSERT INTO `qc_style` (`STYLE_ID`, `STYLE_GROUP_ID`, `STYLE_NAME`, `STYLE_DESCRIPTION`, `LAST_UPDATED_STAMP`, `LAST_UPDATED_TX_STAMP`, `CREATED_STAMP`, `CREATED_TX_STAMP`) VALUES ('3DLE-2813', 'LEGAL', '2813', 'Legal Size Folders - Two Pocket w/ Expansion Pockets & Reinforced Edges', '2017-07-20 12:00:00', '2017-07-20 12:00:00', '2017-07-20 12:00:00', '2017-07-20 12:00:00');
INSERT INTO `qc_style` (`STYLE_ID`, `STYLE_GROUP_ID`, `STYLE_NAME`, `STYLE_DESCRIPTION`, `LAST_UPDATED_STAMP`, `LAST_UPDATED_TX_STAMP`, `CREATED_STAMP`, `CREATED_TX_STAMP`) VALUES ('LFT-2983', 'LEGAL', '2983', 'Legal Size Folders - Two Pocket w/ Full Length Tab', '2017-07-20 12:00:00', '2017-07-20 12:00:00', '2017-07-20 12:00:00', '2017-07-20 12:00:00');
INSERT INTO `qc_style` (`STYLE_ID`, `STYLE_GROUP_ID`, `STYLE_NAME`, `STYLE_DESCRIPTION`, `LAST_UPDATED_STAMP`, `LAST_UPDATED_TX_STAMP`, `CREATED_STAMP`, `CREATED_TX_STAMP`) VALUES ('LF-118', 'LEGAL', 'LF-118', 'Legal Size Folders - Standard Two Pocket', '2017-07-20 12:00:00', '2017-07-20 12:00:00', '2017-07-20 12:00:00', '2017-07-20 12:00:00');
INSERT INTO `qc_style` (`STYLE_ID`, `STYLE_GROUP_ID`, `STYLE_NAME`, `STYLE_DESCRIPTION`, `LAST_UPDATED_STAMP`, `LAST_UPDATED_TX_STAMP`, `CREATED_STAMP`, `CREATED_TX_STAMP`) VALUES ('LHV-1457', 'LEGAL', 'LHV-1457', 'Legal Size Folders - One Vertical Right Pocket and One Horizontal Pocket', '2017-07-20 12:00:00', '2017-07-20 12:00:00', '2017-07-20 12:00:00', '2017-07-20 12:00:00');
INSERT INTO `qc_style` (`STYLE_ID`, `STYLE_GROUP_ID`, `STYLE_NAME`, `STYLE_DESCRIPTION`, `LAST_UPDATED_STAMP`, `LAST_UPDATED_TX_STAMP`, `CREATED_STAMP`, `CREATED_TX_STAMP`) VALUES ('VS-167', 'LEGAL', 'VS-167', '9 x 11 3/4 Presentation Folders - Rounded Pockets', '2017-07-20 12:00:00', '2017-07-20 12:00:00', '2017-07-20 12:00:00', '2017-07-20 12:00:00');
INSERT INTO `qc_style` (`STYLE_ID`, `STYLE_GROUP_ID`, `STYLE_NAME`, `STYLE_DESCRIPTION`, `LAST_UPDATED_STAMP`, `LAST_UPDATED_TX_STAMP`, `CREATED_STAMP`, `CREATED_TX_STAMP`) VALUES ('SPDAT-FD-04515', 'LEGAL', 'SPDAT-FD-04515', '9" x 12" Presentation Folders - One Pocket (Left) w/ Document Attachment Tab & 1/4" Double Scored Spine', '2017-07-20 12:00:00', '2017-07-20 12:00:00', '2017-07-20 12:00:00', '2017-07-20 12:00:00');
INSERT INTO `qc_style` (`STYLE_ID`, `STYLE_GROUP_ID`, `STYLE_NAME`, `STYLE_DESCRIPTION`, `LAST_UPDATED_STAMP`, `LAST_UPDATED_TX_STAMP`, `CREATED_STAMP`, `CREATED_TX_STAMP`) VALUES ('SPDAT-FD-06521', 'LEGAL', 'SPDAT-FD-06521', '9" x 12" Presentation Folders - One Pocket (Left) w/ Document Attachment Tab & 1" Double Scored Spine', '2017-07-20 12:00:00', '2017-07-20 12:00:00', '2017-07-20 12:00:00', '2017-07-20 12:00:00');
INSERT INTO `qc_style` (`STYLE_ID`, `STYLE_GROUP_ID`, `STYLE_NAME`, `STYLE_DESCRIPTION`, `LAST_UPDATED_STAMP`, `LAST_UPDATED_TX_STAMP`, `CREATED_STAMP`, `CREATED_TX_STAMP`) VALUES ('SPDAT-FD-06684', 'LEGAL', 'SPDAT-FD-06684', '9" x 12" Presentation Folders - One Pocket (Left) w/ Document Attachment Tab & 1/2" Double Scored Spine', '2017-07-20 12:00:00', '2017-07-20 12:00:00', '2017-07-20 12:00:00', '2017-07-20 12:00:00');
INSERT INTO `qc_style` (`STYLE_ID`, `STYLE_GROUP_ID`, `STYLE_NAME`, `STYLE_DESCRIPTION`, `LAST_UPDATED_STAMP`, `LAST_UPDATED_TX_STAMP`, `CREATED_STAMP`, `CREATED_TX_STAMP`) VALUES ('3DLF-168', 'LEGAL', '3DLF-168', 'Legal Size Folders - Two Pocket w/ Expansion Pocket, Scored Spine & File Tab', '2017-07-20 12:00:00', '2017-07-20 12:00:00', '2017-07-20 12:00:00', '2017-07-20 12:00:00');
INSERT INTO `qc_style` (`STYLE_ID`, `STYLE_GROUP_ID`, `STYLE_NAME`, `STYLE_DESCRIPTION`, `LAST_UPDATED_STAMP`, `LAST_UPDATED_TX_STAMP`, `CREATED_STAMP`, `CREATED_TX_STAMP`) VALUES ('HFTP-6831', 'TRIPANEL', '6831', 'Small Presentation Folders - Tripanel w/ 3 Pockets', '2017-07-20 12:00:00', '2017-07-20 12:00:00', '2017-07-20 12:00:00', '2017-07-20 12:00:00');
INSERT INTO `qc_style` (`STYLE_ID`, `STYLE_GROUP_ID`, `STYLE_NAME`, `STYLE_DESCRIPTION`, `LAST_UPDATED_STAMP`, `LAST_UPDATED_TX_STAMP`, `CREATED_STAMP`, `CREATED_TX_STAMP`) VALUES ('HFTP-6834', 'TRIPANEL', '6834', 'Small Presentation Folders - Tripanel w/ One Pocket (Right)', '2017-07-20 12:00:00', '2017-07-20 12:00:00', '2017-07-20 12:00:00', '2017-07-20 12:00:00');
INSERT INTO `qc_style` (`STYLE_ID`, `STYLE_GROUP_ID`, `STYLE_NAME`, `STYLE_DESCRIPTION`, `LAST_UPDATED_STAMP`, `LAST_UPDATED_TX_STAMP`, `CREATED_STAMP`, `CREATED_TX_STAMP`) VALUES ('TPF-3801', 'TRIPANEL', '3801', '9" x 12" Presentation Folders - Three Pocket Tripanel', '2017-07-20 12:00:00', '2017-07-20 12:00:00', '2017-07-20 12:00:00', '2017-07-20 12:00:00');
INSERT INTO `qc_style` (`STYLE_ID`, `STYLE_GROUP_ID`, `STYLE_NAME`, `STYLE_DESCRIPTION`, `LAST_UPDATED_STAMP`, `LAST_UPDATED_TX_STAMP`, `CREATED_STAMP`, `CREATED_TX_STAMP`) VALUES ('TPF-3803', 'TRIPANEL', '3803', '9" x 12" Presentation Folders - Tripanel w/ One Pocket (Center)', '2017-07-20 12:00:00', '2017-07-20 12:00:00', '2017-07-20 12:00:00', '2017-07-20 12:00:00');
INSERT INTO `qc_style` (`STYLE_ID`, `STYLE_GROUP_ID`, `STYLE_NAME`, `STYLE_DESCRIPTION`, `LAST_UPDATED_STAMP`, `LAST_UPDATED_TX_STAMP`, `CREATED_STAMP`, `CREATED_TX_STAMP`) VALUES ('TPF-3804', 'TRIPANEL', '3804', '9" x 12" Presentation Folders - Tripanel w/ One Pocket (Right)', '2017-07-20 12:00:00', '2017-07-20 12:00:00', '2017-07-20 12:00:00', '2017-07-20 12:00:00');
INSERT INTO `qc_style` (`STYLE_ID`, `STYLE_GROUP_ID`, `STYLE_NAME`, `STYLE_DESCRIPTION`, `LAST_UPDATED_STAMP`, `LAST_UPDATED_TX_STAMP`, `CREATED_STAMP`, `CREATED_TX_STAMP`) VALUES ('TPF-3805', 'TRIPANEL', '3805', '9" x 12" Presentation Folders - Center Tripanel w/ Two Pockets', '2017-07-20 12:00:00', '2017-07-20 12:00:00', '2017-07-20 12:00:00', '2017-07-20 12:00:00');
INSERT INTO `qc_style` (`STYLE_ID`, `STYLE_GROUP_ID`, `STYLE_NAME`, `STYLE_DESCRIPTION`, `LAST_UPDATED_STAMP`, `LAST_UPDATED_TX_STAMP`, `CREATED_STAMP`, `CREATED_TX_STAMP`) VALUES ('TPF-3806', 'TRIPANEL', '3806', '9" x 12" Presentation Folders - Left Tripanel w/ Two Pockets', '2017-07-20 12:00:00', '2017-07-20 12:00:00', '2017-07-20 12:00:00', '2017-07-20 12:00:00');
INSERT INTO `qc_style` (`STYLE_ID`, `STYLE_GROUP_ID`, `STYLE_NAME`, `STYLE_DESCRIPTION`, `LAST_UPDATED_STAMP`, `LAST_UPDATED_TX_STAMP`, `CREATED_STAMP`, `CREATED_TX_STAMP`) VALUES ('TPF-3807', 'TRIPANEL', '3807', '9" x 12" Presentation Folders - Right Tripanel w/ Two Pockets', '2017-07-20 12:00:00', '2017-07-20 12:00:00', '2017-07-20 12:00:00', '2017-07-20 12:00:00');
INSERT INTO `qc_style` (`STYLE_ID`, `STYLE_GROUP_ID`, `STYLE_NAME`, `STYLE_DESCRIPTION`, `LAST_UPDATED_STAMP`, `LAST_UPDATED_TX_STAMP`, `CREATED_STAMP`, `CREATED_TX_STAMP`) VALUES ('TPF-3808', 'TRIPANEL', '3808', '9" x 12" Presentation Folders - Three Pocket Tripanel w/ Curved Pockets', '2017-07-20 12:00:00', '2017-07-20 12:00:00', '2017-07-20 12:00:00', '2017-07-20 12:00:00');
INSERT INTO `qc_style` (`STYLE_ID`, `STYLE_GROUP_ID`, `STYLE_NAME`, `STYLE_DESCRIPTION`, `LAST_UPDATED_STAMP`, `LAST_UPDATED_TX_STAMP`, `CREATED_STAMP`, `CREATED_TX_STAMP`) VALUES ('TPF-3832', 'TRIPANEL', '3832', '9.5" x 12.5 Presentation Folders - Three Pocket Tripanel w/ Small Left Panel', '2017-07-20 12:00:00', '2017-07-20 12:00:00', '2017-07-20 12:00:00', '2017-07-20 12:00:00');
INSERT INTO `qc_style` (`STYLE_ID`, `STYLE_GROUP_ID`, `STYLE_NAME`, `STYLE_DESCRIPTION`, `LAST_UPDATED_STAMP`, `LAST_UPDATED_TX_STAMP`, `CREATED_STAMP`, `CREATED_TX_STAMP`) VALUES ('TPF-3833', 'TRIPANEL', '3833', '9.5" x 12.5 Presentation Folders - Three Pocket Tripanel w/ Small Right Panel', '2017-07-20 12:00:00', '2017-07-20 12:00:00', '2017-07-20 12:00:00', '2017-07-20 12:00:00');
INSERT INTO `qc_style` (`STYLE_ID`, `STYLE_GROUP_ID`, `STYLE_NAME`, `STYLE_DESCRIPTION`, `LAST_UPDATED_STAMP`, `LAST_UPDATED_TX_STAMP`, `CREATED_STAMP`, `CREATED_TX_STAMP`) VALUES ('TPF-3851', 'TRIPANEL', '3851', '1 Pocket Landscape tripanel', '2017-07-20 12:00:00', '2017-07-20 12:00:00', '2017-07-20 12:00:00', '2017-07-20 12:00:00');
INSERT INTO `qc_style` (`STYLE_ID`, `STYLE_GROUP_ID`, `STYLE_NAME`, `STYLE_DESCRIPTION`, `LAST_UPDATED_STAMP`, `LAST_UPDATED_TX_STAMP`, `CREATED_STAMP`, `CREATED_TX_STAMP`) VALUES ('3DF-143', 'TRIPANEL', '3DF-143', '9" x 12" Presentation Folders - Three Pocket Tripanel w/ Capacity Pockets and Double Scored Spine', '2017-07-20 12:00:00', '2017-07-20 12:00:00', '2017-07-20 12:00:00', '2017-07-20 12:00:00');
INSERT INTO `qc_style` (`STYLE_ID`, `STYLE_GROUP_ID`, `STYLE_NAME`, `STYLE_DESCRIPTION`, `LAST_UPDATED_STAMP`, `LAST_UPDATED_TX_STAMP`, `CREATED_STAMP`, `CREATED_TX_STAMP`) VALUES ('BBF-3852', 'TRIPANEL', 'BBF-3852', '8.75" x 11.25" Package Folders w/ Belly Band', '2017-07-20 12:00:00', '2017-07-20 12:00:00', '2017-07-20 12:00:00', '2017-07-20 12:00:00');
INSERT INTO `qc_style` (`STYLE_ID`, `STYLE_GROUP_ID`, `STYLE_NAME`, `STYLE_DESCRIPTION`, `LAST_UPDATED_STAMP`, `LAST_UPDATED_TX_STAMP`, `CREATED_STAMP`, `CREATED_TX_STAMP`) VALUES ('TP-109', 'TRIPANEL', 'TP-109', '3 Pockets Tripanel', '2017-07-20 12:00:00', '2017-07-20 12:00:00', '2017-07-20 12:00:00', '2017-07-20 12:00:00');
INSERT INTO `qc_style` (`STYLE_ID`, `STYLE_GROUP_ID`, `STYLE_NAME`, `STYLE_DESCRIPTION`, `LAST_UPDATED_STAMP`, `LAST_UPDATED_TX_STAMP`, `CREATED_STAMP`, `CREATED_TX_STAMP`) VALUES ('TP-116', 'TRIPANEL', 'TP-116', '1 Center Pocket Tripanel', '2017-07-20 12:00:00', '2017-07-20 12:00:00', '2017-07-20 12:00:00', '2017-07-20 12:00:00');
INSERT INTO `qc_style` (`STYLE_ID`, `STYLE_GROUP_ID`, `STYLE_NAME`, `STYLE_DESCRIPTION`, `LAST_UPDATED_STAMP`, `LAST_UPDATED_TX_STAMP`, `CREATED_STAMP`, `CREATED_TX_STAMP`) VALUES ('TP-117', 'TRIPANEL', 'TP-117', '9" x 12" Presentation Folders - French Three Pocket Tripanel', '2017-07-20 12:00:00', '2017-07-20 12:00:00', '2017-07-20 12:00:00', '2017-07-20 12:00:00');
INSERT INTO `qc_style` (`STYLE_ID`, `STYLE_GROUP_ID`, `STYLE_NAME`, `STYLE_DESCRIPTION`, `LAST_UPDATED_STAMP`, `LAST_UPDATED_TX_STAMP`, `CREATED_STAMP`, `CREATED_TX_STAMP`) VALUES ('TP-119', 'TRIPANEL', 'TP-119', '9 3/16" x 12" Presentation Folders - Three Pocket Tripanel w/ One Vertical Pocket', '2017-07-20 12:00:00', '2017-07-20 12:00:00', '2017-07-20 12:00:00', '2017-07-20 12:00:00');
INSERT INTO `qc_style` (`STYLE_ID`, `STYLE_GROUP_ID`, `STYLE_NAME`, `STYLE_DESCRIPTION`, `LAST_UPDATED_STAMP`, `LAST_UPDATED_TX_STAMP`, `CREATED_STAMP`, `CREATED_TX_STAMP`) VALUES ('TP-172', 'TRIPANEL', 'TP-172', '9" x 12" Presentation Folders - Tripanel w/ One Curved Pocket (Right)', '2017-07-20 12:00:00', '2017-07-20 12:00:00', '2017-07-20 12:00:00', '2017-07-20 12:00:00');
INSERT INTO `qc_style` (`STYLE_ID`, `STYLE_GROUP_ID`, `STYLE_NAME`, `STYLE_DESCRIPTION`, `LAST_UPDATED_STAMP`, `LAST_UPDATED_TX_STAMP`, `CREATED_STAMP`, `CREATED_TX_STAMP`) VALUES ('CHCEP-0910', 'CERTIFICATE', '0910 Portrait', 'Certificate Holder - Portfolio Style w/ Portrait Orientation', '2017-07-20 12:00:00', '2017-07-20 12:00:00', '2017-07-20 12:00:00', '2017-07-20 12:00:00');
INSERT INTO `qc_style` (`STYLE_ID`, `STYLE_GROUP_ID`, `STYLE_NAME`, `STYLE_DESCRIPTION`, `LAST_UPDATED_STAMP`, `LAST_UPDATED_TX_STAMP`, `CREATED_STAMP`, `CREATED_TX_STAMP`) VALUES ('CHCEL-0910', 'CERTIFICATE', '0910 Landscape', 'Certificate Holder - Portfolio Style w/ Landscape Orientation', '2017-07-20 12:00:00', '2017-07-20 12:00:00', '2017-07-20 12:00:00', '2017-07-20 12:00:00');
INSERT INTO `qc_style` (`STYLE_ID`, `STYLE_GROUP_ID`, `STYLE_NAME`, `STYLE_DESCRIPTION`, `LAST_UPDATED_STAMP`, `LAST_UPDATED_TX_STAMP`, `CREATED_STAMP`, `CREATED_TX_STAMP`) VALUES ('CHERP-0911', 'CERTIFICATE', '0911 Portrait ', 'Economy Certificate Holder - Portrait Orientation w/ Rounded Corners', '2017-07-20 12:00:00', '2017-07-20 12:00:00', '2017-07-20 12:00:00', '2017-07-20 12:00:00');
INSERT INTO `qc_style` (`STYLE_ID`, `STYLE_GROUP_ID`, `STYLE_NAME`, `STYLE_DESCRIPTION`, `LAST_UPDATED_STAMP`, `LAST_UPDATED_TX_STAMP`, `CREATED_STAMP`, `CREATED_TX_STAMP`) VALUES ('CHERL-0911', 'CERTIFICATE', '0911 Landscape', 'Economy Certificate Holder - Landscape Orientation w/ Rounded Corners', '2017-07-20 12:00:00', '2017-07-20 12:00:00', '2017-07-20 12:00:00', '2017-07-20 12:00:00');
INSERT INTO `qc_style` (`STYLE_ID`, `STYLE_GROUP_ID`, `STYLE_NAME`, `STYLE_DESCRIPTION`, `LAST_UPDATED_STAMP`, `LAST_UPDATED_TX_STAMP`, `CREATED_STAMP`, `CREATED_TX_STAMP`) VALUES ('CHFP-0916', 'CERTIFICATE', '0916 Portrait ', 'Certificate Holder - Portrait Orientation w/ Fold Notch', '2017-07-20 12:00:00', '2017-07-20 12:00:00', '2017-07-20 12:00:00', '2017-07-20 12:00:00');
INSERT INTO `qc_style` (`STYLE_ID`, `STYLE_GROUP_ID`, `STYLE_NAME`, `STYLE_DESCRIPTION`, `LAST_UPDATED_STAMP`, `LAST_UPDATED_TX_STAMP`, `CREATED_STAMP`, `CREATED_TX_STAMP`) VALUES ('CHFL-0916', 'CERTIFICATE', '0916 Landscape', 'Certificate Holder - Landscape Orientation w/ Fold Notch', '2017-07-20 12:00:00', '2017-07-20 12:00:00', '2017-07-20 12:00:00', '2017-07-20 12:00:00');
INSERT INTO `qc_style` (`STYLE_ID`, `STYLE_GROUP_ID`, `STYLE_NAME`, `STYLE_DESCRIPTION`, `LAST_UPDATED_STAMP`, `LAST_UPDATED_TX_STAMP`, `CREATED_STAMP`, `CREATED_TX_STAMP`) VALUES ('CHEP-183', 'CERTIFICATE', 'CHE-183 Portrait ', 'Economy Certificate Holder - Portrait Orientation (Vertical)', '2017-07-20 12:00:00', '2017-07-20 12:00:00', '2017-07-20 12:00:00', '2017-07-20 12:00:00');
INSERT INTO `qc_style` (`STYLE_ID`, `STYLE_GROUP_ID`, `STYLE_NAME`, `STYLE_DESCRIPTION`, `LAST_UPDATED_STAMP`, `LAST_UPDATED_TX_STAMP`, `CREATED_STAMP`, `CREATED_TX_STAMP`) VALUES ('CHEL-183', 'CERTIFICATE', 'CHE-183 Landscape', 'Economy Certificate Holder - Landscape Orientation (Horizontal)', '2017-07-20 12:00:00', '2017-07-20 12:00:00', '2017-07-20 12:00:00', '2017-07-20 12:00:00');
INSERT INTO `qc_style` (`STYLE_ID`, `STYLE_GROUP_ID`, `STYLE_NAME`, `STYLE_DESCRIPTION`, `LAST_UPDATED_STAMP`, `LAST_UPDATED_TX_STAMP`, `CREATED_STAMP`, `CREATED_TX_STAMP`) VALUES ('CHEP-185', 'CERTIFICATE', 'CHE-185 Portrait ', 'Economy Certificate Holder - Portrait Orientation (Vertical)', '2017-07-20 12:00:00', '2017-07-20 12:00:00', '2017-07-20 12:00:00', '2017-07-20 12:00:00');
INSERT INTO `qc_style` (`STYLE_ID`, `STYLE_GROUP_ID`, `STYLE_NAME`, `STYLE_DESCRIPTION`, `LAST_UPDATED_STAMP`, `LAST_UPDATED_TX_STAMP`, `CREATED_STAMP`, `CREATED_TX_STAMP`) VALUES ('CHEL-185', 'CERTIFICATE', 'CHE-185 Landscape', 'Economy Certificate Holder - Landscape Orientation (Horizontal)', '2017-07-20 12:00:00', '2017-07-20 12:00:00', '2017-07-20 12:00:00', '2017-07-20 12:00:00');
INSERT INTO `qc_style` (`STYLE_ID`, `STYLE_GROUP_ID`, `STYLE_NAME`, `STYLE_DESCRIPTION`, `LAST_UPDATED_STAMP`, `LAST_UPDATED_TX_STAMP`, `CREATED_STAMP`, `CREATED_TX_STAMP`) VALUES ('CHEP-186', 'CERTIFICATE', 'CHE-186 Portrait ', 'Certificate Holder - Portrait Orientation w/ Mounting Board (Horizontal)', '2017-07-20 12:00:00', '2017-07-20 12:00:00', '2017-07-20 12:00:00', '2017-07-20 12:00:00');
INSERT INTO `qc_style` (`STYLE_ID`, `STYLE_GROUP_ID`, `STYLE_NAME`, `STYLE_DESCRIPTION`, `LAST_UPDATED_STAMP`, `LAST_UPDATED_TX_STAMP`, `CREATED_STAMP`, `CREATED_TX_STAMP`) VALUES ('CHEL-186', 'CERTIFICATE', 'CHE-186 Landscape', 'Certificate Holder - Landscape Orientation w/ Mounting Board (Vertical)', '2017-07-20 12:00:00', '2017-07-20 12:00:00', '2017-07-20 12:00:00', '2017-07-20 12:00:00');
INSERT INTO `qc_style` (`STYLE_ID`, `STYLE_GROUP_ID`, `STYLE_NAME`, `STYLE_DESCRIPTION`, `LAST_UPDATED_STAMP`, `LAST_UPDATED_TX_STAMP`, `CREATED_STAMP`, `CREATED_TX_STAMP`) VALUES ('AFF-0924-001', 'FILE', '0924-001', 'File Folder - Standard w/ Left Tab (11 3/4" x 9 1/2")', '2017-07-20 12:00:00', '2017-07-20 12:00:00', '2017-07-20 12:00:00', '2017-07-20 12:00:00');
INSERT INTO `qc_style` (`STYLE_ID`, `STYLE_GROUP_ID`, `STYLE_NAME`, `STYLE_DESCRIPTION`, `LAST_UPDATED_STAMP`, `LAST_UPDATED_TX_STAMP`, `CREATED_STAMP`, `CREATED_TX_STAMP`) VALUES ('AFF-0924-002', 'FILE', '0924-002', 'File Folder - Standard w/ Center Tab (11 3/4" x 9 1/2")', '2017-07-20 12:00:00', '2017-07-20 12:00:00', '2017-07-20 12:00:00', '2017-07-20 12:00:00');
INSERT INTO `qc_style` (`STYLE_ID`, `STYLE_GROUP_ID`, `STYLE_NAME`, `STYLE_DESCRIPTION`, `LAST_UPDATED_STAMP`, `LAST_UPDATED_TX_STAMP`, `CREATED_STAMP`, `CREATED_TX_STAMP`) VALUES ('AFF-0924-003', 'FILE', '0924-003', 'File Folder - Standard w/ Right Tab (11 3/4" x 9 1/2")', '2017-07-20 12:00:00', '2017-07-20 12:00:00', '2017-07-20 12:00:00', '2017-07-20 12:00:00');
INSERT INTO `qc_style` (`STYLE_ID`, `STYLE_GROUP_ID`, `STYLE_NAME`, `STYLE_DESCRIPTION`, `LAST_UPDATED_STAMP`, `LAST_UPDATED_TX_STAMP`, `CREATED_STAMP`, `CREATED_TX_STAMP`) VALUES ('AFF-0925-001', 'FILE', '0925-001', 'File Folder - Legal Size w/ Left Tab (14 3/4" x 9 1/2")', '2017-07-20 12:00:00', '2017-07-20 12:00:00', '2017-07-20 12:00:00', '2017-07-20 12:00:00');
INSERT INTO `qc_style` (`STYLE_ID`, `STYLE_GROUP_ID`, `STYLE_NAME`, `STYLE_DESCRIPTION`, `LAST_UPDATED_STAMP`, `LAST_UPDATED_TX_STAMP`, `CREATED_STAMP`, `CREATED_TX_STAMP`) VALUES ('AFF-0925-002', 'FILE', '0925-002', 'File Folder - Legal Size w/ Center Tab (14 3/4" x 9 1/2")', '2017-07-20 12:00:00', '2017-07-20 12:00:00', '2017-07-20 12:00:00', '2017-07-20 12:00:00');
INSERT INTO `qc_style` (`STYLE_ID`, `STYLE_GROUP_ID`, `STYLE_NAME`, `STYLE_DESCRIPTION`, `LAST_UPDATED_STAMP`, `LAST_UPDATED_TX_STAMP`, `CREATED_STAMP`, `CREATED_TX_STAMP`) VALUES ('AFF-0925-003', 'FILE', '0925-003', 'File Folder - Legal Size w/ Right Tab (14 3/4" x 9 1/2")', '2017-07-20 12:00:00', '2017-07-20 12:00:00', '2017-07-20 12:00:00', '2017-07-20 12:00:00');
INSERT INTO `qc_style` (`STYLE_ID`, `STYLE_GROUP_ID`, `STYLE_NAME`, `STYLE_DESCRIPTION`, `LAST_UPDATED_STAMP`, `LAST_UPDATED_TX_STAMP`, `CREATED_STAMP`, `CREATED_TX_STAMP`) VALUES ('FJ-1603', 'FILE', '1603', 'File Folder - Standard (11 3/4" x 9 1/2")', '2017-07-20 12:00:00', '2017-07-20 12:00:00', '2017-07-20 12:00:00', '2017-07-20 12:00:00');
INSERT INTO `qc_style` (`STYLE_ID`, `STYLE_GROUP_ID`, `STYLE_NAME`, `STYLE_DESCRIPTION`, `LAST_UPDATED_STAMP`, `LAST_UPDATED_TX_STAMP`, `CREATED_STAMP`, `CREATED_TX_STAMP`) VALUES ('PHLS-0305', 'PHOTO', '0305', 'Photo Holder - 4" x 6" Landscape Orientation', '2017-07-20 12:00:00', '2017-07-20 12:00:00', '2017-07-20 12:00:00', '2017-07-20 12:00:00');
INSERT INTO `qc_style` (`STYLE_ID`, `STYLE_GROUP_ID`, `STYLE_NAME`, `STYLE_DESCRIPTION`, `LAST_UPDATED_STAMP`, `LAST_UPDATED_TX_STAMP`, `CREATED_STAMP`, `CREATED_TX_STAMP`) VALUES ('PHLS-0308', 'PHOTO', '0308', 'Photo Holder - 5" x 7" Landscape Orientation', '2017-07-20 12:00:00', '2017-07-20 12:00:00', '2017-07-20 12:00:00', '2017-07-20 12:00:00');
INSERT INTO `qc_style` (`STYLE_ID`, `STYLE_GROUP_ID`, `STYLE_NAME`, `STYLE_DESCRIPTION`, `LAST_UPDATED_STAMP`, `LAST_UPDATED_TX_STAMP`, `CREATED_STAMP`, `CREATED_TX_STAMP`) VALUES ('PHLS-0310', 'PHOTO', '0310', 'Photo Holder - 8" x 10" Landscape Orientation', '2017-07-20 12:00:00', '2017-07-20 12:00:00', '2017-07-20 12:00:00', '2017-07-20 12:00:00');
INSERT INTO `qc_style` (`STYLE_ID`, `STYLE_GROUP_ID`, `STYLE_NAME`, `STYLE_DESCRIPTION`, `LAST_UPDATED_STAMP`, `LAST_UPDATED_TX_STAMP`, `CREATED_STAMP`, `CREATED_TX_STAMP`) VALUES ('PHP-0303', 'PHOTO', '0303', 'Photo Holder - 4" x 6" Portrait Orientation', '2017-07-20 12:00:00', '2017-07-20 12:00:00', '2017-07-20 12:00:00', '2017-07-20 12:00:00');
INSERT INTO `qc_style` (`STYLE_ID`, `STYLE_GROUP_ID`, `STYLE_NAME`, `STYLE_DESCRIPTION`, `LAST_UPDATED_STAMP`, `LAST_UPDATED_TX_STAMP`, `CREATED_STAMP`, `CREATED_TX_STAMP`) VALUES ('PHP-0307', 'PHOTO', '0307', 'Photo Holder - 5" x 7" Portrait Orientation', '2017-07-20 12:00:00', '2017-07-20 12:00:00', '2017-07-20 12:00:00', '2017-07-20 12:00:00');
INSERT INTO `qc_style` (`STYLE_ID`, `STYLE_GROUP_ID`, `STYLE_NAME`, `STYLE_DESCRIPTION`, `LAST_UPDATED_STAMP`, `LAST_UPDATED_TX_STAMP`, `CREATED_STAMP`, `CREATED_TX_STAMP`) VALUES ('PHP-0309', 'PHOTO', '0309', 'Photo Holder - 8" x 10" Portrait Orientation', '2017-07-20 12:00:00', '2017-07-20 12:00:00', '2017-07-20 12:00:00', '2017-07-20 12:00:00');
INSERT INTO `qc_style` (`STYLE_ID`, `STYLE_GROUP_ID`, `STYLE_NAME`, `STYLE_DESCRIPTION`, `LAST_UPDATED_STAMP`, `LAST_UPDATED_TX_STAMP`, `CREATED_STAMP`, `CREATED_TX_STAMP`) VALUES ('RC-0901', 'REPORT', '0901', 'Report Covers - One Piece w/ Right Rounded Corners (9" x 12")', '2017-07-20 12:00:00', '2017-07-20 12:00:00', '2017-07-20 12:00:00', '2017-07-20 12:00:00');
INSERT INTO `qc_style` (`STYLE_ID`, `STYLE_GROUP_ID`, `STYLE_NAME`, `STYLE_DESCRIPTION`, `LAST_UPDATED_STAMP`, `LAST_UPDATED_TX_STAMP`, `CREATED_STAMP`, `CREATED_TX_STAMP`) VALUES ('RCW-0909', 'REPORT', '0909', 'Report Covers - One Piece w/ Rounded Corners & Window w/ Rounded Corners (9" x 12")', '2017-07-20 12:00:00', '2017-07-20 12:00:00', '2017-07-20 12:00:00', '2017-07-20 12:00:00');
INSERT INTO `qc_style` (`STYLE_ID`, `STYLE_GROUP_ID`, `STYLE_NAME`, `STYLE_DESCRIPTION`, `LAST_UPDATED_STAMP`, `LAST_UPDATED_TX_STAMP`, `CREATED_STAMP`, `CREATED_TX_STAMP`) VALUES ('RCFT-0922', 'REPORT', '0922', 'Report Covers - One Piece w/ Top Tab (9" x 11 3/4")', '2017-07-20 12:00:00', '2017-07-20 12:00:00', '2017-07-20 12:00:00', '2017-07-20 12:00:00');
INSERT INTO `qc_style` (`STYLE_ID`, `STYLE_GROUP_ID`, `STYLE_NAME`, `STYLE_DESCRIPTION`, `LAST_UPDATED_STAMP`, `LAST_UPDATED_TX_STAMP`, `CREATED_STAMP`, `CREATED_TX_STAMP`) VALUES ('RCFT-0923', 'REPORT', '0923', 'Report Covers - One Piece w/ Bottom Tab (9" x 11 3/4")', '2017-07-20 12:00:00', '2017-07-20 12:00:00', '2017-07-20 12:00:00', '2017-07-20 12:00:00');
INSERT INTO `qc_style` (`STYLE_ID`, `STYLE_GROUP_ID`, `STYLE_NAME`, `STYLE_DESCRIPTION`, `LAST_UPDATED_STAMP`, `LAST_UPDATED_TX_STAMP`, `CREATED_STAMP`, `CREATED_TX_STAMP`) VALUES ('RC-194', 'REPORT', 'RC-194', 'Report Covers - One Piece (8 9/16" x 11 1/16")', '2017-07-20 12:00:00', '2017-07-20 12:00:00', '2017-07-20 12:00:00', '2017-07-20 12:00:00');
INSERT INTO `qc_style` (`STYLE_ID`, `STYLE_GROUP_ID`, `STYLE_NAME`, `STYLE_DESCRIPTION`, `LAST_UPDATED_STAMP`, `LAST_UPDATED_TX_STAMP`, `CREATED_STAMP`, `CREATED_TX_STAMP`) VALUES ('RCST-193', 'REPORT', 'RCST-193', 'Report Covers - One Piece w/ Staple Tabs & Triple Scored Spine (8 9/16" x 11 1/4")', '2017-07-20 12:00:00', '2017-07-20 12:00:00', '2017-07-20 12:00:00', '2017-07-20 12:00:00');
INSERT INTO `qc_style` (`STYLE_ID`, `STYLE_GROUP_ID`, `STYLE_NAME`, `STYLE_DESCRIPTION`, `LAST_UPDATED_STAMP`, `LAST_UPDATED_TX_STAMP`, `CREATED_STAMP`, `CREATED_TX_STAMP`) VALUES ('RCST-197', 'REPORT', 'RCST-197', 'One Piece Report Cover with Staple Tabs" Report Covers - One Piece w/ Staple Tabs (8 5/8" x 11 1/16")', '2017-07-20 12:00:00', '2017-07-20 12:00:00', '2017-07-20 12:00:00', '2017-07-20 12:00:00');
INSERT INTO `qc_style` (`STYLE_ID`, `STYLE_GROUP_ID`, `STYLE_NAME`, `STYLE_DESCRIPTION`, `LAST_UPDATED_STAMP`, `LAST_UPDATED_TX_STAMP`, `CREATED_STAMP`, `CREATED_TX_STAMP`) VALUES ('RCSTW-191', 'REPORT', 'RCSTW-191', 'Report Covers - One Piece w/ Window, Staple Tabs & Triple Scored Spine (8 13/16" x 11 1/4")', '2017-07-20 12:00:00', '2017-07-20 12:00:00', '2017-07-20 12:00:00', '2017-07-20 12:00:00');
INSERT INTO `qc_style` (`STYLE_ID`, `STYLE_GROUP_ID`, `STYLE_NAME`, `STYLE_DESCRIPTION`, `LAST_UPDATED_STAMP`, `LAST_UPDATED_TX_STAMP`, `CREATED_STAMP`, `CREATED_TX_STAMP`) VALUES ('RCSTW-198', 'REPORT', 'RCSTW-198', 'Report Covers - One Piece w/ Window & Staple Tabs (8 5/8" x 11 1/16")', '2017-07-20 12:00:00', '2017-07-20 12:00:00', '2017-07-20 12:00:00', '2017-07-20 12:00:00');
INSERT INTO `qc_style` (`STYLE_ID`, `STYLE_GROUP_ID`, `STYLE_NAME`, `STYLE_DESCRIPTION`, `LAST_UPDATED_STAMP`, `LAST_UPDATED_TX_STAMP`, `CREATED_STAMP`, `CREATED_TX_STAMP`) VALUES ('RCW-0928', 'REPORT', 'RCW-0928', 'Report Covers - One Piece w/ Right Square Corners (9" x 12")', '2017-07-20 12:00:00', '2017-07-20 12:00:00', '2017-07-20 12:00:00', '2017-07-20 12:00:00');
INSERT INTO `qc_style` (`STYLE_ID`, `STYLE_GROUP_ID`, `STYLE_NAME`, `STYLE_DESCRIPTION`, `LAST_UPDATED_STAMP`, `LAST_UPDATED_TX_STAMP`, `CREATED_STAMP`, `CREATED_TX_STAMP`) VALUES ('RCW-0929', 'REPORT', 'RCW-0929', 'Report Covers - One Piece w/ Rounded Corners & Window w/ Square Corners (9" x 12")', '2017-07-20 12:00:00', '2017-07-20 12:00:00', '2017-07-20 12:00:00', '2017-07-20 12:00:00');
INSERT INTO `qc_style` (`STYLE_ID`, `STYLE_GROUP_ID`, `STYLE_NAME`, `STYLE_DESCRIPTION`, `LAST_UPDATED_STAMP`, `LAST_UPDATED_TX_STAMP`, `CREATED_STAMP`, `CREATED_TX_STAMP`) VALUES ('RCW-195', 'REPORT', 'RCW-195', 'Report Covers - One Piece w/ Window (8 9/16" x 11 1/16")', '2017-07-20 12:00:00', '2017-07-20 12:00:00', '2017-07-20 12:00:00', '2017-07-20 12:00:00');
INSERT INTO `qc_style` (`STYLE_ID`, `STYLE_GROUP_ID`, `STYLE_NAME`, `STYLE_DESCRIPTION`, `LAST_UPDATED_STAMP`, `LAST_UPDATED_TX_STAMP`, `CREATED_STAMP`, `CREATED_TX_STAMP`) VALUES ('RC-7501', 'REPORT', '7501', 'Report Covers - Two Piece (8 3/4"x 11 1/4")', '2017-07-20 12:00:00', '2017-07-20 12:00:00', '2017-07-20 12:00:00', '2017-07-20 12:00:00');
INSERT INTO `qc_style` (`STYLE_ID`, `STYLE_GROUP_ID`, `STYLE_NAME`, `STYLE_DESCRIPTION`, `LAST_UPDATED_STAMP`, `LAST_UPDATED_TX_STAMP`, `CREATED_STAMP`, `CREATED_TX_STAMP`) VALUES ('RC-7504', 'REPORT', '0704', 'Report Covers - Two Piece w/ Back Cover Pocket (9 1/4" x 11 1/4")', '2017-07-20 12:00:00', '2017-07-20 12:00:00', '2017-07-20 12:00:00', '2017-07-20 12:00:00');
INSERT INTO `qc_style` (`STYLE_ID`, `STYLE_GROUP_ID`, `STYLE_NAME`, `STYLE_DESCRIPTION`, `LAST_UPDATED_STAMP`, `LAST_UPDATED_TX_STAMP`, `CREATED_STAMP`, `CREATED_TX_STAMP`) VALUES ('RCW-7509', 'REPORT', '7509', 'Report Covers - Two Piece w/ Window (8 3/4" x 11 1/4")', '2017-07-20 12:00:00', '2017-07-20 12:00:00', '2017-07-20 12:00:00', '2017-07-20 12:00:00');
INSERT INTO `qc_style` (`STYLE_ID`, `STYLE_GROUP_ID`, `STYLE_NAME`, `STYLE_DESCRIPTION`, `LAST_UPDATED_STAMP`, `LAST_UPDATED_TX_STAMP`, `CREATED_STAMP`, `CREATED_TX_STAMP`) VALUES ('RCW-7549', 'REPORT', '7549', 'Report Covers - Two Piece w/ Window & Back Cover Pocket (9 1/4" x 11 1/4")', '2017-07-20 12:00:00', '2017-07-20 12:00:00', '2017-07-20 12:00:00', '2017-07-20 12:00:00');
INSERT INTO `qc_style` (`STYLE_ID`, `STYLE_GROUP_ID`, `STYLE_NAME`, `STYLE_DESCRIPTION`, `LAST_UPDATED_STAMP`, `LAST_UPDATED_TX_STAMP`, `CREATED_STAMP`, `CREATED_TX_STAMP`) VALUES ('RC-190', 'REPORT', 'RC-190', 'Report Covers - Two Piece (8 9/16" x 11 1/16")', '2017-07-20 12:00:00', '2017-07-20 12:00:00', '2017-07-20 12:00:00', '2017-07-20 12:00:00');
INSERT INTO `qc_style` (`STYLE_ID`, `STYLE_GROUP_ID`, `STYLE_NAME`, `STYLE_DESCRIPTION`, `LAST_UPDATED_STAMP`, `LAST_UPDATED_TX_STAMP`, `CREATED_STAMP`, `CREATED_TX_STAMP`) VALUES ('RC-199', 'REPORT', 'RC-199', 'Report Covers - Two Piece w/ Back Cover Pocket (9" x 11 1/16")', '2017-07-20 12:00:00', '2017-07-20 12:00:00', '2017-07-20 12:00:00', '2017-07-20 12:00:00');
INSERT INTO `qc_style` (`STYLE_ID`, `STYLE_GROUP_ID`, `STYLE_NAME`, `STYLE_DESCRIPTION`, `LAST_UPDATED_STAMP`, `LAST_UPDATED_TX_STAMP`, `CREATED_STAMP`, `CREATED_TX_STAMP`) VALUES ('RCW-192', 'REPORT', 'RCW-192', 'Report Covers - Two Piece w/ Window (8 9/16" x 11 1/16")', '2017-07-20 12:00:00', '2017-07-20 12:00:00', '2017-07-20 12:00:00', '2017-07-20 12:00:00');
INSERT INTO `qc_style` (`STYLE_ID`, `STYLE_GROUP_ID`, `STYLE_NAME`, `STYLE_DESCRIPTION`, `LAST_UPDATED_STAMP`, `LAST_UPDATED_TX_STAMP`, `CREATED_STAMP`, `CREATED_TX_STAMP`) VALUES ('RCW-196', 'REPORT', 'RCW-196', 'Report Covers - Two Piece w/ Window & Back Cover Pocket (9" x 11 1/16")', '2017-07-20 12:00:00', '2017-07-20 12:00:00', '2017-07-20 12:00:00', '2017-07-20 12:00:00');
INSERT INTO `qc_style` (`STYLE_ID`, `STYLE_GROUP_ID`, `STYLE_NAME`, `STYLE_DESCRIPTION`, `LAST_UPDATED_STAMP`, `LAST_UPDATED_TX_STAMP`, `CREATED_STAMP`, `CREATED_TX_STAMP`) VALUES ('EF-2503', 'PORTFOLIO', '2503', 'Small Portfolio - Expansion Pocket w/ 1" Sealed Gusset (9 7/8" x 6")', '2017-07-20 12:00:00', '2017-07-20 12:00:00', '2017-07-20 12:00:00', '2017-07-20 12:00:00');
-- INSERT INTO `qc_style` (`STYLE_ID`, `STYLE_GROUP_ID`, `STYLE_NAME`, `STYLE_DESCRIPTION`, `LAST_UPDATED_STAMP`, `LAST_UPDATED_TX_STAMP`, `CREATED_STAMP`, `CREATED_TX_STAMP`) VALUES ('CM-2616', 'PORTFOLIO', '2616', 'CONFORMER® Mailer - Small Size (9 5/8" x 7 3/8")', '2017-07-20 12:00:00', '2017-07-20 12:00:00', '2017-07-20 12:00:00', '2017-07-20 12:00:00');
INSERT INTO `qc_style` (`STYLE_ID`, `STYLE_GROUP_ID`, `STYLE_NAME`, `STYLE_DESCRIPTION`, `LAST_UPDATED_STAMP`, `LAST_UPDATED_TX_STAMP`, `CREATED_STAMP`, `CREATED_TX_STAMP`) VALUES ('CL1-1616', 'PORTFOLIO', '1616', 'Legal Size CONFORMER® Portfolio - One Pocket (15" x 10.25")', '2017-07-20 12:00:00', '2017-07-20 12:00:00', '2017-07-20 12:00:00', '2017-07-20 12:00:00');
INSERT INTO `qc_style` (`STYLE_ID`, `STYLE_GROUP_ID`, `STYLE_NAME`, `STYLE_DESCRIPTION`, `LAST_UPDATED_STAMP`, `LAST_UPDATED_TX_STAMP`, `CREATED_STAMP`, `CREATED_TX_STAMP`) VALUES ('EF-3513', 'PORTFOLIO', '3513', 'Expansion File Folder - 1.5" Unsealed Gusset (11 3/4" x 9 1/2")', '2017-07-20 12:00:00', '2017-07-20 12:00:00', '2017-07-20 12:00:00', '2017-07-20 12:00:00');
INSERT INTO `qc_style` (`STYLE_ID`, `STYLE_GROUP_ID`, `STYLE_NAME`, `STYLE_DESCRIPTION`, `LAST_UPDATED_STAMP`, `LAST_UPDATED_TX_STAMP`, `CREATED_STAMP`, `CREATED_TX_STAMP`) VALUES ('EF-3512', 'PORTFOLIO', '3512', 'Portfolio - One Pocket w/ 1.5" Unsealed Gusset (12" x 9")', '2017-07-20 12:00:00', '2017-07-20 12:00:00', '2017-07-20 12:00:00', '2017-07-20 12:00:00');
INSERT INTO `qc_style` (`STYLE_ID`, `STYLE_GROUP_ID`, `STYLE_NAME`, `STYLE_DESCRIPTION`, `LAST_UPDATED_STAMP`, `LAST_UPDATED_TX_STAMP`, `CREATED_STAMP`, `CREATED_TX_STAMP`) VALUES ('EF-2501', 'PORTFOLIO', '2501', 'Portfolio - One Pocket w/ 2" Gusset (12" x 9")', '2017-07-20 12:00:00', '2017-07-20 12:00:00', '2017-07-20 12:00:00', '2017-07-20 12:00:00');
INSERT INTO `qc_style` (`STYLE_ID`, `STYLE_GROUP_ID`, `STYLE_NAME`, `STYLE_DESCRIPTION`, `LAST_UPDATED_STAMP`, `LAST_UPDATED_TX_STAMP`, `CREATED_STAMP`, `CREATED_TX_STAMP`) VALUES ('EF-146', 'PORTFOLIO', 'EF-146', 'Portfolio - One Pocket w/ 5/8" Expansion (12 1/4" x 8 11/16")', '2017-07-20 12:00:00', '2017-07-20 12:00:00', '2017-07-20 12:00:00', '2017-07-20 12:00:00');
INSERT INTO `qc_style` (`STYLE_ID`, `STYLE_GROUP_ID`, `STYLE_NAME`, `STYLE_DESCRIPTION`, `LAST_UPDATED_STAMP`, `LAST_UPDATED_TX_STAMP`, `CREATED_STAMP`, `CREATED_TX_STAMP`) VALUES ('EF-155', 'PORTFOLIO', 'EF-155', 'Portfolio - One Pocket w/ 1" Expansion (12 1/4" x 8 9/16")', '2017-07-20 12:00:00', '2017-07-20 12:00:00', '2017-07-20 12:00:00', '2017-07-20 12:00:00');
INSERT INTO `qc_style` (`STYLE_ID`, `STYLE_GROUP_ID`, `STYLE_NAME`, `STYLE_DESCRIPTION`, `LAST_UPDATED_STAMP`, `LAST_UPDATED_TX_STAMP`, `CREATED_STAMP`, `CREATED_TX_STAMP`) VALUES ('CM-1611', 'PORTFOLIO', '1611', 'CONFORMER® Mailer - Courier Size (12 1/4" x 9 3/4")', '2017-07-20 12:00:00', '2017-07-20 12:00:00', '2017-07-20 12:00:00', '2017-07-20 12:00:00');
INSERT INTO `qc_style` (`STYLE_ID`, `STYLE_GROUP_ID`, `STYLE_NAME`, `STYLE_DESCRIPTION`, `LAST_UPDATED_STAMP`, `LAST_UPDATED_TX_STAMP`, `CREATED_STAMP`, `CREATED_TX_STAMP`) VALUES ('CM-1613', 'PORTFOLIO', '1613', 'CONFORMER® Mailer - Courier Size w/ Tuck Tab (12 1/4" x 9 3/4")', '2017-07-20 12:00:00', '2017-07-20 12:00:00', '2017-07-20 12:00:00', '2017-07-20 12:00:00');
INSERT INTO `qc_style` (`STYLE_ID`, `STYLE_GROUP_ID`, `STYLE_NAME`, `STYLE_DESCRIPTION`, `LAST_UPDATED_STAMP`, `LAST_UPDATED_TX_STAMP`, `CREATED_STAMP`, `CREATED_TX_STAMP`) VALUES ('CM-1614', 'PORTFOLIO', '1614', 'CONFORMER® Mailer - Standard Size w/ Tuck Tab (12 3/4" x 10 1/2")', '2017-07-20 12:00:00', '2017-07-20 12:00:00', '2017-07-20 12:00:00', '2017-07-20 12:00:00');
INSERT INTO `qc_style` (`STYLE_ID`, `STYLE_GROUP_ID`, `STYLE_NAME`, `STYLE_DESCRIPTION`, `LAST_UPDATED_STAMP`, `LAST_UPDATED_TX_STAMP`, `CREATED_STAMP`, `CREATED_TX_STAMP`) VALUES ('CM-1612', 'PORTFOLIO', '1612', 'CONFORMER® Mailer - Standard Size (12 3/4" x 10 1/2")', '2017-07-20 12:00:00', '2017-07-20 12:00:00', '2017-07-20 12:00:00', '2017-07-20 12:00:00');
INSERT INTO `qc_style` (`STYLE_ID`, `STYLE_GROUP_ID`, `STYLE_NAME`, `STYLE_DESCRIPTION`, `LAST_UPDATED_STAMP`, `LAST_UPDATED_TX_STAMP`, `CREATED_STAMP`, `CREATED_TX_STAMP`) VALUES ('F-1602', 'PORTFOLIO', '1602', 'Portfolio - Deluxe Standard Size (13" x 10")', '2017-07-20 12:00:00', '2017-07-20 12:00:00', '2017-07-20 12:00:00', '2017-07-20 12:00:00');
INSERT INTO `qc_style` (`STYLE_ID`, `STYLE_GROUP_ID`, `STYLE_NAME`, `STYLE_DESCRIPTION`, `LAST_UPDATED_STAMP`, `LAST_UPDATED_TX_STAMP`, `CREATED_STAMP`, `CREATED_TX_STAMP`) VALUES ('FL-1601', 'PORTFOLIO', '1601', 'Legal Size Portfolio - Deluxe (15" x 10")', '2017-07-20 12:00:00', '2017-07-20 12:00:00', '2017-07-20 12:00:00', '2017-07-20 12:00:00');
INSERT INTO `qc_style` (`STYLE_ID`, `STYLE_GROUP_ID`, `STYLE_NAME`, `STYLE_DESCRIPTION`, `LAST_UPDATED_STAMP`, `LAST_UPDATED_TX_STAMP`, `CREATED_STAMP`, `CREATED_TX_STAMP`) VALUES ('EFL-3501', 'PORTFOLIO', '3501', 'Legal Size Portfolio - One Pocket w/ 1.5" Sealed Gusset (15" x 10")', '2017-07-20 12:00:00', '2017-07-20 12:00:00', '2017-07-20 12:00:00', '2017-07-20 12:00:00');
INSERT INTO `qc_style` (`STYLE_ID`, `STYLE_GROUP_ID`, `STYLE_NAME`, `STYLE_DESCRIPTION`, `LAST_UPDATED_STAMP`, `LAST_UPDATED_TX_STAMP`, `CREATED_STAMP`, `CREATED_TX_STAMP`) VALUES ('EF-3502', 'PORTFOLIO', '3502', 'Portfolio - One Pocket w/ 1.5" Sealed Gusset (12" x 9")', '2017-07-20 12:00:00', '2017-07-20 12:00:00', '2017-07-20 12:00:00', '2017-07-20 12:00:00');
INSERT INTO `qc_style` (`STYLE_ID`, `STYLE_GROUP_ID`, `STYLE_NAME`, `STYLE_DESCRIPTION`, `LAST_UPDATED_STAMP`, `LAST_UPDATED_TX_STAMP`, `CREATED_STAMP`, `CREATED_TX_STAMP`) VALUES ('EFL-3511', 'PORTFOLIO', 'EFL-3511', 'Legal Size Portfolio - One Pocket w/ 1.5" Unsealed Gusset (15" x 10")', '2017-07-20 12:00:00', '2017-07-20 12:00:00', '2017-07-20 12:00:00', '2017-07-20 12:00:00');
INSERT INTO `qc_style` (`STYLE_ID`, `STYLE_GROUP_ID`, `STYLE_NAME`, `STYLE_DESCRIPTION`, `LAST_UPDATED_STAMP`, `LAST_UPDATED_TX_STAMP`, `CREATED_STAMP`, `CREATED_TX_STAMP`) VALUES ('EFL-165', 'PORTFOLIO', 'EFL-165', 'Legal Size Portfolio - One Pocket w/ 1" Expansion (15" x 10")', '2017-07-20 12:00:00', '2017-07-20 12:00:00', '2017-07-20 12:00:00', '2017-07-20 12:00:00');
INSERT INTO `qc_style` (`STYLE_ID`, `STYLE_GROUP_ID`, `STYLE_NAME`, `STYLE_DESCRIPTION`, `LAST_UPDATED_STAMP`, `LAST_UPDATED_TX_STAMP`, `CREATED_STAMP`, `CREATED_TX_STAMP`) VALUES ('EF-FD-07564', 'PORTFOLIO', 'EF-07564', 'Portfolio - One Pocket w/ 1 1/2" Expansion (12" x 9")', '2017-07-20 12:00:00', '2017-07-20 12:00:00', '2017-07-20 12:00:00', '2017-07-20 12:00:00');
INSERT INTO `qc_style` (`STYLE_ID`, `STYLE_GROUP_ID`, `STYLE_NAME`, `STYLE_DESCRIPTION`, `LAST_UPDATED_STAMP`, `LAST_UPDATED_TX_STAMP`, `CREATED_STAMP`, `CREATED_TX_STAMP`) VALUES ('PARA-8117', 'PORTFOLIO', 'PARA-8117', 'Paradigm Exclusive Die 8117  8 3/4h x 11 1/4w portfolio with a 4 1/8h pocket glued both sides; 5 3/8h flap, 1 1/4w tapered glue flaps. Fits an 8.5 x 11 Certificate.', '2017-07-20 12:00:00', '2017-07-20 12:00:00', '2017-07-20 12:00:00', '2017-07-20 12:00:00');
INSERT INTO `qc_style` (`STYLE_ID`, `STYLE_GROUP_ID`, `STYLE_NAME`, `STYLE_DESCRIPTION`, `LAST_UPDATED_STAMP`, `LAST_UPDATED_TX_STAMP`, `CREATED_STAMP`, `CREATED_TX_STAMP`) VALUES ('PARA-8135', 'PORTFOLIO', 'PARA-8135', 'Paradigm Exclusive Die 8135: (dimensions are in inches) 11" h x 13 w with a 6 3/4h flap; 5 1/2 h pocket glued at left/right edges. 1 1/4w glue flaps Fits 10. 5" x 12.5" Cert/diploma', '2017-07-20 12:00:00', '2017-07-20 12:00:00', '2017-07-20 12:00:00', '2017-07-20 12:00:00');
INSERT INTO `qc_style` (`STYLE_ID`, `STYLE_GROUP_ID`, `STYLE_NAME`, `STYLE_DESCRIPTION`, `LAST_UPDATED_STAMP`, `LAST_UPDATED_TX_STAMP`, `CREATED_STAMP`, `CREATED_TX_STAMP`) VALUES ('PARA-8136', 'PORTFOLIO', 'PARA-8136', 'Paradigm Exclusive Die 8136: 11 1/2h x 14 1/2w with a 6 3/4h flap; 5 1/2h pocket glued at left/right edges fits adn 11 x 13 Certificate', '2017-07-20 12:00:00', '2017-07-20 12:00:00', '2017-07-20 12:00:00', '2017-07-20 12:00:00');
INSERT INTO `qc_style` (`STYLE_ID`, `STYLE_GROUP_ID`, `STYLE_NAME`, `STYLE_DESCRIPTION`, `LAST_UPDATED_STAMP`, `LAST_UPDATED_TX_STAMP`, `CREATED_STAMP`, `CREATED_TX_STAMP`) VALUES ('CD-2648', 'CD_DVD', '2648', 'Reinforced Disc Folder 5" x 9" with one 3" Tall Pocket', '2017-07-20 12:00:00', '2017-07-20 12:00:00', '2017-07-20 12:00:00', '2017-07-20 12:00:00');
INSERT INTO `qc_style` (`STYLE_ID`, `STYLE_GROUP_ID`, `STYLE_NAME`, `STYLE_DESCRIPTION`, `LAST_UPDATED_STAMP`, `LAST_UPDATED_TX_STAMP`, `CREATED_STAMP`, `CREATED_TX_STAMP`) VALUES ('CDF-2649', 'CD_DVD', '2649', 'Reinforced Disc Folder 5" x 9" two panel folder with both panels reinforced', '2017-07-20 12:00:00', '2017-07-20 12:00:00', '2017-07-20 12:00:00', '2017-07-20 12:00:00');
INSERT INTO `qc_style` (`STYLE_ID`, `STYLE_GROUP_ID`, `STYLE_NAME`, `STYLE_DESCRIPTION`, `LAST_UPDATED_STAMP`, `LAST_UPDATED_TX_STAMP`, `CREATED_STAMP`, `CREATED_TX_STAMP`) VALUES ('DH-2604', 'CD_DVD', '2604', 'Double Disc Holder', '2017-07-20 12:00:00', '2017-07-20 12:00:00', '2017-07-20 12:00:00', '2017-07-20 12:00:00');
INSERT INTO `qc_style` (`STYLE_ID`, `STYLE_GROUP_ID`, `STYLE_NAME`, `STYLE_DESCRIPTION`, `LAST_UPDATED_STAMP`, `LAST_UPDATED_TX_STAMP`, `CREATED_STAMP`, `CREATED_TX_STAMP`) VALUES ('DH-2605', 'CD_DVD', '2605', 'Disc Holder for 1 disc and 1 right pocket', '2017-07-20 12:00:00', '2017-07-20 12:00:00', '2017-07-20 12:00:00', '2017-07-20 12:00:00');
INSERT INTO `qc_style` (`STYLE_ID`, `STYLE_GROUP_ID`, `STYLE_NAME`, `STYLE_DESCRIPTION`, `LAST_UPDATED_STAMP`, `LAST_UPDATED_TX_STAMP`, `CREATED_STAMP`, `CREATED_TX_STAMP`) VALUES ('DH-2606', 'CD_DVD', '2606', 'Disc Holder for 1 disc and 1 left pocket', '2017-07-20 12:00:00', '2017-07-20 12:00:00', '2017-07-20 12:00:00', '2017-07-20 12:00:00');
INSERT INTO `qc_style` (`STYLE_ID`, `STYLE_GROUP_ID`, `STYLE_NAME`, `STYLE_DESCRIPTION`, `LAST_UPDATED_STAMP`, `LAST_UPDATED_TX_STAMP`, `CREATED_STAMP`, `CREATED_TX_STAMP`) VALUES ('DH-2608', 'CD_DVD', '2608', 'Disc Holder for 1 disc, single panel sleeve 5" x 5" ', '2017-07-20 12:00:00', '2017-07-20 12:00:00', '2017-07-20 12:00:00', '2017-07-20 12:00:00');
INSERT INTO `qc_style` (`STYLE_ID`, `STYLE_GROUP_ID`, `STYLE_NAME`, `STYLE_DESCRIPTION`, `LAST_UPDATED_STAMP`, `LAST_UPDATED_TX_STAMP`, `CREATED_STAMP`, `CREATED_TX_STAMP`) VALUES ('DH-2609', 'CD_DVD', '2609', 'Disc Holder with Reinforced Book Flap - Mailer 5 1/4" x 5 1/4"', '2017-07-20 12:00:00', '2017-07-20 12:00:00', '2017-07-20 12:00:00', '2017-07-20 12:00:00');
INSERT INTO `qc_style` (`STYLE_ID`, `STYLE_GROUP_ID`, `STYLE_NAME`, `STYLE_DESCRIPTION`, `LAST_UPDATED_STAMP`, `LAST_UPDATED_TX_STAMP`, `CREATED_STAMP`, `CREATED_TX_STAMP`) VALUES ('DH-2611', 'CD_DVD', '2611', 'Disc Holder for 1 disc with tuck flap closure', '2017-07-20 12:00:00', '2017-07-20 12:00:00', '2017-07-20 12:00:00', '2017-07-20 12:00:00');
INSERT INTO `qc_style` (`STYLE_ID`, `STYLE_GROUP_ID`, `STYLE_NAME`, `STYLE_DESCRIPTION`, `LAST_UPDATED_STAMP`, `LAST_UPDATED_TX_STAMP`, `CREATED_STAMP`, `CREATED_TX_STAMP`) VALUES ('DM-2612', 'CD_DVD', '2612', 'Disc Mailer with "Peel and Stick" flap closure with a "Zip Strip" tear opening strip ', '2017-07-20 12:00:00', '2017-07-20 12:00:00', '2017-07-20 12:00:00', '2017-07-20 12:00:00');
INSERT INTO `qc_style` (`STYLE_ID`, `STYLE_GROUP_ID`, `STYLE_NAME`, `STYLE_DESCRIPTION`, `LAST_UPDATED_STAMP`, `LAST_UPDATED_TX_STAMP`, `CREATED_STAMP`, `CREATED_TX_STAMP`) VALUES ('DM-2613', 'CD_DVD', '2613', 'Disc Mailer with Reinforced Book Flap and a "Peel and Stick" flap closure with a "Zip Strip" tear opening strip ', '2017-07-20 12:00:00', '2017-07-20 12:00:00', '2017-07-20 12:00:00', '2017-07-20 12:00:00');
INSERT INTO `qc_style` (`STYLE_ID`, `STYLE_GROUP_ID`, `STYLE_NAME`, `STYLE_DESCRIPTION`, `LAST_UPDATED_STAMP`, `LAST_UPDATED_TX_STAMP`, `CREATED_STAMP`, `CREATED_TX_STAMP`) VALUES ('DH-2603', 'CD_DVD', '2603', 'Disc Holder for 1 disc, 5 1/8" x 5 1/5" with 1 pocket 5 1/8" x 4 5/8"', '2017-07-20 12:00:00', '2017-07-20 12:00:00', '2017-07-20 12:00:00', '2017-07-20 12:00:00');
INSERT INTO `qc_style` (`STYLE_ID`, `STYLE_GROUP_ID`, `STYLE_NAME`, `STYLE_DESCRIPTION`, `LAST_UPDATED_STAMP`, `LAST_UPDATED_TX_STAMP`, `CREATED_STAMP`, `CREATED_TX_STAMP`) VALUES ('CDM-2615', 'CD_DVD', '2615', 'Conformer® Expansion DVD Mailer 9 1/8" x 6 7/8" with "Peel and Stick" flap closure with a "Zip Strip" tear opening strip ', '2017-07-20 12:00:00', '2017-07-20 12:00:00', '2017-07-20 12:00:00', '2017-07-20 12:00:00');
INSERT INTO `qc_style` (`STYLE_ID`, `STYLE_GROUP_ID`, `STYLE_NAME`, `STYLE_DESCRIPTION`, `LAST_UPDATED_STAMP`, `LAST_UPDATED_TX_STAMP`, `CREATED_STAMP`, `CREATED_TX_STAMP`) VALUES ('DH-2617', 'CD_DVD', '2617', 'Triple Disc Holder, Has 3 sleeves in a row 5 1/8" x 5 1/8" ', '2017-07-20 12:00:00', '2017-07-20 12:00:00', '2017-07-20 12:00:00', '2017-07-20 12:00:00');
INSERT INTO `qc_style` (`STYLE_ID`, `STYLE_GROUP_ID`, `STYLE_NAME`, `STYLE_DESCRIPTION`, `LAST_UPDATED_STAMP`, `LAST_UPDATED_TX_STAMP`, `CREATED_STAMP`, `CREATED_TX_STAMP`) VALUES ('CDM-2614', 'CD_DVD', '2614', 'Conformer® Expansion Disc Mailer 7 1/8" x 6 1/2" with "Peel and Stick" flap closure with a "Zip Strip" tear opening strip ', '2017-07-20 12:00:00', '2017-07-20 12:00:00', '2017-07-20 12:00:00', '2017-07-20 12:00:00');
INSERT INTO `qc_style` (`STYLE_ID`, `STYLE_GROUP_ID`, `STYLE_NAME`, `STYLE_DESCRIPTION`, `LAST_UPDATED_STAMP`, `LAST_UPDATED_TX_STAMP`, `CREATED_STAMP`, `CREATED_TX_STAMP`) VALUES ('CM-2616', 'CD_DVD', '2616', 'Conformer® Small Mailer 7 3/8" x 9 5/8" with 3/8" Expansion Capacity for 6 x 9 materials', '2017-07-20 12:00:00', '2017-07-20 12:00:00', '2017-07-20 12:00:00', '2017-07-20 12:00:00');
INSERT INTO `qc_style` (`STYLE_ID`, `STYLE_GROUP_ID`, `STYLE_NAME`, `STYLE_DESCRIPTION`, `LAST_UPDATED_STAMP`, `LAST_UPDATED_TX_STAMP`, `CREATED_STAMP`, `CREATED_TX_STAMP`) VALUES ('PRB-8801', 'BINDER', '8801', 'Paper Binder - 3 Ring w/ Two Pockets', '2017-07-20 12:00:00', '2017-07-20 12:00:00', '2017-07-20 12:00:00', '2017-07-20 12:00:00');
INSERT INTO `qc_style` (`STYLE_ID`, `STYLE_GROUP_ID`, `STYLE_NAME`, `STYLE_DESCRIPTION`, `LAST_UPDATED_STAMP`, `LAST_UPDATED_TX_STAMP`, `CREATED_STAMP`, `CREATED_TX_STAMP`) VALUES ('PRB-8801-ECO', 'BINDER', '8801 ECO', 'Recycled Paper Binder - 3 Ring w/ Two Pockets', '2017-07-20 12:00:00', '2017-07-20 12:00:00', '2017-07-20 12:00:00', '2017-07-20 12:00:00');
INSERT INTO `qc_style` (`STYLE_ID`, `STYLE_GROUP_ID`, `STYLE_NAME`, `STYLE_DESCRIPTION`, `LAST_UPDATED_STAMP`, `LAST_UPDATED_TX_STAMP`, `CREATED_STAMP`, `CREATED_TX_STAMP`) VALUES ('PRB-8804', 'BINDER', '8804', 'Paper Binder - 3 Ring w/ One Pocket', '2017-07-20 12:00:00', '2017-07-20 12:00:00', '2017-07-20 12:00:00', '2017-07-20 12:00:00');
INSERT INTO `qc_style` (`STYLE_ID`, `STYLE_GROUP_ID`, `STYLE_NAME`, `STYLE_DESCRIPTION`, `LAST_UPDATED_STAMP`, `LAST_UPDATED_TX_STAMP`, `CREATED_STAMP`, `CREATED_TX_STAMP`) VALUES ('PRB-8805', 'BINDER', '8805', 'Paper Binder - 3 Ring w/ Disc Sleeve', '2017-07-20 12:00:00', '2017-07-20 12:00:00', '2017-07-20 12:00:00', '2017-07-20 12:00:00');
INSERT INTO `qc_style` (`STYLE_ID`, `STYLE_GROUP_ID`, `STYLE_NAME`, `STYLE_DESCRIPTION`, `LAST_UPDATED_STAMP`, `LAST_UPDATED_TX_STAMP`, `CREATED_STAMP`, `CREATED_TX_STAMP`) VALUES ('PRB-8807', 'BINDER', '8807', 'Paper Binder - 3 Ring w/ Portfolio Flap & Two Pockets', '2017-07-20 12:00:00', '2017-07-20 12:00:00', '2017-07-20 12:00:00', '2017-07-20 12:00:00');
INSERT INTO `qc_style` (`STYLE_ID`, `STYLE_GROUP_ID`, `STYLE_NAME`, `STYLE_DESCRIPTION`, `LAST_UPDATED_STAMP`, `LAST_UPDATED_TX_STAMP`, `CREATED_STAMP`, `CREATED_TX_STAMP`) VALUES ('PRB-8849', 'BINDER', '8849', 'Paper Binder - 3 Ring w/ One Pocket & Window', '2017-07-20 12:00:00', '2017-07-20 12:00:00', '2017-07-20 12:00:00', '2017-07-20 12:00:00');
INSERT INTO `qc_style` (`STYLE_ID`, `STYLE_GROUP_ID`, `STYLE_NAME`, `STYLE_DESCRIPTION`, `LAST_UPDATED_STAMP`, `LAST_UPDATED_TX_STAMP`, `CREATED_STAMP`, `CREATED_TX_STAMP`) VALUES ('PRBRE-8871', 'BINDER', '8871', 'Paper Binder - 3 Ring w/ Reinforced Edge & Two Pockets', '2017-07-20 12:00:00', '2017-07-20 12:00:00', '2017-07-20 12:00:00', '2017-07-20 12:00:00');
INSERT INTO `qc_style` (`STYLE_ID`, `STYLE_GROUP_ID`, `STYLE_NAME`, `STYLE_DESCRIPTION`, `LAST_UPDATED_STAMP`, `LAST_UPDATED_TX_STAMP`, `CREATED_STAMP`, `CREATED_TX_STAMP`) VALUES ('PRBRE-8875', 'BINDER', '8875', 'Paper Binder - 3 Ring w/ One Pocket & Reinforced Edge', '2017-07-20 12:00:00', '2017-07-20 12:00:00', '2017-07-20 12:00:00', '2017-07-20 12:00:00');
INSERT INTO `qc_style` (`STYLE_ID`, `STYLE_GROUP_ID`, `STYLE_NAME`, `STYLE_DESCRIPTION`, `LAST_UPDATED_STAMP`, `LAST_UPDATED_TX_STAMP`, `CREATED_STAMP`, `CREATED_TX_STAMP`) VALUES ('PRB-9901', 'BINDER', '9901', 'Paper Binder - 3 Ring w/ No Pockets', '2017-07-20 12:00:00', '2017-07-20 12:00:00', '2017-07-20 12:00:00', '2017-07-20 12:00:00');
INSERT INTO `qc_style` (`STYLE_ID`, `STYLE_GROUP_ID`, `STYLE_NAME`, `STYLE_DESCRIPTION`, `LAST_UPDATED_STAMP`, `LAST_UPDATED_TX_STAMP`, `CREATED_STAMP`, `CREATED_TX_STAMP`) VALUES ('PRBRE-9971', 'BINDER', '9971', 'Paper Binder - 3 Ring w/ Reinforced Edge & No Pockets', '2017-07-20 12:00:00', '2017-07-20 12:00:00', '2017-07-20 12:00:00', '2017-07-20 12:00:00');

INSERT INTO `qc_style` (`STYLE_ID`, `STYLE_GROUP_ID`, `STYLE_NAME`, `STYLE_DESCRIPTION`, `LAST_UPDATED_STAMP`, `LAST_UPDATED_TX_STAMP`, `CREATED_STAMP`, `CREATED_TX_STAMP`) VALUES ('08-96', 'QUICK_SHIP_ECONOMY', '0896', '9 x 12 Quick Ship Presentation Folder - Full Color Printing 24 Hr', '2017-07-20 12:00:00', '2017-07-20 12:00:00', '2017-07-20 12:00:00', '2017-07-20 12:00:00');
INSERT INTO `qc_style` (`STYLE_ID`, `STYLE_GROUP_ID`, `STYLE_NAME`, `STYLE_DESCRIPTION`, `LAST_UPDATED_STAMP`, `LAST_UPDATED_TX_STAMP`, `CREATED_STAMP`, `CREATED_TX_STAMP`) VALUES ('08-96-FOIL', 'QUICK_SHIP_ECONOMY', '0896', '9 x 12 Quick Ship Presentation Folder - Foil Stamping 3 Day', '2017-07-20 12:00:00', '2017-07-20 12:00:00', '2017-07-20 12:00:00', '2017-07-20 12:00:00');
INSERT INTO `qc_style` (`STYLE_ID`, `STYLE_GROUP_ID`, `STYLE_NAME`, `STYLE_DESCRIPTION`, `LAST_UPDATED_STAMP`, `LAST_UPDATED_TX_STAMP`, `CREATED_STAMP`, `CREATED_TX_STAMP`) VALUES ('08-96-OFF', 'QUICK_SHIP_ECONOMY', '0896', '9 x 12 Quick Ship Presentation Folder - Offset PMS Printing 5 Day', '2017-07-20 12:00:00', '2017-07-20 12:00:00', '2017-07-20 12:00:00', '2017-07-20 12:00:00');

INSERT INTO `qc_attribute_type` (`ATTRIBUTE_TYPE_ID`, `ATTRIBUTE_TYPE_NAME`, `LAST_UPDATED_STAMP`, `LAST_UPDATED_TX_STAMP`, `CREATED_STAMP`, `CREATED_TX_STAMP`) VALUES ('BASE_PRICE', 'Base Price', '2017-05-15 13:40:00', '2017-05-15 13:40:00', '2017-05-15 13:40:00', '2017-05-15 13:40:00');
INSERT INTO `qc_attribute_type` (`ATTRIBUTE_TYPE_ID`, `ATTRIBUTE_TYPE_NAME`, `LAST_UPDATED_STAMP`, `LAST_UPDATED_TX_STAMP`, `CREATED_STAMP`, `CREATED_TX_STAMP`) VALUES ('COMMON_ADD_ON_PRICE', 'Common Add-on Price', '2017-05-15 13:40:00', '2017-05-15 13:40:00', '2017-05-15 13:40:00', '2017-05-15 13:40:00');
INSERT INTO `qc_attribute_type` (`ATTRIBUTE_TYPE_ID`, `ATTRIBUTE_TYPE_NAME`, `LAST_UPDATED_STAMP`, `LAST_UPDATED_TX_STAMP`, `CREATED_STAMP`, `CREATED_TX_STAMP`) VALUES ('CATEGORY_ADD_ON_PRICE', 'Category Add-on Price', '2017-05-15 13:40:00', '2017-05-15 13:40:00', '2017-05-15 13:40:00', '2017-05-15 13:40:00');
INSERT INTO `qc_attribute_type` (`ATTRIBUTE_TYPE_ID`, `ATTRIBUTE_TYPE_NAME`, `LAST_UPDATED_STAMP`, `LAST_UPDATED_TX_STAMP`, `CREATED_STAMP`, `CREATED_TX_STAMP`) VALUES ('STYLE_ADD_ON_PRICE', 'Style Add-on Price', '2017-05-15 13:40:00', '2017-05-15 13:40:00', '2017-05-15 13:40:00', '2017-05-15 13:40:00');


INSERT INTO `qc_attribute` (`ATTRIBUTE_ID`, `ATTRIBUTE_NAME`, `ATTRIBUTE_LABEL`, `ATTRIBUTE_DESCRIPTION`, `ATTRIBUTE_TYPE_ID`, `SEQUENCE_NUM`, `LAST_UPDATED_STAMP`, `LAST_UPDATED_TX_STAMP`, `CREATED_STAMP`, `CREATED_TX_STAMP`) VALUES ('PRINT_1C', 'One Color Printing', 'Print - One PMS Color', 'One PMS Color Printing Price', 'BASE_PRICE', '0', '2017-05-15 13:40:00', '2017-05-15 13:40:00', '2017-05-15 13:40:00', '2017-05-15 13:40:00');
INSERT INTO `qc_attribute` (`ATTRIBUTE_ID`, `ATTRIBUTE_NAME`, `ATTRIBUTE_LABEL`, `ATTRIBUTE_DESCRIPTION`, `ATTRIBUTE_TYPE_ID`, `SEQUENCE_NUM`, `LAST_UPDATED_STAMP`, `LAST_UPDATED_TX_STAMP`, `CREATED_STAMP`, `CREATED_TX_STAMP`) VALUES ('PRINT_4C', 'Four Color Printing', 'Four Color Process', 'Four Color Printing Price', 'BASE_PRICE', '1', '2017-05-15 13:40:00', '2017-05-15 13:40:00', '2017-05-15 13:40:00', '2017-05-15 13:40:00');
INSERT INTO `qc_attribute` (`ATTRIBUTE_ID`, `ATTRIBUTE_NAME`, `ATTRIBUTE_LABEL`, `ATTRIBUTE_DESCRIPTION`, `ATTRIBUTE_TYPE_ID`, `SEQUENCE_NUM`, `LAST_UPDATED_STAMP`, `LAST_UPDATED_TX_STAMP`, `CREATED_STAMP`, `CREATED_TX_STAMP`) VALUES ('FOIL_STAMP_BASE', 'Foil Stamping', 'Foil Stamp', 'Foil Stamping Only Base Price', 'BASE_PRICE', '2', '2017-05-15 13:40:00', '2017-05-15 13:40:00', '2017-05-15 13:40:00', '2017-05-15 13:40:00');
INSERT INTO `qc_attribute` (`ATTRIBUTE_ID`, `ATTRIBUTE_NAME`, `ATTRIBUTE_LABEL`, `ATTRIBUTE_DESCRIPTION`, `ATTRIBUTE_TYPE_ID`, `SEQUENCE_NUM`, `LAST_UPDATED_STAMP`, `LAST_UPDATED_TX_STAMP`, `CREATED_STAMP`, `CREATED_TX_STAMP`) VALUES ('EMBOSS_BASE', 'Embossing', 'Embossing', 'Embossing Only Base Price', 'BASE_PRICE', '3', '2017-05-15 13:40:00', '2017-05-15 13:40:00', '2017-05-15 13:40:00', '2017-05-15 13:40:00');
INSERT INTO `qc_attribute` (`ATTRIBUTE_ID`, `ATTRIBUTE_NAME`, `ATTRIBUTE_LABEL`, `ATTRIBUTE_DESCRIPTION`, `ATTRIBUTE_TYPE_ID`, `SEQUENCE_NUM`, `LAST_UPDATED_STAMP`, `LAST_UPDATED_TX_STAMP`, `CREATED_STAMP`, `CREATED_TX_STAMP`) VALUES ('ADDITIONAL_COLOR_PER_SIDE', 'Additional Color Per Side', 'Additional PMS (per side)', 'Additional PMS Color Add-on Price per Side', 'CATEGORY_ADD_ON_PRICE', '4', '2017-05-15 13:40:00', '2017-05-15 13:40:00', '2017-05-15 13:40:00', '2017-05-15 13:40:00');
INSERT INTO `qc_attribute` (`ATTRIBUTE_ID`, `ATTRIBUTE_NAME`, `ATTRIBUTE_LABEL`, `ATTRIBUTE_DESCRIPTION`, `ATTRIBUTE_TYPE_ID`, `SEQUENCE_NUM`, `LAST_UPDATED_STAMP`, `LAST_UPDATED_TX_STAMP`, `CREATED_STAMP`, `CREATED_TX_STAMP`) VALUES ('HEAVY_COVERAGE_PER_SIDE', 'Heavy Coverage Per Side', 'Heavy Coverage (per side)', 'Heavy Ink Coverage Add-on Price per Side', 'CATEGORY_ADD_ON_PRICE', '5', '2017-05-15 13:40:00', '2017-05-15 13:40:00', '2017-05-15 13:40:00', '2017-05-15 13:40:00');
INSERT INTO `qc_attribute` (`ATTRIBUTE_ID`, `ATTRIBUTE_NAME`, `ATTRIBUTE_LABEL`, `ATTRIBUTE_DESCRIPTION`, `ATTRIBUTE_TYPE_ID`, `SEQUENCE_NUM`, `LAST_UPDATED_STAMP`, `LAST_UPDATED_TX_STAMP`, `CREATED_STAMP`, `CREATED_TX_STAMP`) VALUES ('PRINT_4C_2ND_SIDE', 'Four Color Printing 2nd Side', 'Four Color Process (2nd side)', 'Four Color Process Add-on Price for 2nd Side', 'CATEGORY_ADD_ON_PRICE', '6', '2017-05-15 13:40:00', '2017-05-15 13:40:00', '2017-05-15 13:40:00', '2017-05-15 13:40:00');
INSERT INTO `qc_attribute` (`ATTRIBUTE_ID`, `ATTRIBUTE_NAME`, `ATTRIBUTE_LABEL`, `ATTRIBUTE_DESCRIPTION`, `ATTRIBUTE_TYPE_ID`, `SEQUENCE_NUM`, `LAST_UPDATED_STAMP`, `LAST_UPDATED_TX_STAMP`, `CREATED_STAMP`, `CREATED_TX_STAMP`) VALUES ('FOIL_STAMP_RUN_ADD_ON', 'Foil Stamp Run', 'Foil Stamp Run', 'Adding Foil Stamping to Print Base or Adding Additional Foil Stamp Run to Foil Stamping', 'COMMON_ADD_ON_PRICE', '7', '2017-05-15 13:40:00', '2017-05-15 13:40:00', '2017-05-15 13:40:00', '2017-05-15 13:40:00');
INSERT INTO `qc_attribute` (`ATTRIBUTE_ID`, `ATTRIBUTE_NAME`, `ATTRIBUTE_LABEL`, `ATTRIBUTE_DESCRIPTION`, `ATTRIBUTE_TYPE_ID`, `SEQUENCE_NUM`, `LAST_UPDATED_STAMP`, `LAST_UPDATED_TX_STAMP`, `CREATED_STAMP`, `CREATED_TX_STAMP`) VALUES ('FOIL_STAMP_IMAGE_ADD_ON', 'Foil Stamp Image', 'Foil Stamp Image', 'Adding Additional Image Area to a Foil Stamp Run', 'COMMON_ADD_ON_PRICE', '8', '2017-05-15 13:40:00', '2017-05-15 13:40:00', '2017-05-15 13:40:00', '2017-05-15 13:40:00');
INSERT INTO `qc_attribute` (`ATTRIBUTE_ID`, `ATTRIBUTE_NAME`, `ATTRIBUTE_LABEL`, `ATTRIBUTE_DESCRIPTION`, `ATTRIBUTE_TYPE_ID`, `SEQUENCE_NUM`, `LAST_UPDATED_STAMP`, `LAST_UPDATED_TX_STAMP`, `CREATED_STAMP`, `CREATED_TX_STAMP`) VALUES ('EMBOSS_RUN_ADD_ON', 'Emboss Run', 'Emboss Run', 'Adding Embossing to Print Base or Adding Embossing to Foil Stamp Base or Adding Additional Embossing Run to Embossing', 'COMMON_ADD_ON_PRICE', '9', '2017-05-15 13:40:00', '2017-05-15 13:40:00', '2017-05-15 13:40:00', '2017-05-15 13:40:00');
INSERT INTO `qc_attribute` (`ATTRIBUTE_ID`, `ATTRIBUTE_NAME`, `ATTRIBUTE_LABEL`, `ATTRIBUTE_DESCRIPTION`, `ATTRIBUTE_TYPE_ID`, `SEQUENCE_NUM`, `LAST_UPDATED_STAMP`, `LAST_UPDATED_TX_STAMP`, `CREATED_STAMP`, `CREATED_TX_STAMP`) VALUES ('EMBOSS_IMAGE_ADD_ON', 'Emboss Image', 'Emboss Image', 'Adding Additional Image Area to an Embossing Run', 'COMMON_ADD_ON_PRICE', '10', '2017-05-15 13:40:00', '2017-05-15 13:40:00', '2017-05-15 13:40:00', '2017-05-15 13:40:00');
INSERT INTO `qc_attribute` (`ATTRIBUTE_ID`, `ATTRIBUTE_NAME`, `ATTRIBUTE_LABEL`, `ATTRIBUTE_DESCRIPTION`, `ATTRIBUTE_TYPE_ID`, `SEQUENCE_NUM`, `LAST_UPDATED_STAMP`, `LAST_UPDATED_TX_STAMP`, `CREATED_STAMP`, `CREATED_TX_STAMP`) VALUES ('GROUP_A_STOCKS', 'Group A Stocks', 'Group A Stocks', 'Group A Stocks Add-on Price', 'CATEGORY_ADD_ON_PRICE', '11', '2017-05-15 13:40:00', '2017-05-15 13:40:00', '2017-05-15 13:40:00', '2017-05-15 13:40:00');
INSERT INTO `qc_attribute` (`ATTRIBUTE_ID`, `ATTRIBUTE_NAME`, `ATTRIBUTE_LABEL`, `ATTRIBUTE_DESCRIPTION`, `ATTRIBUTE_TYPE_ID`, `SEQUENCE_NUM`, `LAST_UPDATED_STAMP`, `LAST_UPDATED_TX_STAMP`, `CREATED_STAMP`, `CREATED_TX_STAMP`) VALUES ('GROUP_B_STOCKS', 'Group B Stocks', 'Group B Stocks', 'Group B Stocks Add-on Price', 'CATEGORY_ADD_ON_PRICE', '12', '2017-05-15 13:40:00', '2017-05-15 13:40:00', '2017-05-15 13:40:00', '2017-05-15 13:40:00');
INSERT INTO `qc_attribute` (`ATTRIBUTE_ID`, `ATTRIBUTE_NAME`, `ATTRIBUTE_LABEL`, `ATTRIBUTE_DESCRIPTION`, `ATTRIBUTE_TYPE_ID`, `SEQUENCE_NUM`, `LAST_UPDATED_STAMP`, `LAST_UPDATED_TX_STAMP`, `CREATED_STAMP`, `CREATED_TX_STAMP`) VALUES ('GROUP_C_STOCKS', 'Group C Stocks', 'Group C Stocks', 'Group C Stocks Add-on Price', 'CATEGORY_ADD_ON_PRICE', '13', '2017-05-15 13:40:00', '2017-05-15 13:40:00', '2017-05-15 13:40:00', '2017-05-15 13:40:00');
INSERT INTO `qc_attribute` (`ATTRIBUTE_ID`, `ATTRIBUTE_NAME`, `ATTRIBUTE_LABEL`, `ATTRIBUTE_DESCRIPTION`, `ATTRIBUTE_TYPE_ID`, `SEQUENCE_NUM`, `LAST_UPDATED_STAMP`, `LAST_UPDATED_TX_STAMP`, `CREATED_STAMP`, `CREATED_TX_STAMP`) VALUES ('GROUP_D_STOCKS', 'Group D Stocks', 'Group D Stocks', 'Group D Stocks Add-on Price', 'CATEGORY_ADD_ON_PRICE', '14', '2017-05-15 13:40:00', '2017-05-15 13:40:00', '2017-05-15 13:40:00', '2017-05-15 13:40:00');
INSERT INTO `qc_attribute` (`ATTRIBUTE_ID`, `ATTRIBUTE_NAME`, `ATTRIBUTE_LABEL`, `ATTRIBUTE_DESCRIPTION`, `ATTRIBUTE_TYPE_ID`, `SEQUENCE_NUM`, `LAST_UPDATED_STAMP`, `LAST_UPDATED_TX_STAMP`, `CREATED_STAMP`, `CREATED_TX_STAMP`) VALUES ('ITEM_UPCHARGE', 'Item Upcharge', 'Item Upcharge', 'Style Specific Upcharge', 'STYLE_ADD_ON_PRICE', '15', '2017-05-15 13:40:00', '2017-05-15 13:40:00', '2017-05-15 13:40:00', '2017-05-15 13:40:00');
INSERT INTO `qc_attribute` (`ATTRIBUTE_ID`, `ATTRIBUTE_NAME`, `ATTRIBUTE_LABEL`, `ATTRIBUTE_DESCRIPTION`, `ATTRIBUTE_TYPE_ID`, `SEQUENCE_NUM`, `LAST_UPDATED_STAMP`, `LAST_UPDATED_TX_STAMP`, `CREATED_STAMP`, `CREATED_TX_STAMP`) VALUES ('AQUEOUS_GLOSS', 'Aqueous Coating - Gloss', 'Aqueous Coating - Gloss', 'Gloss Aqueous Coating', 'CATEGORY_ADD_ON_PRICE', '16', '2017-05-15 13:40:00', '2017-05-15 13:40:00', '2017-05-15 13:40:00', '2017-05-15 13:40:00');
INSERT INTO `qc_attribute` (`ATTRIBUTE_ID`, `ATTRIBUTE_NAME`, `ATTRIBUTE_LABEL`, `ATTRIBUTE_DESCRIPTION`, `ATTRIBUTE_TYPE_ID`, `SEQUENCE_NUM`, `LAST_UPDATED_STAMP`, `LAST_UPDATED_TX_STAMP`, `CREATED_STAMP`, `CREATED_TX_STAMP`) VALUES ('AQUEOUS_MATTE', 'Aqueous Coating - Matte', 'Aqueous Coating - Matte', 'Gloss Aqueous Coating', 'CATEGORY_ADD_ON_PRICE', '17', '2017-05-15 13:40:00', '2017-05-15 13:40:00', '2017-05-15 13:40:00', '2017-05-15 13:40:00');
INSERT INTO `qc_attribute` (`ATTRIBUTE_ID`, `ATTRIBUTE_NAME`, `ATTRIBUTE_LABEL`, `ATTRIBUTE_DESCRIPTION`, `ATTRIBUTE_TYPE_ID`, `SEQUENCE_NUM`, `LAST_UPDATED_STAMP`, `LAST_UPDATED_TX_STAMP`, `CREATED_STAMP`, `CREATED_TX_STAMP`) VALUES ('AQUEOUS_SATIN', 'Aqueous Coating - Satin', 'Aqueous Coating - Satin', 'Gloss Aqueous Coating', 'CATEGORY_ADD_ON_PRICE', '18', '2017-05-15 13:40:00', '2017-05-15 13:40:00', '2017-05-15 13:40:00', '2017-05-15 13:40:00');
INSERT INTO `qc_attribute` (`ATTRIBUTE_ID`, `ATTRIBUTE_NAME`, `ATTRIBUTE_LABEL`, `ATTRIBUTE_DESCRIPTION`, `ATTRIBUTE_TYPE_ID`, `SEQUENCE_NUM`, `LAST_UPDATED_STAMP`, `LAST_UPDATED_TX_STAMP`, `CREATED_STAMP`, `CREATED_TX_STAMP`) VALUES ('AQUEOUS_CHOICE', 'Aqueous Coating - Choice', 'Aqueous Coating - Choice', 'Gloss, Matte or Satin Aqueous Coating', 'CATEGORY_ADD_ON_PRICE', '19', '2017-05-15 13:40:00', '2017-05-15 13:40:00', '2017-05-15 13:40:00', '2017-05-15 13:40:00');
INSERT INTO `qc_attribute` (`ATTRIBUTE_ID`, `ATTRIBUTE_NAME`, `ATTRIBUTE_LABEL`, `ATTRIBUTE_DESCRIPTION`, `ATTRIBUTE_TYPE_ID`, `SEQUENCE_NUM`, `LAST_UPDATED_STAMP`, `LAST_UPDATED_TX_STAMP`, `CREATED_STAMP`, `CREATED_TX_STAMP`) VALUES ('AQUEOUS_SOFT_TOUCH', 'Aqueous Coating - Soft Touch', 'Aqueous Coating - Soft Touch', 'Soft Touch Aqueous Coating', 'CATEGORY_ADD_ON_PRICE', '20', '2017-05-15 13:40:00', '2017-05-15 13:40:00', '2017-05-15 13:40:00', '2017-05-15 13:40:00');
INSERT INTO `qc_attribute` (`ATTRIBUTE_ID`, `ATTRIBUTE_NAME`, `ATTRIBUTE_LABEL`, `ATTRIBUTE_DESCRIPTION`, `ATTRIBUTE_TYPE_ID`, `SEQUENCE_NUM`, `LAST_UPDATED_STAMP`, `LAST_UPDATED_TX_STAMP`, `CREATED_STAMP`, `CREATED_TX_STAMP`) VALUES ('UV_COATING_GLOSS', 'UV Coating - Gloss', 'UV Coating - Gloss', 'Gloss UV Coating', 'CATEGORY_ADD_ON_PRICE', '21', '2017-05-15 13:40:00', '2017-05-15 13:40:00', '2017-05-15 13:40:00', '2017-05-15 13:40:00');
INSERT INTO `qc_attribute` (`ATTRIBUTE_ID`, `ATTRIBUTE_NAME`, `ATTRIBUTE_LABEL`, `ATTRIBUTE_DESCRIPTION`, `ATTRIBUTE_TYPE_ID`, `SEQUENCE_NUM`, `LAST_UPDATED_STAMP`, `LAST_UPDATED_TX_STAMP`, `CREATED_STAMP`, `CREATED_TX_STAMP`) VALUES ('LAMINATION_GLOSS', 'Lamination - Oversize Gloss', 'Lamination - Oversize Gloss', 'Oversize Gloss Film Lamination', 'CATEGORY_ADD_ON_PRICE', '22', '2017-05-15 13:40:00', '2017-05-15 13:40:00', '2017-05-15 13:40:00', '2017-05-15 13:40:00');
INSERT INTO `qc_attribute` (`ATTRIBUTE_ID`, `ATTRIBUTE_NAME`, `ATTRIBUTE_LABEL`, `ATTRIBUTE_DESCRIPTION`, `ATTRIBUTE_TYPE_ID`, `SEQUENCE_NUM`, `LAST_UPDATED_STAMP`, `LAST_UPDATED_TX_STAMP`, `CREATED_STAMP`, `CREATED_TX_STAMP`) VALUES ('LAMINATION_GLOSS_24', 'Lamination - Oversize Gloss', 'Lamination - Oversize Gloss', 'Oversize Gloss Film Lamination', 'CATEGORY_ADD_ON_PRICE', '22', '2017-05-15 13:40:00', '2017-05-15 13:40:00', '2017-05-15 13:40:00', '2017-05-15 13:40:00');
INSERT INTO `qc_attribute` (`ATTRIBUTE_ID`, `ATTRIBUTE_NAME`, `ATTRIBUTE_LABEL`, `ATTRIBUTE_DESCRIPTION`, `ATTRIBUTE_TYPE_ID`, `SEQUENCE_NUM`, `LAST_UPDATED_STAMP`, `LAST_UPDATED_TX_STAMP`, `CREATED_STAMP`, `CREATED_TX_STAMP`) VALUES ('LAMINATION_MATTE', 'Lamination - Oversize Matte', 'Lamination - Oversize Gloss', 'Oversize Matte Film Lamination', 'CATEGORY_ADD_ON_PRICE', '23', '2017-05-15 13:40:00', '2017-05-15 13:40:00', '2017-05-15 13:40:00', '2017-05-15 13:40:00');
INSERT INTO `qc_attribute` (`ATTRIBUTE_ID`, `ATTRIBUTE_NAME`, `ATTRIBUTE_LABEL`, `ATTRIBUTE_DESCRIPTION`, `ATTRIBUTE_TYPE_ID`, `SEQUENCE_NUM`, `LAST_UPDATED_STAMP`, `LAST_UPDATED_TX_STAMP`, `CREATED_STAMP`, `CREATED_TX_STAMP`) VALUES ('LAMINATION_MATTE_24', 'Lamination - Oversize Matte', 'Lamination - Oversize Gloss', 'Oversize Matte Film Lamination', 'CATEGORY_ADD_ON_PRICE', '23', '2017-05-15 13:40:00', '2017-05-15 13:40:00', '2017-05-15 13:40:00', '2017-05-15 13:40:00');
INSERT INTO `qc_attribute` (`ATTRIBUTE_ID`, `ATTRIBUTE_NAME`, `ATTRIBUTE_LABEL`, `ATTRIBUTE_DESCRIPTION`, `ATTRIBUTE_TYPE_ID`, `SEQUENCE_NUM`, `LAST_UPDATED_STAMP`, `LAST_UPDATED_TX_STAMP`, `CREATED_STAMP`, `CREATED_TX_STAMP`) VALUES ('LAMINATION_SOFT_TOUCH', 'Lamination - Oversize Soft Touch', 'Lamination - Oversize Soft Touch', 'Oversize Soft Touch Film Lamination', 'CATEGORY_ADD_ON_PRICE', '24', '2017-05-15 13:40:00', '2017-05-15 13:40:00', '2017-05-15 13:40:00', '2017-05-15 13:40:00');
INSERT INTO `qc_attribute` (`ATTRIBUTE_ID`, `ATTRIBUTE_NAME`, `ATTRIBUTE_LABEL`, `ATTRIBUTE_DESCRIPTION`, `ATTRIBUTE_TYPE_ID`, `SEQUENCE_NUM`, `LAST_UPDATED_STAMP`, `LAST_UPDATED_TX_STAMP`, `CREATED_STAMP`, `CREATED_TX_STAMP`) VALUES ('LAMINATION_SOFT_TOUCH_20', 'Lamination - Oversize Soft Touch', 'Lamination - Oversize Soft Touch', 'Oversize Soft Touch Film Lamination', 'CATEGORY_ADD_ON_PRICE', '24', '2017-05-15 13:40:00', '2017-05-15 13:40:00', '2017-05-15 13:40:00', '2017-05-15 13:40:00');
INSERT INTO `qc_attribute` (`ATTRIBUTE_ID`, `ATTRIBUTE_NAME`, `ATTRIBUTE_LABEL`, `ATTRIBUTE_DESCRIPTION`, `ATTRIBUTE_TYPE_ID`, `SEQUENCE_NUM`, `LAST_UPDATED_STAMP`, `LAST_UPDATED_TX_STAMP`, `CREATED_STAMP`, `CREATED_TX_STAMP`) VALUES ('LAMINATION_SOFT_TOUCH_24_PT', 'Lamination - Oversize Soft Touch', 'Lamination - Oversize Soft Touch', 'Oversize Soft Touch Film Lamination', 'CATEGORY_ADD_ON_PRICE', '24', '2017-05-15 13:40:00', '2017-05-15 13:40:00', '2017-05-15 13:40:00', '2017-05-15 13:40:00');
INSERT INTO `qc_attribute` (`ATTRIBUTE_ID`, `ATTRIBUTE_NAME`, `ATTRIBUTE_LABEL`, `ATTRIBUTE_DESCRIPTION`, `ATTRIBUTE_TYPE_ID`, `SEQUENCE_NUM`, `LAST_UPDATED_STAMP`, `LAST_UPDATED_TX_STAMP`, `CREATED_STAMP`, `CREATED_TX_STAMP`) VALUES ('LAMINATION_PLASTIC_MATTE', 'Lamination - Plastic Matte', 'Lamination - Plastic Matte', 'Plastic Matte Film Lamination', 'CATEGORY_ADD_ON_PRICE', '23', '2017-05-15 13:40:00', '2017-05-15 13:40:00', '2017-05-15 13:40:00', '2017-05-15 13:40:00');
INSERT INTO `qc_attribute` (`ATTRIBUTE_ID`, `ATTRIBUTE_NAME`, `ATTRIBUTE_LABEL`, `ATTRIBUTE_DESCRIPTION`, `ATTRIBUTE_TYPE_ID`, `SEQUENCE_NUM`, `LAST_UPDATED_STAMP`, `LAST_UPDATED_TX_STAMP`, `CREATED_STAMP`, `CREATED_TX_STAMP`) VALUES ('LAMINATION_PLASTIC_MATTE_20', 'Lamination - Plastic Matte', 'Lamination - Plastic Matte', 'Plastic Matte Film Lamination', 'CATEGORY_ADD_ON_PRICE', '23', '2017-05-15 13:40:00', '2017-05-15 13:40:00', '2017-05-15 13:40:00', '2017-05-15 13:40:00');
INSERT INTO `qc_attribute` (`ATTRIBUTE_ID`, `ATTRIBUTE_NAME`, `ATTRIBUTE_LABEL`, `ATTRIBUTE_DESCRIPTION`, `ATTRIBUTE_TYPE_ID`, `SEQUENCE_NUM`, `LAST_UPDATED_STAMP`, `LAST_UPDATED_TX_STAMP`, `CREATED_STAMP`, `CREATED_TX_STAMP`) VALUES ('SPOT_LAMINATION', 'Spot Lamination', 'Spot Lamination', 'Spot Lamination', 'CATEGORY_ADD_ON_PRICE', '24', '2017-05-15 13:40:00', '2017-05-15 13:40:00', '2017-05-15 13:40:00', '2017-05-15 13:40:00');
INSERT INTO `qc_attribute` (`ATTRIBUTE_ID`, `ATTRIBUTE_NAME`, `ATTRIBUTE_LABEL`, `ATTRIBUTE_DESCRIPTION`, `ATTRIBUTE_TYPE_ID`, `SEQUENCE_NUM`, `LAST_UPDATED_STAMP`, `LAST_UPDATED_TX_STAMP`, `CREATED_STAMP`, `CREATED_TX_STAMP`) VALUES ('SPOT_UV', 'Spot U/V', 'Spot U/V', 'Spot U/V', 'CATEGORY_ADD_ON_PRICE', '24', '2017-05-15 13:40:00', '2017-05-15 13:40:00', '2017-05-15 13:40:00', '2017-05-15 13:40:00');
INSERT INTO `qc_attribute` (`ATTRIBUTE_ID`, `ATTRIBUTE_NAME`, `ATTRIBUTE_LABEL`, `ATTRIBUTE_DESCRIPTION`, `ATTRIBUTE_TYPE_ID`, `SEQUENCE_NUM`, `LAST_UPDATED_STAMP`, `LAST_UPDATED_TX_STAMP`, `CREATED_STAMP`, `CREATED_TX_STAMP`) VALUES ('SPOT_STRIKE_THRU_MATTE', 'Spot Strike-thru - Matte', 'Spot Strike-thru - Matte', 'Spot Strike-thru - Matte', 'CATEGORY_ADD_ON_PRICE', '24', '2017-05-15 13:40:00', '2017-05-15 13:40:00', '2017-05-15 13:40:00', '2017-05-15 13:40:00');
INSERT INTO `qc_attribute` (`ATTRIBUTE_ID`, `ATTRIBUTE_NAME`, `ATTRIBUTE_LABEL`, `ATTRIBUTE_DESCRIPTION`, `ATTRIBUTE_TYPE_ID`, `SEQUENCE_NUM`, `LAST_UPDATED_STAMP`, `LAST_UPDATED_TX_STAMP`, `CREATED_STAMP`, `CREATED_TX_STAMP`) VALUES ('SPINE_ATTACHMENTS', 'Spine Attachments', 'Spine Attachments', 'Spine Attachments', 'CATEGORY_ADD_ON_PRICE', '25', '2017-05-15 13:40:00', '2017-05-15 13:40:00', '2017-05-15 13:40:00', '2017-05-15 13:40:00');
INSERT INTO `qc_attribute` (`ATTRIBUTE_ID`, `ATTRIBUTE_NAME`, `ATTRIBUTE_LABEL`, `ATTRIBUTE_DESCRIPTION`, `ATTRIBUTE_TYPE_ID`, `SEQUENCE_NUM`, `LAST_UPDATED_STAMP`, `LAST_UPDATED_TX_STAMP`, `CREATED_STAMP`, `CREATED_TX_STAMP`) VALUES ('VELCRO_CLOSURES', 'Velcro Closures', 'Velcro Closures', 'Velcro Closures', 'CATEGORY_ADD_ON_PRICE', '26', '2017-05-15 13:40:00', '2017-05-15 13:40:00', '2017-05-15 13:40:00', '2017-05-15 13:40:00');
INSERT INTO `qc_attribute` (`ATTRIBUTE_ID`, `ATTRIBUTE_NAME`, `ATTRIBUTE_LABEL`, `ATTRIBUTE_DESCRIPTION`, `ATTRIBUTE_TYPE_ID`, `SEQUENCE_NUM`, `LAST_UPDATED_STAMP`, `LAST_UPDATED_TX_STAMP`, `CREATED_STAMP`, `CREATED_TX_STAMP`) VALUES ('BANDOS', 'Bandos', 'Bandos', 'Bandos', 'CATEGORY_ADD_ON_PRICE', '27', '2017-05-15 13:40:00', '2017-05-15 13:40:00', '2017-05-15 13:40:00', '2017-05-15 13:40:00');
INSERT INTO `qc_attribute` (`ATTRIBUTE_ID`, `ATTRIBUTE_NAME`, `ATTRIBUTE_LABEL`, `ATTRIBUTE_DESCRIPTION`, `ATTRIBUTE_TYPE_ID`, `SEQUENCE_NUM`, `LAST_UPDATED_STAMP`, `LAST_UPDATED_TX_STAMP`, `CREATED_STAMP`, `CREATED_TX_STAMP`) VALUES ('METAL_RING_3_BY_4_INCH', 'Metal Ring Mechanism - 3/4 Inch', 'Metal Ring Mechanism - 3/4 Inch', 'Metal Ring Mechanism - 3/4 Inch', 'CATEGORY_ADD_ON_PRICE', '27', '2017-05-15 13:40:00', '2017-05-15 13:40:00', '2017-05-15 13:40:00', '2017-05-15 13:40:00');
INSERT INTO `qc_attribute` (`ATTRIBUTE_ID`, `ATTRIBUTE_NAME`, `ATTRIBUTE_LABEL`, `ATTRIBUTE_DESCRIPTION`, `ATTRIBUTE_TYPE_ID`, `SEQUENCE_NUM`, `LAST_UPDATED_STAMP`, `LAST_UPDATED_TX_STAMP`, `CREATED_STAMP`, `CREATED_TX_STAMP`) VALUES ('METAL_RING_1_INCH', 'Metal Ring Mechanism - 1 Inch', 'Metal Ring Mechanism - 1 Inch', 'Metal Ring Mechanism - 1 Inch', 'CATEGORY_ADD_ON_PRICE', '27', '2017-05-15 13:40:00', '2017-05-15 13:40:00', '2017-05-15 13:40:00', '2017-05-15 13:40:00');
INSERT INTO `qc_attribute` (`ATTRIBUTE_ID`, `ATTRIBUTE_NAME`, `ATTRIBUTE_LABEL`, `ATTRIBUTE_DESCRIPTION`, `ATTRIBUTE_TYPE_ID`, `SEQUENCE_NUM`, `LAST_UPDATED_STAMP`, `LAST_UPDATED_TX_STAMP`, `CREATED_STAMP`, `CREATED_TX_STAMP`) VALUES ('DISCOUNT_15_SQ_INCH', '15 Sq. In. Discount', '15 Sq. In. Discount', 'Discount for Foil Stamping or Embossing using Images of size up to 15 sq. in.', 'CATEGORY_ADD_ON_PRICE', '26', '2017-05-15 13:40:00', '2017-05-15 13:40:00', '2017-05-15 13:40:00', '2017-05-15 13:40:00');
INSERT INTO `qc_attribute` (`ATTRIBUTE_ID`, `ATTRIBUTE_NAME`, `ATTRIBUTE_LABEL`, `ATTRIBUTE_DESCRIPTION`, `ATTRIBUTE_TYPE_ID`, `SEQUENCE_NUM`, `LAST_UPDATED_STAMP`, `LAST_UPDATED_TX_STAMP`, `CREATED_STAMP`, `CREATED_TX_STAMP`) VALUES ('MIN_MARKUP_PERCENTAGE', 'Minimum Percentage Markup', 'Minimum Percentage Markup', 'Minimum Gross Profit Percentage Markup', 'COMMON_ADD_ON_PRICE', '27', '2017-05-15 13:40:00', '2017-05-15 13:40:00', '2017-05-15 13:40:00', '2017-05-15 13:40:00');
INSERT INTO `qc_attribute` (`ATTRIBUTE_ID`, `ATTRIBUTE_NAME`, `ATTRIBUTE_LABEL`, `ATTRIBUTE_DESCRIPTION`, `ATTRIBUTE_TYPE_ID`, `SEQUENCE_NUM`, `LAST_UPDATED_STAMP`, `LAST_UPDATED_TX_STAMP`, `CREATED_STAMP`, `CREATED_TX_STAMP`) VALUES ('MIN_MARKUP_DOLLAR', 'Minimum Dollar Markup', 'Minimum Dollar Markup', 'Minimum Gross Profit Dollar Markup', 'COMMON_ADD_ON_PRICE', '28', '2017-05-15 13:40:00', '2017-05-15 13:40:00', '2017-05-15 13:40:00', '2017-05-15 13:40:00');
INSERT INTO `qc_attribute` (`ATTRIBUTE_ID`, `ATTRIBUTE_NAME`, `ATTRIBUTE_LABEL`, `ATTRIBUTE_DESCRIPTION`, `ATTRIBUTE_TYPE_ID`, `SEQUENCE_NUM`, `LAST_UPDATED_STAMP`, `LAST_UPDATED_TX_STAMP`, `CREATED_STAMP`, `CREATED_TX_STAMP`) VALUES ('DEFAULT_MARKUP_PERCENTAGE', 'Default Percentage Markup', 'Default Percentage Markup', 'Default Gross Profit Percentage Markup', 'COMMON_ADD_ON_PRICE', '29', '2017-05-15 13:40:00', '2017-05-15 13:40:00', '2017-05-15 13:40:00', '2017-05-15 13:40:00');
INSERT INTO `qc_attribute` (`ATTRIBUTE_ID`, `ATTRIBUTE_NAME`, `ATTRIBUTE_LABEL`, `ATTRIBUTE_DESCRIPTION`, `ATTRIBUTE_TYPE_ID`, `SEQUENCE_NUM`, `LAST_UPDATED_STAMP`, `LAST_UPDATED_TX_STAMP`, `CREATED_STAMP`, `CREATED_TX_STAMP`) VALUES ('DEFAULT_MARKUP_DOLLAR', 'Default Dollar Markup', 'Default Dollar Markup', 'Default Gross Profit Dollar Markup', 'COMMON_ADD_ON_PRICE', '30', '2017-05-15 13:40:00', '2017-05-15 13:40:00', '2017-05-15 13:40:00', '2017-05-15 13:40:00');
INSERT INTO `qc_attribute` (`ATTRIBUTE_ID`, `ATTRIBUTE_NAME`, `ATTRIBUTE_LABEL`, `ATTRIBUTE_DESCRIPTION`, `ATTRIBUTE_TYPE_ID`, `SEQUENCE_NUM`, `LAST_UPDATED_STAMP`, `LAST_UPDATED_TX_STAMP`, `CREATED_STAMP`, `CREATED_TX_STAMP`) VALUES ('MAX_MARKUP_PERCENTAGE', 'Maximum Percentage Markup', 'Maximum Percentage Markup', 'Maximum Gross Profit Percentage Markup', 'COMMON_ADD_ON_PRICE', '31', '2017-05-15 13:40:00', '2017-05-15 13:40:00', '2017-05-15 13:40:00', '2017-05-15 13:40:00');
INSERT INTO `qc_attribute` (`ATTRIBUTE_ID`, `ATTRIBUTE_NAME`, `ATTRIBUTE_LABEL`, `ATTRIBUTE_DESCRIPTION`, `ATTRIBUTE_TYPE_ID`, `SEQUENCE_NUM`, `LAST_UPDATED_STAMP`, `LAST_UPDATED_TX_STAMP`, `CREATED_STAMP`, `CREATED_TX_STAMP`) VALUES ('MAX_MARKUP_DOLLAR', 'Maximum Dollar Markup', 'Maximum Dollar Markup', 'Maximum Gross Profit Dollar Markup', 'COMMON_ADD_ON_PRICE', '32', '2017-05-15 13:40:00', '2017-05-15 13:40:00', '2017-05-15 13:40:00', '2017-05-15 13:40:00');
INSERT INTO `qc_attribute` (`ATTRIBUTE_ID`, `ATTRIBUTE_NAME`, `ATTRIBUTE_LABEL`, `ATTRIBUTE_DESCRIPTION`, `ATTRIBUTE_TYPE_ID`, `SEQUENCE_NUM`, `LAST_UPDATED_STAMP`, `LAST_UPDATED_TX_STAMP`, `CREATED_STAMP`, `CREATED_TX_STAMP`) VALUES ('PLATE_CHANGE', 'Plate Change', 'Plate Change', 'Plate Change', 'COMMON_ADD_ON_PRICE', '32', '2017-05-15 13:40:00', '2017-05-15 13:40:00', '2017-05-15 13:40:00', '2017-05-15 13:40:00');
INSERT INTO `qc_attribute` (`ATTRIBUTE_ID`, `ATTRIBUTE_NAME`, `ATTRIBUTE_LABEL`, `ATTRIBUTE_DESCRIPTION`, `ATTRIBUTE_TYPE_ID`, `SEQUENCE_NUM`, `LAST_UPDATED_STAMP`, `LAST_UPDATED_TX_STAMP`, `CREATED_STAMP`, `CREATED_TX_STAMP`) VALUES ('PLATE_SET_CHANGE', 'Plate Set Change', 'Plate Set Change', 'Plate Set Change', 'COMMON_ADD_ON_PRICE', '32', '2017-05-15 13:40:00', '2017-05-15 13:40:00', '2017-05-15 13:40:00', '2017-05-15 13:40:00');
INSERT INTO `qc_attribute` (`ATTRIBUTE_ID`, `ATTRIBUTE_NAME`, `ATTRIBUTE_LABEL`, `ATTRIBUTE_DESCRIPTION`, `ATTRIBUTE_TYPE_ID`, `SEQUENCE_NUM`, `LAST_UPDATED_STAMP`, `LAST_UPDATED_TX_STAMP`, `CREATED_STAMP`, `CREATED_TX_STAMP`) VALUES ('COLOR_WASH', 'Color Wash', 'Color Wash', 'Color Wash', 'COMMON_ADD_ON_PRICE', '32', '2017-05-15 13:40:00', '2017-05-15 13:40:00', '2017-05-15 13:40:00', '2017-05-15 13:40:00');
INSERT INTO `qc_attribute` (`ATTRIBUTE_ID`, `ATTRIBUTE_NAME`, `ATTRIBUTE_LABEL`, `ATTRIBUTE_DESCRIPTION`, `ATTRIBUTE_TYPE_ID`, `SEQUENCE_NUM`, `LAST_UPDATED_STAMP`, `LAST_UPDATED_TX_STAMP`, `CREATED_STAMP`, `CREATED_TX_STAMP`) VALUES ('COLOR_WASH_WITH_HEAVY_COVERAGE', 'Color Wash with Heavy Coverage', 'Color Wash with Heavy Coverage', 'Color Wash with Heavy Coverage', 'COMMON_ADD_ON_PRICE', '32', '2017-05-15 13:40:00', '2017-05-15 13:40:00', '2017-05-15 13:40:00', '2017-05-15 13:40:00');



INSERT INTO `qc_attribute_value` (`ATTRIBUTE_VALUE_ID`, `ATTRIBUTE_ID`, `STYLE_GROUP_ID`, `VENDOR_ID`, `QUANTITY_BREAK`, `VOLUME_PRICE`, `LAST_UPDATED_STAMP`, `LAST_UPDATED_TX_STAMP`, `CREATED_STAMP`, `CREATED_TX_STAMP`) VALUES ('1',  'FOIL_STAMP_RUN_ADD_ON', null, 'ADMORE', '250|500|1000|1500|2000|2500|3000|5000|7500|10000|15000|20000', '109|134|176|214|251|305|364|527|763|959|1412|1865', '2017-05-15 13:40:00', '2017-05-15 13:40:00', '2017-05-15 13:40:00', '2017-05-15 13:40:00');
INSERT INTO `qc_attribute_value` (`ATTRIBUTE_VALUE_ID`, `ATTRIBUTE_ID`, `STYLE_GROUP_ID`, `VENDOR_ID`, `QUANTITY_BREAK`, `VOLUME_PRICE`, `LAST_UPDATED_STAMP`, `LAST_UPDATED_TX_STAMP`, `CREATED_STAMP`, `CREATED_TX_STAMP`) VALUES ('2',  'FOIL_STAMP_IMAGE_ADD_ON', null, 'ADMORE', '250|500|1000|1500|2000|2500|3000|5000|7500|10000|15000|20000', '50|51|57|61|64|67|69|84|97|109|140|176', '2017-05-15 13:40:00', '2017-05-15 13:40:00', '2017-05-15 13:40:00', '2017-05-15 13:40:00');
INSERT INTO `qc_attribute_value` (`ATTRIBUTE_VALUE_ID`, `ATTRIBUTE_ID`, `STYLE_GROUP_ID`, `VENDOR_ID`, `QUANTITY_BREAK`, `VOLUME_PRICE`, `LAST_UPDATED_STAMP`, `LAST_UPDATED_TX_STAMP`, `CREATED_STAMP`, `CREATED_TX_STAMP`) VALUES ('3',  'EMBOSS_RUN_ADD_ON', null, 'ADMORE', '250|500|1000|1500|2000|2500|3000|5000|7500|10000|15000|20000', '154|170|203|241|274|323|382|545|781|977|1430|1883', '2017-05-15 13:40:00', '2017-05-15 13:40:00', '2017-05-15 13:40:00', '2017-05-15 13:40:00');
INSERT INTO `qc_attribute_value` (`ATTRIBUTE_VALUE_ID`, `ATTRIBUTE_ID`, `STYLE_GROUP_ID`, `VENDOR_ID`, `QUANTITY_BREAK`, `VOLUME_PRICE`, `LAST_UPDATED_STAMP`, `LAST_UPDATED_TX_STAMP`, `CREATED_STAMP`, `CREATED_TX_STAMP`) VALUES ('4',  'EMBOSS_IMAGE_ADD_ON', null, 'ADMORE', '250|500|1000|1500|2000|2500|3000|5000|7500|10000|15000|20000', '90|90|90|90|90|90|90|90|90|90|90|90', '2017-05-15 13:40:00', '2017-05-15 13:40:00', '2017-05-15 13:40:00', '2017-05-15 13:40:00');
INSERT INTO `qc_attribute_value` (`ATTRIBUTE_VALUE_ID`, `ATTRIBUTE_ID`, `STYLE_GROUP_ID`, `VENDOR_ID`, `QUANTITY_BREAK`, `VOLUME_PRICE`, `LAST_UPDATED_STAMP`, `LAST_UPDATED_TX_STAMP`, `CREATED_STAMP`, `CREATED_TX_STAMP`) VALUES ('5',  'DEFAULT_MARKUP_PERCENTAGE', null, 'ADMORE', '100|250|500|1000|1500|2000|2500|3000|5000|7500|10000', '63.20|58.10|58.10|47.90|47.90|47.90|47.90|47.90|47.90|47.90|42.80', '2017-05-15 13:40:00', '2017-05-15 13:40:00', '2017-05-15 13:40:00', '2017-05-15 13:40:00');
INSERT INTO `qc_attribute_value` (`ATTRIBUTE_VALUE_ID`, `ATTRIBUTE_ID`, `STYLE_GROUP_ID`, `VENDOR_ID`, `QUANTITY_BREAK`, `VOLUME_PRICE`, `LAST_UPDATED_STAMP`, `LAST_UPDATED_TX_STAMP`, `CREATED_STAMP`, `CREATED_TX_STAMP`) VALUES ('6',  'DEFAULT_MARKUP_DOLLAR', null, 'ADMORE', '100|250|500|1000|1500|2000|2500|3000|5000|7500|10000', '65|55|60|75|75|75|75|75|75|75|75', '2017-05-15 13:40:00', '2017-05-15 13:40:00', '2017-05-15 13:40:00', '2017-05-15 13:40:00');
INSERT INTO `qc_attribute_value` (`ATTRIBUTE_VALUE_ID`, `ATTRIBUTE_ID`, `STYLE_GROUP_ID`, `VENDOR_ID`, `QUANTITY_BREAK`, `VOLUME_PRICE`, `LAST_UPDATED_STAMP`, `LAST_UPDATED_TX_STAMP`, `CREATED_STAMP`, `CREATED_TX_STAMP`) VALUES ('7',  'PLATE_CHANGE', null, 'ADMORE', '100|250|500|1000|1500|2000|2500|3000|5000|7500|10000', '85|85|85|85|85|85|85|85|85|85|85', '2017-05-15 13:40:00', '2017-05-15 13:40:00', '2017-05-15 13:40:00', '2017-05-15 13:40:00');
INSERT INTO `qc_attribute_value` (`ATTRIBUTE_VALUE_ID`, `ATTRIBUTE_ID`, `STYLE_GROUP_ID`, `VENDOR_ID`, `QUANTITY_BREAK`, `VOLUME_PRICE`, `LAST_UPDATED_STAMP`, `LAST_UPDATED_TX_STAMP`, `CREATED_STAMP`, `CREATED_TX_STAMP`) VALUES ('8',  'PLATE_SET_CHANGE', null, 'ADMORE', '100|250|500|1000|1500|2000|2500|3000|5000|7500|10000', '200|200|200|200|200|200|200|200|200|200|200', '2017-05-15 13:40:00', '2017-05-15 13:40:00', '2017-05-15 13:40:00', '2017-05-15 13:40:00');
INSERT INTO `qc_attribute_value` (`ATTRIBUTE_VALUE_ID`, `ATTRIBUTE_ID`, `STYLE_GROUP_ID`, `VENDOR_ID`, `QUANTITY_BREAK`, `VOLUME_PRICE`, `LAST_UPDATED_STAMP`, `LAST_UPDATED_TX_STAMP`, `CREATED_STAMP`, `CREATED_TX_STAMP`) VALUES ('9',  'COLOR_WASH', null, 'ADMORE', '100|250|500|1000|1500|2000|2500|3000|5000|7500|10000', '65|65|65|65|65|65|65|65|65|65|65', '2017-05-15 13:40:00', '2017-05-15 13:40:00', '2017-05-15 13:40:00', '2017-05-15 13:40:00');
INSERT INTO `qc_attribute_value` (`ATTRIBUTE_VALUE_ID`, `ATTRIBUTE_ID`, `STYLE_GROUP_ID`, `VENDOR_ID`, `QUANTITY_BREAK`, `VOLUME_PRICE`, `LAST_UPDATED_STAMP`, `LAST_UPDATED_TX_STAMP`, `CREATED_STAMP`, `CREATED_TX_STAMP`) VALUES ('10',  'COLOR_WASH_WITH_HEAVY_COVERAGE', null, 'ADMORE', '100|250|500|1000|1500|2000|2500|3000|5000|7500|10000', '120|120|120|120|120|120|120|120|120|120|120', '2017-05-15 13:40:00', '2017-05-15 13:40:00', '2017-05-15 13:40:00', '2017-05-15 13:40:00');

INSERT INTO `qc_attribute_value` (`ATTRIBUTE_VALUE_ID`, `ATTRIBUTE_ID`, `STYLE_GROUP_ID`, `VENDOR_ID`, `QUANTITY_BREAK`, `VOLUME_PRICE`, `LAST_UPDATED_STAMP`, `LAST_UPDATED_TX_STAMP`, `CREATED_STAMP`, `CREATED_TX_STAMP`) VALUES ('11',  'PRINT_1C', 'STANDARD', 'ADMORE', '250|500|750|1000|1500|2000|2500|3000|4000|5000|7500|10000', '301.0|353.0|422.0|491.0|610.0|758.0|898.0|1040.0|1229.0|1418.0|1958.0|2385.0', '2017-07-18 12:00:00', '2017-07-18 12:00:00', '2017-07-18 12:00:00', '2017-07-18 12:00:00');
INSERT INTO `qc_attribute_value` (`ATTRIBUTE_VALUE_ID`, `ATTRIBUTE_ID`, `STYLE_GROUP_ID`, `VENDOR_ID`, `QUANTITY_BREAK`, `VOLUME_PRICE`, `LAST_UPDATED_STAMP`, `LAST_UPDATED_TX_STAMP`, `CREATED_STAMP`, `CREATED_TX_STAMP`) VALUES ('12',  'PRINT_4C', 'STANDARD', 'ADMORE', '250|500|750|1000|1500|2000|2500|3000|4000|5000|7500|10000', '355.0|440.0|521.0|602.0|775.0|929.0|1067.0|1202.0|1409.0|1616.0|2174.0|2592.0', '2017-07-18 12:00:00', '2017-07-18 12:00:00', '2017-07-18 12:00:00', '2017-07-18 12:00:00');
INSERT INTO `qc_attribute_value` (`ATTRIBUTE_VALUE_ID`, `ATTRIBUTE_ID`, `STYLE_GROUP_ID`, `VENDOR_ID`, `QUANTITY_BREAK`, `VOLUME_PRICE`, `LAST_UPDATED_STAMP`, `LAST_UPDATED_TX_STAMP`, `CREATED_STAMP`, `CREATED_TX_STAMP`) VALUES ('13',  'FOIL_STAMP_BASE', 'STANDARD', 'ADMORE', '250|500|750|1000|1500|2000|2500|3000|4000|5000|7500|10000', '252.0|344.0|413.0|482.0|606.0|788.0|945.0|1094.0|1308.0|1521.0|2147.0|2709.0', '2017-07-18 12:00:00', '2017-07-18 12:00:00', '2017-07-18 12:00:00', '2017-07-18 12:00:00');
INSERT INTO `qc_attribute_value` (`ATTRIBUTE_VALUE_ID`, `ATTRIBUTE_ID`, `STYLE_GROUP_ID`, `VENDOR_ID`, `QUANTITY_BREAK`, `VOLUME_PRICE`, `LAST_UPDATED_STAMP`, `LAST_UPDATED_TX_STAMP`, `CREATED_STAMP`, `CREATED_TX_STAMP`) VALUES ('14',  'EMBOSS_BASE', 'STANDARD', 'ADMORE', '250|500|750|1000|1500|2000|2500|3000|4000|5000|7500|10000', '252.0|344.0|413.0|482.0|606.0|788.0|945.0|1094.0|1308.0|1521.0|2147.0|2709.0', '2017-07-18 12:00:00', '2017-07-18 12:00:00', '2017-07-18 12:00:00', '2017-07-18 12:00:00');
INSERT INTO `qc_attribute_value` (`ATTRIBUTE_VALUE_ID`, `ATTRIBUTE_ID`, `STYLE_GROUP_ID`, `VENDOR_ID`, `QUANTITY_BREAK`, `VOLUME_PRICE`, `LAST_UPDATED_STAMP`, `LAST_UPDATED_TX_STAMP`, `CREATED_STAMP`, `CREATED_TX_STAMP`) VALUES ('15',  'ADDITIONAL_COLOR_PER_SIDE', 'STANDARD', 'ADMORE', '250|500|750|1000|1500|2000|2500|3000|4000|5000|7500|10000', '79.0|88.0|95.0|102.0|111.0|130.0|149.0|162.0|174.0|185.0|257.0|315.0', '2017-07-18 12:00:00', '2017-07-18 12:00:00', '2017-07-18 12:00:00', '2017-07-18 12:00:00');
INSERT INTO `qc_attribute_value` (`ATTRIBUTE_VALUE_ID`, `ATTRIBUTE_ID`, `STYLE_GROUP_ID`, `VENDOR_ID`, `QUANTITY_BREAK`, `VOLUME_PRICE`, `LAST_UPDATED_STAMP`, `LAST_UPDATED_TX_STAMP`, `CREATED_STAMP`, `CREATED_TX_STAMP`) VALUES ('16',  'HEAVY_COVERAGE_PER_SIDE', 'STANDARD', 'ADMORE', '250|500|750|1000|1500|2000|2500|3000|4000|5000|7500|10000', '79.0|88.0|95.0|102.0|111.0|130.0|149.0|162.0|174.0|185.0|257.0|315.0', '2017-07-18 12:00:00', '2017-07-18 12:00:00', '2017-07-18 12:00:00', '2017-07-18 12:00:00');
INSERT INTO `qc_attribute_value` (`ATTRIBUTE_VALUE_ID`, `ATTRIBUTE_ID`, `STYLE_GROUP_ID`, `VENDOR_ID`, `QUANTITY_BREAK`, `VOLUME_PRICE`, `LAST_UPDATED_STAMP`, `LAST_UPDATED_TX_STAMP`, `CREATED_STAMP`, `CREATED_TX_STAMP`) VALUES ('17',  'PRINT_4C_2ND_SIDE', 'STANDARD', 'ADMORE', '250|500|750|1000|1500|2000|2500|3000|4000|5000|7500|10000', '225.0|225.0|243.0|261.0|293.0|324.0|356.0|386.0|450.0|513.0|668.0|828.0', '2017-07-18 12:00:00', '2017-07-18 12:00:00', '2017-07-18 12:00:00', '2017-07-18 12:00:00');
INSERT INTO `qc_attribute_value` (`ATTRIBUTE_VALUE_ID`, `ATTRIBUTE_ID`, `STYLE_GROUP_ID`, `VENDOR_ID`, `QUANTITY_BREAK`, `VOLUME_PRICE`, `LAST_UPDATED_STAMP`, `LAST_UPDATED_TX_STAMP`, `CREATED_STAMP`, `CREATED_TX_STAMP`) VALUES ('18',  'GROUP_A_STOCKS', 'STANDARD', 'ADMORE', '250|500|750|1000|1500|2000|2500|3000|4000|5000|7500|10000', '26.0|36.0|50.0|64.0|90.0|117.0|142.0|165.0|215.0|266.0|385.0|513.0', '2017-07-18 12:00:00', '2017-07-18 12:00:00', '2017-07-18 12:00:00', '2017-07-18 12:00:00');
INSERT INTO `qc_attribute_value` (`ATTRIBUTE_VALUE_ID`, `ATTRIBUTE_ID`, `STYLE_GROUP_ID`, `VENDOR_ID`, `QUANTITY_BREAK`, `VOLUME_PRICE`, `LAST_UPDATED_STAMP`, `LAST_UPDATED_TX_STAMP`, `CREATED_STAMP`, `CREATED_TX_STAMP`) VALUES ('19',  'GROUP_B_STOCKS', 'STANDARD', 'ADMORE', '250|500|750|1000|1500|2000|2500|3000|4000|5000|7500|10000', '40.0|58.0|80.0|102.0|143.0|185.0|225.0|262.0|343.0|423.0|608.0|801.0', '2017-07-18 12:00:00', '2017-07-18 12:00:00', '2017-07-18 12:00:00', '2017-07-18 12:00:00');
INSERT INTO `qc_attribute_value` (`ATTRIBUTE_VALUE_ID`, `ATTRIBUTE_ID`, `STYLE_GROUP_ID`, `VENDOR_ID`, `QUANTITY_BREAK`, `VOLUME_PRICE`, `LAST_UPDATED_STAMP`, `LAST_UPDATED_TX_STAMP`, `CREATED_STAMP`, `CREATED_TX_STAMP`) VALUES ('20',  'GROUP_C_STOCKS', 'STANDARD', 'ADMORE', '250|500|750|1000|1500|2000|2500|3000|4000|5000|7500|10000', '61.0|88.0|122.0|155.0|217.0|283.0|342.0|397.0|520.0|644.0|932.0|1224.0', '2017-07-18 12:00:00', '2017-07-18 12:00:00', '2017-07-18 12:00:00', '2017-07-18 12:00:00');
INSERT INTO `qc_attribute_value` (`ATTRIBUTE_VALUE_ID`, `ATTRIBUTE_ID`, `STYLE_GROUP_ID`, `VENDOR_ID`, `QUANTITY_BREAK`, `VOLUME_PRICE`, `LAST_UPDATED_STAMP`, `LAST_UPDATED_TX_STAMP`, `CREATED_STAMP`, `CREATED_TX_STAMP`) VALUES ('21',  'GROUP_D_STOCKS', 'STANDARD', 'ADMORE', '250|500|750|1000|1500|2000|2500|3000|4000|5000|7500|10000', '91.0|131.0|180.0|230.0|323.0|418.0|504.0|589.0|770.0|950.0|1377.0|1809.0', '2017-07-18 12:00:00', '2017-07-18 12:00:00', '2017-07-18 12:00:00', '2017-07-18 12:00:00');
INSERT INTO `qc_attribute_value` (`ATTRIBUTE_VALUE_ID`, `ATTRIBUTE_ID`, `STYLE_GROUP_ID`, `VENDOR_ID`, `QUANTITY_BREAK`, `VOLUME_PRICE`, `LAST_UPDATED_STAMP`, `LAST_UPDATED_TX_STAMP`, `CREATED_STAMP`, `CREATED_TX_STAMP`) VALUES ('22',  'AQUEOUS_CHOICE', 'STANDARD', 'ADMORE', '250|500|750|1000|1500|2000|2500|3000|4000|5000|7500|10000', '0.0|0.0|0.0|0.0|0.0|0.0|0.0|0.0|0.0|0.0|0.0|0.0', '2017-07-18 12:00:00', '2017-07-18 12:00:00', '2017-07-18 12:00:00', '2017-07-18 12:00:00');
INSERT INTO `qc_attribute_value` (`ATTRIBUTE_VALUE_ID`, `ATTRIBUTE_ID`, `STYLE_GROUP_ID`, `VENDOR_ID`, `QUANTITY_BREAK`, `VOLUME_PRICE`, `LAST_UPDATED_STAMP`, `LAST_UPDATED_TX_STAMP`, `CREATED_STAMP`, `CREATED_TX_STAMP`) VALUES ('23',  'AQUEOUS_GLOSS', 'STANDARD', 'ADMORE', '250|500|750|1000|1500|2000|2500|3000|4000|5000|7500|10000', '0.0|0.0|0.0|0.0|0.0|0.0|0.0|0.0|0.0|0.0|0.0|0.0', '2017-07-18 12:00:00', '2017-07-18 12:00:00', '2017-07-18 12:00:00', '2017-07-18 12:00:00');
INSERT INTO `qc_attribute_value` (`ATTRIBUTE_VALUE_ID`, `ATTRIBUTE_ID`, `STYLE_GROUP_ID`, `VENDOR_ID`, `QUANTITY_BREAK`, `VOLUME_PRICE`, `LAST_UPDATED_STAMP`, `LAST_UPDATED_TX_STAMP`, `CREATED_STAMP`, `CREATED_TX_STAMP`) VALUES ('24',  'AQUEOUS_MATTE', 'STANDARD', 'ADMORE', '250|500|750|1000|1500|2000|2500|3000|4000|5000|7500|10000', '0.0|0.0|0.0|0.0|0.0|0.0|0.0|0.0|0.0|0.0|0.0|0.0', '2017-07-18 12:00:00', '2017-07-18 12:00:00', '2017-07-18 12:00:00', '2017-07-18 12:00:00');
INSERT INTO `qc_attribute_value` (`ATTRIBUTE_VALUE_ID`, `ATTRIBUTE_ID`, `STYLE_GROUP_ID`, `VENDOR_ID`, `QUANTITY_BREAK`, `VOLUME_PRICE`, `LAST_UPDATED_STAMP`, `LAST_UPDATED_TX_STAMP`, `CREATED_STAMP`, `CREATED_TX_STAMP`) VALUES ('25',  'AQUEOUS_SATIN', 'STANDARD', 'ADMORE', '250|500|750|1000|1500|2000|2500|3000|4000|5000|7500|10000', '0.0|0.0|0.0|0.0|0.0|0.0|0.0|0.0|0.0|0.0|0.0|0.0', '2017-07-18 12:00:00', '2017-07-18 12:00:00', '2017-07-18 12:00:00', '2017-07-18 12:00:00');
INSERT INTO `qc_attribute_value` (`ATTRIBUTE_VALUE_ID`, `ATTRIBUTE_ID`, `STYLE_GROUP_ID`, `VENDOR_ID`, `QUANTITY_BREAK`, `VOLUME_PRICE`, `LAST_UPDATED_STAMP`, `LAST_UPDATED_TX_STAMP`, `CREATED_STAMP`, `CREATED_TX_STAMP`) VALUES ('26',  'AQUEOUS_SOFT_TOUCH', 'STANDARD', 'ADMORE', '250|500|750|1000|1500|2000|2500|3000|4000|5000|7500|10000', '126.0|141.0|153.0|164.0|178.0|193.0|221.0|240.0|257.0|275.0|378.0|459.0', '2017-07-18 12:00:00', '2017-07-18 12:00:00', '2017-07-18 12:00:00', '2017-07-18 12:00:00');
INSERT INTO `qc_attribute_value` (`ATTRIBUTE_VALUE_ID`, `ATTRIBUTE_ID`, `STYLE_GROUP_ID`, `VENDOR_ID`, `QUANTITY_BREAK`, `VOLUME_PRICE`, `LAST_UPDATED_STAMP`, `LAST_UPDATED_TX_STAMP`, `CREATED_STAMP`, `CREATED_TX_STAMP`) VALUES ('27',  'UV_COATING_GLOSS', 'STANDARD', 'ADMORE', '250|500|750|1000|1500|2000|2500|3000|4000|5000|7500|10000', '65.0|79.0|88.0|97.0|126.0|158.0|173.0|194.0|248.0|302.0|446.0|531.0', '2017-07-18 12:00:00', '2017-07-18 12:00:00', '2017-07-18 12:00:00', '2017-07-18 12:00:00');
INSERT INTO `qc_attribute_value` (`ATTRIBUTE_VALUE_ID`, `ATTRIBUTE_ID`, `STYLE_GROUP_ID`, `VENDOR_ID`, `QUANTITY_BREAK`, `VOLUME_PRICE`, `LAST_UPDATED_STAMP`, `LAST_UPDATED_TX_STAMP`, `CREATED_STAMP`, `CREATED_TX_STAMP`) VALUES ('28',  'LAMINATION_GLOSS', 'STANDARD', 'ADMORE', '250|500|750|1000|1500|2000|2500|3000|4000|5000|7500|10000', '82.0|106.0|140.0|174.0|231.0|290.0|358.0|427.0|560.0|693.0|1019.0|1359.0', '2017-07-18 12:00:00', '2017-07-18 12:00:00', '2017-07-18 12:00:00', '2017-07-18 12:00:00');
INSERT INTO `qc_attribute_value` (`ATTRIBUTE_VALUE_ID`, `ATTRIBUTE_ID`, `STYLE_GROUP_ID`, `VENDOR_ID`, `QUANTITY_BREAK`, `VOLUME_PRICE`, `LAST_UPDATED_STAMP`, `LAST_UPDATED_TX_STAMP`, `CREATED_STAMP`, `CREATED_TX_STAMP`) VALUES ('29',  'LAMINATION_MATTE', 'STANDARD', 'ADMORE', '250|500|750|1000|1500|2000|2500|3000|4000|5000|7500|10000', '102.0|161.0|208.0|255.0|354.0|450.0|549.0|651.0|852.0|1053.0|1553.0|2043.0', '2017-07-18 12:00:00', '2017-07-18 12:00:00', '2017-07-18 12:00:00', '2017-07-18 12:00:00');
INSERT INTO `qc_attribute_value` (`ATTRIBUTE_VALUE_ID`, `ATTRIBUTE_ID`, `STYLE_GROUP_ID`, `VENDOR_ID`, `QUANTITY_BREAK`, `VOLUME_PRICE`, `LAST_UPDATED_STAMP`, `LAST_UPDATED_TX_STAMP`, `CREATED_STAMP`, `CREATED_TX_STAMP`) VALUES ('30',  'LAMINATION_SOFT_TOUCH', 'STANDARD', 'ADMORE', '250|500|750|1000|1500|2000|2500|3000|4000|5000|7500|10000', '122.0|183.0|240.0|298.0|412.0|527.0|641.0|756.0|986.0|1215.0|1789.0|2367.0', '2017-07-18 12:00:00', '2017-07-18 12:00:00', '2017-07-18 12:00:00', '2017-07-18 12:00:00');
INSERT INTO `qc_attribute_value` (`ATTRIBUTE_VALUE_ID`, `ATTRIBUTE_ID`, `STYLE_GROUP_ID`, `VENDOR_ID`, `QUANTITY_BREAK`, `VOLUME_PRICE`, `LAST_UPDATED_STAMP`, `LAST_UPDATED_TX_STAMP`, `CREATED_STAMP`, `CREATED_TX_STAMP`) VALUES ('31',  'SPINE_ATTACHMENTS', 'STANDARD', 'ADMORE', '250|500|750|1000|1500|2000|2500|3000|4000|5000|7500|10000', '109.0|215.0|321.0|427.0|622.0|830.0|1033.0|1239.0|1646.0|2052.0|3058.0|3996.0', '2017-07-18 12:00:00', '2017-07-18 12:00:00', '2017-07-18 12:00:00', '2017-07-18 12:00:00');
INSERT INTO `qc_attribute_value` (`ATTRIBUTE_VALUE_ID`, `ATTRIBUTE_ID`, `STYLE_GROUP_ID`, `VENDOR_ID`, `QUANTITY_BREAK`, `VOLUME_PRICE`, `LAST_UPDATED_STAMP`, `LAST_UPDATED_TX_STAMP`, `CREATED_STAMP`, `CREATED_TX_STAMP`) VALUES ('32',  'DISCOUNT_15_SQ_INCH', 'STANDARD', 'ADMORE', '250|500|750|1000|1500|2000|2500|3000|4000|5000|7500|10000', '-56.0|-60.0|-65.0|-68.0|-76.0|-84.0|-91.0|-99.0|-114.0|-130.0|-170.0|-209.0', '2017-07-18 12:00:00', '2017-07-18 12:00:00', '2017-07-18 12:00:00', '2017-07-18 12:00:00');
INSERT INTO `qc_attribute_value` (`ATTRIBUTE_VALUE_ID`, `ATTRIBUTE_ID`, `STYLE_GROUP_ID`, `VENDOR_ID`, `QUANTITY_BREAK`, `VOLUME_PRICE`, `LAST_UPDATED_STAMP`, `LAST_UPDATED_TX_STAMP`, `CREATED_STAMP`, `CREATED_TX_STAMP`) VALUES ('33',  'PRINT_1C', 'LARGE', 'ADMORE', '250|500|750|1000|1500|2000|2500|3000|4000|5000|7500|10000', '310.0|360.0|430.0|501.0|622.0|774.0|916.0|1058.0|1238.0|1418.0|1958.0|2385.0', '2017-07-18 12:00:00', '2017-07-18 12:00:00', '2017-07-18 12:00:00', '2017-07-18 12:00:00');
INSERT INTO `qc_attribute_value` (`ATTRIBUTE_VALUE_ID`, `ATTRIBUTE_ID`, `STYLE_GROUP_ID`, `VENDOR_ID`, `QUANTITY_BREAK`, `VOLUME_PRICE`, `LAST_UPDATED_STAMP`, `LAST_UPDATED_TX_STAMP`, `CREATED_STAMP`, `CREATED_TX_STAMP`) VALUES ('34',  'PRINT_4C', 'LARGE', 'ADMORE', '250|500|750|1000|1500|2000|2500|3000|4000|5000|7500|10000', '365.0|453.0|541.0|629.0|806.0|956.0|1098.0|1231.0|1433.0|1634.0|2174.0|2592.0', '2017-07-18 12:00:00', '2017-07-18 12:00:00', '2017-07-18 12:00:00', '2017-07-18 12:00:00');
INSERT INTO `qc_attribute_value` (`ATTRIBUTE_VALUE_ID`, `ATTRIBUTE_ID`, `STYLE_GROUP_ID`, `VENDOR_ID`, `QUANTITY_BREAK`, `VOLUME_PRICE`, `LAST_UPDATED_STAMP`, `LAST_UPDATED_TX_STAMP`, `CREATED_STAMP`, `CREATED_TX_STAMP`) VALUES ('35',  'FOIL_STAMP_BASE', 'LARGE', 'ADMORE', '250|500|750|1000|1500|2000|2500|3000|4000|5000|7500|10000', '260.0|354.0|426.0|497.0|624.0|812.0|974.0|1126.0|1346.0|1566.0|2214.0|2790.0', '2017-07-18 12:00:00', '2017-07-18 12:00:00', '2017-07-18 12:00:00', '2017-07-18 12:00:00');
INSERT INTO `qc_attribute_value` (`ATTRIBUTE_VALUE_ID`, `ATTRIBUTE_ID`, `STYLE_GROUP_ID`, `VENDOR_ID`, `QUANTITY_BREAK`, `VOLUME_PRICE`, `LAST_UPDATED_STAMP`, `LAST_UPDATED_TX_STAMP`, `CREATED_STAMP`, `CREATED_TX_STAMP`) VALUES ('36',  'EMBOSS_BASE', 'LARGE', 'ADMORE', '250|500|750|1000|1500|2000|2500|3000|4000|5000|7500|10000', '260.0|354.0|426.0|497.0|624.0|812.0|974.0|1126.0|1346.0|1566.0|2214.0|2790.0', '2017-07-18 12:00:00', '2017-07-18 12:00:00', '2017-07-18 12:00:00', '2017-07-18 12:00:00');
INSERT INTO `qc_attribute_value` (`ATTRIBUTE_VALUE_ID`, `ATTRIBUTE_ID`, `STYLE_GROUP_ID`, `VENDOR_ID`, `QUANTITY_BREAK`, `VOLUME_PRICE`, `LAST_UPDATED_STAMP`, `LAST_UPDATED_TX_STAMP`, `CREATED_STAMP`, `CREATED_TX_STAMP`) VALUES ('37',  'ADDITIONAL_COLOR_PER_SIDE', 'LARGE', 'ADMORE', '250|500|750|1000|1500|2000|2500|3000|4000|5000|7500|10000', '79.0|88.0|95.0|102.0|111.0|130.0|149.0|162.0|174.0|185.0|257.0|315.0', '2017-07-18 12:00:00', '2017-07-18 12:00:00', '2017-07-18 12:00:00', '2017-07-18 12:00:00');
INSERT INTO `qc_attribute_value` (`ATTRIBUTE_VALUE_ID`, `ATTRIBUTE_ID`, `STYLE_GROUP_ID`, `VENDOR_ID`, `QUANTITY_BREAK`, `VOLUME_PRICE`, `LAST_UPDATED_STAMP`, `LAST_UPDATED_TX_STAMP`, `CREATED_STAMP`, `CREATED_TX_STAMP`) VALUES ('38',  'HEAVY_COVERAGE_PER_SIDE', 'LARGE', 'ADMORE', '250|500|750|1000|1500|2000|2500|3000|4000|5000|7500|10000', '79.0|88.0|95.0|102.0|111.0|130.0|149.0|162.0|174.0|185.0|257.0|315.0', '2017-07-18 12:00:00', '2017-07-18 12:00:00', '2017-07-18 12:00:00', '2017-07-18 12:00:00');
INSERT INTO `qc_attribute_value` (`ATTRIBUTE_VALUE_ID`, `ATTRIBUTE_ID`, `STYLE_GROUP_ID`, `VENDOR_ID`, `QUANTITY_BREAK`, `VOLUME_PRICE`, `LAST_UPDATED_STAMP`, `LAST_UPDATED_TX_STAMP`, `CREATED_STAMP`, `CREATED_TX_STAMP`) VALUES ('39',  'PRINT_4C_2ND_SIDE', 'LARGE', 'ADMORE', '250|500|750|1000|1500|2000|2500|3000|4000|5000|7500|10000', '225.0|225.0|243.0|261.0|293.0|324.0|356.0|386.0|450.0|513.0|668.0|828.0', '2017-07-18 12:00:00', '2017-07-18 12:00:00', '2017-07-18 12:00:00', '2017-07-18 12:00:00');
INSERT INTO `qc_attribute_value` (`ATTRIBUTE_VALUE_ID`, `ATTRIBUTE_ID`, `STYLE_GROUP_ID`, `VENDOR_ID`, `QUANTITY_BREAK`, `VOLUME_PRICE`, `LAST_UPDATED_STAMP`, `LAST_UPDATED_TX_STAMP`, `CREATED_STAMP`, `CREATED_TX_STAMP`) VALUES ('40',  'GROUP_A_STOCKS', 'LARGE', 'ADMORE', '250|500|750|1000|1500|2000|2500|3000|4000|5000|7500|10000', '26.0|36.0|50.0|64.0|90.0|117.0|142.0|165.0|215.0|266.0|385.0|513.0', '2017-07-18 12:00:00', '2017-07-18 12:00:00', '2017-07-18 12:00:00', '2017-07-18 12:00:00');
INSERT INTO `qc_attribute_value` (`ATTRIBUTE_VALUE_ID`, `ATTRIBUTE_ID`, `STYLE_GROUP_ID`, `VENDOR_ID`, `QUANTITY_BREAK`, `VOLUME_PRICE`, `LAST_UPDATED_STAMP`, `LAST_UPDATED_TX_STAMP`, `CREATED_STAMP`, `CREATED_TX_STAMP`) VALUES ('41',  'GROUP_B_STOCKS', 'LARGE', 'ADMORE', '250|500|750|1000|1500|2000|2500|3000|4000|5000|7500|10000', '40.0|58.0|80.0|102.0|143.0|185.0|225.0|262.0|343.0|423.0|608.0|801.0', '2017-07-18 12:00:00', '2017-07-18 12:00:00', '2017-07-18 12:00:00', '2017-07-18 12:00:00');
INSERT INTO `qc_attribute_value` (`ATTRIBUTE_VALUE_ID`, `ATTRIBUTE_ID`, `STYLE_GROUP_ID`, `VENDOR_ID`, `QUANTITY_BREAK`, `VOLUME_PRICE`, `LAST_UPDATED_STAMP`, `LAST_UPDATED_TX_STAMP`, `CREATED_STAMP`, `CREATED_TX_STAMP`) VALUES ('42',  'GROUP_C_STOCKS', 'LARGE', 'ADMORE', '250|500|750|1000|1500|2000|2500|3000|4000|5000|7500|10000', '61.0|88.0|122.0|155.0|217.0|283.0|342.0|397.0|520.0|644.0|932.0|1224.0', '2017-07-18 12:00:00', '2017-07-18 12:00:00', '2017-07-18 12:00:00', '2017-07-18 12:00:00');
INSERT INTO `qc_attribute_value` (`ATTRIBUTE_VALUE_ID`, `ATTRIBUTE_ID`, `STYLE_GROUP_ID`, `VENDOR_ID`, `QUANTITY_BREAK`, `VOLUME_PRICE`, `LAST_UPDATED_STAMP`, `LAST_UPDATED_TX_STAMP`, `CREATED_STAMP`, `CREATED_TX_STAMP`) VALUES ('43',  'GROUP_D_STOCKS', 'LARGE', 'ADMORE', '250|500|750|1000|1500|2000|2500|3000|4000|5000|7500|10000', '91.0|131.0|180.0|230.0|323.0|418.0|504.0|589.0|770.0|950.0|1377.0|1809.0', '2017-07-18 12:00:00', '2017-07-18 12:00:00', '2017-07-18 12:00:00', '2017-07-18 12:00:00');
INSERT INTO `qc_attribute_value` (`ATTRIBUTE_VALUE_ID`, `ATTRIBUTE_ID`, `STYLE_GROUP_ID`, `VENDOR_ID`, `QUANTITY_BREAK`, `VOLUME_PRICE`, `LAST_UPDATED_STAMP`, `LAST_UPDATED_TX_STAMP`, `CREATED_STAMP`, `CREATED_TX_STAMP`) VALUES ('44',  'AQUEOUS_CHOICE', 'LARGE', 'ADMORE', '250|500|750|1000|1500|2000|2500|3000|4000|5000|7500|10000', '0.0|0.0|0.0|0.0|0.0|0.0|0.0|0.0|0.0|0.0|0.0|0.0', '2017-07-18 12:00:00', '2017-07-18 12:00:00', '2017-07-18 12:00:00', '2017-07-18 12:00:00');
INSERT INTO `qc_attribute_value` (`ATTRIBUTE_VALUE_ID`, `ATTRIBUTE_ID`, `STYLE_GROUP_ID`, `VENDOR_ID`, `QUANTITY_BREAK`, `VOLUME_PRICE`, `LAST_UPDATED_STAMP`, `LAST_UPDATED_TX_STAMP`, `CREATED_STAMP`, `CREATED_TX_STAMP`) VALUES ('45',  'AQUEOUS_GLOSS', 'LARGE', 'ADMORE', '250|500|750|1000|1500|2000|2500|3000|4000|5000|7500|10000', '0.0|0.0|0.0|0.0|0.0|0.0|0.0|0.0|0.0|0.0|0.0|0.0', '2017-07-18 12:00:00', '2017-07-18 12:00:00', '2017-07-18 12:00:00', '2017-07-18 12:00:00');
INSERT INTO `qc_attribute_value` (`ATTRIBUTE_VALUE_ID`, `ATTRIBUTE_ID`, `STYLE_GROUP_ID`, `VENDOR_ID`, `QUANTITY_BREAK`, `VOLUME_PRICE`, `LAST_UPDATED_STAMP`, `LAST_UPDATED_TX_STAMP`, `CREATED_STAMP`, `CREATED_TX_STAMP`) VALUES ('46',  'AQUEOUS_MATTE', 'LARGE', 'ADMORE', '250|500|750|1000|1500|2000|2500|3000|4000|5000|7500|10000', '0.0|0.0|0.0|0.0|0.0|0.0|0.0|0.0|0.0|0.0|0.0|0.0', '2017-07-18 12:00:00', '2017-07-18 12:00:00', '2017-07-18 12:00:00', '2017-07-18 12:00:00');
INSERT INTO `qc_attribute_value` (`ATTRIBUTE_VALUE_ID`, `ATTRIBUTE_ID`, `STYLE_GROUP_ID`, `VENDOR_ID`, `QUANTITY_BREAK`, `VOLUME_PRICE`, `LAST_UPDATED_STAMP`, `LAST_UPDATED_TX_STAMP`, `CREATED_STAMP`, `CREATED_TX_STAMP`) VALUES ('47',  'AQUEOUS_SATIN', 'LARGE', 'ADMORE', '250|500|750|1000|1500|2000|2500|3000|4000|5000|7500|10000', '0.0|0.0|0.0|0.0|0.0|0.0|0.0|0.0|0.0|0.0|0.0|0.0', '2017-07-18 12:00:00', '2017-07-18 12:00:00', '2017-07-18 12:00:00', '2017-07-18 12:00:00');
INSERT INTO `qc_attribute_value` (`ATTRIBUTE_VALUE_ID`, `ATTRIBUTE_ID`, `STYLE_GROUP_ID`, `VENDOR_ID`, `QUANTITY_BREAK`, `VOLUME_PRICE`, `LAST_UPDATED_STAMP`, `LAST_UPDATED_TX_STAMP`, `CREATED_STAMP`, `CREATED_TX_STAMP`) VALUES ('48',  'AQUEOUS_SOFT_TOUCH', 'LARGE', 'ADMORE', '250|500|750|1000|1500|2000|2500|3000|4000|5000|7500|10000', '126.0|141.0|153.0|164.0|178.0|193.0|221.0|240.0|257.0|275.0|378.0|459.0', '2017-07-18 12:00:00', '2017-07-18 12:00:00', '2017-07-18 12:00:00', '2017-07-18 12:00:00');
INSERT INTO `qc_attribute_value` (`ATTRIBUTE_VALUE_ID`, `ATTRIBUTE_ID`, `STYLE_GROUP_ID`, `VENDOR_ID`, `QUANTITY_BREAK`, `VOLUME_PRICE`, `LAST_UPDATED_STAMP`, `LAST_UPDATED_TX_STAMP`, `CREATED_STAMP`, `CREATED_TX_STAMP`) VALUES ('49',  'UV_COATING_GLOSS', 'LARGE', 'ADMORE', '250|500|750|1000|1500|2000|2500|3000|4000|5000|7500|10000', '65.0|79.0|88.0|97.0|126.0|158.0|173.0|194.0|248.0|302.0|446.0|531.0', '2017-07-18 12:00:00', '2017-07-18 12:00:00', '2017-07-18 12:00:00', '2017-07-18 12:00:00');
INSERT INTO `qc_attribute_value` (`ATTRIBUTE_VALUE_ID`, `ATTRIBUTE_ID`, `STYLE_GROUP_ID`, `VENDOR_ID`, `QUANTITY_BREAK`, `VOLUME_PRICE`, `LAST_UPDATED_STAMP`, `LAST_UPDATED_TX_STAMP`, `CREATED_STAMP`, `CREATED_TX_STAMP`) VALUES ('50',  'LAMINATION_GLOSS', 'LARGE', 'ADMORE', '250|500|750|1000|1500|2000|2500|3000|4000|5000|7500|10000', '82.0|106.0|140.0|174.0|231.0|290.0|358.0|427.0|560.0|693.0|1019.0|1359.0', '2017-07-18 12:00:00', '2017-07-18 12:00:00', '2017-07-18 12:00:00', '2017-07-18 12:00:00');
INSERT INTO `qc_attribute_value` (`ATTRIBUTE_VALUE_ID`, `ATTRIBUTE_ID`, `STYLE_GROUP_ID`, `VENDOR_ID`, `QUANTITY_BREAK`, `VOLUME_PRICE`, `LAST_UPDATED_STAMP`, `LAST_UPDATED_TX_STAMP`, `CREATED_STAMP`, `CREATED_TX_STAMP`) VALUES ('51',  'LAMINATION_MATTE', 'LARGE', 'ADMORE', '250|500|750|1000|1500|2000|2500|3000|4000|5000|7500|10000', '102.0|161.0|208.0|255.0|354.0|450.0|549.0|651.0|852.0|1053.0|1553.0|2043.0', '2017-07-18 12:00:00', '2017-07-18 12:00:00', '2017-07-18 12:00:00', '2017-07-18 12:00:00');
INSERT INTO `qc_attribute_value` (`ATTRIBUTE_VALUE_ID`, `ATTRIBUTE_ID`, `STYLE_GROUP_ID`, `VENDOR_ID`, `QUANTITY_BREAK`, `VOLUME_PRICE`, `LAST_UPDATED_STAMP`, `LAST_UPDATED_TX_STAMP`, `CREATED_STAMP`, `CREATED_TX_STAMP`) VALUES ('52',  'LAMINATION_SOFT_TOUCH', 'LARGE', 'ADMORE', '250|500|750|1000|1500|2000|2500|3000|4000|5000|7500|10000', '122.0|183.0|240.0|298.0|412.0|527.0|641.0|756.0|986.0|1215.0|1789.0|2367.0', '2017-07-18 12:00:00', '2017-07-18 12:00:00', '2017-07-18 12:00:00', '2017-07-18 12:00:00');
INSERT INTO `qc_attribute_value` (`ATTRIBUTE_VALUE_ID`, `ATTRIBUTE_ID`, `STYLE_GROUP_ID`, `VENDOR_ID`, `QUANTITY_BREAK`, `VOLUME_PRICE`, `LAST_UPDATED_STAMP`, `LAST_UPDATED_TX_STAMP`, `CREATED_STAMP`, `CREATED_TX_STAMP`) VALUES ('53',  'SPINE_ATTACHMENTS', 'LARGE', 'ADMORE', '250|500|750|1000|1500|2000|2500|3000|4000|5000|7500|10000', '109.0|215.0|321.0|427.0|622.0|830.0|1033.0|1239.0|1646.0|2052.0|3058.0|3996.0', '2017-07-18 12:00:00', '2017-07-18 12:00:00', '2017-07-18 12:00:00', '2017-07-18 12:00:00');
INSERT INTO `qc_attribute_value` (`ATTRIBUTE_VALUE_ID`, `ATTRIBUTE_ID`, `STYLE_GROUP_ID`, `VENDOR_ID`, `QUANTITY_BREAK`, `VOLUME_PRICE`, `LAST_UPDATED_STAMP`, `LAST_UPDATED_TX_STAMP`, `CREATED_STAMP`, `CREATED_TX_STAMP`) VALUES ('54',  'DISCOUNT_15_SQ_INCH', 'LARGE', 'ADMORE', '250|500|750|1000|1500|2000|2500|3000|4000|5000|7500|10000', '-56.0|-60.0|-65.0|-68.0|-76.0|-84.0|-91.0|-99.0|-114.0|-130.0|-170.0|-209.0', '2017-07-18 12:00:00', '2017-07-18 12:00:00', '2017-07-18 12:00:00', '2017-07-18 12:00:00');
INSERT INTO `qc_attribute_value` (`ATTRIBUTE_VALUE_ID`, `ATTRIBUTE_ID`, `STYLE_GROUP_ID`, `VENDOR_ID`, `QUANTITY_BREAK`, `VOLUME_PRICE`, `LAST_UPDATED_STAMP`, `LAST_UPDATED_TX_STAMP`, `CREATED_STAMP`, `CREATED_TX_STAMP`) VALUES ('55',  'ITEM_UPCHARGE', 'LARGE', 'ADMORE', '250|500|750|1000|1500|2000|2500|3000|4000|5000|7500|10000', '52.0|92.0|122.0|152.0|227.0|295.0|353.0|402.0|532.0|662.0|965.0|1224.0', '2017-07-18 12:00:00', '2017-07-18 12:00:00', '2017-07-18 12:00:00', '2017-07-18 12:00:00');
INSERT INTO `qc_attribute_value` (`ATTRIBUTE_VALUE_ID`, `ATTRIBUTE_ID`, `STYLE_GROUP_ID`, `VENDOR_ID`, `QUANTITY_BREAK`, `VOLUME_PRICE`, `LAST_UPDATED_STAMP`, `LAST_UPDATED_TX_STAMP`, `CREATED_STAMP`, `CREATED_TX_STAMP`) VALUES ('56',  'ITEM_UPCHARGE', 'LARGE', 'ADMORE', '250|500|750|1000|1500|2000|2500|3000|4000|5000|7500|10000', '187.0|219.0|250.0|281.0|400.0|515.0|601.0|713.0|922.0|1130.0|1573.0|1953.0', '2017-07-18 12:00:00', '2017-07-18 12:00:00', '2017-07-18 12:00:00', '2017-07-18 12:00:00');
INSERT INTO `qc_attribute_value` (`ATTRIBUTE_VALUE_ID`, `ATTRIBUTE_ID`, `STYLE_GROUP_ID`, `VENDOR_ID`, `QUANTITY_BREAK`, `VOLUME_PRICE`, `LAST_UPDATED_STAMP`, `LAST_UPDATED_TX_STAMP`, `CREATED_STAMP`, `CREATED_TX_STAMP`) VALUES ('57',  'PRINT_1C', 'LEGAL', 'ADMORE', '250|500|750|1000|1500|2000|2500|3000|4000|5000|7500|10000', '424.0|493.0|590.0|687.0|853.0|1058.0|1256.0|1453.0|1698.0|1944.0|2680.0|3267.0', '2017-07-18 12:00:00', '2017-07-18 12:00:00', '2017-07-18 12:00:00', '2017-07-18 12:00:00');
INSERT INTO `qc_attribute_value` (`ATTRIBUTE_VALUE_ID`, `ATTRIBUTE_ID`, `STYLE_GROUP_ID`, `VENDOR_ID`, `QUANTITY_BREAK`, `VOLUME_PRICE`, `LAST_UPDATED_STAMP`, `LAST_UPDATED_TX_STAMP`, `CREATED_STAMP`, `CREATED_TX_STAMP`) VALUES ('58',  'PRINT_4C', 'LEGAL', 'ADMORE', '250|500|750|1000|1500|2000|2500|3000|4000|5000|7500|10000', '500.0|621.0|742.0|862.0|1103.0|1309.0|1505.0|1690.0|1961.0|2232.0|2984.0|3555.0', '2017-07-18 12:00:00', '2017-07-18 12:00:00', '2017-07-18 12:00:00', '2017-07-18 12:00:00');
INSERT INTO `qc_attribute_value` (`ATTRIBUTE_VALUE_ID`, `ATTRIBUTE_ID`, `STYLE_GROUP_ID`, `VENDOR_ID`, `QUANTITY_BREAK`, `VOLUME_PRICE`, `LAST_UPDATED_STAMP`, `LAST_UPDATED_TX_STAMP`, `CREATED_STAMP`, `CREATED_TX_STAMP`) VALUES ('59',  'FOIL_STAMP_BASE', 'LEGAL', 'ADMORE', '250|500|750|1000|1500|2000|2500|3000|4000|5000|7500|10000', '356.0|485.0|583.0|680.0|855.0|1111.0|1334.0|1542.0|1844.0|2147.0|3031.0|3816.0', '2017-07-18 12:00:00', '2017-07-18 12:00:00', '2017-07-18 12:00:00', '2017-07-18 12:00:00');
INSERT INTO `qc_attribute_value` (`ATTRIBUTE_VALUE_ID`, `ATTRIBUTE_ID`, `STYLE_GROUP_ID`, `VENDOR_ID`, `QUANTITY_BREAK`, `VOLUME_PRICE`, `LAST_UPDATED_STAMP`, `LAST_UPDATED_TX_STAMP`, `CREATED_STAMP`, `CREATED_TX_STAMP`) VALUES ('60',  'EMBOSS_BASE', 'LEGAL', 'ADMORE', '250|500|750|1000|1500|2000|2500|3000|4000|5000|7500|10000', '356.0|485.0|583.0|680.0|855.0|1111.0|1334.0|1542.0|1844.0|2147.0|3031.0|3816.0', '2017-07-18 12:00:00', '2017-07-18 12:00:00', '2017-07-18 12:00:00', '2017-07-18 12:00:00');
INSERT INTO `qc_attribute_value` (`ATTRIBUTE_VALUE_ID`, `ATTRIBUTE_ID`, `STYLE_GROUP_ID`, `VENDOR_ID`, `QUANTITY_BREAK`, `VOLUME_PRICE`, `LAST_UPDATED_STAMP`, `LAST_UPDATED_TX_STAMP`, `CREATED_STAMP`, `CREATED_TX_STAMP`) VALUES ('61',  'ADDITIONAL_COLOR_PER_SIDE', 'LEGAL', 'ADMORE', '250|500|750|1000|1500|2000|2500|3000|4000|5000|7500|10000', '79.0|88.0|95.0|102.0|111.0|130.0|149.0|162.0|174.0|185.0|257.0|315.0', '2017-07-18 12:00:00', '2017-07-18 12:00:00', '2017-07-18 12:00:00', '2017-07-18 12:00:00');
INSERT INTO `qc_attribute_value` (`ATTRIBUTE_VALUE_ID`, `ATTRIBUTE_ID`, `STYLE_GROUP_ID`, `VENDOR_ID`, `QUANTITY_BREAK`, `VOLUME_PRICE`, `LAST_UPDATED_STAMP`, `LAST_UPDATED_TX_STAMP`, `CREATED_STAMP`, `CREATED_TX_STAMP`) VALUES ('62',  'HEAVY_COVERAGE_PER_SIDE', 'LEGAL', 'ADMORE', '250|500|750|1000|1500|2000|2500|3000|4000|5000|7500|10000', '79.0|88.0|95.0|102.0|111.0|130.0|149.0|162.0|174.0|185.0|257.0|315.0', '2017-07-18 12:00:00', '2017-07-18 12:00:00', '2017-07-18 12:00:00', '2017-07-18 12:00:00');
INSERT INTO `qc_attribute_value` (`ATTRIBUTE_VALUE_ID`, `ATTRIBUTE_ID`, `STYLE_GROUP_ID`, `VENDOR_ID`, `QUANTITY_BREAK`, `VOLUME_PRICE`, `LAST_UPDATED_STAMP`, `LAST_UPDATED_TX_STAMP`, `CREATED_STAMP`, `CREATED_TX_STAMP`) VALUES ('63',  'PRINT_4C_2ND_SIDE', 'LEGAL', 'ADMORE', '250|500|750|1000|1500|2000|2500|3000|4000|5000|7500|10000', '225.0|225.0|243.0|261.0|293.0|324.0|356.0|386.0|450.0|513.0|668.0|828.0', '2017-07-18 12:00:00', '2017-07-18 12:00:00', '2017-07-18 12:00:00', '2017-07-18 12:00:00');
INSERT INTO `qc_attribute_value` (`ATTRIBUTE_VALUE_ID`, `ATTRIBUTE_ID`, `STYLE_GROUP_ID`, `VENDOR_ID`, `QUANTITY_BREAK`, `VOLUME_PRICE`, `LAST_UPDATED_STAMP`, `LAST_UPDATED_TX_STAMP`, `CREATED_STAMP`, `CREATED_TX_STAMP`) VALUES ('64',  'GROUP_A_STOCKS', 'LEGAL', 'ADMORE', '250|500|750|1000|1500|2000|2500|3000|4000|5000|7500|10000', '26.0|36.0|50.0|64.0|90.0|117.0|142.0|165.0|215.0|266.0|385.0|513.0', '2017-07-18 12:00:00', '2017-07-18 12:00:00', '2017-07-18 12:00:00', '2017-07-18 12:00:00');
INSERT INTO `qc_attribute_value` (`ATTRIBUTE_VALUE_ID`, `ATTRIBUTE_ID`, `STYLE_GROUP_ID`, `VENDOR_ID`, `QUANTITY_BREAK`, `VOLUME_PRICE`, `LAST_UPDATED_STAMP`, `LAST_UPDATED_TX_STAMP`, `CREATED_STAMP`, `CREATED_TX_STAMP`) VALUES ('65',  'GROUP_B_STOCKS', 'LEGAL', 'ADMORE', '250|500|750|1000|1500|2000|2500|3000|4000|5000|7500|10000', '40.0|58.0|80.0|102.0|143.0|185.0|225.0|262.0|343.0|423.0|608.0|801.0', '2017-07-18 12:00:00', '2017-07-18 12:00:00', '2017-07-18 12:00:00', '2017-07-18 12:00:00');
INSERT INTO `qc_attribute_value` (`ATTRIBUTE_VALUE_ID`, `ATTRIBUTE_ID`, `STYLE_GROUP_ID`, `VENDOR_ID`, `QUANTITY_BREAK`, `VOLUME_PRICE`, `LAST_UPDATED_STAMP`, `LAST_UPDATED_TX_STAMP`, `CREATED_STAMP`, `CREATED_TX_STAMP`) VALUES ('66',  'GROUP_C_STOCKS', 'LEGAL', 'ADMORE', '250|500|750|1000|1500|2000|2500|3000|4000|5000|7500|10000', '61.0|88.0|122.0|155.0|217.0|283.0|342.0|397.0|520.0|644.0|932.0|1224.0', '2017-07-18 12:00:00', '2017-07-18 12:00:00', '2017-07-18 12:00:00', '2017-07-18 12:00:00');
INSERT INTO `qc_attribute_value` (`ATTRIBUTE_VALUE_ID`, `ATTRIBUTE_ID`, `STYLE_GROUP_ID`, `VENDOR_ID`, `QUANTITY_BREAK`, `VOLUME_PRICE`, `LAST_UPDATED_STAMP`, `LAST_UPDATED_TX_STAMP`, `CREATED_STAMP`, `CREATED_TX_STAMP`) VALUES ('67',  'GROUP_D_STOCKS', 'LEGAL', 'ADMORE', '250|500|750|1000|1500|2000|2500|3000|4000|5000|7500|10000', '91.0|131.0|180.0|230.0|323.0|418.0|504.0|589.0|770.0|950.0|1377.0|1809.0', '2017-07-18 12:00:00', '2017-07-18 12:00:00', '2017-07-18 12:00:00', '2017-07-18 12:00:00');
INSERT INTO `qc_attribute_value` (`ATTRIBUTE_VALUE_ID`, `ATTRIBUTE_ID`, `STYLE_GROUP_ID`, `VENDOR_ID`, `QUANTITY_BREAK`, `VOLUME_PRICE`, `LAST_UPDATED_STAMP`, `LAST_UPDATED_TX_STAMP`, `CREATED_STAMP`, `CREATED_TX_STAMP`) VALUES ('68',  'AQUEOUS_CHOICE', 'LEGAL', 'ADMORE', '250|500|750|1000|1500|2000|2500|3000|4000|5000|7500|10000', '0.0|0.0|0.0|0.0|0.0|0.0|0.0|0.0|0.0|0.0|0.0|0.0', '2017-07-18 12:00:00', '2017-07-18 12:00:00', '2017-07-18 12:00:00', '2017-07-18 12:00:00');
INSERT INTO `qc_attribute_value` (`ATTRIBUTE_VALUE_ID`, `ATTRIBUTE_ID`, `STYLE_GROUP_ID`, `VENDOR_ID`, `QUANTITY_BREAK`, `VOLUME_PRICE`, `LAST_UPDATED_STAMP`, `LAST_UPDATED_TX_STAMP`, `CREATED_STAMP`, `CREATED_TX_STAMP`) VALUES ('69',  'AQUEOUS_GLOSS', 'LEGAL', 'ADMORE', '250|500|750|1000|1500|2000|2500|3000|4000|5000|7500|10000', '0.0|0.0|0.0|0.0|0.0|0.0|0.0|0.0|0.0|0.0|0.0|0.0', '2017-07-18 12:00:00', '2017-07-18 12:00:00', '2017-07-18 12:00:00', '2017-07-18 12:00:00');
INSERT INTO `qc_attribute_value` (`ATTRIBUTE_VALUE_ID`, `ATTRIBUTE_ID`, `STYLE_GROUP_ID`, `VENDOR_ID`, `QUANTITY_BREAK`, `VOLUME_PRICE`, `LAST_UPDATED_STAMP`, `LAST_UPDATED_TX_STAMP`, `CREATED_STAMP`, `CREATED_TX_STAMP`) VALUES ('70',  'AQUEOUS_MATTE', 'LEGAL', 'ADMORE', '250|500|750|1000|1500|2000|2500|3000|4000|5000|7500|10000', '0.0|0.0|0.0|0.0|0.0|0.0|0.0|0.0|0.0|0.0|0.0|0.0', '2017-07-18 12:00:00', '2017-07-18 12:00:00', '2017-07-18 12:00:00', '2017-07-18 12:00:00');
INSERT INTO `qc_attribute_value` (`ATTRIBUTE_VALUE_ID`, `ATTRIBUTE_ID`, `STYLE_GROUP_ID`, `VENDOR_ID`, `QUANTITY_BREAK`, `VOLUME_PRICE`, `LAST_UPDATED_STAMP`, `LAST_UPDATED_TX_STAMP`, `CREATED_STAMP`, `CREATED_TX_STAMP`) VALUES ('71',  'AQUEOUS_SATIN', 'LEGAL', 'ADMORE', '250|500|750|1000|1500|2000|2500|3000|4000|5000|7500|10000', '0.0|0.0|0.0|0.0|0.0|0.0|0.0|0.0|0.0|0.0|0.0|0.0', '2017-07-18 12:00:00', '2017-07-18 12:00:00', '2017-07-18 12:00:00', '2017-07-18 12:00:00');
INSERT INTO `qc_attribute_value` (`ATTRIBUTE_VALUE_ID`, `ATTRIBUTE_ID`, `STYLE_GROUP_ID`, `VENDOR_ID`, `QUANTITY_BREAK`, `VOLUME_PRICE`, `LAST_UPDATED_STAMP`, `LAST_UPDATED_TX_STAMP`, `CREATED_STAMP`, `CREATED_TX_STAMP`) VALUES ('72',  'AQUEOUS_SOFT_TOUCH', 'LEGAL', 'ADMORE', '250|500|750|1000|1500|2000|2500|3000|4000|5000|7500|10000', '123.0|137.0|149.0|159.0|173.0|187.0|214.0|234.0|251.0|268.0|368.0|443.0', '2017-07-18 12:00:00', '2017-07-18 12:00:00', '2017-07-18 12:00:00', '2017-07-18 12:00:00');
INSERT INTO `qc_attribute_value` (`ATTRIBUTE_VALUE_ID`, `ATTRIBUTE_ID`, `STYLE_GROUP_ID`, `VENDOR_ID`, `QUANTITY_BREAK`, `VOLUME_PRICE`, `LAST_UPDATED_STAMP`, `LAST_UPDATED_TX_STAMP`, `CREATED_STAMP`, `CREATED_TX_STAMP`) VALUES ('73',  'UV_COATING_GLOSS', 'LEGAL', 'ADMORE', '250|500|750|1000|1500|2000|2500|3000|4000|5000|7500|10000', '65.0|79.0|88.0|97.0|126.0|158.0|173.0|194.0|248.0|302.0|446.0|531.0', '2017-07-18 12:00:00', '2017-07-18 12:00:00', '2017-07-18 12:00:00', '2017-07-18 12:00:00');
INSERT INTO `qc_attribute_value` (`ATTRIBUTE_VALUE_ID`, `ATTRIBUTE_ID`, `STYLE_GROUP_ID`, `VENDOR_ID`, `QUANTITY_BREAK`, `VOLUME_PRICE`, `LAST_UPDATED_STAMP`, `LAST_UPDATED_TX_STAMP`, `CREATED_STAMP`, `CREATED_TX_STAMP`) VALUES ('74',  'LAMINATION_GLOSS', 'LEGAL', 'ADMORE', '250|500|750|1000|1500|2000|2500|3000|4000|5000|7500|10000', '85.0|113.0|151.0|190.0|257.0|326.0|403.0|483.0|638.0|792.0|1168.0|1557.0', '2017-07-18 12:00:00', '2017-07-18 12:00:00', '2017-07-18 12:00:00', '2017-07-18 12:00:00');
INSERT INTO `qc_attribute_value` (`ATTRIBUTE_VALUE_ID`, `ATTRIBUTE_ID`, `STYLE_GROUP_ID`, `VENDOR_ID`, `QUANTITY_BREAK`, `VOLUME_PRICE`, `LAST_UPDATED_STAMP`, `LAST_UPDATED_TX_STAMP`, `CREATED_STAMP`, `CREATED_TX_STAMP`) VALUES ('75',  'LAMINATION_MATTE', 'LEGAL', 'ADMORE', '250|500|750|1000|1500|2000|2500|3000|4000|5000|7500|10000', '110.0|180.0|238.0|294.0|413.0|531.0|650.0|772.0|1016.0|1260.0|1870.0|2466.0', '2017-07-18 12:00:00', '2017-07-18 12:00:00', '2017-07-18 12:00:00', '2017-07-18 12:00:00');
INSERT INTO `qc_attribute_value` (`ATTRIBUTE_VALUE_ID`, `ATTRIBUTE_ID`, `STYLE_GROUP_ID`, `VENDOR_ID`, `QUANTITY_BREAK`, `VOLUME_PRICE`, `LAST_UPDATED_STAMP`, `LAST_UPDATED_TX_STAMP`, `CREATED_STAMP`, `CREATED_TX_STAMP`) VALUES ('76',  'LAMINATION_SOFT_TOUCH', 'LEGAL', 'ADMORE', '250|500|750|1000|1500|2000|2500|3000|4000|5000|7500|10000', '134.0|204.0|278.0|353.0|495.0|639.0|781.0|923.0|1209.0|1494.0|2207.0|2925.0', '2017-07-18 12:00:00', '2017-07-18 12:00:00', '2017-07-18 12:00:00', '2017-07-18 12:00:00');
INSERT INTO `qc_attribute_value` (`ATTRIBUTE_VALUE_ID`, `ATTRIBUTE_ID`, `STYLE_GROUP_ID`, `VENDOR_ID`, `QUANTITY_BREAK`, `VOLUME_PRICE`, `LAST_UPDATED_STAMP`, `LAST_UPDATED_TX_STAMP`, `CREATED_STAMP`, `CREATED_TX_STAMP`) VALUES ('77',  'DISCOUNT_15_SQ_INCH', 'LEGAL', 'ADMORE', '250|500|750|1000|1500|2000|2500|3000|4000|5000|7500|10000', '-56.0|-60.0|-65.0|-68.0|-76.0|-84.0|-91.0|-99.0|-114.0|-130.0|-170.0|-209.0', '2017-07-18 12:00:00', '2017-07-18 12:00:00', '2017-07-18 12:00:00', '2017-07-18 12:00:00');
INSERT INTO `qc_attribute_value` (`ATTRIBUTE_VALUE_ID`, `ATTRIBUTE_ID`, `STYLE_GROUP_ID`, `VENDOR_ID`, `QUANTITY_BREAK`, `VOLUME_PRICE`, `LAST_UPDATED_STAMP`, `LAST_UPDATED_TX_STAMP`, `CREATED_STAMP`, `CREATED_TX_STAMP`) VALUES ('78',  'ITEM_UPCHARGE', 'LEGAL', 'ADMORE', '250|500|750|1000|1500|2000|2500|3000|4000|5000|7500|10000', '43.0|52.0|73.0|94.0|139.0|176.0|196.0|207.0|232.0|257.0|300.0|349.0', '2017-07-18 12:00:00', '2017-07-18 12:00:00', '2017-07-18 12:00:00', '2017-07-18 12:00:00');
INSERT INTO `qc_attribute_value` (`ATTRIBUTE_VALUE_ID`, `ATTRIBUTE_ID`, `STYLE_GROUP_ID`, `VENDOR_ID`, `QUANTITY_BREAK`, `VOLUME_PRICE`, `LAST_UPDATED_STAMP`, `LAST_UPDATED_TX_STAMP`, `CREATED_STAMP`, `CREATED_TX_STAMP`) VALUES ('79',  'PRINT_1C', 'RE', 'ADMORE', '250|500|750|1000|1500|2000|2500|3000|4000|5000|7500|10000', '403.0|452.0|525.0|598.0|729.0|889.0|1044.0|1207.0|1414.0|1620.0|2234.0|2718.0', '2017-07-18 12:00:00', '2017-07-18 12:00:00', '2017-07-18 12:00:00', '2017-07-18 12:00:00');
INSERT INTO `qc_attribute_value` (`ATTRIBUTE_VALUE_ID`, `ATTRIBUTE_ID`, `STYLE_GROUP_ID`, `VENDOR_ID`, `QUANTITY_BREAK`, `VOLUME_PRICE`, `LAST_UPDATED_STAMP`, `LAST_UPDATED_TX_STAMP`, `CREATED_STAMP`, `CREATED_TX_STAMP`) VALUES ('80',  'PRINT_4C', 'RE', 'ADMORE', '250|500|750|1000|1500|2000|2500|3000|4000|5000|7500|10000', '475.0|569.0|660.0|750.0|944.0|1100.0|1253.0|1407.0|1633.0|1859.0|2477.0|2952.0', '2017-07-18 12:00:00', '2017-07-18 12:00:00', '2017-07-18 12:00:00', '2017-07-18 12:00:00');
INSERT INTO `qc_attribute_value` (`ATTRIBUTE_VALUE_ID`, `ATTRIBUTE_ID`, `STYLE_GROUP_ID`, `VENDOR_ID`, `QUANTITY_BREAK`, `VOLUME_PRICE`, `LAST_UPDATED_STAMP`, `LAST_UPDATED_TX_STAMP`, `CREATED_STAMP`, `CREATED_TX_STAMP`) VALUES ('81',  'FOIL_STAMP_BASE', 'RE', 'ADMORE', '250|500|750|1000|1500|2000|2500|3000|4000|5000|7500|10000', '338.0|445.0|518.0|592.0|730.0|932.0|1109.0|1285.0|1536.0|1787.0|2525.0|3177.0', '2017-07-18 12:00:00', '2017-07-18 12:00:00', '2017-07-18 12:00:00', '2017-07-18 12:00:00');
INSERT INTO `qc_attribute_value` (`ATTRIBUTE_VALUE_ID`, `ATTRIBUTE_ID`, `STYLE_GROUP_ID`, `VENDOR_ID`, `QUANTITY_BREAK`, `VOLUME_PRICE`, `LAST_UPDATED_STAMP`, `LAST_UPDATED_TX_STAMP`, `CREATED_STAMP`, `CREATED_TX_STAMP`) VALUES ('82',  'EMBOSS_BASE', 'RE', 'ADMORE', '250|500|750|1000|1500|2000|2500|3000|4000|5000|7500|10000', '338.0|445.0|518.0|592.0|730.0|932.0|1109.0|1285.0|1536.0|1787.0|2525.0|3177.0', '2017-07-18 12:00:00', '2017-07-18 12:00:00', '2017-07-18 12:00:00', '2017-07-18 12:00:00');
INSERT INTO `qc_attribute_value` (`ATTRIBUTE_VALUE_ID`, `ATTRIBUTE_ID`, `STYLE_GROUP_ID`, `VENDOR_ID`, `QUANTITY_BREAK`, `VOLUME_PRICE`, `LAST_UPDATED_STAMP`, `LAST_UPDATED_TX_STAMP`, `CREATED_STAMP`, `CREATED_TX_STAMP`) VALUES ('83',  'ADDITIONAL_COLOR_PER_SIDE', 'RE', 'ADMORE', '250|500|750|1000|1500|2000|2500|3000|4000|5000|7500|10000', '79.0|88.0|95.0|102.0|111.0|130.0|149.0|162.0|174.0|185.0|257.0|315.0', '2017-07-18 12:00:00', '2017-07-18 12:00:00', '2017-07-18 12:00:00', '2017-07-18 12:00:00');
INSERT INTO `qc_attribute_value` (`ATTRIBUTE_VALUE_ID`, `ATTRIBUTE_ID`, `STYLE_GROUP_ID`, `VENDOR_ID`, `QUANTITY_BREAK`, `VOLUME_PRICE`, `LAST_UPDATED_STAMP`, `LAST_UPDATED_TX_STAMP`, `CREATED_STAMP`, `CREATED_TX_STAMP`) VALUES ('84',  'HEAVY_COVERAGE_PER_SIDE', 'RE', 'ADMORE', '250|500|750|1000|1500|2000|2500|3000|4000|5000|7500|10000', '79.0|88.0|95.0|102.0|111.0|130.0|149.0|162.0|174.0|185.0|257.0|315.0', '2017-07-18 12:00:00', '2017-07-18 12:00:00', '2017-07-18 12:00:00', '2017-07-18 12:00:00');
INSERT INTO `qc_attribute_value` (`ATTRIBUTE_VALUE_ID`, `ATTRIBUTE_ID`, `STYLE_GROUP_ID`, `VENDOR_ID`, `QUANTITY_BREAK`, `VOLUME_PRICE`, `LAST_UPDATED_STAMP`, `LAST_UPDATED_TX_STAMP`, `CREATED_STAMP`, `CREATED_TX_STAMP`) VALUES ('85',  'PRINT_4C_2ND_SIDE', 'RE', 'ADMORE', '250|500|750|1000|1500|2000|2500|3000|4000|5000|7500|10000', '225.0|225.0|243.0|261.0|293.0|324.0|356.0|386.0|450.0|513.0|668.0|828.0', '2017-07-18 12:00:00', '2017-07-18 12:00:00', '2017-07-18 12:00:00', '2017-07-18 12:00:00');
INSERT INTO `qc_attribute_value` (`ATTRIBUTE_VALUE_ID`, `ATTRIBUTE_ID`, `STYLE_GROUP_ID`, `VENDOR_ID`, `QUANTITY_BREAK`, `VOLUME_PRICE`, `LAST_UPDATED_STAMP`, `LAST_UPDATED_TX_STAMP`, `CREATED_STAMP`, `CREATED_TX_STAMP`) VALUES ('86',  'GROUP_A_STOCKS', 'RE', 'ADMORE', '250|500|750|1000|1500|2000|2500|3000|4000|5000|7500|10000', '26.0|36.0|50.0|64.0|90.0|117.0|142.0|165.0|215.0|266.0|385.0|513.0', '2017-07-18 12:00:00', '2017-07-18 12:00:00', '2017-07-18 12:00:00', '2017-07-18 12:00:00');
INSERT INTO `qc_attribute_value` (`ATTRIBUTE_VALUE_ID`, `ATTRIBUTE_ID`, `STYLE_GROUP_ID`, `VENDOR_ID`, `QUANTITY_BREAK`, `VOLUME_PRICE`, `LAST_UPDATED_STAMP`, `LAST_UPDATED_TX_STAMP`, `CREATED_STAMP`, `CREATED_TX_STAMP`) VALUES ('87',  'GROUP_B_STOCKS', 'RE', 'ADMORE', '250|500|750|1000|1500|2000|2500|3000|4000|5000|7500|10000', '40.0|58.0|80.0|102.0|143.0|185.0|225.0|262.0|343.0|423.0|608.0|801.0', '2017-07-18 12:00:00', '2017-07-18 12:00:00', '2017-07-18 12:00:00', '2017-07-18 12:00:00');
INSERT INTO `qc_attribute_value` (`ATTRIBUTE_VALUE_ID`, `ATTRIBUTE_ID`, `STYLE_GROUP_ID`, `VENDOR_ID`, `QUANTITY_BREAK`, `VOLUME_PRICE`, `LAST_UPDATED_STAMP`, `LAST_UPDATED_TX_STAMP`, `CREATED_STAMP`, `CREATED_TX_STAMP`) VALUES ('88',  'GROUP_C_STOCKS', 'RE', 'ADMORE', '250|500|750|1000|1500|2000|2500|3000|4000|5000|7500|10000', '61.0|88.0|122.0|155.0|217.0|283.0|342.0|397.0|520.0|644.0|932.0|1224.0', '2017-07-18 12:00:00', '2017-07-18 12:00:00', '2017-07-18 12:00:00', '2017-07-18 12:00:00');
INSERT INTO `qc_attribute_value` (`ATTRIBUTE_VALUE_ID`, `ATTRIBUTE_ID`, `STYLE_GROUP_ID`, `VENDOR_ID`, `QUANTITY_BREAK`, `VOLUME_PRICE`, `LAST_UPDATED_STAMP`, `LAST_UPDATED_TX_STAMP`, `CREATED_STAMP`, `CREATED_TX_STAMP`) VALUES ('89',  'GROUP_D_STOCKS', 'RE', 'ADMORE', '250|500|750|1000|1500|2000|2500|3000|4000|5000|7500|10000', '91.0|131.0|180.0|230.0|323.0|418.0|504.0|589.0|770.0|950.0|1377.0|1809.0', '2017-07-18 12:00:00', '2017-07-18 12:00:00', '2017-07-18 12:00:00', '2017-07-18 12:00:00');
INSERT INTO `qc_attribute_value` (`ATTRIBUTE_VALUE_ID`, `ATTRIBUTE_ID`, `STYLE_GROUP_ID`, `VENDOR_ID`, `QUANTITY_BREAK`, `VOLUME_PRICE`, `LAST_UPDATED_STAMP`, `LAST_UPDATED_TX_STAMP`, `CREATED_STAMP`, `CREATED_TX_STAMP`) VALUES ('90',  'AQUEOUS_CHOICE', 'RE', 'ADMORE', '250|500|750|1000|1500|2000|2500|3000|4000|5000|7500|10000', '0.0|0.0|0.0|0.0|0.0|0.0|0.0|0.0|0.0|0.0|0.0|0.0', '2017-07-18 12:00:00', '2017-07-18 12:00:00', '2017-07-18 12:00:00', '2017-07-18 12:00:00');
INSERT INTO `qc_attribute_value` (`ATTRIBUTE_VALUE_ID`, `ATTRIBUTE_ID`, `STYLE_GROUP_ID`, `VENDOR_ID`, `QUANTITY_BREAK`, `VOLUME_PRICE`, `LAST_UPDATED_STAMP`, `LAST_UPDATED_TX_STAMP`, `CREATED_STAMP`, `CREATED_TX_STAMP`) VALUES ('91',  'AQUEOUS_GLOSS', 'RE', 'ADMORE', '250|500|750|1000|1500|2000|2500|3000|4000|5000|7500|10000', '0.0|0.0|0.0|0.0|0.0|0.0|0.0|0.0|0.0|0.0|0.0|0.0', '2017-07-18 12:00:00', '2017-07-18 12:00:00', '2017-07-18 12:00:00', '2017-07-18 12:00:00');
INSERT INTO `qc_attribute_value` (`ATTRIBUTE_VALUE_ID`, `ATTRIBUTE_ID`, `STYLE_GROUP_ID`, `VENDOR_ID`, `QUANTITY_BREAK`, `VOLUME_PRICE`, `LAST_UPDATED_STAMP`, `LAST_UPDATED_TX_STAMP`, `CREATED_STAMP`, `CREATED_TX_STAMP`) VALUES ('92',  'AQUEOUS_MATTE', 'RE', 'ADMORE', '250|500|750|1000|1500|2000|2500|3000|4000|5000|7500|10000', '0.0|0.0|0.0|0.0|0.0|0.0|0.0|0.0|0.0|0.0|0.0|0.0', '2017-07-18 12:00:00', '2017-07-18 12:00:00', '2017-07-18 12:00:00', '2017-07-18 12:00:00');
INSERT INTO `qc_attribute_value` (`ATTRIBUTE_VALUE_ID`, `ATTRIBUTE_ID`, `STYLE_GROUP_ID`, `VENDOR_ID`, `QUANTITY_BREAK`, `VOLUME_PRICE`, `LAST_UPDATED_STAMP`, `LAST_UPDATED_TX_STAMP`, `CREATED_STAMP`, `CREATED_TX_STAMP`) VALUES ('93',  'AQUEOUS_SATIN', 'RE', 'ADMORE', '250|500|750|1000|1500|2000|2500|3000|4000|5000|7500|10000', '0.0|0.0|0.0|0.0|0.0|0.0|0.0|0.0|0.0|0.0|0.0|0.0', '2017-07-18 12:00:00', '2017-07-18 12:00:00', '2017-07-18 12:00:00', '2017-07-18 12:00:00');
INSERT INTO `qc_attribute_value` (`ATTRIBUTE_VALUE_ID`, `ATTRIBUTE_ID`, `STYLE_GROUP_ID`, `VENDOR_ID`, `QUANTITY_BREAK`, `VOLUME_PRICE`, `LAST_UPDATED_STAMP`, `LAST_UPDATED_TX_STAMP`, `CREATED_STAMP`, `CREATED_TX_STAMP`) VALUES ('94',  'AQUEOUS_SOFT_TOUCH', 'RE', 'ADMORE', '250|500|750|1000|1500|2000|2500|3000|4000|5000|7500|10000', '126.0|141.0|153.0|164.0|178.0|193.0|221.0|240.0|257.0|275.0|378.0|459.0', '2017-07-18 12:00:00', '2017-07-18 12:00:00', '2017-07-18 12:00:00', '2017-07-18 12:00:00');
INSERT INTO `qc_attribute_value` (`ATTRIBUTE_VALUE_ID`, `ATTRIBUTE_ID`, `STYLE_GROUP_ID`, `VENDOR_ID`, `QUANTITY_BREAK`, `VOLUME_PRICE`, `LAST_UPDATED_STAMP`, `LAST_UPDATED_TX_STAMP`, `CREATED_STAMP`, `CREATED_TX_STAMP`) VALUES ('95',  'UV_COATING_GLOSS', 'RE', 'ADMORE', '250|500|750|1000|1500|2000|2500|3000|4000|5000|7500|10000', '65.0|79.0|88.0|97.0|126.0|158.0|173.0|194.0|248.0|302.0|446.0|531.0', '2017-07-18 12:00:00', '2017-07-18 12:00:00', '2017-07-18 12:00:00', '2017-07-18 12:00:00');
INSERT INTO `qc_attribute_value` (`ATTRIBUTE_VALUE_ID`, `ATTRIBUTE_ID`, `STYLE_GROUP_ID`, `VENDOR_ID`, `QUANTITY_BREAK`, `VOLUME_PRICE`, `LAST_UPDATED_STAMP`, `LAST_UPDATED_TX_STAMP`, `CREATED_STAMP`, `CREATED_TX_STAMP`) VALUES ('96',  'LAMINATION_GLOSS', 'RE', 'ADMORE', '250|500|750|1000|1500|2000|2500|3000|4000|5000|7500|10000', '82.0|106.0|140.0|174.0|231.0|290.0|358.0|427.0|560.0|693.0|1019.0|1359.0', '2017-07-18 12:00:00', '2017-07-18 12:00:00', '2017-07-18 12:00:00', '2017-07-18 12:00:00');
INSERT INTO `qc_attribute_value` (`ATTRIBUTE_VALUE_ID`, `ATTRIBUTE_ID`, `STYLE_GROUP_ID`, `VENDOR_ID`, `QUANTITY_BREAK`, `VOLUME_PRICE`, `LAST_UPDATED_STAMP`, `LAST_UPDATED_TX_STAMP`, `CREATED_STAMP`, `CREATED_TX_STAMP`) VALUES ('97',  'LAMINATION_MATTE', 'RE', 'ADMORE', '250|500|750|1000|1500|2000|2500|3000|4000|5000|7500|10000', '102.0|161.0|208.0|255.0|354.0|450.0|549.0|651.0|852.0|1053.0|1553.0|2043.0', '2017-07-18 12:00:00', '2017-07-18 12:00:00', '2017-07-18 12:00:00', '2017-07-18 12:00:00');
INSERT INTO `qc_attribute_value` (`ATTRIBUTE_VALUE_ID`, `ATTRIBUTE_ID`, `STYLE_GROUP_ID`, `VENDOR_ID`, `QUANTITY_BREAK`, `VOLUME_PRICE`, `LAST_UPDATED_STAMP`, `LAST_UPDATED_TX_STAMP`, `CREATED_STAMP`, `CREATED_TX_STAMP`) VALUES ('98',  'LAMINATION_SOFT_TOUCH', 'RE', 'ADMORE', '250|500|750|1000|1500|2000|2500|3000|4000|5000|7500|10000', '122.0|183.0|240.0|298.0|412.0|527.0|641.0|756.0|986.0|1215.0|1789.0|2367.0', '2017-07-18 12:00:00', '2017-07-18 12:00:00', '2017-07-18 12:00:00', '2017-07-18 12:00:00');
INSERT INTO `qc_attribute_value` (`ATTRIBUTE_VALUE_ID`, `ATTRIBUTE_ID`, `STYLE_GROUP_ID`, `VENDOR_ID`, `QUANTITY_BREAK`, `VOLUME_PRICE`, `LAST_UPDATED_STAMP`, `LAST_UPDATED_TX_STAMP`, `CREATED_STAMP`, `CREATED_TX_STAMP`) VALUES ('99',  'SPINE_ATTACHMENTS', 'RE', 'ADMORE', '250|500|750|1000|1500|2000|2500|3000|4000|5000|7500|10000', '109.0|215.0|321.0|427.0|622.0|830.0|1033.0|1239.0|1646.0|2052.0|3058.0|3996.0', '2017-07-18 12:00:00', '2017-07-18 12:00:00', '2017-07-18 12:00:00', '2017-07-18 12:00:00');
INSERT INTO `qc_attribute_value` (`ATTRIBUTE_VALUE_ID`, `ATTRIBUTE_ID`, `STYLE_GROUP_ID`, `VENDOR_ID`, `QUANTITY_BREAK`, `VOLUME_PRICE`, `LAST_UPDATED_STAMP`, `LAST_UPDATED_TX_STAMP`, `CREATED_STAMP`, `CREATED_TX_STAMP`) VALUES ('100',  'DISCOUNT_15_SQ_INCH', 'RE', 'ADMORE', '250|500|750|1000|1500|2000|2500|3000|4000|5000|7500|10000', '-56.0|-60.0|-65.0|-68.0|-76.0|-84.0|-91.0|-99.0|-114.0|-130.0|-170.0|-209.0', '2017-07-18 12:00:00', '2017-07-18 12:00:00', '2017-07-18 12:00:00', '2017-07-18 12:00:00');
INSERT INTO `qc_attribute_value` (`ATTRIBUTE_VALUE_ID`, `ATTRIBUTE_ID`, `STYLE_GROUP_ID`, `VENDOR_ID`, `QUANTITY_BREAK`, `VOLUME_PRICE`, `LAST_UPDATED_STAMP`, `LAST_UPDATED_TX_STAMP`, `CREATED_STAMP`, `CREATED_TX_STAMP`) VALUES ('101',  'ITEM_UPCHARGE', 'RE', 'ADMORE', '250|500|750|1000|1500|2000|2500|3000|4000|5000|7500|10000', '48.0|73.0|97.0|121.0|170.0|218.0|268.0|316.0|412.0|509.0|756.0|999.0', '2017-07-18 12:00:00', '2017-07-18 12:00:00', '2017-07-18 12:00:00', '2017-07-18 12:00:00');
INSERT INTO `qc_attribute_value` (`ATTRIBUTE_VALUE_ID`, `ATTRIBUTE_ID`, `STYLE_GROUP_ID`, `VENDOR_ID`, `QUANTITY_BREAK`, `VOLUME_PRICE`, `LAST_UPDATED_STAMP`, `LAST_UPDATED_TX_STAMP`, `CREATED_STAMP`, `CREATED_TX_STAMP`) VALUES ('102',  'PRINT_1C', 'CAPACITY', 'ADMORE', '250|500|750|1000|1500|2000|2500|3000|4000|5000|7500|10000', '403.0|452.0|525.0|598.0|729.0|889.0|1044.0|1207.0|1414.0|1620.0|2234.0|2718.0', '2017-07-18 12:00:00', '2017-07-18 12:00:00', '2017-07-18 12:00:00', '2017-07-18 12:00:00');
INSERT INTO `qc_attribute_value` (`ATTRIBUTE_VALUE_ID`, `ATTRIBUTE_ID`, `STYLE_GROUP_ID`, `VENDOR_ID`, `QUANTITY_BREAK`, `VOLUME_PRICE`, `LAST_UPDATED_STAMP`, `LAST_UPDATED_TX_STAMP`, `CREATED_STAMP`, `CREATED_TX_STAMP`) VALUES ('103',  'PRINT_4C', 'CAPACITY', 'ADMORE', '250|500|750|1000|1500|2000|2500|3000|4000|5000|7500|10000', '475.0|569.0|660.0|750.0|944.0|1100.0|1253.0|1407.0|1633.0|1859.0|2477.0|2952.0', '2017-07-18 12:00:00', '2017-07-18 12:00:00', '2017-07-18 12:00:00', '2017-07-18 12:00:00');
INSERT INTO `qc_attribute_value` (`ATTRIBUTE_VALUE_ID`, `ATTRIBUTE_ID`, `STYLE_GROUP_ID`, `VENDOR_ID`, `QUANTITY_BREAK`, `VOLUME_PRICE`, `LAST_UPDATED_STAMP`, `LAST_UPDATED_TX_STAMP`, `CREATED_STAMP`, `CREATED_TX_STAMP`) VALUES ('104',  'FOIL_STAMP_BASE', 'CAPACITY', 'ADMORE', '250|500|750|1000|1500|2000|2500|3000|4000|5000|7500|10000', '338.0|445.0|518.0|592.0|730.0|932.0|1109.0|1285.0|1536.0|1787.0|2525.0|3177.0', '2017-07-18 12:00:00', '2017-07-18 12:00:00', '2017-07-18 12:00:00', '2017-07-18 12:00:00');
INSERT INTO `qc_attribute_value` (`ATTRIBUTE_VALUE_ID`, `ATTRIBUTE_ID`, `STYLE_GROUP_ID`, `VENDOR_ID`, `QUANTITY_BREAK`, `VOLUME_PRICE`, `LAST_UPDATED_STAMP`, `LAST_UPDATED_TX_STAMP`, `CREATED_STAMP`, `CREATED_TX_STAMP`) VALUES ('105',  'EMBOSS_BASE', 'CAPACITY', 'ADMORE', '250|500|750|1000|1500|2000|2500|3000|4000|5000|7500|10000', '338.0|445.0|518.0|592.0|730.0|932.0|1109.0|1285.0|1536.0|1787.0|2525.0|3177.0', '2017-07-18 12:00:00', '2017-07-18 12:00:00', '2017-07-18 12:00:00', '2017-07-18 12:00:00');
INSERT INTO `qc_attribute_value` (`ATTRIBUTE_VALUE_ID`, `ATTRIBUTE_ID`, `STYLE_GROUP_ID`, `VENDOR_ID`, `QUANTITY_BREAK`, `VOLUME_PRICE`, `LAST_UPDATED_STAMP`, `LAST_UPDATED_TX_STAMP`, `CREATED_STAMP`, `CREATED_TX_STAMP`) VALUES ('106',  'ADDITIONAL_COLOR_PER_SIDE', 'CAPACITY', 'ADMORE', '250|500|750|1000|1500|2000|2500|3000|4000|5000|7500|10000', '79.0|88.0|95.0|102.0|111.0|130.0|149.0|162.0|174.0|185.0|257.0|315.0', '2017-07-18 12:00:00', '2017-07-18 12:00:00', '2017-07-18 12:00:00', '2017-07-18 12:00:00');
INSERT INTO `qc_attribute_value` (`ATTRIBUTE_VALUE_ID`, `ATTRIBUTE_ID`, `STYLE_GROUP_ID`, `VENDOR_ID`, `QUANTITY_BREAK`, `VOLUME_PRICE`, `LAST_UPDATED_STAMP`, `LAST_UPDATED_TX_STAMP`, `CREATED_STAMP`, `CREATED_TX_STAMP`) VALUES ('107',  'HEAVY_COVERAGE_PER_SIDE', 'CAPACITY', 'ADMORE', '250|500|750|1000|1500|2000|2500|3000|4000|5000|7500|10000', '79.0|88.0|95.0|102.0|111.0|130.0|149.0|162.0|174.0|185.0|257.0|315.0', '2017-07-18 12:00:00', '2017-07-18 12:00:00', '2017-07-18 12:00:00', '2017-07-18 12:00:00');
INSERT INTO `qc_attribute_value` (`ATTRIBUTE_VALUE_ID`, `ATTRIBUTE_ID`, `STYLE_GROUP_ID`, `VENDOR_ID`, `QUANTITY_BREAK`, `VOLUME_PRICE`, `LAST_UPDATED_STAMP`, `LAST_UPDATED_TX_STAMP`, `CREATED_STAMP`, `CREATED_TX_STAMP`) VALUES ('108',  'PRINT_4C_2ND_SIDE', 'CAPACITY', 'ADMORE', '250|500|750|1000|1500|2000|2500|3000|4000|5000|7500|10000', '225.0|225.0|243.0|261.0|293.0|324.0|356.0|386.0|450.0|513.0|668.0|828.0', '2017-07-18 12:00:00', '2017-07-18 12:00:00', '2017-07-18 12:00:00', '2017-07-18 12:00:00');
INSERT INTO `qc_attribute_value` (`ATTRIBUTE_VALUE_ID`, `ATTRIBUTE_ID`, `STYLE_GROUP_ID`, `VENDOR_ID`, `QUANTITY_BREAK`, `VOLUME_PRICE`, `LAST_UPDATED_STAMP`, `LAST_UPDATED_TX_STAMP`, `CREATED_STAMP`, `CREATED_TX_STAMP`) VALUES ('109',  'GROUP_A_STOCKS', 'CAPACITY', 'ADMORE', '250|500|750|1000|1500|2000|2500|3000|4000|5000|7500|10000', '26.0|36.0|50.0|64.0|90.0|117.0|142.0|165.0|215.0|266.0|385.0|513.0', '2017-07-18 12:00:00', '2017-07-18 12:00:00', '2017-07-18 12:00:00', '2017-07-18 12:00:00');
INSERT INTO `qc_attribute_value` (`ATTRIBUTE_VALUE_ID`, `ATTRIBUTE_ID`, `STYLE_GROUP_ID`, `VENDOR_ID`, `QUANTITY_BREAK`, `VOLUME_PRICE`, `LAST_UPDATED_STAMP`, `LAST_UPDATED_TX_STAMP`, `CREATED_STAMP`, `CREATED_TX_STAMP`) VALUES ('110',  'GROUP_B_STOCKS', 'CAPACITY', 'ADMORE', '250|500|750|1000|1500|2000|2500|3000|4000|5000|7500|10000', '40.0|58.0|80.0|102.0|143.0|185.0|225.0|262.0|343.0|423.0|608.0|801.0', '2017-07-18 12:00:00', '2017-07-18 12:00:00', '2017-07-18 12:00:00', '2017-07-18 12:00:00');
INSERT INTO `qc_attribute_value` (`ATTRIBUTE_VALUE_ID`, `ATTRIBUTE_ID`, `STYLE_GROUP_ID`, `VENDOR_ID`, `QUANTITY_BREAK`, `VOLUME_PRICE`, `LAST_UPDATED_STAMP`, `LAST_UPDATED_TX_STAMP`, `CREATED_STAMP`, `CREATED_TX_STAMP`) VALUES ('111',  'GROUP_C_STOCKS', 'CAPACITY', 'ADMORE', '250|500|750|1000|1500|2000|2500|3000|4000|5000|7500|10000', '61.0|88.0|122.0|155.0|217.0|283.0|342.0|397.0|520.0|644.0|932.0|1224.0', '2017-07-18 12:00:00', '2017-07-18 12:00:00', '2017-07-18 12:00:00', '2017-07-18 12:00:00');
INSERT INTO `qc_attribute_value` (`ATTRIBUTE_VALUE_ID`, `ATTRIBUTE_ID`, `STYLE_GROUP_ID`, `VENDOR_ID`, `QUANTITY_BREAK`, `VOLUME_PRICE`, `LAST_UPDATED_STAMP`, `LAST_UPDATED_TX_STAMP`, `CREATED_STAMP`, `CREATED_TX_STAMP`) VALUES ('112',  'GROUP_D_STOCKS', 'CAPACITY', 'ADMORE', '250|500|750|1000|1500|2000|2500|3000|4000|5000|7500|10000', '91.0|131.0|180.0|230.0|323.0|418.0|504.0|589.0|770.0|950.0|1377.0|1809.0', '2017-07-18 12:00:00', '2017-07-18 12:00:00', '2017-07-18 12:00:00', '2017-07-18 12:00:00');
INSERT INTO `qc_attribute_value` (`ATTRIBUTE_VALUE_ID`, `ATTRIBUTE_ID`, `STYLE_GROUP_ID`, `VENDOR_ID`, `QUANTITY_BREAK`, `VOLUME_PRICE`, `LAST_UPDATED_STAMP`, `LAST_UPDATED_TX_STAMP`, `CREATED_STAMP`, `CREATED_TX_STAMP`) VALUES ('113',  'AQUEOUS_CHOICE', 'CAPACITY', 'ADMORE', '250|500|750|1000|1500|2000|2500|3000|4000|5000|7500|10000', '0.0|0.0|0.0|0.0|0.0|0.0|0.0|0.0|0.0|0.0|0.0|0.0', '2017-07-18 12:00:00', '2017-07-18 12:00:00', '2017-07-18 12:00:00', '2017-07-18 12:00:00');
INSERT INTO `qc_attribute_value` (`ATTRIBUTE_VALUE_ID`, `ATTRIBUTE_ID`, `STYLE_GROUP_ID`, `VENDOR_ID`, `QUANTITY_BREAK`, `VOLUME_PRICE`, `LAST_UPDATED_STAMP`, `LAST_UPDATED_TX_STAMP`, `CREATED_STAMP`, `CREATED_TX_STAMP`) VALUES ('114',  'AQUEOUS_GLOSS', 'CAPACITY', 'ADMORE', '250|500|750|1000|1500|2000|2500|3000|4000|5000|7500|10000', '0.0|0.0|0.0|0.0|0.0|0.0|0.0|0.0|0.0|0.0|0.0|0.0', '2017-07-18 12:00:00', '2017-07-18 12:00:00', '2017-07-18 12:00:00', '2017-07-18 12:00:00');
INSERT INTO `qc_attribute_value` (`ATTRIBUTE_VALUE_ID`, `ATTRIBUTE_ID`, `STYLE_GROUP_ID`, `VENDOR_ID`, `QUANTITY_BREAK`, `VOLUME_PRICE`, `LAST_UPDATED_STAMP`, `LAST_UPDATED_TX_STAMP`, `CREATED_STAMP`, `CREATED_TX_STAMP`) VALUES ('115',  'AQUEOUS_MATTE', 'CAPACITY', 'ADMORE', '250|500|750|1000|1500|2000|2500|3000|4000|5000|7500|10000', '0.0|0.0|0.0|0.0|0.0|0.0|0.0|0.0|0.0|0.0|0.0|0.0', '2017-07-18 12:00:00', '2017-07-18 12:00:00', '2017-07-18 12:00:00', '2017-07-18 12:00:00');
INSERT INTO `qc_attribute_value` (`ATTRIBUTE_VALUE_ID`, `ATTRIBUTE_ID`, `STYLE_GROUP_ID`, `VENDOR_ID`, `QUANTITY_BREAK`, `VOLUME_PRICE`, `LAST_UPDATED_STAMP`, `LAST_UPDATED_TX_STAMP`, `CREATED_STAMP`, `CREATED_TX_STAMP`) VALUES ('116',  'AQUEOUS_SATIN', 'CAPACITY', 'ADMORE', '250|500|750|1000|1500|2000|2500|3000|4000|5000|7500|10000', '0.0|0.0|0.0|0.0|0.0|0.0|0.0|0.0|0.0|0.0|0.0|0.0', '2017-07-18 12:00:00', '2017-07-18 12:00:00', '2017-07-18 12:00:00', '2017-07-18 12:00:00');
INSERT INTO `qc_attribute_value` (`ATTRIBUTE_VALUE_ID`, `ATTRIBUTE_ID`, `STYLE_GROUP_ID`, `VENDOR_ID`, `QUANTITY_BREAK`, `VOLUME_PRICE`, `LAST_UPDATED_STAMP`, `LAST_UPDATED_TX_STAMP`, `CREATED_STAMP`, `CREATED_TX_STAMP`) VALUES ('117',  'AQUEOUS_SOFT_TOUCH', 'CAPACITY', 'ADMORE', '250|500|750|1000|1500|2000|2500|3000|4000|5000|7500|10000', '126.0|141.0|153.0|164.0|178.0|193.0|221.0|240.0|257.0|275.0|378.0|459.0', '2017-07-18 12:00:00', '2017-07-18 12:00:00', '2017-07-18 12:00:00', '2017-07-18 12:00:00');
INSERT INTO `qc_attribute_value` (`ATTRIBUTE_VALUE_ID`, `ATTRIBUTE_ID`, `STYLE_GROUP_ID`, `VENDOR_ID`, `QUANTITY_BREAK`, `VOLUME_PRICE`, `LAST_UPDATED_STAMP`, `LAST_UPDATED_TX_STAMP`, `CREATED_STAMP`, `CREATED_TX_STAMP`) VALUES ('118',  'UV_COATING_GLOSS', 'CAPACITY', 'ADMORE', '250|500|750|1000|1500|2000|2500|3000|4000|5000|7500|10000', '65.0|79.0|88.0|97.0|126.0|158.0|173.0|194.0|248.0|302.0|446.0|531.0', '2017-07-18 12:00:00', '2017-07-18 12:00:00', '2017-07-18 12:00:00', '2017-07-18 12:00:00');
INSERT INTO `qc_attribute_value` (`ATTRIBUTE_VALUE_ID`, `ATTRIBUTE_ID`, `STYLE_GROUP_ID`, `VENDOR_ID`, `QUANTITY_BREAK`, `VOLUME_PRICE`, `LAST_UPDATED_STAMP`, `LAST_UPDATED_TX_STAMP`, `CREATED_STAMP`, `CREATED_TX_STAMP`) VALUES ('119',  'LAMINATION_GLOSS', 'CAPACITY', 'ADMORE', '250|500|750|1000|1500|2000|2500|3000|4000|5000|7500|10000', '82.0|106.0|140.0|174.0|231.0|290.0|358.0|427.0|560.0|693.0|1019.0|1359.0', '2017-07-18 12:00:00', '2017-07-18 12:00:00', '2017-07-18 12:00:00', '2017-07-18 12:00:00');
INSERT INTO `qc_attribute_value` (`ATTRIBUTE_VALUE_ID`, `ATTRIBUTE_ID`, `STYLE_GROUP_ID`, `VENDOR_ID`, `QUANTITY_BREAK`, `VOLUME_PRICE`, `LAST_UPDATED_STAMP`, `LAST_UPDATED_TX_STAMP`, `CREATED_STAMP`, `CREATED_TX_STAMP`) VALUES ('120',  'LAMINATION_MATTE', 'CAPACITY', 'ADMORE', '250|500|750|1000|1500|2000|2500|3000|4000|5000|7500|10000', '102.0|161.0|208.0|255.0|354.0|450.0|549.0|651.0|852.0|1053.0|1553.0|2043.0', '2017-07-18 12:00:00', '2017-07-18 12:00:00', '2017-07-18 12:00:00', '2017-07-18 12:00:00');
INSERT INTO `qc_attribute_value` (`ATTRIBUTE_VALUE_ID`, `ATTRIBUTE_ID`, `STYLE_GROUP_ID`, `VENDOR_ID`, `QUANTITY_BREAK`, `VOLUME_PRICE`, `LAST_UPDATED_STAMP`, `LAST_UPDATED_TX_STAMP`, `CREATED_STAMP`, `CREATED_TX_STAMP`) VALUES ('121',  'LAMINATION_SOFT_TOUCH', 'CAPACITY', 'ADMORE', '250|500|750|1000|1500|2000|2500|3000|4000|5000|7500|10000', '122.0|183.0|240.0|298.0|412.0|527.0|641.0|756.0|986.0|1215.0|1789.0|2367.0', '2017-07-18 12:00:00', '2017-07-18 12:00:00', '2017-07-18 12:00:00', '2017-07-18 12:00:00');
INSERT INTO `qc_attribute_value` (`ATTRIBUTE_VALUE_ID`, `ATTRIBUTE_ID`, `STYLE_GROUP_ID`, `VENDOR_ID`, `QUANTITY_BREAK`, `VOLUME_PRICE`, `LAST_UPDATED_STAMP`, `LAST_UPDATED_TX_STAMP`, `CREATED_STAMP`, `CREATED_TX_STAMP`) VALUES ('122',  'DISCOUNT_15_SQ_INCH', 'CAPACITY', 'ADMORE', '250|500|750|1000|1500|2000|2500|3000|4000|5000|7500|10000', '-56.0|-60.0|-65.0|-68.0|-76.0|-84.0|-91.0|-99.0|-114.0|-130.0|-170.0|-209.0', '2017-07-18 12:00:00', '2017-07-18 12:00:00', '2017-07-18 12:00:00', '2017-07-18 12:00:00');
INSERT INTO `qc_attribute_value` (`ATTRIBUTE_VALUE_ID`, `ATTRIBUTE_ID`, `STYLE_GROUP_ID`, `VENDOR_ID`, `QUANTITY_BREAK`, `VOLUME_PRICE`, `LAST_UPDATED_STAMP`, `LAST_UPDATED_TX_STAMP`, `CREATED_STAMP`, `CREATED_TX_STAMP`) VALUES ('123',  'ITEM_UPCHARGE', 'CAPACITY', 'ADMORE', '250|500|750|1000|1500|2000|2500|3000|4000|5000|7500|10000', '77.0|134.0|162.0|190.0|223.0|290.0|356.0|416.0|532.0|648.0|782.0|945.0', '2017-07-18 12:00:00', '2017-07-18 12:00:00', '2017-07-18 12:00:00', '2017-07-18 12:00:00');
INSERT INTO `qc_attribute_value` (`ATTRIBUTE_VALUE_ID`, `ATTRIBUTE_ID`, `STYLE_GROUP_ID`, `VENDOR_ID`, `QUANTITY_BREAK`, `VOLUME_PRICE`, `LAST_UPDATED_STAMP`, `LAST_UPDATED_TX_STAMP`, `CREATED_STAMP`, `CREATED_TX_STAMP`) VALUES ('124',  'ITEM_UPCHARGE', 'CAPACITY', 'ADMORE', '250|500|750|1000|1500|2000|2500|3000|4000|5000|7500|10000', '63.0|122.0|148.0|174.0|201.0|265.0|329.0|386.0|500.0|612.0|722.0|873.0', '2017-07-18 12:00:00', '2017-07-18 12:00:00', '2017-07-18 12:00:00', '2017-07-18 12:00:00');
INSERT INTO `qc_attribute_value` (`ATTRIBUTE_VALUE_ID`, `ATTRIBUTE_ID`, `STYLE_GROUP_ID`, `VENDOR_ID`, `QUANTITY_BREAK`, `VOLUME_PRICE`, `LAST_UPDATED_STAMP`, `LAST_UPDATED_TX_STAMP`, `CREATED_STAMP`, `CREATED_TX_STAMP`) VALUES ('125',  'PRINT_1C', 'TRIPANEL', 'ADMORE', '250|500|750|1000|1500|2000|2500|3000|4000|5000|7500|10000', '540.0|620.0|666.0|712.0|890.0|1067.0|1235.0|1399.0|1730.0|2061.0|2963.0|3762.0', '2017-07-18 12:00:00', '2017-07-18 12:00:00', '2017-07-18 12:00:00', '2017-07-18 12:00:00');
INSERT INTO `qc_attribute_value` (`ATTRIBUTE_VALUE_ID`, `ATTRIBUTE_ID`, `STYLE_GROUP_ID`, `VENDOR_ID`, `QUANTITY_BREAK`, `VOLUME_PRICE`, `LAST_UPDATED_STAMP`, `LAST_UPDATED_TX_STAMP`, `CREATED_STAMP`, `CREATED_TX_STAMP`) VALUES ('126',  'PRINT_4C', 'TRIPANEL', 'ADMORE', '250|500|750|1000|1500|2000|2500|3000|4000|5000|7500|10000', '619.0|708.0|761.0|814.0|1002.0|1197.0|1384.0|1561.0|1904.0|2246.0|3220.0|4077.0', '2017-07-18 12:00:00', '2017-07-18 12:00:00', '2017-07-18 12:00:00', '2017-07-18 12:00:00');
INSERT INTO `qc_attribute_value` (`ATTRIBUTE_VALUE_ID`, `ATTRIBUTE_ID`, `STYLE_GROUP_ID`, `VENDOR_ID`, `QUANTITY_BREAK`, `VOLUME_PRICE`, `LAST_UPDATED_STAMP`, `LAST_UPDATED_TX_STAMP`, `CREATED_STAMP`, `CREATED_TX_STAMP`) VALUES ('127',  'FOIL_STAMP_BASE', 'TRIPANEL', 'ADMORE', '250|500|750|1000|1500|2000|2500|3000|4000|5000|7500|10000', '392.0|513.0|616.0|717.0|948.0|1229.0|1476.0|1709.0|2187.0|2664.0|3341.0|3942.0', '2017-07-18 12:00:00', '2017-07-18 12:00:00', '2017-07-18 12:00:00', '2017-07-18 12:00:00');
INSERT INTO `qc_attribute_value` (`ATTRIBUTE_VALUE_ID`, `ATTRIBUTE_ID`, `STYLE_GROUP_ID`, `VENDOR_ID`, `QUANTITY_BREAK`, `VOLUME_PRICE`, `LAST_UPDATED_STAMP`, `LAST_UPDATED_TX_STAMP`, `CREATED_STAMP`, `CREATED_TX_STAMP`) VALUES ('128',  'EMBOSS_BASE', 'TRIPANEL', 'ADMORE', '250|500|750|1000|1500|2000|2500|3000|4000|5000|7500|10000', '392.0|513.0|616.0|717.0|948.0|1229.0|1476.0|1709.0|2187.0|2664.0|3341.0|3942.0', '2017-07-18 12:00:00', '2017-07-18 12:00:00', '2017-07-18 12:00:00', '2017-07-18 12:00:00');
INSERT INTO `qc_attribute_value` (`ATTRIBUTE_VALUE_ID`, `ATTRIBUTE_ID`, `STYLE_GROUP_ID`, `VENDOR_ID`, `QUANTITY_BREAK`, `VOLUME_PRICE`, `LAST_UPDATED_STAMP`, `LAST_UPDATED_TX_STAMP`, `CREATED_STAMP`, `CREATED_TX_STAMP`) VALUES ('129',  'ADDITIONAL_COLOR_PER_SIDE', 'TRIPANEL', 'ADMORE', '250|500|750|1000|1500|2000|2500|3000|4000|5000|7500|10000', '79.0|88.0|95.0|102.0|111.0|130.0|149.0|162.0|174.0|185.0|257.0|315.0', '2017-07-18 12:00:00', '2017-07-18 12:00:00', '2017-07-18 12:00:00', '2017-07-18 12:00:00');
INSERT INTO `qc_attribute_value` (`ATTRIBUTE_VALUE_ID`, `ATTRIBUTE_ID`, `STYLE_GROUP_ID`, `VENDOR_ID`, `QUANTITY_BREAK`, `VOLUME_PRICE`, `LAST_UPDATED_STAMP`, `LAST_UPDATED_TX_STAMP`, `CREATED_STAMP`, `CREATED_TX_STAMP`) VALUES ('130',  'HEAVY_COVERAGE_PER_SIDE', 'TRIPANEL', 'ADMORE', '250|500|750|1000|1500|2000|2500|3000|4000|5000|7500|10000', '79.0|88.0|95.0|102.0|111.0|130.0|149.0|162.0|174.0|185.0|257.0|315.0', '2017-07-18 12:00:00', '2017-07-18 12:00:00', '2017-07-18 12:00:00', '2017-07-18 12:00:00');
INSERT INTO `qc_attribute_value` (`ATTRIBUTE_VALUE_ID`, `ATTRIBUTE_ID`, `STYLE_GROUP_ID`, `VENDOR_ID`, `QUANTITY_BREAK`, `VOLUME_PRICE`, `LAST_UPDATED_STAMP`, `LAST_UPDATED_TX_STAMP`, `CREATED_STAMP`, `CREATED_TX_STAMP`) VALUES ('131',  'PRINT_4C_2ND_SIDE', 'TRIPANEL', 'ADMORE', '250|500|750|1000|1500|2000|2500|3000|4000|5000|7500|10000', '281.0|281.0|317.0|353.0|396.0|437.0|479.0|524.0|608.0|693.0|905.0|1116.0', '2017-07-18 12:00:00', '2017-07-18 12:00:00', '2017-07-18 12:00:00', '2017-07-18 12:00:00');
INSERT INTO `qc_attribute_value` (`ATTRIBUTE_VALUE_ID`, `ATTRIBUTE_ID`, `STYLE_GROUP_ID`, `VENDOR_ID`, `QUANTITY_BREAK`, `VOLUME_PRICE`, `LAST_UPDATED_STAMP`, `LAST_UPDATED_TX_STAMP`, `CREATED_STAMP`, `CREATED_TX_STAMP`) VALUES ('132',  'GROUP_A_STOCKS', 'TRIPANEL', 'ADMORE', '250|500|750|1000|1500|2000|2500|3000|4000|5000|7500|10000', '31.0|44.0|60.0|77.0|108.0|140.0|171.0|197.0|258.0|320.0|459.0|612.0', '2017-07-18 12:00:00', '2017-07-18 12:00:00', '2017-07-18 12:00:00', '2017-07-18 12:00:00');
INSERT INTO `qc_attribute_value` (`ATTRIBUTE_VALUE_ID`, `ATTRIBUTE_ID`, `STYLE_GROUP_ID`, `VENDOR_ID`, `QUANTITY_BREAK`, `VOLUME_PRICE`, `LAST_UPDATED_STAMP`, `LAST_UPDATED_TX_STAMP`, `CREATED_STAMP`, `CREATED_TX_STAMP`) VALUES ('133',  'GROUP_B_STOCKS', 'TRIPANEL', 'ADMORE', '250|500|750|1000|1500|2000|2500|3000|4000|5000|7500|10000', '48.0|69.0|96.0|122.0|171.0|223.0|270.0|313.0|411.0|509.0|729.0|963.0', '2017-07-18 12:00:00', '2017-07-18 12:00:00', '2017-07-18 12:00:00', '2017-07-18 12:00:00');
INSERT INTO `qc_attribute_value` (`ATTRIBUTE_VALUE_ID`, `ATTRIBUTE_ID`, `STYLE_GROUP_ID`, `VENDOR_ID`, `QUANTITY_BREAK`, `VOLUME_PRICE`, `LAST_UPDATED_STAMP`, `LAST_UPDATED_TX_STAMP`, `CREATED_STAMP`, `CREATED_TX_STAMP`) VALUES ('134',  'GROUP_C_STOCKS', 'TRIPANEL', 'ADMORE', '250|500|750|1000|1500|2000|2500|3000|4000|5000|7500|10000', '80.0|114.0|158.0|202.0|282.0|367.0|446.0|516.0|677.0|837.0|1208.0|1593.0', '2017-07-18 12:00:00', '2017-07-18 12:00:00', '2017-07-18 12:00:00', '2017-07-18 12:00:00');
INSERT INTO `qc_attribute_value` (`ATTRIBUTE_VALUE_ID`, `ATTRIBUTE_ID`, `STYLE_GROUP_ID`, `VENDOR_ID`, `QUANTITY_BREAK`, `VOLUME_PRICE`, `LAST_UPDATED_STAMP`, `LAST_UPDATED_TX_STAMP`, `CREATED_STAMP`, `CREATED_TX_STAMP`) VALUES ('135',  'GROUP_D_STOCKS', 'TRIPANEL', 'ADMORE', '250|500|750|1000|1500|2000|2500|3000|4000|5000|7500|10000', '159.0|229.0|315.0|401.0|564.0|731.0|882.0|1031.0|1346.0|1661.0|2410.0|3168.0', '2017-07-18 12:00:00', '2017-07-18 12:00:00', '2017-07-18 12:00:00', '2017-07-18 12:00:00');
INSERT INTO `qc_attribute_value` (`ATTRIBUTE_VALUE_ID`, `ATTRIBUTE_ID`, `STYLE_GROUP_ID`, `VENDOR_ID`, `QUANTITY_BREAK`, `VOLUME_PRICE`, `LAST_UPDATED_STAMP`, `LAST_UPDATED_TX_STAMP`, `CREATED_STAMP`, `CREATED_TX_STAMP`) VALUES ('136',  'AQUEOUS_CHOICE', 'TRIPANEL', 'ADMORE', '250|500|750|1000|1500|2000|2500|3000|4000|5000|7500|10000', '0.0|0.0|0.0|0.0|0.0|0.0|0.0|0.0|0.0|0.0|0.0|0.0', '2017-07-18 12:00:00', '2017-07-18 12:00:00', '2017-07-18 12:00:00', '2017-07-18 12:00:00');
INSERT INTO `qc_attribute_value` (`ATTRIBUTE_VALUE_ID`, `ATTRIBUTE_ID`, `STYLE_GROUP_ID`, `VENDOR_ID`, `QUANTITY_BREAK`, `VOLUME_PRICE`, `LAST_UPDATED_STAMP`, `LAST_UPDATED_TX_STAMP`, `CREATED_STAMP`, `CREATED_TX_STAMP`) VALUES ('137',  'AQUEOUS_GLOSS', 'TRIPANEL', 'ADMORE', '250|500|750|1000|1500|2000|2500|3000|4000|5000|7500|10000', '0.0|0.0|0.0|0.0|0.0|0.0|0.0|0.0|0.0|0.0|0.0|0.0', '2017-07-18 12:00:00', '2017-07-18 12:00:00', '2017-07-18 12:00:00', '2017-07-18 12:00:00');
INSERT INTO `qc_attribute_value` (`ATTRIBUTE_VALUE_ID`, `ATTRIBUTE_ID`, `STYLE_GROUP_ID`, `VENDOR_ID`, `QUANTITY_BREAK`, `VOLUME_PRICE`, `LAST_UPDATED_STAMP`, `LAST_UPDATED_TX_STAMP`, `CREATED_STAMP`, `CREATED_TX_STAMP`) VALUES ('138',  'AQUEOUS_MATTE', 'TRIPANEL', 'ADMORE', '250|500|750|1000|1500|2000|2500|3000|4000|5000|7500|10000', '0.0|0.0|0.0|0.0|0.0|0.0|0.0|0.0|0.0|0.0|0.0|0.0', '2017-07-18 12:00:00', '2017-07-18 12:00:00', '2017-07-18 12:00:00', '2017-07-18 12:00:00');
INSERT INTO `qc_attribute_value` (`ATTRIBUTE_VALUE_ID`, `ATTRIBUTE_ID`, `STYLE_GROUP_ID`, `VENDOR_ID`, `QUANTITY_BREAK`, `VOLUME_PRICE`, `LAST_UPDATED_STAMP`, `LAST_UPDATED_TX_STAMP`, `CREATED_STAMP`, `CREATED_TX_STAMP`) VALUES ('139',  'AQUEOUS_SATIN', 'TRIPANEL', 'ADMORE', '250|500|750|1000|1500|2000|2500|3000|4000|5000|7500|10000', '0.0|0.0|0.0|0.0|0.0|0.0|0.0|0.0|0.0|0.0|0.0|0.0', '2017-07-18 12:00:00', '2017-07-18 12:00:00', '2017-07-18 12:00:00', '2017-07-18 12:00:00');
INSERT INTO `qc_attribute_value` (`ATTRIBUTE_VALUE_ID`, `ATTRIBUTE_ID`, `STYLE_GROUP_ID`, `VENDOR_ID`, `QUANTITY_BREAK`, `VOLUME_PRICE`, `LAST_UPDATED_STAMP`, `LAST_UPDATED_TX_STAMP`, `CREATED_STAMP`, `CREATED_TX_STAMP`) VALUES ('140',  'AQUEOUS_SOFT_TOUCH', 'TRIPANEL', 'ADMORE', '250|500|750|1000|1500|2000|2500|3000|4000|5000|7500|10000', '126.0|141.0|153.0|164.0|178.0|193.0|221.0|240.0|257.0|275.0|378.0|459.0', '2017-07-18 12:00:00', '2017-07-18 12:00:00', '2017-07-18 12:00:00', '2017-07-18 12:00:00');
INSERT INTO `qc_attribute_value` (`ATTRIBUTE_VALUE_ID`, `ATTRIBUTE_ID`, `STYLE_GROUP_ID`, `VENDOR_ID`, `QUANTITY_BREAK`, `VOLUME_PRICE`, `LAST_UPDATED_STAMP`, `LAST_UPDATED_TX_STAMP`, `CREATED_STAMP`, `CREATED_TX_STAMP`) VALUES ('141',  'UV_COATING_GLOSS', 'TRIPANEL', 'ADMORE', '250|500|750|1000|1500|2000|2500|3000|4000|5000|7500|10000', '84.0|103.0|115.0|127.0|163.0|205.0|225.0|254.0|323.0|392.0|581.0|684.0', '2017-07-18 12:00:00', '2017-07-18 12:00:00', '2017-07-18 12:00:00', '2017-07-18 12:00:00');
INSERT INTO `qc_attribute_value` (`ATTRIBUTE_VALUE_ID`, `ATTRIBUTE_ID`, `STYLE_GROUP_ID`, `VENDOR_ID`, `QUANTITY_BREAK`, `VOLUME_PRICE`, `LAST_UPDATED_STAMP`, `LAST_UPDATED_TX_STAMP`, `CREATED_STAMP`, `CREATED_TX_STAMP`) VALUES ('142',  'LAMINATION_GLOSS', 'TRIPANEL', 'ADMORE', '250|500|750|1000|1500|2000|2500|3000|4000|5000|7500|10000', '95.0|133.0|184.0|234.0|323.0|423.0|524.0|624.0|830.0|1035.0|1546.0|2061.0', '2017-07-18 12:00:00', '2017-07-18 12:00:00', '2017-07-18 12:00:00', '2017-07-18 12:00:00');
INSERT INTO `qc_attribute_value` (`ATTRIBUTE_VALUE_ID`, `ATTRIBUTE_ID`, `STYLE_GROUP_ID`, `VENDOR_ID`, `QUANTITY_BREAK`, `VOLUME_PRICE`, `LAST_UPDATED_STAMP`, `LAST_UPDATED_TX_STAMP`, `CREATED_STAMP`, `CREATED_TX_STAMP`) VALUES ('143',  'LAMINATION_MATTE', 'TRIPANEL', 'ADMORE', '250|500|750|1000|1500|2000|2500|3000|4000|5000|7500|10000', '131.0|226.0|308.0|389.0|556.0|724.0|896.0|1069.0|1417.0|1764.0|2633.0|3483.0', '2017-07-18 12:00:00', '2017-07-18 12:00:00', '2017-07-18 12:00:00', '2017-07-18 12:00:00');
INSERT INTO `qc_attribute_value` (`ATTRIBUTE_VALUE_ID`, `ATTRIBUTE_ID`, `STYLE_GROUP_ID`, `VENDOR_ID`, `QUANTITY_BREAK`, `VOLUME_PRICE`, `LAST_UPDATED_STAMP`, `LAST_UPDATED_TX_STAMP`, `CREATED_STAMP`, `CREATED_TX_STAMP`) VALUES ('144',  'LAMINATION_SOFT_TOUCH', 'TRIPANEL', 'ADMORE', '250|500|750|1000|1500|2000|2500|3000|4000|5000|7500|10000', '166.0|276.0|381.0|484.0|693.0|902.0|1109.0|1318.0|1734.0|2151.0|3193.0|4239.0', '2017-07-18 12:00:00', '2017-07-18 12:00:00', '2017-07-18 12:00:00', '2017-07-18 12:00:00');
INSERT INTO `qc_attribute_value` (`ATTRIBUTE_VALUE_ID`, `ATTRIBUTE_ID`, `STYLE_GROUP_ID`, `VENDOR_ID`, `QUANTITY_BREAK`, `VOLUME_PRICE`, `LAST_UPDATED_STAMP`, `LAST_UPDATED_TX_STAMP`, `CREATED_STAMP`, `CREATED_TX_STAMP`) VALUES ('145',  'SPINE_ATTACHMENTS', 'TRIPANEL', 'ADMORE', '250|500|750|1000|1500|2000|2500|3000|4000|5000|7500|10000', '119.0|224.0|330.0|436.0|632.0|839.0|1043.0|1248.0|1656.0|2064.0|3064.0|4006.0', '2017-07-18 12:00:00', '2017-07-18 12:00:00', '2017-07-18 12:00:00', '2017-07-18 12:00:00');
INSERT INTO `qc_attribute_value` (`ATTRIBUTE_VALUE_ID`, `ATTRIBUTE_ID`, `STYLE_GROUP_ID`, `VENDOR_ID`, `QUANTITY_BREAK`, `VOLUME_PRICE`, `LAST_UPDATED_STAMP`, `LAST_UPDATED_TX_STAMP`, `CREATED_STAMP`, `CREATED_TX_STAMP`) VALUES ('146',  'DISCOUNT_15_SQ_INCH', 'TRIPANEL', 'ADMORE', '250|500|750|1000|1500|2000|2500|3000|4000|5000|7500|10000', '-56.0|-60.0|-65.0|-68.0|-76.0|-84.0|-91.0|-99.0|-114.0|-130.0|-170.0|-209.0', '2017-07-18 12:00:00', '2017-07-18 12:00:00', '2017-07-18 12:00:00', '2017-07-18 12:00:00');
INSERT INTO `qc_attribute_value` (`ATTRIBUTE_VALUE_ID`, `ATTRIBUTE_ID`, `STYLE_GROUP_ID`, `VENDOR_ID`, `QUANTITY_BREAK`, `VOLUME_PRICE`, `LAST_UPDATED_STAMP`, `LAST_UPDATED_TX_STAMP`, `CREATED_STAMP`, `CREATED_TX_STAMP`) VALUES ('147',  'ITEM_UPCHARGE', 'TRIPANEL', 'ADMORE', '250|500|750|1000|1500|2000|2500|3000|4000|5000|7500|10000', '95.0|132.0|169.0|207.0|282.0|357.0|431.0|506.0|655.0|805.0|1179.0|1553.0', '2017-07-18 12:00:00', '2017-07-18 12:00:00', '2017-07-18 12:00:00', '2017-07-18 12:00:00');
INSERT INTO `qc_attribute_value` (`ATTRIBUTE_VALUE_ID`, `ATTRIBUTE_ID`, `STYLE_GROUP_ID`, `VENDOR_ID`, `QUANTITY_BREAK`, `VOLUME_PRICE`, `LAST_UPDATED_STAMP`, `LAST_UPDATED_TX_STAMP`, `CREATED_STAMP`, `CREATED_TX_STAMP`) VALUES ('148',  'ITEM_UPCHARGE', 'TRIPANEL', 'ADMORE', '250|500|750|1000|1500|2000|2500|3000|4000|5000|7500|10000', '101.0|149.0|196.0|243.0|338.0|432.0|527.0|621.0|810.0|999.0|1472.0|1944.0', '2017-07-18 12:00:00', '2017-07-18 12:00:00', '2017-07-18 12:00:00', '2017-07-18 12:00:00');
INSERT INTO `qc_attribute_value` (`ATTRIBUTE_VALUE_ID`, `ATTRIBUTE_ID`, `STYLE_GROUP_ID`, `VENDOR_ID`, `QUANTITY_BREAK`, `VOLUME_PRICE`, `LAST_UPDATED_STAMP`, `LAST_UPDATED_TX_STAMP`, `CREATED_STAMP`, `CREATED_TX_STAMP`) VALUES ('149',  'ITEM_UPCHARGE', 'TRIPANEL', 'ADMORE', '250|500|750|1000|1500|2000|2500|3000|4000|5000|7500|10000', '125.0|241.0|372.0|502.0|752.0|1003.0|1253.0|1504.0|2005.0|2507.0|3760.0|5013.0', '2017-07-18 12:00:00', '2017-07-18 12:00:00', '2017-07-18 12:00:00', '2017-07-18 12:00:00');
INSERT INTO `qc_attribute_value` (`ATTRIBUTE_VALUE_ID`, `ATTRIBUTE_ID`, `STYLE_GROUP_ID`, `VENDOR_ID`, `QUANTITY_BREAK`, `VOLUME_PRICE`, `LAST_UPDATED_STAMP`, `LAST_UPDATED_TX_STAMP`, `CREATED_STAMP`, `CREATED_TX_STAMP`) VALUES ('150',  'PRINT_1C', 'SMALL', 'ADMORE', '250|500|750|1000|1500|2000|2500|3000|4000|5000|7500|10000', '198.0|245.0|287.0|329.0|427.0|533.0|619.0|702.0|858.0|1013.0|1276.0|1395.0', '2017-07-18 12:00:00', '2017-07-18 12:00:00', '2017-07-18 12:00:00', '2017-07-18 12:00:00');
INSERT INTO `qc_attribute_value` (`ATTRIBUTE_VALUE_ID`, `ATTRIBUTE_ID`, `STYLE_GROUP_ID`, `VENDOR_ID`, `QUANTITY_BREAK`, `VOLUME_PRICE`, `LAST_UPDATED_STAMP`, `LAST_UPDATED_TX_STAMP`, `CREATED_STAMP`, `CREATED_TX_STAMP`) VALUES ('151',  'PRINT_4C', 'SMALL', 'ADMORE', '250|500|750|1000|1500|2000|2500|3000|4000|5000|7500|10000', '486.0|520.0|559.0|598.0|676.0|756.0|835.0|913.0|1035.0|1157.0|1499.0|1863.0', '2017-07-18 12:00:00', '2017-07-18 12:00:00', '2017-07-18 12:00:00', '2017-07-18 12:00:00');
INSERT INTO `qc_attribute_value` (`ATTRIBUTE_VALUE_ID`, `ATTRIBUTE_ID`, `STYLE_GROUP_ID`, `VENDOR_ID`, `QUANTITY_BREAK`, `VOLUME_PRICE`, `LAST_UPDATED_STAMP`, `LAST_UPDATED_TX_STAMP`, `CREATED_STAMP`, `CREATED_TX_STAMP`) VALUES ('152',  'FOIL_STAMP_BASE', 'SMALL', 'ADMORE', '250|500|750|1000|1500|2000|2500|3000|4000|5000|7500|10000', '234.0|261.0|307.0|354.0|454.0|547.0|675.0|726.0|896.0|1067.0|1330.0|1530.0', '2017-07-18 12:00:00', '2017-07-18 12:00:00', '2017-07-18 12:00:00', '2017-07-18 12:00:00');
INSERT INTO `qc_attribute_value` (`ATTRIBUTE_VALUE_ID`, `ATTRIBUTE_ID`, `STYLE_GROUP_ID`, `VENDOR_ID`, `QUANTITY_BREAK`, `VOLUME_PRICE`, `LAST_UPDATED_STAMP`, `LAST_UPDATED_TX_STAMP`, `CREATED_STAMP`, `CREATED_TX_STAMP`) VALUES ('153',  'EMBOSS_BASE', 'SMALL', 'ADMORE', '250|500|750|1000|1500|2000|2500|3000|4000|5000|7500|10000', '234.0|261.0|307.0|354.0|454.0|547.0|675.0|726.0|896.0|1067.0|1330.0|1530.0', '2017-07-18 12:00:00', '2017-07-18 12:00:00', '2017-07-18 12:00:00', '2017-07-18 12:00:00');
INSERT INTO `qc_attribute_value` (`ATTRIBUTE_VALUE_ID`, `ATTRIBUTE_ID`, `STYLE_GROUP_ID`, `VENDOR_ID`, `QUANTITY_BREAK`, `VOLUME_PRICE`, `LAST_UPDATED_STAMP`, `LAST_UPDATED_TX_STAMP`, `CREATED_STAMP`, `CREATED_TX_STAMP`) VALUES ('154',  'ADDITIONAL_COLOR_PER_SIDE', 'SMALL', 'ADMORE', '250|500|750|1000|1500|2000|2500|3000|4000|5000|7500|10000', '79.0|88.0|95.0|102.0|111.0|130.0|149.0|162.0|174.0|185.0|257.0|315.0', '2017-07-18 12:00:00', '2017-07-18 12:00:00', '2017-07-18 12:00:00', '2017-07-18 12:00:00');
INSERT INTO `qc_attribute_value` (`ATTRIBUTE_VALUE_ID`, `ATTRIBUTE_ID`, `STYLE_GROUP_ID`, `VENDOR_ID`, `QUANTITY_BREAK`, `VOLUME_PRICE`, `LAST_UPDATED_STAMP`, `LAST_UPDATED_TX_STAMP`, `CREATED_STAMP`, `CREATED_TX_STAMP`) VALUES ('155',  'HEAVY_COVERAGE_PER_SIDE', 'SMALL', 'ADMORE', '250|500|750|1000|1500|2000|2500|3000|4000|5000|7500|10000', '79.0|88.0|95.0|102.0|111.0|130.0|149.0|162.0|174.0|185.0|257.0|315.0', '2017-07-18 12:00:00', '2017-07-18 12:00:00', '2017-07-18 12:00:00', '2017-07-18 12:00:00');
INSERT INTO `qc_attribute_value` (`ATTRIBUTE_VALUE_ID`, `ATTRIBUTE_ID`, `STYLE_GROUP_ID`, `VENDOR_ID`, `QUANTITY_BREAK`, `VOLUME_PRICE`, `LAST_UPDATED_STAMP`, `LAST_UPDATED_TX_STAMP`, `CREATED_STAMP`, `CREATED_TX_STAMP`) VALUES ('156',  'PRINT_4C_2ND_SIDE', 'SMALL', 'ADMORE', '250|500|750|1000|1500|2000|2500|3000|4000|5000|7500|10000', '225.0|225.0|243.0|261.0|293.0|324.0|356.0|386.0|450.0|513.0|668.0|828.0', '2017-07-18 12:00:00', '2017-07-18 12:00:00', '2017-07-18 12:00:00', '2017-07-18 12:00:00');
INSERT INTO `qc_attribute_value` (`ATTRIBUTE_VALUE_ID`, `ATTRIBUTE_ID`, `STYLE_GROUP_ID`, `VENDOR_ID`, `QUANTITY_BREAK`, `VOLUME_PRICE`, `LAST_UPDATED_STAMP`, `LAST_UPDATED_TX_STAMP`, `CREATED_STAMP`, `CREATED_TX_STAMP`) VALUES ('157',  'GROUP_A_STOCKS', 'SMALL', 'ADMORE', '250|500|750|1000|1500|2000|2500|3000|4000|5000|7500|10000', '8.0|11.0|15.0|19.0|27.0|36.0|43.0|49.0|65.0|81.0|115.0|153.0', '2017-07-18 12:00:00', '2017-07-18 12:00:00', '2017-07-18 12:00:00', '2017-07-18 12:00:00');
INSERT INTO `qc_attribute_value` (`ATTRIBUTE_VALUE_ID`, `ATTRIBUTE_ID`, `STYLE_GROUP_ID`, `VENDOR_ID`, `QUANTITY_BREAK`, `VOLUME_PRICE`, `LAST_UPDATED_STAMP`, `LAST_UPDATED_TX_STAMP`, `CREATED_STAMP`, `CREATED_TX_STAMP`) VALUES ('158',  'GROUP_B_STOCKS', 'SMALL', 'ADMORE', '250|500|750|1000|1500|2000|2500|3000|4000|5000|7500|10000', '14.0|20.0|27.0|34.0|49.0|63.0|77.0|89.0|117.0|144.0|209.0|270.0', '2017-07-18 12:00:00', '2017-07-18 12:00:00', '2017-07-18 12:00:00', '2017-07-18 12:00:00');
INSERT INTO `qc_attribute_value` (`ATTRIBUTE_VALUE_ID`, `ATTRIBUTE_ID`, `STYLE_GROUP_ID`, `VENDOR_ID`, `QUANTITY_BREAK`, `VOLUME_PRICE`, `LAST_UPDATED_STAMP`, `LAST_UPDATED_TX_STAMP`, `CREATED_STAMP`, `CREATED_TX_STAMP`) VALUES ('159',  'GROUP_C_STOCKS', 'SMALL', 'ADMORE', '250|500|750|1000|1500|2000|2500|3000|4000|5000|7500|10000', '21.0|30.0|41.0|52.0|74.0|95.0|117.0|135.0|178.0|221.0|317.0|414.0', '2017-07-18 12:00:00', '2017-07-18 12:00:00', '2017-07-18 12:00:00', '2017-07-18 12:00:00');
INSERT INTO `qc_attribute_value` (`ATTRIBUTE_VALUE_ID`, `ATTRIBUTE_ID`, `STYLE_GROUP_ID`, `VENDOR_ID`, `QUANTITY_BREAK`, `VOLUME_PRICE`, `LAST_UPDATED_STAMP`, `LAST_UPDATED_TX_STAMP`, `CREATED_STAMP`, `CREATED_TX_STAMP`) VALUES ('160',  'GROUP_D_STOCKS', 'SMALL', 'ADMORE', '250|500|750|1000|1500|2000|2500|3000|4000|5000|7500|10000', '35.0|50.0|68.0|87.0|123.0|158.0|191.0|224.0|293.0|360.0|527.0|684.0', '2017-07-18 12:00:00', '2017-07-18 12:00:00', '2017-07-18 12:00:00', '2017-07-18 12:00:00');
INSERT INTO `qc_attribute_value` (`ATTRIBUTE_VALUE_ID`, `ATTRIBUTE_ID`, `STYLE_GROUP_ID`, `VENDOR_ID`, `QUANTITY_BREAK`, `VOLUME_PRICE`, `LAST_UPDATED_STAMP`, `LAST_UPDATED_TX_STAMP`, `CREATED_STAMP`, `CREATED_TX_STAMP`) VALUES ('161',  'AQUEOUS_CHOICE', 'SMALL', 'ADMORE', '250|500|750|1000|1500|2000|2500|3000|4000|5000|7500|10000', '0.0|0.0|0.0|0.0|0.0|0.0|0.0|0.0|0.0|0.0|0.0|0.0', '2017-07-18 12:00:00', '2017-07-18 12:00:00', '2017-07-18 12:00:00', '2017-07-18 12:00:00');
INSERT INTO `qc_attribute_value` (`ATTRIBUTE_VALUE_ID`, `ATTRIBUTE_ID`, `STYLE_GROUP_ID`, `VENDOR_ID`, `QUANTITY_BREAK`, `VOLUME_PRICE`, `LAST_UPDATED_STAMP`, `LAST_UPDATED_TX_STAMP`, `CREATED_STAMP`, `CREATED_TX_STAMP`) VALUES ('162',  'AQUEOUS_GLOSS', 'SMALL', 'ADMORE', '250|500|750|1000|1500|2000|2500|3000|4000|5000|7500|10000', '0.0|0.0|0.0|0.0|0.0|0.0|0.0|0.0|0.0|0.0|0.0|0.0', '2017-07-18 12:00:00', '2017-07-18 12:00:00', '2017-07-18 12:00:00', '2017-07-18 12:00:00');
INSERT INTO `qc_attribute_value` (`ATTRIBUTE_VALUE_ID`, `ATTRIBUTE_ID`, `STYLE_GROUP_ID`, `VENDOR_ID`, `QUANTITY_BREAK`, `VOLUME_PRICE`, `LAST_UPDATED_STAMP`, `LAST_UPDATED_TX_STAMP`, `CREATED_STAMP`, `CREATED_TX_STAMP`) VALUES ('163',  'AQUEOUS_MATTE', 'SMALL', 'ADMORE', '250|500|750|1000|1500|2000|2500|3000|4000|5000|7500|10000', '0.0|0.0|0.0|0.0|0.0|0.0|0.0|0.0|0.0|0.0|0.0|0.0', '2017-07-18 12:00:00', '2017-07-18 12:00:00', '2017-07-18 12:00:00', '2017-07-18 12:00:00');
INSERT INTO `qc_attribute_value` (`ATTRIBUTE_VALUE_ID`, `ATTRIBUTE_ID`, `STYLE_GROUP_ID`, `VENDOR_ID`, `QUANTITY_BREAK`, `VOLUME_PRICE`, `LAST_UPDATED_STAMP`, `LAST_UPDATED_TX_STAMP`, `CREATED_STAMP`, `CREATED_TX_STAMP`) VALUES ('164',  'AQUEOUS_SATIN', 'SMALL', 'ADMORE', '250|500|750|1000|1500|2000|2500|3000|4000|5000|7500|10000', '0.0|0.0|0.0|0.0|0.0|0.0|0.0|0.0|0.0|0.0|0.0|0.0', '2017-07-18 12:00:00', '2017-07-18 12:00:00', '2017-07-18 12:00:00', '2017-07-18 12:00:00');
INSERT INTO `qc_attribute_value` (`ATTRIBUTE_VALUE_ID`, `ATTRIBUTE_ID`, `STYLE_GROUP_ID`, `VENDOR_ID`, `QUANTITY_BREAK`, `VOLUME_PRICE`, `LAST_UPDATED_STAMP`, `LAST_UPDATED_TX_STAMP`, `CREATED_STAMP`, `CREATED_TX_STAMP`) VALUES ('165',  'AQUEOUS_SOFT_TOUCH', 'SMALL', 'ADMORE', '250|500|750|1000|1500|2000|2500|3000|4000|5000|7500|10000', '126.0|141.0|153.0|164.0|178.0|193.0|221.0|240.0|257.0|275.0|378.0|459.0', '2017-07-18 12:00:00', '2017-07-18 12:00:00', '2017-07-18 12:00:00', '2017-07-18 12:00:00');
INSERT INTO `qc_attribute_value` (`ATTRIBUTE_VALUE_ID`, `ATTRIBUTE_ID`, `STYLE_GROUP_ID`, `VENDOR_ID`, `QUANTITY_BREAK`, `VOLUME_PRICE`, `LAST_UPDATED_STAMP`, `LAST_UPDATED_TX_STAMP`, `CREATED_STAMP`, `CREATED_TX_STAMP`) VALUES ('166',  'ITEM_UPCHARGE', 'SMALL', 'ADMORE', '250|500|750|1000|1500|2000|2500|3000|4000|5000|7500|10000', '42.0|56.0|83.0|110.0|162.0|214.0|268.0|319.0|411.0|504.0|743.0|909.0', '2017-07-18 12:00:00', '2017-07-18 12:00:00', '2017-07-18 12:00:00', '2017-07-18 12:00:00');
INSERT INTO `qc_attribute_value` (`ATTRIBUTE_VALUE_ID`, `ATTRIBUTE_ID`, `STYLE_GROUP_ID`, `VENDOR_ID`, `QUANTITY_BREAK`, `VOLUME_PRICE`, `LAST_UPDATED_STAMP`, `LAST_UPDATED_TX_STAMP`, `CREATED_STAMP`, `CREATED_TX_STAMP`) VALUES ('167',  'PRINT_1C', 'CARD', 'ADMORE', '1000|1500|2000|2500|3000|5000|7500|10000', '266.0|366.0|445.0|497.0|586.0|671.0|952.0|1071.0', '2017-07-18 12:00:00', '2017-07-18 12:00:00', '2017-07-18 12:00:00', '2017-07-18 12:00:00');
INSERT INTO `qc_attribute_value` (`ATTRIBUTE_VALUE_ID`, `ATTRIBUTE_ID`, `STYLE_GROUP_ID`, `VENDOR_ID`, `QUANTITY_BREAK`, `VOLUME_PRICE`, `LAST_UPDATED_STAMP`, `LAST_UPDATED_TX_STAMP`, `CREATED_STAMP`, `CREATED_TX_STAMP`) VALUES ('168',  'PRINT_4C', 'CARD', 'ADMORE', '1000|1500|2000|2500|3000|5000|7500|10000', '697.0|780.0|828.0|864.0|948.0|1053.0|1303.0|1611.0', '2017-07-18 12:00:00', '2017-07-18 12:00:00', '2017-07-18 12:00:00', '2017-07-18 12:00:00');
INSERT INTO `qc_attribute_value` (`ATTRIBUTE_VALUE_ID`, `ATTRIBUTE_ID`, `STYLE_GROUP_ID`, `VENDOR_ID`, `QUANTITY_BREAK`, `VOLUME_PRICE`, `LAST_UPDATED_STAMP`, `LAST_UPDATED_TX_STAMP`, `CREATED_STAMP`, `CREATED_TX_STAMP`) VALUES ('169',  'FOIL_STAMP_BASE', 'CARD', 'ADMORE', '1000|1500|2000|2500|3000|5000|7500|10000', '391.0|429.0|454.0|491.0|570.0|698.0|992.0|1260.0', '2017-07-18 12:00:00', '2017-07-18 12:00:00', '2017-07-18 12:00:00', '2017-07-18 12:00:00');
INSERT INTO `qc_attribute_value` (`ATTRIBUTE_VALUE_ID`, `ATTRIBUTE_ID`, `STYLE_GROUP_ID`, `VENDOR_ID`, `QUANTITY_BREAK`, `VOLUME_PRICE`, `LAST_UPDATED_STAMP`, `LAST_UPDATED_TX_STAMP`, `CREATED_STAMP`, `CREATED_TX_STAMP`) VALUES ('170',  'EMBOSS_BASE', 'CARD', 'ADMORE', '1000|1500|2000|2500|3000|5000|7500|10000', '391.0|429.0|454.0|491.0|570.0|698.0|992.0|1260.0', '2017-07-18 12:00:00', '2017-07-18 12:00:00', '2017-07-18 12:00:00', '2017-07-18 12:00:00');
INSERT INTO `qc_attribute_value` (`ATTRIBUTE_VALUE_ID`, `ATTRIBUTE_ID`, `STYLE_GROUP_ID`, `VENDOR_ID`, `QUANTITY_BREAK`, `VOLUME_PRICE`, `LAST_UPDATED_STAMP`, `LAST_UPDATED_TX_STAMP`, `CREATED_STAMP`, `CREATED_TX_STAMP`) VALUES ('171',  'ADDITIONAL_COLOR_PER_SIDE', 'CARD', 'ADMORE', '1000|1500|2000|2500|3000|5000|7500|10000', '79.0|86.0|94.0|101.0|108.0|122.0|142.0|144.0', '2017-07-18 12:00:00', '2017-07-18 12:00:00', '2017-07-18 12:00:00', '2017-07-18 12:00:00');
INSERT INTO `qc_attribute_value` (`ATTRIBUTE_VALUE_ID`, `ATTRIBUTE_ID`, `STYLE_GROUP_ID`, `VENDOR_ID`, `QUANTITY_BREAK`, `VOLUME_PRICE`, `LAST_UPDATED_STAMP`, `LAST_UPDATED_TX_STAMP`, `CREATED_STAMP`, `CREATED_TX_STAMP`) VALUES ('172',  'HEAVY_COVERAGE_PER_SIDE', 'CARD', 'ADMORE', '1000|1500|2000|2500|3000|5000|7500|10000', '79.0|86.0|94.0|101.0|108.0|122.0|142.0|144.0', '2017-07-18 12:00:00', '2017-07-18 12:00:00', '2017-07-18 12:00:00', '2017-07-18 12:00:00');
INSERT INTO `qc_attribute_value` (`ATTRIBUTE_VALUE_ID`, `ATTRIBUTE_ID`, `STYLE_GROUP_ID`, `VENDOR_ID`, `QUANTITY_BREAK`, `VOLUME_PRICE`, `LAST_UPDATED_STAMP`, `LAST_UPDATED_TX_STAMP`, `CREATED_STAMP`, `CREATED_TX_STAMP`) VALUES ('173',  'GROUP_A_STOCKS', 'CARD', 'ADMORE', '1000|1500|2000|2500|3000|5000|7500|10000', '19.0|27.0|36.0|43.0|49.0|81.0|115.0|153.0', '2017-07-18 12:00:00', '2017-07-18 12:00:00', '2017-07-18 12:00:00', '2017-07-18 12:00:00');
INSERT INTO `qc_attribute_value` (`ATTRIBUTE_VALUE_ID`, `ATTRIBUTE_ID`, `STYLE_GROUP_ID`, `VENDOR_ID`, `QUANTITY_BREAK`, `VOLUME_PRICE`, `LAST_UPDATED_STAMP`, `LAST_UPDATED_TX_STAMP`, `CREATED_STAMP`, `CREATED_TX_STAMP`) VALUES ('174',  'GROUP_B_STOCKS', 'CARD', 'ADMORE', '1000|1500|2000|2500|3000|5000|7500|10000', '34.0|49.0|63.0|77.0|89.0|144.0|209.0|270.0', '2017-07-18 12:00:00', '2017-07-18 12:00:00', '2017-07-18 12:00:00', '2017-07-18 12:00:00');
INSERT INTO `qc_attribute_value` (`ATTRIBUTE_VALUE_ID`, `ATTRIBUTE_ID`, `STYLE_GROUP_ID`, `VENDOR_ID`, `QUANTITY_BREAK`, `VOLUME_PRICE`, `LAST_UPDATED_STAMP`, `LAST_UPDATED_TX_STAMP`, `CREATED_STAMP`, `CREATED_TX_STAMP`) VALUES ('175',  'GROUP_C_STOCKS', 'CARD', 'ADMORE', '1000|1500|2000|2500|3000|5000|7500|10000', '52.0|74.0|95.0|117.0|135.0|221.0|317.0|414.0', '2017-07-18 12:00:00', '2017-07-18 12:00:00', '2017-07-18 12:00:00', '2017-07-18 12:00:00');
INSERT INTO `qc_attribute_value` (`ATTRIBUTE_VALUE_ID`, `ATTRIBUTE_ID`, `STYLE_GROUP_ID`, `VENDOR_ID`, `QUANTITY_BREAK`, `VOLUME_PRICE`, `LAST_UPDATED_STAMP`, `LAST_UPDATED_TX_STAMP`, `CREATED_STAMP`, `CREATED_TX_STAMP`) VALUES ('176',  'GROUP_D_STOCKS', 'CARD', 'ADMORE', '1000|1500|2000|2500|3000|5000|7500|10000', '87.0|123.0|158.0|191.0|224.0|360.0|527.0|684.0', '2017-07-18 12:00:00', '2017-07-18 12:00:00', '2017-07-18 12:00:00', '2017-07-18 12:00:00');
INSERT INTO `qc_attribute_value` (`ATTRIBUTE_VALUE_ID`, `ATTRIBUTE_ID`, `STYLE_GROUP_ID`, `VENDOR_ID`, `QUANTITY_BREAK`, `VOLUME_PRICE`, `LAST_UPDATED_STAMP`, `LAST_UPDATED_TX_STAMP`, `CREATED_STAMP`, `CREATED_TX_STAMP`) VALUES ('177',  'AQUEOUS_CHOICE', 'CARD', 'ADMORE', '1000|1500|2000|2500|3000|5000|7500|10000', '0.0|0.0|0.0|0.0|0.0|0.0|0.0|0.0', '2017-07-18 12:00:00', '2017-07-18 12:00:00', '2017-07-18 12:00:00', '2017-07-18 12:00:00');
INSERT INTO `qc_attribute_value` (`ATTRIBUTE_VALUE_ID`, `ATTRIBUTE_ID`, `STYLE_GROUP_ID`, `VENDOR_ID`, `QUANTITY_BREAK`, `VOLUME_PRICE`, `LAST_UPDATED_STAMP`, `LAST_UPDATED_TX_STAMP`, `CREATED_STAMP`, `CREATED_TX_STAMP`) VALUES ('178',  'AQUEOUS_GLOSS', 'CARD', 'ADMORE', '1000|1500|2000|2500|3000|5000|7500|10000', '0.0|0.0|0.0|0.0|0.0|0.0|0.0|0.0', '2017-07-18 12:00:00', '2017-07-18 12:00:00', '2017-07-18 12:00:00', '2017-07-18 12:00:00');
INSERT INTO `qc_attribute_value` (`ATTRIBUTE_VALUE_ID`, `ATTRIBUTE_ID`, `STYLE_GROUP_ID`, `VENDOR_ID`, `QUANTITY_BREAK`, `VOLUME_PRICE`, `LAST_UPDATED_STAMP`, `LAST_UPDATED_TX_STAMP`, `CREATED_STAMP`, `CREATED_TX_STAMP`) VALUES ('179',  'AQUEOUS_MATTE', 'CARD', 'ADMORE', '1000|1500|2000|2500|3000|5000|7500|10000', '0.0|0.0|0.0|0.0|0.0|0.0|0.0|0.0', '2017-07-18 12:00:00', '2017-07-18 12:00:00', '2017-07-18 12:00:00', '2017-07-18 12:00:00');
INSERT INTO `qc_attribute_value` (`ATTRIBUTE_VALUE_ID`, `ATTRIBUTE_ID`, `STYLE_GROUP_ID`, `VENDOR_ID`, `QUANTITY_BREAK`, `VOLUME_PRICE`, `LAST_UPDATED_STAMP`, `LAST_UPDATED_TX_STAMP`, `CREATED_STAMP`, `CREATED_TX_STAMP`) VALUES ('180',  'AQUEOUS_SATIN', 'CARD', 'ADMORE', '1000|1500|2000|2500|3000|5000|7500|10000', '0.0|0.0|0.0|0.0|0.0|0.0|0.0|0.0', '2017-07-18 12:00:00', '2017-07-18 12:00:00', '2017-07-18 12:00:00', '2017-07-18 12:00:00');
INSERT INTO `qc_attribute_value` (`ATTRIBUTE_VALUE_ID`, `ATTRIBUTE_ID`, `STYLE_GROUP_ID`, `VENDOR_ID`, `QUANTITY_BREAK`, `VOLUME_PRICE`, `LAST_UPDATED_STAMP`, `LAST_UPDATED_TX_STAMP`, `CREATED_STAMP`, `CREATED_TX_STAMP`) VALUES ('181',  'PRINT_1C', 'FILE', 'ADMORE', '250|500|750|1000|1500|2000|2500|3000|4000|5000|7500|10000', '248.0|267.0|320.0|372.0|460.0|567.0|671.0|772.0|944.0|1116.0|1519.0|1818.0', '2017-07-18 12:00:00', '2017-07-18 12:00:00', '2017-07-18 12:00:00', '2017-07-18 12:00:00');
INSERT INTO `qc_attribute_value` (`ATTRIBUTE_VALUE_ID`, `ATTRIBUTE_ID`, `STYLE_GROUP_ID`, `VENDOR_ID`, `QUANTITY_BREAK`, `VOLUME_PRICE`, `LAST_UPDATED_STAMP`, `LAST_UPDATED_TX_STAMP`, `CREATED_STAMP`, `CREATED_TX_STAMP`) VALUES ('182',  'PRINT_4C', 'FILE', 'ADMORE', '250|500|750|1000|1500|2000|2500|3000|4000|5000|7500|10000', '303.0|360.0|430.0|500.0|643.0|751.0|853.0|945.0|1134.0|1323.0|1735.0|2025.0', '2017-07-18 12:00:00', '2017-07-18 12:00:00', '2017-07-18 12:00:00', '2017-07-18 12:00:00');
INSERT INTO `qc_attribute_value` (`ATTRIBUTE_VALUE_ID`, `ATTRIBUTE_ID`, `STYLE_GROUP_ID`, `VENDOR_ID`, `QUANTITY_BREAK`, `VOLUME_PRICE`, `LAST_UPDATED_STAMP`, `LAST_UPDATED_TX_STAMP`, `CREATED_STAMP`, `CREATED_TX_STAMP`) VALUES ('183',  'FOIL_STAMP_BASE', 'FILE', 'ADMORE', '250|500|750|1000|1500|2000|2500|3000|4000|5000|7500|10000', '198.0|261.0|314.0|367.0|460.0|605.0|727.0|840.0|1050.0|1260.0|1775.0|2223.0', '2017-07-18 12:00:00', '2017-07-18 12:00:00', '2017-07-18 12:00:00', '2017-07-18 12:00:00');
INSERT INTO `qc_attribute_value` (`ATTRIBUTE_VALUE_ID`, `ATTRIBUTE_ID`, `STYLE_GROUP_ID`, `VENDOR_ID`, `QUANTITY_BREAK`, `VOLUME_PRICE`, `LAST_UPDATED_STAMP`, `LAST_UPDATED_TX_STAMP`, `CREATED_STAMP`, `CREATED_TX_STAMP`) VALUES ('184',  'EMBOSS_BASE', 'FILE', 'ADMORE', '250|500|750|1000|1500|2000|2500|3000|4000|5000|7500|10000', '198.0|261.0|314.0|367.0|460.0|605.0|727.0|840.0|1050.0|1260.0|1775.0|2223.0', '2017-07-18 12:00:00', '2017-07-18 12:00:00', '2017-07-18 12:00:00', '2017-07-18 12:00:00');
INSERT INTO `qc_attribute_value` (`ATTRIBUTE_VALUE_ID`, `ATTRIBUTE_ID`, `STYLE_GROUP_ID`, `VENDOR_ID`, `QUANTITY_BREAK`, `VOLUME_PRICE`, `LAST_UPDATED_STAMP`, `LAST_UPDATED_TX_STAMP`, `CREATED_STAMP`, `CREATED_TX_STAMP`) VALUES ('185',  'ADDITIONAL_COLOR_PER_SIDE', 'FILE', 'ADMORE', '250|500|750|1000|1500|2000|2500|3000|4000|5000|7500|10000', '79.0|88.0|95.0|102.0|111.0|130.0|149.0|162.0|174.0|185.0|257.0|315.0', '2017-07-18 12:00:00', '2017-07-18 12:00:00', '2017-07-18 12:00:00', '2017-07-18 12:00:00');
INSERT INTO `qc_attribute_value` (`ATTRIBUTE_VALUE_ID`, `ATTRIBUTE_ID`, `STYLE_GROUP_ID`, `VENDOR_ID`, `QUANTITY_BREAK`, `VOLUME_PRICE`, `LAST_UPDATED_STAMP`, `LAST_UPDATED_TX_STAMP`, `CREATED_STAMP`, `CREATED_TX_STAMP`) VALUES ('186',  'ITEM_UPCHARGE', 'FILE', 'ADMORE', '250|500|750|1000|1500|2000|2500|3000|4000|5000|7500|10000', '23.0|37.0|53.0|69.0|97.0|112.0|131.0|140.0|151.0|162.0|209.0|252.0', '2017-07-18 12:00:00', '2017-07-18 12:00:00', '2017-07-18 12:00:00', '2017-07-18 12:00:00');
INSERT INTO `qc_attribute_value` (`ATTRIBUTE_VALUE_ID`, `ATTRIBUTE_ID`, `STYLE_GROUP_ID`, `VENDOR_ID`, `QUANTITY_BREAK`, `VOLUME_PRICE`, `LAST_UPDATED_STAMP`, `LAST_UPDATED_TX_STAMP`, `CREATED_STAMP`, `CREATED_TX_STAMP`) VALUES ('187',  'ITEM_UPCHARGE', 'FILE', 'ADMORE', '250|500|750|1000|1500|2000|2500|3000|4000|5000|7500|10000', '228.0|273.0|318.0|363.0|466.0|617.0|684.0|716.0|804.0|891.0|1235.0|1557.0', '2017-07-18 12:00:00', '2017-07-18 12:00:00', '2017-07-18 12:00:00', '2017-07-18 12:00:00');
INSERT INTO `qc_attribute_value` (`ATTRIBUTE_VALUE_ID`, `ATTRIBUTE_ID`, `STYLE_GROUP_ID`, `VENDOR_ID`, `QUANTITY_BREAK`, `VOLUME_PRICE`, `LAST_UPDATED_STAMP`, `LAST_UPDATED_TX_STAMP`, `CREATED_STAMP`, `CREATED_TX_STAMP`) VALUES ('188',  'ITEM_UPCHARGE', 'FILE', 'ADMORE', '250|500|750|1000|1500|2000|2500|3000|4000|5000|7500|10000', '286.0|381.0|466.0|552.0|725.0|963.0|1116.0|1234.0|1495.0|1755.0|2531.0|3285.0', '2017-07-18 12:00:00', '2017-07-18 12:00:00', '2017-07-18 12:00:00', '2017-07-18 12:00:00');
INSERT INTO `qc_attribute_value` (`ATTRIBUTE_VALUE_ID`, `ATTRIBUTE_ID`, `STYLE_GROUP_ID`, `VENDOR_ID`, `QUANTITY_BREAK`, `VOLUME_PRICE`, `LAST_UPDATED_STAMP`, `LAST_UPDATED_TX_STAMP`, `CREATED_STAMP`, `CREATED_TX_STAMP`) VALUES ('189',  'PRINT_1C', 'CERTIFICATE', 'ADMORE', '250|500|750|1000|1500|2000|2500|3000|4000|5000|7500|10000', '222.0|230.0|268.0|307.0|369.0|448.0|527.0|605.0|725.0|846.0|1127.0|1296.0', '2017-07-18 12:00:00', '2017-07-18 12:00:00', '2017-07-18 12:00:00', '2017-07-18 12:00:00');
INSERT INTO `qc_attribute_value` (`ATTRIBUTE_VALUE_ID`, `ATTRIBUTE_ID`, `STYLE_GROUP_ID`, `VENDOR_ID`, `QUANTITY_BREAK`, `VOLUME_PRICE`, `LAST_UPDATED_STAMP`, `LAST_UPDATED_TX_STAMP`, `CREATED_STAMP`, `CREATED_TX_STAMP`) VALUES ('190',  'PRINT_4C', 'CERTIFICATE', 'ADMORE', '250|500|750|1000|1500|2000|2500|3000|4000|5000|7500|10000', '277.0|324.0|379.0|435.0|551.0|632.0|709.0|778.0|915.0|1053.0|1343.0|1503.0', '2017-07-18 12:00:00', '2017-07-18 12:00:00', '2017-07-18 12:00:00', '2017-07-18 12:00:00');
INSERT INTO `qc_attribute_value` (`ATTRIBUTE_VALUE_ID`, `ATTRIBUTE_ID`, `STYLE_GROUP_ID`, `VENDOR_ID`, `QUANTITY_BREAK`, `VOLUME_PRICE`, `LAST_UPDATED_STAMP`, `LAST_UPDATED_TX_STAMP`, `CREATED_STAMP`, `CREATED_TX_STAMP`) VALUES ('191',  'FOIL_STAMP_BASE', 'CERTIFICATE', 'ADMORE', '250|500|750|1000|1500|2000|2500|3000|4000|5000|7500|10000', '171.0|225.0|264.0|302.0|369.0|486.0|585.0|672.0|832.0|990.0|1384.0|1701.0', '2017-07-18 12:00:00', '2017-07-18 12:00:00', '2017-07-18 12:00:00', '2017-07-18 12:00:00');
INSERT INTO `qc_attribute_value` (`ATTRIBUTE_VALUE_ID`, `ATTRIBUTE_ID`, `STYLE_GROUP_ID`, `VENDOR_ID`, `QUANTITY_BREAK`, `VOLUME_PRICE`, `LAST_UPDATED_STAMP`, `LAST_UPDATED_TX_STAMP`, `CREATED_STAMP`, `CREATED_TX_STAMP`) VALUES ('192',  'EMBOSS_BASE', 'CERTIFICATE', 'ADMORE', '250|500|750|1000|1500|2000|2500|3000|4000|5000|7500|10000', '171.0|225.0|264.0|302.0|369.0|486.0|585.0|672.0|832.0|990.0|1384.0|1701.0', '2017-07-18 12:00:00', '2017-07-18 12:00:00', '2017-07-18 12:00:00', '2017-07-18 12:00:00');
INSERT INTO `qc_attribute_value` (`ATTRIBUTE_VALUE_ID`, `ATTRIBUTE_ID`, `STYLE_GROUP_ID`, `VENDOR_ID`, `QUANTITY_BREAK`, `VOLUME_PRICE`, `LAST_UPDATED_STAMP`, `LAST_UPDATED_TX_STAMP`, `CREATED_STAMP`, `CREATED_TX_STAMP`) VALUES ('193',  'ADDITIONAL_COLOR_PER_SIDE', 'CERTIFICATE', 'ADMORE', '250|500|750|1000|1500|2000|2500|3000|4000|5000|7500|10000', '79.0|88.0|95.0|102.0|111.0|130.0|149.0|162.0|174.0|185.0|257.0|315.0', '2017-07-18 12:00:00', '2017-07-18 12:00:00', '2017-07-18 12:00:00', '2017-07-18 12:00:00');
INSERT INTO `qc_attribute_value` (`ATTRIBUTE_VALUE_ID`, `ATTRIBUTE_ID`, `STYLE_GROUP_ID`, `VENDOR_ID`, `QUANTITY_BREAK`, `VOLUME_PRICE`, `LAST_UPDATED_STAMP`, `LAST_UPDATED_TX_STAMP`, `CREATED_STAMP`, `CREATED_TX_STAMP`) VALUES ('194',  'HEAVY_COVERAGE_PER_SIDE', 'CERTIFICATE', 'ADMORE', '250|500|750|1000|1500|2000|2500|3000|4000|5000|7500|10000', '79.0|88.0|95.0|102.0|111.0|130.0|149.0|162.0|174.0|185.0|257.0|315.0', '2017-07-18 12:00:00', '2017-07-18 12:00:00', '2017-07-18 12:00:00', '2017-07-18 12:00:00');
INSERT INTO `qc_attribute_value` (`ATTRIBUTE_VALUE_ID`, `ATTRIBUTE_ID`, `STYLE_GROUP_ID`, `VENDOR_ID`, `QUANTITY_BREAK`, `VOLUME_PRICE`, `LAST_UPDATED_STAMP`, `LAST_UPDATED_TX_STAMP`, `CREATED_STAMP`, `CREATED_TX_STAMP`) VALUES ('195',  'GROUP_A_STOCKS', 'CERTIFICATE', 'ADMORE', '250|500|750|1000|1500|2000|2500|3000|4000|5000|7500|10000', '26.0|36.0|50.0|64.0|90.0|117.0|142.0|165.0|215.0|266.0|385.0|513.0', '2017-07-18 12:00:00', '2017-07-18 12:00:00', '2017-07-18 12:00:00', '2017-07-18 12:00:00');
INSERT INTO `qc_attribute_value` (`ATTRIBUTE_VALUE_ID`, `ATTRIBUTE_ID`, `STYLE_GROUP_ID`, `VENDOR_ID`, `QUANTITY_BREAK`, `VOLUME_PRICE`, `LAST_UPDATED_STAMP`, `LAST_UPDATED_TX_STAMP`, `CREATED_STAMP`, `CREATED_TX_STAMP`) VALUES ('196',  'GROUP_B_STOCKS', 'CERTIFICATE', 'ADMORE', '250|500|750|1000|1500|2000|2500|3000|4000|5000|7500|10000', '40.0|58.0|80.0|102.0|143.0|185.0|225.0|262.0|343.0|423.0|608.0|801.0', '2017-07-18 12:00:00', '2017-07-18 12:00:00', '2017-07-18 12:00:00', '2017-07-18 12:00:00');
INSERT INTO `qc_attribute_value` (`ATTRIBUTE_VALUE_ID`, `ATTRIBUTE_ID`, `STYLE_GROUP_ID`, `VENDOR_ID`, `QUANTITY_BREAK`, `VOLUME_PRICE`, `LAST_UPDATED_STAMP`, `LAST_UPDATED_TX_STAMP`, `CREATED_STAMP`, `CREATED_TX_STAMP`) VALUES ('197',  'GROUP_C_STOCKS', 'CERTIFICATE', 'ADMORE', '250|500|750|1000|1500|2000|2500|3000|4000|5000|7500|10000', '61.0|88.0|122.0|155.0|217.0|283.0|342.0|397.0|520.0|644.0|932.0|1224.0', '2017-07-18 12:00:00', '2017-07-18 12:00:00', '2017-07-18 12:00:00', '2017-07-18 12:00:00');
INSERT INTO `qc_attribute_value` (`ATTRIBUTE_VALUE_ID`, `ATTRIBUTE_ID`, `STYLE_GROUP_ID`, `VENDOR_ID`, `QUANTITY_BREAK`, `VOLUME_PRICE`, `LAST_UPDATED_STAMP`, `LAST_UPDATED_TX_STAMP`, `CREATED_STAMP`, `CREATED_TX_STAMP`) VALUES ('198',  'GROUP_D_STOCKS', 'CERTIFICATE', 'ADMORE', '250|500|750|1000|1500|2000|2500|3000|4000|5000|7500|10000', '91.0|131.0|180.0|230.0|323.0|418.0|504.0|589.0|770.0|950.0|1377.0|1809.0', '2017-07-18 12:00:00', '2017-07-18 12:00:00', '2017-07-18 12:00:00', '2017-07-18 12:00:00');
INSERT INTO `qc_attribute_value` (`ATTRIBUTE_VALUE_ID`, `ATTRIBUTE_ID`, `STYLE_GROUP_ID`, `VENDOR_ID`, `QUANTITY_BREAK`, `VOLUME_PRICE`, `LAST_UPDATED_STAMP`, `LAST_UPDATED_TX_STAMP`, `CREATED_STAMP`, `CREATED_TX_STAMP`) VALUES ('199',  'AQUEOUS_CHOICE', 'CERTIFICATE', 'ADMORE', '250|500|750|1000|1500|2000|2500|3000|4000|5000|7500|10000', '0.0|0.0|0.0|0.0|0.0|0.0|0.0|0.0|0.0|0.0|0.0|0.0', '2017-07-18 12:00:00', '2017-07-18 12:00:00', '2017-07-18 12:00:00', '2017-07-18 12:00:00');
INSERT INTO `qc_attribute_value` (`ATTRIBUTE_VALUE_ID`, `ATTRIBUTE_ID`, `STYLE_GROUP_ID`, `VENDOR_ID`, `QUANTITY_BREAK`, `VOLUME_PRICE`, `LAST_UPDATED_STAMP`, `LAST_UPDATED_TX_STAMP`, `CREATED_STAMP`, `CREATED_TX_STAMP`) VALUES ('200',  'AQUEOUS_GLOSS', 'CERTIFICATE', 'ADMORE', '250|500|750|1000|1500|2000|2500|3000|4000|5000|7500|10000', '0.0|0.0|0.0|0.0|0.0|0.0|0.0|0.0|0.0|0.0|0.0|0.0', '2017-07-18 12:00:00', '2017-07-18 12:00:00', '2017-07-18 12:00:00', '2017-07-18 12:00:00');
INSERT INTO `qc_attribute_value` (`ATTRIBUTE_VALUE_ID`, `ATTRIBUTE_ID`, `STYLE_GROUP_ID`, `VENDOR_ID`, `QUANTITY_BREAK`, `VOLUME_PRICE`, `LAST_UPDATED_STAMP`, `LAST_UPDATED_TX_STAMP`, `CREATED_STAMP`, `CREATED_TX_STAMP`) VALUES ('201',  'AQUEOUS_MATTE', 'CERTIFICATE', 'ADMORE', '250|500|750|1000|1500|2000|2500|3000|4000|5000|7500|10000', '0.0|0.0|0.0|0.0|0.0|0.0|0.0|0.0|0.0|0.0|0.0|0.0', '2017-07-18 12:00:00', '2017-07-18 12:00:00', '2017-07-18 12:00:00', '2017-07-18 12:00:00');
INSERT INTO `qc_attribute_value` (`ATTRIBUTE_VALUE_ID`, `ATTRIBUTE_ID`, `STYLE_GROUP_ID`, `VENDOR_ID`, `QUANTITY_BREAK`, `VOLUME_PRICE`, `LAST_UPDATED_STAMP`, `LAST_UPDATED_TX_STAMP`, `CREATED_STAMP`, `CREATED_TX_STAMP`) VALUES ('202',  'AQUEOUS_SATIN', 'CERTIFICATE', 'ADMORE', '250|500|750|1000|1500|2000|2500|3000|4000|5000|7500|10000', '0.0|0.0|0.0|0.0|0.0|0.0|0.0|0.0|0.0|0.0|0.0|0.0', '2017-07-18 12:00:00', '2017-07-18 12:00:00', '2017-07-18 12:00:00', '2017-07-18 12:00:00');
INSERT INTO `qc_attribute_value` (`ATTRIBUTE_VALUE_ID`, `ATTRIBUTE_ID`, `STYLE_GROUP_ID`, `VENDOR_ID`, `QUANTITY_BREAK`, `VOLUME_PRICE`, `LAST_UPDATED_STAMP`, `LAST_UPDATED_TX_STAMP`, `CREATED_STAMP`, `CREATED_TX_STAMP`) VALUES ('203',  'ITEM_UPCHARGE', 'CERTIFICATE', 'ADMORE', '250|500|750|1000|1500|2000|2500|3000|4000|5000|7500|10000', '14.0|28.0|38.0|47.0|70.0|94.0|117.0|140.0|187.0|234.0|351.0|468.0', '2017-07-18 12:00:00', '2017-07-18 12:00:00', '2017-07-18 12:00:00', '2017-07-18 12:00:00');
INSERT INTO `qc_attribute_value` (`ATTRIBUTE_VALUE_ID`, `ATTRIBUTE_ID`, `STYLE_GROUP_ID`, `VENDOR_ID`, `QUANTITY_BREAK`, `VOLUME_PRICE`, `LAST_UPDATED_STAMP`, `LAST_UPDATED_TX_STAMP`, `CREATED_STAMP`, `CREATED_TX_STAMP`) VALUES ('204',  'PRINT_1C', 'PHOTO', 'ADMORE', '150|250|500|750|1000|1500|2000|2500|3000|4000|5000', '259.0|291.0|356.0|457.0|559.0|722.0|851.0|1046.0|1218.0|1556.0|1895.0', '2017-07-18 12:00:00', '2017-07-18 12:00:00', '2017-07-18 12:00:00', '2017-07-18 12:00:00');
INSERT INTO `qc_attribute_value` (`ATTRIBUTE_VALUE_ID`, `ATTRIBUTE_ID`, `STYLE_GROUP_ID`, `VENDOR_ID`, `QUANTITY_BREAK`, `VOLUME_PRICE`, `LAST_UPDATED_STAMP`, `LAST_UPDATED_TX_STAMP`, `CREATED_STAMP`, `CREATED_TX_STAMP`) VALUES ('205',  'PRINT_4C', 'PHOTO', 'ADMORE', '150|250|500|750|1000|1500|2000|2500|3000|4000|5000', '696.0|703.0|759.0|815.0|870.0|1003.0|1112.0|1233.0|1347.0|1598.0|1850.0', '2017-07-18 12:00:00', '2017-07-18 12:00:00', '2017-07-18 12:00:00', '2017-07-18 12:00:00');
INSERT INTO `qc_attribute_value` (`ATTRIBUTE_VALUE_ID`, `ATTRIBUTE_ID`, `STYLE_GROUP_ID`, `VENDOR_ID`, `QUANTITY_BREAK`, `VOLUME_PRICE`, `LAST_UPDATED_STAMP`, `LAST_UPDATED_TX_STAMP`, `CREATED_STAMP`, `CREATED_TX_STAMP`) VALUES ('206',  'FOIL_STAMP_BASE', 'PHOTO', 'ADMORE', '150|250|500|750|1000|1500|2000|2500|3000|4000|5000', '195.0|236.0|338.0|442.0|545.0|751.0|938.0|1139.0|1339.0|1741.0|2142.0', '2017-07-18 12:00:00', '2017-07-18 12:00:00', '2017-07-18 12:00:00', '2017-07-18 12:00:00');
INSERT INTO `qc_attribute_value` (`ATTRIBUTE_VALUE_ID`, `ATTRIBUTE_ID`, `STYLE_GROUP_ID`, `VENDOR_ID`, `QUANTITY_BREAK`, `VOLUME_PRICE`, `LAST_UPDATED_STAMP`, `LAST_UPDATED_TX_STAMP`, `CREATED_STAMP`, `CREATED_TX_STAMP`) VALUES ('207',  'EMBOSS_BASE', 'PHOTO', 'ADMORE', '150|250|500|750|1000|1500|2000|2500|3000|4000|5000', '195.0|236.0|338.0|442.0|545.0|751.0|938.0|1139.0|1339.0|1741.0|2142.0', '2017-07-18 12:00:00', '2017-07-18 12:00:00', '2017-07-18 12:00:00', '2017-07-18 12:00:00');
INSERT INTO `qc_attribute_value` (`ATTRIBUTE_VALUE_ID`, `ATTRIBUTE_ID`, `STYLE_GROUP_ID`, `VENDOR_ID`, `QUANTITY_BREAK`, `VOLUME_PRICE`, `LAST_UPDATED_STAMP`, `LAST_UPDATED_TX_STAMP`, `CREATED_STAMP`, `CREATED_TX_STAMP`) VALUES ('208',  'ADDITIONAL_COLOR_PER_SIDE', 'PHOTO', 'ADMORE', '150|250|500|750|1000|1500|2000|2500|3000|4000|5000', '79.0|79.0|88.0|95.0|102.0|111.0|130.0|149.0|162.0|174.0|185.0', '2017-07-18 12:00:00', '2017-07-18 12:00:00', '2017-07-18 12:00:00', '2017-07-18 12:00:00');
INSERT INTO `qc_attribute_value` (`ATTRIBUTE_VALUE_ID`, `ATTRIBUTE_ID`, `STYLE_GROUP_ID`, `VENDOR_ID`, `QUANTITY_BREAK`, `VOLUME_PRICE`, `LAST_UPDATED_STAMP`, `LAST_UPDATED_TX_STAMP`, `CREATED_STAMP`, `CREATED_TX_STAMP`) VALUES ('209',  'HEAVY_COVERAGE_PER_SIDE', 'PHOTO', 'ADMORE', '150|250|500|750|1000|1500|2000|2500|3000|4000|5000', '79.0|79.0|88.0|95.0|102.0|111.0|130.0|149.0|162.0|174.0|185.0', '2017-07-18 12:00:00', '2017-07-18 12:00:00', '2017-07-18 12:00:00', '2017-07-18 12:00:00');
INSERT INTO `qc_attribute_value` (`ATTRIBUTE_VALUE_ID`, `ATTRIBUTE_ID`, `STYLE_GROUP_ID`, `VENDOR_ID`, `QUANTITY_BREAK`, `VOLUME_PRICE`, `LAST_UPDATED_STAMP`, `LAST_UPDATED_TX_STAMP`, `CREATED_STAMP`, `CREATED_TX_STAMP`) VALUES ('210',  'GROUP_A_STOCKS', 'PHOTO', 'ADMORE', '150|250|500|750|1000|1500|2000|2500|3000|4000|5000', '15.0|18.0|27.0|38.0|48.0|66.0|86.0|106.0|122.0|160.0|198.0', '2017-07-18 12:00:00', '2017-07-18 12:00:00', '2017-07-18 12:00:00', '2017-07-18 12:00:00');
INSERT INTO `qc_attribute_value` (`ATTRIBUTE_VALUE_ID`, `ATTRIBUTE_ID`, `STYLE_GROUP_ID`, `VENDOR_ID`, `QUANTITY_BREAK`, `VOLUME_PRICE`, `LAST_UPDATED_STAMP`, `LAST_UPDATED_TX_STAMP`, `CREATED_STAMP`, `CREATED_TX_STAMP`) VALUES ('211',  'GROUP_B_STOCKS', 'PHOTO', 'ADMORE', '150|250|500|750|1000|1500|2000|2500|3000|4000|5000', '23.0|30.0|43.0|59.0|75.0|105.0|137.0|167.0|192.0|251.0|311.0', '2017-07-18 12:00:00', '2017-07-18 12:00:00', '2017-07-18 12:00:00', '2017-07-18 12:00:00');
INSERT INTO `qc_attribute_value` (`ATTRIBUTE_VALUE_ID`, `ATTRIBUTE_ID`, `STYLE_GROUP_ID`, `VENDOR_ID`, `QUANTITY_BREAK`, `VOLUME_PRICE`, `LAST_UPDATED_STAMP`, `LAST_UPDATED_TX_STAMP`, `CREATED_STAMP`, `CREATED_TX_STAMP`) VALUES ('212',  'GROUP_C_STOCKS', 'PHOTO', 'ADMORE', '150|250|500|750|1000|1500|2000|2500|3000|4000|5000', '35.0|45.0|65.0|90.0|115.0|161.0|209.0|252.0|294.0|383.0|473.0', '2017-07-18 12:00:00', '2017-07-18 12:00:00', '2017-07-18 12:00:00', '2017-07-18 12:00:00');
INSERT INTO `qc_attribute_value` (`ATTRIBUTE_VALUE_ID`, `ATTRIBUTE_ID`, `STYLE_GROUP_ID`, `VENDOR_ID`, `QUANTITY_BREAK`, `VOLUME_PRICE`, `LAST_UPDATED_STAMP`, `LAST_UPDATED_TX_STAMP`, `CREATED_STAMP`, `CREATED_TX_STAMP`) VALUES ('213',  'GROUP_D_STOCKS', 'PHOTO', 'ADMORE', '150|250|500|750|1000|1500|2000|2500|3000|4000|5000', '52.0|67.0|96.0|132.0|168.0|238.0|306.0|374.0|432.0|565.0|698.0', '2017-07-18 12:00:00', '2017-07-18 12:00:00', '2017-07-18 12:00:00', '2017-07-18 12:00:00');
INSERT INTO `qc_attribute_value` (`ATTRIBUTE_VALUE_ID`, `ATTRIBUTE_ID`, `STYLE_GROUP_ID`, `VENDOR_ID`, `QUANTITY_BREAK`, `VOLUME_PRICE`, `LAST_UPDATED_STAMP`, `LAST_UPDATED_TX_STAMP`, `CREATED_STAMP`, `CREATED_TX_STAMP`) VALUES ('214',  'AQUEOUS_CHOICE', 'PHOTO', 'ADMORE', '150|250|500|750|1000|1500|2000|2500|3000|4000|5000', '0.0|0.0|0.0|0.0|0.0|0.0|0.0|0.0|0.0|0.0|0.0', '2017-07-18 12:00:00', '2017-07-18 12:00:00', '2017-07-18 12:00:00', '2017-07-18 12:00:00');
INSERT INTO `qc_attribute_value` (`ATTRIBUTE_VALUE_ID`, `ATTRIBUTE_ID`, `STYLE_GROUP_ID`, `VENDOR_ID`, `QUANTITY_BREAK`, `VOLUME_PRICE`, `LAST_UPDATED_STAMP`, `LAST_UPDATED_TX_STAMP`, `CREATED_STAMP`, `CREATED_TX_STAMP`) VALUES ('215',  'AQUEOUS_GLOSS', 'PHOTO', 'ADMORE', '150|250|500|750|1000|1500|2000|2500|3000|4000|5000', '0.0|0.0|0.0|0.0|0.0|0.0|0.0|0.0|0.0|0.0|0.0', '2017-07-18 12:00:00', '2017-07-18 12:00:00', '2017-07-18 12:00:00', '2017-07-18 12:00:00');
INSERT INTO `qc_attribute_value` (`ATTRIBUTE_VALUE_ID`, `ATTRIBUTE_ID`, `STYLE_GROUP_ID`, `VENDOR_ID`, `QUANTITY_BREAK`, `VOLUME_PRICE`, `LAST_UPDATED_STAMP`, `LAST_UPDATED_TX_STAMP`, `CREATED_STAMP`, `CREATED_TX_STAMP`) VALUES ('216',  'AQUEOUS_MATTE', 'PHOTO', 'ADMORE', '150|250|500|750|1000|1500|2000|2500|3000|4000|5000', '0.0|0.0|0.0|0.0|0.0|0.0|0.0|0.0|0.0|0.0|0.0', '2017-07-18 12:00:00', '2017-07-18 12:00:00', '2017-07-18 12:00:00', '2017-07-18 12:00:00');
INSERT INTO `qc_attribute_value` (`ATTRIBUTE_VALUE_ID`, `ATTRIBUTE_ID`, `STYLE_GROUP_ID`, `VENDOR_ID`, `QUANTITY_BREAK`, `VOLUME_PRICE`, `LAST_UPDATED_STAMP`, `LAST_UPDATED_TX_STAMP`, `CREATED_STAMP`, `CREATED_TX_STAMP`) VALUES ('217',  'AQUEOUS_SATIN', 'PHOTO', 'ADMORE', '150|250|500|750|1000|1500|2000|2500|3000|4000|5000', '0.0|0.0|0.0|0.0|0.0|0.0|0.0|0.0|0.0|0.0|0.0', '2017-07-18 12:00:00', '2017-07-18 12:00:00', '2017-07-18 12:00:00', '2017-07-18 12:00:00');
INSERT INTO `qc_attribute_value` (`ATTRIBUTE_VALUE_ID`, `ATTRIBUTE_ID`, `STYLE_GROUP_ID`, `VENDOR_ID`, `QUANTITY_BREAK`, `VOLUME_PRICE`, `LAST_UPDATED_STAMP`, `LAST_UPDATED_TX_STAMP`, `CREATED_STAMP`, `CREATED_TX_STAMP`) VALUES ('218',  'ITEM_UPCHARGE', 'PHOTO', 'ADMORE', '150|250|500|750|1000|1500|2000|2500|3000|4000|5000', '9.0|9.0|18.0|28.0|37.0|55.0|74.0|92.0|111.0|148.0|185.0', '2017-07-18 12:00:00', '2017-07-18 12:00:00', '2017-07-18 12:00:00', '2017-07-18 12:00:00');
INSERT INTO `qc_attribute_value` (`ATTRIBUTE_VALUE_ID`, `ATTRIBUTE_ID`, `STYLE_GROUP_ID`, `VENDOR_ID`, `QUANTITY_BREAK`, `VOLUME_PRICE`, `LAST_UPDATED_STAMP`, `LAST_UPDATED_TX_STAMP`, `CREATED_STAMP`, `CREATED_TX_STAMP`) VALUES ('219',  'ITEM_UPCHARGE', 'PHOTO', 'ADMORE', '150|250|500|750|1000|1500|2000|2500|3000|4000|5000', '28.0|28.0|56.0|84.0|112.0|167.0|223.0|279.0|335.0|446.0|558.0', '2017-07-18 12:00:00', '2017-07-18 12:00:00', '2017-07-18 12:00:00', '2017-07-18 12:00:00');
INSERT INTO `qc_attribute_value` (`ATTRIBUTE_VALUE_ID`, `ATTRIBUTE_ID`, `STYLE_GROUP_ID`, `VENDOR_ID`, `QUANTITY_BREAK`, `VOLUME_PRICE`, `LAST_UPDATED_STAMP`, `LAST_UPDATED_TX_STAMP`, `CREATED_STAMP`, `CREATED_TX_STAMP`) VALUES ('220',  'ITEM_UPCHARGE', 'PHOTO', 'ADMORE', '150|250|500|750|1000|1500|2000|2500|3000|4000|5000', '56.0|55.0|94.0|125.0|157.0|234.0|304.0|367.0|416.0|553.0|689.0', '2017-07-18 12:00:00', '2017-07-18 12:00:00', '2017-07-18 12:00:00', '2017-07-18 12:00:00');
INSERT INTO `qc_attribute_value` (`ATTRIBUTE_VALUE_ID`, `ATTRIBUTE_ID`, `STYLE_GROUP_ID`, `VENDOR_ID`, `QUANTITY_BREAK`, `VOLUME_PRICE`, `LAST_UPDATED_STAMP`, `LAST_UPDATED_TX_STAMP`, `CREATED_STAMP`, `CREATED_TX_STAMP`) VALUES ('221',  'PRINT_1C', 'REPORT', 'ADMORE', '250|500|750|1000|1500|2000|2500|3000|4000|5000|7500|10000', '222.0|230.0|268.0|307.0|369.0|448.0|527.0|605.0|725.0|846.0|1127.0|1296.0', '2017-07-18 12:00:00', '2017-07-18 12:00:00', '2017-07-18 12:00:00', '2017-07-18 12:00:00');
INSERT INTO `qc_attribute_value` (`ATTRIBUTE_VALUE_ID`, `ATTRIBUTE_ID`, `STYLE_GROUP_ID`, `VENDOR_ID`, `QUANTITY_BREAK`, `VOLUME_PRICE`, `LAST_UPDATED_STAMP`, `LAST_UPDATED_TX_STAMP`, `CREATED_STAMP`, `CREATED_TX_STAMP`) VALUES ('222',  'PRINT_4C', 'REPORT', 'ADMORE', '250|500|750|1000|1500|2000|2500|3000|4000|5000|7500|10000', '277.0|324.0|379.0|435.0|551.0|632.0|709.0|778.0|915.0|1053.0|1343.0|1503.0', '2017-07-18 12:00:00', '2017-07-18 12:00:00', '2017-07-18 12:00:00', '2017-07-18 12:00:00');
INSERT INTO `qc_attribute_value` (`ATTRIBUTE_VALUE_ID`, `ATTRIBUTE_ID`, `STYLE_GROUP_ID`, `VENDOR_ID`, `QUANTITY_BREAK`, `VOLUME_PRICE`, `LAST_UPDATED_STAMP`, `LAST_UPDATED_TX_STAMP`, `CREATED_STAMP`, `CREATED_TX_STAMP`) VALUES ('223',  'FOIL_STAMP_BASE', 'REPORT', 'ADMORE', '250|500|750|1000|1500|2000|2500|3000|4000|5000|7500|10000', '171.0|225.0|264.0|302.0|369.0|486.0|585.0|672.0|832.0|990.0|1384.0|1701.0', '2017-07-18 12:00:00', '2017-07-18 12:00:00', '2017-07-18 12:00:00', '2017-07-18 12:00:00');
INSERT INTO `qc_attribute_value` (`ATTRIBUTE_VALUE_ID`, `ATTRIBUTE_ID`, `STYLE_GROUP_ID`, `VENDOR_ID`, `QUANTITY_BREAK`, `VOLUME_PRICE`, `LAST_UPDATED_STAMP`, `LAST_UPDATED_TX_STAMP`, `CREATED_STAMP`, `CREATED_TX_STAMP`) VALUES ('224',  'EMBOSS_BASE', 'REPORT', 'ADMORE', '250|500|750|1000|1500|2000|2500|3000|4000|5000|7500|10000', '171.0|225.0|264.0|302.0|369.0|486.0|585.0|672.0|832.0|990.0|1384.0|1701.0', '2017-07-18 12:00:00', '2017-07-18 12:00:00', '2017-07-18 12:00:00', '2017-07-18 12:00:00');
INSERT INTO `qc_attribute_value` (`ATTRIBUTE_VALUE_ID`, `ATTRIBUTE_ID`, `STYLE_GROUP_ID`, `VENDOR_ID`, `QUANTITY_BREAK`, `VOLUME_PRICE`, `LAST_UPDATED_STAMP`, `LAST_UPDATED_TX_STAMP`, `CREATED_STAMP`, `CREATED_TX_STAMP`) VALUES ('225',  'ADDITIONAL_COLOR_PER_SIDE', 'REPORT', 'ADMORE', '250|500|750|1000|1500|2000|2500|3000|4000|5000|7500|10000', '79.0|88.0|95.0|102.0|111.0|130.0|149.0|162.0|174.0|185.0|257.0|315.0', '2017-07-18 12:00:00', '2017-07-18 12:00:00', '2017-07-18 12:00:00', '2017-07-18 12:00:00');
INSERT INTO `qc_attribute_value` (`ATTRIBUTE_VALUE_ID`, `ATTRIBUTE_ID`, `STYLE_GROUP_ID`, `VENDOR_ID`, `QUANTITY_BREAK`, `VOLUME_PRICE`, `LAST_UPDATED_STAMP`, `LAST_UPDATED_TX_STAMP`, `CREATED_STAMP`, `CREATED_TX_STAMP`) VALUES ('226',  'HEAVY_COVERAGE_PER_SIDE', 'REPORT', 'ADMORE', '250|500|750|1000|1500|2000|2500|3000|4000|5000|7500|10000', '79.0|88.0|95.0|102.0|111.0|130.0|149.0|162.0|174.0|185.0|257.0|315.0', '2017-07-18 12:00:00', '2017-07-18 12:00:00', '2017-07-18 12:00:00', '2017-07-18 12:00:00');
INSERT INTO `qc_attribute_value` (`ATTRIBUTE_VALUE_ID`, `ATTRIBUTE_ID`, `STYLE_GROUP_ID`, `VENDOR_ID`, `QUANTITY_BREAK`, `VOLUME_PRICE`, `LAST_UPDATED_STAMP`, `LAST_UPDATED_TX_STAMP`, `CREATED_STAMP`, `CREATED_TX_STAMP`) VALUES ('227',  'PRINT_4C_2ND_SIDE', 'REPORT', 'ADMORE', '250|500|750|1000|1500|2000|2500|3000|4000|5000|7500|10000', '225.0|225.0|243.0|261.0|293.0|324.0|356.0|386.0|450.0|513.0|668.0|828.0', '2017-07-18 12:00:00', '2017-07-18 12:00:00', '2017-07-18 12:00:00', '2017-07-18 12:00:00');
INSERT INTO `qc_attribute_value` (`ATTRIBUTE_VALUE_ID`, `ATTRIBUTE_ID`, `STYLE_GROUP_ID`, `VENDOR_ID`, `QUANTITY_BREAK`, `VOLUME_PRICE`, `LAST_UPDATED_STAMP`, `LAST_UPDATED_TX_STAMP`, `CREATED_STAMP`, `CREATED_TX_STAMP`) VALUES ('228',  'GROUP_A_STOCKS', 'REPORT', 'ADMORE', '250|500|750|1000|1500|2000|2500|3000|4000|5000|7500|10000', '26.0|36.0|50.0|64.0|90.0|117.0|142.0|165.0|215.0|266.0|385.0|513.0', '2017-07-18 12:00:00', '2017-07-18 12:00:00', '2017-07-18 12:00:00', '2017-07-18 12:00:00');
INSERT INTO `qc_attribute_value` (`ATTRIBUTE_VALUE_ID`, `ATTRIBUTE_ID`, `STYLE_GROUP_ID`, `VENDOR_ID`, `QUANTITY_BREAK`, `VOLUME_PRICE`, `LAST_UPDATED_STAMP`, `LAST_UPDATED_TX_STAMP`, `CREATED_STAMP`, `CREATED_TX_STAMP`) VALUES ('229',  'GROUP_B_STOCKS', 'REPORT', 'ADMORE', '250|500|750|1000|1500|2000|2500|3000|4000|5000|7500|10000', '40.0|58.0|80.0|102.0|143.0|185.0|225.0|262.0|343.0|423.0|608.0|801.0', '2017-07-18 12:00:00', '2017-07-18 12:00:00', '2017-07-18 12:00:00', '2017-07-18 12:00:00');
INSERT INTO `qc_attribute_value` (`ATTRIBUTE_VALUE_ID`, `ATTRIBUTE_ID`, `STYLE_GROUP_ID`, `VENDOR_ID`, `QUANTITY_BREAK`, `VOLUME_PRICE`, `LAST_UPDATED_STAMP`, `LAST_UPDATED_TX_STAMP`, `CREATED_STAMP`, `CREATED_TX_STAMP`) VALUES ('230',  'GROUP_C_STOCKS', 'REPORT', 'ADMORE', '250|500|750|1000|1500|2000|2500|3000|4000|5000|7500|10000', '61.0|88.0|122.0|155.0|217.0|283.0|342.0|397.0|520.0|644.0|932.0|1224.0', '2017-07-18 12:00:00', '2017-07-18 12:00:00', '2017-07-18 12:00:00', '2017-07-18 12:00:00');
INSERT INTO `qc_attribute_value` (`ATTRIBUTE_VALUE_ID`, `ATTRIBUTE_ID`, `STYLE_GROUP_ID`, `VENDOR_ID`, `QUANTITY_BREAK`, `VOLUME_PRICE`, `LAST_UPDATED_STAMP`, `LAST_UPDATED_TX_STAMP`, `CREATED_STAMP`, `CREATED_TX_STAMP`) VALUES ('231',  'GROUP_D_STOCKS', 'REPORT', 'ADMORE', '250|500|750|1000|1500|2000|2500|3000|4000|5000|7500|10000', '91.0|131.0|180.0|230.0|323.0|418.0|504.0|589.0|770.0|950.0|1377.0|1809.0', '2017-07-18 12:00:00', '2017-07-18 12:00:00', '2017-07-18 12:00:00', '2017-07-18 12:00:00');
INSERT INTO `qc_attribute_value` (`ATTRIBUTE_VALUE_ID`, `ATTRIBUTE_ID`, `STYLE_GROUP_ID`, `VENDOR_ID`, `QUANTITY_BREAK`, `VOLUME_PRICE`, `LAST_UPDATED_STAMP`, `LAST_UPDATED_TX_STAMP`, `CREATED_STAMP`, `CREATED_TX_STAMP`) VALUES ('232',  'AQUEOUS_CHOICE', 'REPORT', 'ADMORE', '250|500|750|1000|1500|2000|2500|3000|4000|5000|7500|10000', '0.0|0.0|0.0|0.0|0.0|0.0|0.0|0.0|0.0|0.0|0.0|0.0', '2017-07-18 12:00:00', '2017-07-18 12:00:00', '2017-07-18 12:00:00', '2017-07-18 12:00:00');
INSERT INTO `qc_attribute_value` (`ATTRIBUTE_VALUE_ID`, `ATTRIBUTE_ID`, `STYLE_GROUP_ID`, `VENDOR_ID`, `QUANTITY_BREAK`, `VOLUME_PRICE`, `LAST_UPDATED_STAMP`, `LAST_UPDATED_TX_STAMP`, `CREATED_STAMP`, `CREATED_TX_STAMP`) VALUES ('233',  'AQUEOUS_GLOSS', 'REPORT', 'ADMORE', '250|500|750|1000|1500|2000|2500|3000|4000|5000|7500|10000', '0.0|0.0|0.0|0.0|0.0|0.0|0.0|0.0|0.0|0.0|0.0|0.0', '2017-07-18 12:00:00', '2017-07-18 12:00:00', '2017-07-18 12:00:00', '2017-07-18 12:00:00');
INSERT INTO `qc_attribute_value` (`ATTRIBUTE_VALUE_ID`, `ATTRIBUTE_ID`, `STYLE_GROUP_ID`, `VENDOR_ID`, `QUANTITY_BREAK`, `VOLUME_PRICE`, `LAST_UPDATED_STAMP`, `LAST_UPDATED_TX_STAMP`, `CREATED_STAMP`, `CREATED_TX_STAMP`) VALUES ('234',  'AQUEOUS_MATTE', 'REPORT', 'ADMORE', '250|500|750|1000|1500|2000|2500|3000|4000|5000|7500|10000', '0.0|0.0|0.0|0.0|0.0|0.0|0.0|0.0|0.0|0.0|0.0|0.0', '2017-07-18 12:00:00', '2017-07-18 12:00:00', '2017-07-18 12:00:00', '2017-07-18 12:00:00');
INSERT INTO `qc_attribute_value` (`ATTRIBUTE_VALUE_ID`, `ATTRIBUTE_ID`, `STYLE_GROUP_ID`, `VENDOR_ID`, `QUANTITY_BREAK`, `VOLUME_PRICE`, `LAST_UPDATED_STAMP`, `LAST_UPDATED_TX_STAMP`, `CREATED_STAMP`, `CREATED_TX_STAMP`) VALUES ('235',  'AQUEOUS_SATIN', 'REPORT', 'ADMORE', '250|500|750|1000|1500|2000|2500|3000|4000|5000|7500|10000', '0.0|0.0|0.0|0.0|0.0|0.0|0.0|0.0|0.0|0.0|0.0|0.0', '2017-07-18 12:00:00', '2017-07-18 12:00:00', '2017-07-18 12:00:00', '2017-07-18 12:00:00');
INSERT INTO `qc_attribute_value` (`ATTRIBUTE_VALUE_ID`, `ATTRIBUTE_ID`, `STYLE_GROUP_ID`, `VENDOR_ID`, `QUANTITY_BREAK`, `VOLUME_PRICE`, `LAST_UPDATED_STAMP`, `LAST_UPDATED_TX_STAMP`, `CREATED_STAMP`, `CREATED_TX_STAMP`) VALUES ('236',  'AQUEOUS_SOFT_TOUCH ', 'REPORT', 'ADMORE', '250|500|750|1000|1500|2000|2500|3000|4000|5000|7500|10000', '126.0|141.0|153.0|164.0|178.0|193.0|221.0|240.0|257.0|275.0|378.0|459.0', '2017-07-18 12:00:00', '2017-07-18 12:00:00', '2017-07-18 12:00:00', '2017-07-18 12:00:00');
INSERT INTO `qc_attribute_value` (`ATTRIBUTE_VALUE_ID`, `ATTRIBUTE_ID`, `STYLE_GROUP_ID`, `VENDOR_ID`, `QUANTITY_BREAK`, `VOLUME_PRICE`, `LAST_UPDATED_STAMP`, `LAST_UPDATED_TX_STAMP`, `CREATED_STAMP`, `CREATED_TX_STAMP`) VALUES ('237',  'SPINE_ATTACHMENTS', 'REPORT', 'ADMORE', '250|500|750|1000|1500|2000|2500|3000|4000|5000|7500|10000', '109.0|215.0|321.0|427.0|622.0|830.0|1033.0|1239.0|1646.0|2052.0|3058.0|3996.0', '2017-07-18 12:00:00', '2017-07-18 12:00:00', '2017-07-18 12:00:00', '2017-07-18 12:00:00');
INSERT INTO `qc_attribute_value` (`ATTRIBUTE_VALUE_ID`, `ATTRIBUTE_ID`, `STYLE_GROUP_ID`, `VENDOR_ID`, `QUANTITY_BREAK`, `VOLUME_PRICE`, `LAST_UPDATED_STAMP`, `LAST_UPDATED_TX_STAMP`, `CREATED_STAMP`, `CREATED_TX_STAMP`) VALUES ('238',  'ITEM_UPCHARGE', 'REPORT', 'ADMORE', '250|500|750|1000|1500|2000|2500|3000|4000|5000|7500|10000', '88.0|130.0|162.0|194.0|254.0|326.0|389.0|454.0|513.0|572.0|830.0|1089.0', '2017-07-18 12:00:00', '2017-07-18 12:00:00', '2017-07-18 12:00:00', '2017-07-18 12:00:00');
INSERT INTO `qc_attribute_value` (`ATTRIBUTE_VALUE_ID`, `ATTRIBUTE_ID`, `STYLE_GROUP_ID`, `VENDOR_ID`, `QUANTITY_BREAK`, `VOLUME_PRICE`, `LAST_UPDATED_STAMP`, `LAST_UPDATED_TX_STAMP`, `CREATED_STAMP`, `CREATED_TX_STAMP`) VALUES ('239',  'ITEM_UPCHARGE', 'REPORT', 'ADMORE', '250|500|750|1000|1500|2000|2500|3000|4000|5000|7500|10000', '-9.0|-19.0|-25.0|-32.0|-71.0|-107.0|-132.0|-167.0|-216.0|-265.0|-397.0|-529.0', '2017-07-18 12:00:00', '2017-07-18 12:00:00', '2017-07-18 12:00:00', '2017-07-18 12:00:00');
INSERT INTO `qc_attribute_value` (`ATTRIBUTE_VALUE_ID`, `ATTRIBUTE_ID`, `STYLE_GROUP_ID`, `VENDOR_ID`, `QUANTITY_BREAK`, `VOLUME_PRICE`, `LAST_UPDATED_STAMP`, `LAST_UPDATED_TX_STAMP`, `CREATED_STAMP`, `CREATED_TX_STAMP`) VALUES ('240',  'ITEM_UPCHARGE', 'REPORT', 'ADMORE', '250|500|750|1000|1500|2000|2500|3000|4000|5000|7500|10000', '263.0|405.0|578.0|750.0|1095.0|1440.0|1785.0|2130.0|2820.0|3510.0|5235.0|6960.0', '2017-07-18 12:00:00', '2017-07-18 12:00:00', '2017-07-18 12:00:00', '2017-07-18 12:00:00');
INSERT INTO `qc_attribute_value` (`ATTRIBUTE_VALUE_ID`, `ATTRIBUTE_ID`, `STYLE_GROUP_ID`, `VENDOR_ID`, `QUANTITY_BREAK`, `VOLUME_PRICE`, `LAST_UPDATED_STAMP`, `LAST_UPDATED_TX_STAMP`, `CREATED_STAMP`, `CREATED_TX_STAMP`) VALUES ('241',  'PRINT_1C', 'PORTFOLIO', 'ADMORE', '250|500|750|1000|1500|2000|2500|3000|4000|5000|7500|10000', '476.0|540.0|637.0|734.0|922.0|1184.0|1355.0|1488.0|1748.0|2007.0|2754.0|3375.0', '2017-07-18 12:00:00', '2017-07-18 12:00:00', '2017-07-18 12:00:00', '2017-07-18 12:00:00');
INSERT INTO `qc_attribute_value` (`ATTRIBUTE_VALUE_ID`, `ATTRIBUTE_ID`, `STYLE_GROUP_ID`, `VENDOR_ID`, `QUANTITY_BREAK`, `VOLUME_PRICE`, `LAST_UPDATED_STAMP`, `LAST_UPDATED_TX_STAMP`, `CREATED_STAMP`, `CREATED_TX_STAMP`) VALUES ('242',  'PRINT_4C', 'PORTFOLIO', 'ADMORE', '250|500|750|1000|1500|2000|2500|3000|4000|5000|7500|10000', '789.0|855.0|935.0|1014.0|1149.0|1336.0|1501.0|1628.0|1887.0|2147.0|2950.0|3609.0', '2017-07-18 12:00:00', '2017-07-18 12:00:00', '2017-07-18 12:00:00', '2017-07-18 12:00:00');
INSERT INTO `qc_attribute_value` (`ATTRIBUTE_VALUE_ID`, `ATTRIBUTE_ID`, `STYLE_GROUP_ID`, `VENDOR_ID`, `QUANTITY_BREAK`, `VOLUME_PRICE`, `LAST_UPDATED_STAMP`, `LAST_UPDATED_TX_STAMP`, `CREATED_STAMP`, `CREATED_TX_STAMP`) VALUES ('243',  'FOIL_STAMP_BASE', 'PORTFOLIO', 'ADMORE', '250|500|750|1000|1500|2000|2500|3000|4000|5000|7500|10000', '430.0|504.0|610.0|716.0|915.0|1156.0|1395.0|1628.0|2072.0|2516.0|2788.0|3690.0', '2017-07-18 12:00:00', '2017-07-18 12:00:00', '2017-07-18 12:00:00', '2017-07-18 12:00:00');
INSERT INTO `qc_attribute_value` (`ATTRIBUTE_VALUE_ID`, `ATTRIBUTE_ID`, `STYLE_GROUP_ID`, `VENDOR_ID`, `QUANTITY_BREAK`, `VOLUME_PRICE`, `LAST_UPDATED_STAMP`, `LAST_UPDATED_TX_STAMP`, `CREATED_STAMP`, `CREATED_TX_STAMP`) VALUES ('244',  'EMBOSS_BASE', 'PORTFOLIO', 'ADMORE', '250|500|750|1000|1500|2000|2500|3000|4000|5000|7500|10000', '430.0|504.0|610.0|716.0|915.0|1156.0|1395.0|1628.0|2072.0|2516.0|2788.0|3690.0', '2017-07-18 12:00:00', '2017-07-18 12:00:00', '2017-07-18 12:00:00', '2017-07-18 12:00:00');
INSERT INTO `qc_attribute_value` (`ATTRIBUTE_VALUE_ID`, `ATTRIBUTE_ID`, `STYLE_GROUP_ID`, `VENDOR_ID`, `QUANTITY_BREAK`, `VOLUME_PRICE`, `LAST_UPDATED_STAMP`, `LAST_UPDATED_TX_STAMP`, `CREATED_STAMP`, `CREATED_TX_STAMP`) VALUES ('245',  'ADDITIONAL_COLOR_PER_SIDE', 'PORTFOLIO', 'ADMORE', '250|500|750|1000|1500|2000|2500|3000|4000|5000|7500|10000', '79.0|88.0|95.0|102.0|111.0|130.0|149.0|162.0|174.0|185.0|257.0|315.0', '2017-07-18 12:00:00', '2017-07-18 12:00:00', '2017-07-18 12:00:00', '2017-07-18 12:00:00');
INSERT INTO `qc_attribute_value` (`ATTRIBUTE_VALUE_ID`, `ATTRIBUTE_ID`, `STYLE_GROUP_ID`, `VENDOR_ID`, `QUANTITY_BREAK`, `VOLUME_PRICE`, `LAST_UPDATED_STAMP`, `LAST_UPDATED_TX_STAMP`, `CREATED_STAMP`, `CREATED_TX_STAMP`) VALUES ('246',  'HEAVY_COVERAGE_PER_SIDE', 'PORTFOLIO', 'ADMORE', '250|500|750|1000|1500|2000|2500|3000|4000|5000|7500|10000', '79.0|88.0|95.0|102.0|111.0|130.0|149.0|162.0|174.0|185.0|257.0|315.0', '2017-07-18 12:00:00', '2017-07-18 12:00:00', '2017-07-18 12:00:00', '2017-07-18 12:00:00');
INSERT INTO `qc_attribute_value` (`ATTRIBUTE_VALUE_ID`, `ATTRIBUTE_ID`, `STYLE_GROUP_ID`, `VENDOR_ID`, `QUANTITY_BREAK`, `VOLUME_PRICE`, `LAST_UPDATED_STAMP`, `LAST_UPDATED_TX_STAMP`, `CREATED_STAMP`, `CREATED_TX_STAMP`) VALUES ('247',  'GROUP_A_STOCKS', 'PORTFOLIO', 'ADMORE', '250|500|750|1000|1500|2000|2500|3000|4000|5000|7500|10000', '26.0|36.0|50.0|64.0|90.0|117.0|142.0|165.0|215.0|266.0|385.0|513.0', '2017-07-18 12:00:00', '2017-07-18 12:00:00', '2017-07-18 12:00:00', '2017-07-18 12:00:00');
INSERT INTO `qc_attribute_value` (`ATTRIBUTE_VALUE_ID`, `ATTRIBUTE_ID`, `STYLE_GROUP_ID`, `VENDOR_ID`, `QUANTITY_BREAK`, `VOLUME_PRICE`, `LAST_UPDATED_STAMP`, `LAST_UPDATED_TX_STAMP`, `CREATED_STAMP`, `CREATED_TX_STAMP`) VALUES ('248',  'GROUP_B_STOCKS', 'PORTFOLIO', 'ADMORE', '250|500|750|1000|1500|2000|2500|3000|4000|5000|7500|10000', '40.0|58.0|80.0|102.0|143.0|185.0|225.0|262.0|343.0|423.0|608.0|801.0', '2017-07-18 12:00:00', '2017-07-18 12:00:00', '2017-07-18 12:00:00', '2017-07-18 12:00:00');
INSERT INTO `qc_attribute_value` (`ATTRIBUTE_VALUE_ID`, `ATTRIBUTE_ID`, `STYLE_GROUP_ID`, `VENDOR_ID`, `QUANTITY_BREAK`, `VOLUME_PRICE`, `LAST_UPDATED_STAMP`, `LAST_UPDATED_TX_STAMP`, `CREATED_STAMP`, `CREATED_TX_STAMP`) VALUES ('249',  'GROUP_C_STOCKS', 'PORTFOLIO', 'ADMORE', '250|500|750|1000|1500|2000|2500|3000|4000|5000|7500|10000', '61.0|88.0|122.0|155.0|217.0|283.0|342.0|397.0|520.0|644.0|932.0|1224.0', '2017-07-18 12:00:00', '2017-07-18 12:00:00', '2017-07-18 12:00:00', '2017-07-18 12:00:00');
INSERT INTO `qc_attribute_value` (`ATTRIBUTE_VALUE_ID`, `ATTRIBUTE_ID`, `STYLE_GROUP_ID`, `VENDOR_ID`, `QUANTITY_BREAK`, `VOLUME_PRICE`, `LAST_UPDATED_STAMP`, `LAST_UPDATED_TX_STAMP`, `CREATED_STAMP`, `CREATED_TX_STAMP`) VALUES ('250',  'GROUP_D_STOCKS', 'PORTFOLIO', 'ADMORE', '250|500|750|1000|1500|2000|2500|3000|4000|5000|7500|10000', '91.0|131.0|180.0|230.0|323.0|418.0|504.0|589.0|770.0|950.0|1377.0|1809.0', '2017-07-18 12:00:00', '2017-07-18 12:00:00', '2017-07-18 12:00:00', '2017-07-18 12:00:00');
INSERT INTO `qc_attribute_value` (`ATTRIBUTE_VALUE_ID`, `ATTRIBUTE_ID`, `STYLE_GROUP_ID`, `VENDOR_ID`, `QUANTITY_BREAK`, `VOLUME_PRICE`, `LAST_UPDATED_STAMP`, `LAST_UPDATED_TX_STAMP`, `CREATED_STAMP`, `CREATED_TX_STAMP`) VALUES ('251',  'AQUEOUS_CHOICE', 'PORTFOLIO', 'ADMORE', '250|500|750|1000|1500|2000|2500|3000|4000|5000|7500|10000', '0.0|0.0|0.0|0.0|0.0|0.0|0.0|0.0|0.0|0.0|0.0|0.0', '2017-07-18 12:00:00', '2017-07-18 12:00:00', '2017-07-18 12:00:00', '2017-07-18 12:00:00');
INSERT INTO `qc_attribute_value` (`ATTRIBUTE_VALUE_ID`, `ATTRIBUTE_ID`, `STYLE_GROUP_ID`, `VENDOR_ID`, `QUANTITY_BREAK`, `VOLUME_PRICE`, `LAST_UPDATED_STAMP`, `LAST_UPDATED_TX_STAMP`, `CREATED_STAMP`, `CREATED_TX_STAMP`) VALUES ('252',  'AQUEOUS_GLOSS', 'PORTFOLIO', 'ADMORE', '250|500|750|1000|1500|2000|2500|3000|4000|5000|7500|10000', '0.0|0.0|0.0|0.0|0.0|0.0|0.0|0.0|0.0|0.0|0.0|0.0', '2017-07-18 12:00:00', '2017-07-18 12:00:00', '2017-07-18 12:00:00', '2017-07-18 12:00:00');
INSERT INTO `qc_attribute_value` (`ATTRIBUTE_VALUE_ID`, `ATTRIBUTE_ID`, `STYLE_GROUP_ID`, `VENDOR_ID`, `QUANTITY_BREAK`, `VOLUME_PRICE`, `LAST_UPDATED_STAMP`, `LAST_UPDATED_TX_STAMP`, `CREATED_STAMP`, `CREATED_TX_STAMP`) VALUES ('253',  'AQUEOUS_MATTE', 'PORTFOLIO', 'ADMORE', '250|500|750|1000|1500|2000|2500|3000|4000|5000|7500|10000', '0.0|0.0|0.0|0.0|0.0|0.0|0.0|0.0|0.0|0.0|0.0|0.0', '2017-07-18 12:00:00', '2017-07-18 12:00:00', '2017-07-18 12:00:00', '2017-07-18 12:00:00');
INSERT INTO `qc_attribute_value` (`ATTRIBUTE_VALUE_ID`, `ATTRIBUTE_ID`, `STYLE_GROUP_ID`, `VENDOR_ID`, `QUANTITY_BREAK`, `VOLUME_PRICE`, `LAST_UPDATED_STAMP`, `LAST_UPDATED_TX_STAMP`, `CREATED_STAMP`, `CREATED_TX_STAMP`) VALUES ('254',  'AQUEOUS_SATIN', 'PORTFOLIO', 'ADMORE', '250|500|750|1000|1500|2000|2500|3000|4000|5000|7500|10000', '0.0|0.0|0.0|0.0|0.0|0.0|0.0|0.0|0.0|0.0|0.0|0.0', '2017-07-18 12:00:00', '2017-07-18 12:00:00', '2017-07-18 12:00:00', '2017-07-18 12:00:00');
INSERT INTO `qc_attribute_value` (`ATTRIBUTE_VALUE_ID`, `ATTRIBUTE_ID`, `STYLE_GROUP_ID`, `VENDOR_ID`, `QUANTITY_BREAK`, `VOLUME_PRICE`, `LAST_UPDATED_STAMP`, `LAST_UPDATED_TX_STAMP`, `CREATED_STAMP`, `CREATED_TX_STAMP`) VALUES ('255',  'AQUEOUS_SOFT_TOUCH ', 'PORTFOLIO', 'ADMORE', '250|500|750|1000|1500|2000|2500|3000|4000|5000|7500|10000', '126.0|141.0|153.0|164.0|178.0|193.0|221.0|240.0|257.0|275.0|378.0|459.0', '2017-07-18 12:00:00', '2017-07-18 12:00:00', '2017-07-18 12:00:00', '2017-07-18 12:00:00');
INSERT INTO `qc_attribute_value` (`ATTRIBUTE_VALUE_ID`, `ATTRIBUTE_ID`, `STYLE_GROUP_ID`, `VENDOR_ID`, `QUANTITY_BREAK`, `VOLUME_PRICE`, `LAST_UPDATED_STAMP`, `LAST_UPDATED_TX_STAMP`, `CREATED_STAMP`, `CREATED_TX_STAMP`) VALUES ('256',  'VELCRO_CLOSURES', 'PORTFOLIO', 'ADMORE', '250|500|750|1000|1500|2000|2500|3000|4000|5000|7500|10000', '83.0|129.0|176.0|221.0|313.0|407.0|497.0|591.0|775.0|959.0|1418.0|1881.0', '2017-07-18 12:00:00', '2017-07-18 12:00:00', '2017-07-18 12:00:00', '2017-07-18 12:00:00');
INSERT INTO `qc_attribute_value` (`ATTRIBUTE_VALUE_ID`, `ATTRIBUTE_ID`, `STYLE_GROUP_ID`, `VENDOR_ID`, `QUANTITY_BREAK`, `VOLUME_PRICE`, `LAST_UPDATED_STAMP`, `LAST_UPDATED_TX_STAMP`, `CREATED_STAMP`, `CREATED_TX_STAMP`) VALUES ('257',  'BANDOS', 'PORTFOLIO', 'ADMORE', '250|500|750|1000|1500|2000|2500|3000|4000|5000|7500|10000', '46.0|93.0|140.0|185.0|278.0|371.0|464.0|556.0|742.0|927.0|1391.0|1854.0', '2017-07-18 12:00:00', '2017-07-18 12:00:00', '2017-07-18 12:00:00', '2017-07-18 12:00:00');
INSERT INTO `qc_attribute_value` (`ATTRIBUTE_VALUE_ID`, `ATTRIBUTE_ID`, `STYLE_GROUP_ID`, `VENDOR_ID`, `QUANTITY_BREAK`, `VOLUME_PRICE`, `LAST_UPDATED_STAMP`, `LAST_UPDATED_TX_STAMP`, `CREATED_STAMP`, `CREATED_TX_STAMP`) VALUES ('258',  'DISCOUNT_15_SQ_INCH', 'PORTFOLIO', 'ADMORE', '250|500|750|1000|1500|2000|2500|3000|4000|5000|7500|10000', '-56.0|-60.0|-65.0|-68.0|-76.0|-84.0|-91.0|-99.0|-114.0|-130.0|-170.0|-209.0', '2017-07-18 12:00:00', '2017-07-18 12:00:00', '2017-07-18 12:00:00', '2017-07-18 12:00:00');
INSERT INTO `qc_attribute_value` (`ATTRIBUTE_VALUE_ID`, `ATTRIBUTE_ID`, `STYLE_GROUP_ID`, `VENDOR_ID`, `QUANTITY_BREAK`, `VOLUME_PRICE`, `LAST_UPDATED_STAMP`, `LAST_UPDATED_TX_STAMP`, `CREATED_STAMP`, `CREATED_TX_STAMP`) VALUES ('259',  'ITEM_UPCHARGE', 'PORTFOLIO', 'ADMORE', '250|500|750|1000|1500|2000|2500|3000|4000|5000|7500|10000', '96.0|122.0|145.0|167.0|209.0|256.0|295.0|332.0|405.0|477.0|635.0|837.0', '2017-07-18 12:00:00', '2017-07-18 12:00:00', '2017-07-18 12:00:00', '2017-07-18 12:00:00');
INSERT INTO `qc_attribute_value` (`ATTRIBUTE_VALUE_ID`, `ATTRIBUTE_ID`, `STYLE_GROUP_ID`, `VENDOR_ID`, `QUANTITY_BREAK`, `VOLUME_PRICE`, `LAST_UPDATED_STAMP`, `LAST_UPDATED_TX_STAMP`, `CREATED_STAMP`, `CREATED_TX_STAMP`) VALUES ('260',  'ITEM_UPCHARGE', 'PORTFOLIO', 'ADMORE', '250|500|750|1000|1500|2000|2500|3000|4000|5000|7500|10000', '43.0|49.0|56.0|63.0|78.0|99.0|122.0|138.0|168.0|198.0|236.0|306.0', '2017-07-18 12:00:00', '2017-07-18 12:00:00', '2017-07-18 12:00:00', '2017-07-18 12:00:00');
INSERT INTO `qc_attribute_value` (`ATTRIBUTE_VALUE_ID`, `ATTRIBUTE_ID`, `STYLE_GROUP_ID`, `VENDOR_ID`, `QUANTITY_BREAK`, `VOLUME_PRICE`, `LAST_UPDATED_STAMP`, `LAST_UPDATED_TX_STAMP`, `CREATED_STAMP`, `CREATED_TX_STAMP`) VALUES ('261',  'ITEM_UPCHARGE', 'PORTFOLIO', 'ADMORE', '250|500|750|1000|1500|2000|2500|3000|4000|5000|7500|10000', '139.0|277.0|389.0|500.0|689.0|916.0|1121.0|1345.0|1793.0|2241.0|3362.0|4383.0', '2017-07-18 12:00:00', '2017-07-18 12:00:00', '2017-07-18 12:00:00', '2017-07-18 12:00:00');
INSERT INTO `qc_attribute_value` (`ATTRIBUTE_VALUE_ID`, `ATTRIBUTE_ID`, `STYLE_GROUP_ID`, `VENDOR_ID`, `QUANTITY_BREAK`, `VOLUME_PRICE`, `LAST_UPDATED_STAMP`, `LAST_UPDATED_TX_STAMP`, `CREATED_STAMP`, `CREATED_TX_STAMP`) VALUES ('262',  'ITEM_UPCHARGE', 'PORTFOLIO', 'ADMORE', '250|500|750|1000|1500|2000|2500|3000|4000|5000|7500|10000', '59.0|108.0|149.0|189.0|259.0|346.0|432.0|518.0|691.0|864.0|1296.0|1728.0', '2017-07-18 12:00:00', '2017-07-18 12:00:00', '2017-07-18 12:00:00', '2017-07-18 12:00:00');
INSERT INTO `qc_attribute_value` (`ATTRIBUTE_VALUE_ID`, `ATTRIBUTE_ID`, `STYLE_GROUP_ID`, `VENDOR_ID`, `QUANTITY_BREAK`, `VOLUME_PRICE`, `LAST_UPDATED_STAMP`, `LAST_UPDATED_TX_STAMP`, `CREATED_STAMP`, `CREATED_TX_STAMP`) VALUES ('263',  'PRINT_1C', 'CD_DVD', 'ADMORE', '250|500|750|1000|1500|2000|2500|3000|4000|5000|7500|10000', '261.0|343.0|375.0|407.0|459.0|513.0|572.0|629.0|761.0|891.0|1235.0|1629.0', '2017-07-18 12:00:00', '2017-07-18 12:00:00', '2017-07-18 12:00:00', '2017-07-18 12:00:00');
INSERT INTO `qc_attribute_value` (`ATTRIBUTE_VALUE_ID`, `ATTRIBUTE_ID`, `STYLE_GROUP_ID`, `VENDOR_ID`, `QUANTITY_BREAK`, `VOLUME_PRICE`, `LAST_UPDATED_STAMP`, `LAST_UPDATED_TX_STAMP`, `CREATED_STAMP`, `CREATED_TX_STAMP`) VALUES ('264',  'PRINT_4C', 'CD_DVD', 'ADMORE', '250|500|750|1000|1500|2000|2500|3000|4000|5000|7500|10000', '682.0|761.0|791.0|821.0|918.0|965.0|1008.0|1053.0|1159.0|1265.0|1843.0|2268.0', '2017-07-18 12:00:00', '2017-07-18 12:00:00', '2017-07-18 12:00:00', '2017-07-18 12:00:00');
INSERT INTO `qc_attribute_value` (`ATTRIBUTE_VALUE_ID`, `ATTRIBUTE_ID`, `STYLE_GROUP_ID`, `VENDOR_ID`, `QUANTITY_BREAK`, `VOLUME_PRICE`, `LAST_UPDATED_STAMP`, `LAST_UPDATED_TX_STAMP`, `CREATED_STAMP`, `CREATED_TX_STAMP`) VALUES ('265',  'ADDITIONAL_COLOR_PER_SIDE', 'CD_DVD', 'ADMORE', '250|500|750|1000|1500|2000|2500|3000|4000|5000|7500|10000', '79.0|88.0|95.0|102.0|111.0|130.0|149.0|162.0|174.0|185.0|257.0|315.0', '2017-07-18 12:00:00', '2017-07-18 12:00:00', '2017-07-18 12:00:00', '2017-07-18 12:00:00');
INSERT INTO `qc_attribute_value` (`ATTRIBUTE_VALUE_ID`, `ATTRIBUTE_ID`, `STYLE_GROUP_ID`, `VENDOR_ID`, `QUANTITY_BREAK`, `VOLUME_PRICE`, `LAST_UPDATED_STAMP`, `LAST_UPDATED_TX_STAMP`, `CREATED_STAMP`, `CREATED_TX_STAMP`) VALUES ('266',  'HEAVY_COVERAGE_PER_SIDE', 'CD_DVD', 'ADMORE', '250|500|750|1000|1500|2000|2500|3000|4000|5000|7500|10000', '79.0|88.0|95.0|102.0|111.0|130.0|149.0|162.0|174.0|185.0|257.0|315.0', '2017-07-18 12:00:00', '2017-07-18 12:00:00', '2017-07-18 12:00:00', '2017-07-18 12:00:00');
INSERT INTO `qc_attribute_value` (`ATTRIBUTE_VALUE_ID`, `ATTRIBUTE_ID`, `STYLE_GROUP_ID`, `VENDOR_ID`, `QUANTITY_BREAK`, `VOLUME_PRICE`, `LAST_UPDATED_STAMP`, `LAST_UPDATED_TX_STAMP`, `CREATED_STAMP`, `CREATED_TX_STAMP`) VALUES ('267',  'PRINT_4C_2ND_SIDE', 'CD_DVD', 'ADMORE', '250|500|750|1000|1500|2000|2500|3000|4000|5000|7500|10000', '225.0|225.0|243.0|261.0|293.0|324.0|356.0|386.0|450.0|513.0|668.0|828.0', '2017-07-18 12:00:00', '2017-07-18 12:00:00', '2017-07-18 12:00:00', '2017-07-18 12:00:00');
-- INSERT INTO `qc_attribute_value` (`ATTRIBUTE_VALUE_ID`, `ATTRIBUTE_ID`, `STYLE_GROUP_ID`, `VENDOR_ID`, `QUANTITY_BREAK`, `VOLUME_PRICE`, `LAST_UPDATED_STAMP`, `LAST_UPDATED_TX_STAMP`, `CREATED_STAMP`, `CREATED_TX_STAMP`) VALUES ('268',  '12pt C2S, 14pt C1S Seni-Gloss White Stock', 'CD_DVD', 'ADMORE', '250|500|750|1000|1500|2000|2500|3000|4000|5000|7500|10000', '8.0|11.0|15.0|19.0|27.0|36.0|43.0|49.0|65.0|81.0|115.0|153.0', '2017-07-18 12:00:00', '2017-07-18 12:00:00', '2017-07-18 12:00:00', '2017-07-18 12:00:00');
-- INSERT INTO `qc_attribute_value` (`ATTRIBUTE_VALUE_ID`, `ATTRIBUTE_ID`, `STYLE_GROUP_ID`, `VENDOR_ID`, `QUANTITY_BREAK`, `VOLUME_PRICE`, `LAST_UPDATED_STAMP`, `LAST_UPDATED_TX_STAMP`, `CREATED_STAMP`, `CREATED_TX_STAMP`) VALUES ('269',  '14pt C2S, 16pt C1S Seni-Gloss White Stock', 'CD_DVD', 'ADMORE', '250|500|750|1000|1500|2000|2500|3000|4000|5000|7500|10000', '14.0|20.0|27.0|34.0|49.0|63.0|77.0|89.0|117.0|144.0|209.0|270.0', '2017-07-18 12:00:00', '2017-07-18 12:00:00', '2017-07-18 12:00:00', '2017-07-18 12:00:00');
-- INSERT INTO `qc_attribute_value` (`ATTRIBUTE_VALUE_ID`, `ATTRIBUTE_ID`, `STYLE_GROUP_ID`, `VENDOR_ID`, `QUANTITY_BREAK`, `VOLUME_PRICE`, `LAST_UPDATED_STAMP`, `LAST_UPDATED_TX_STAMP`, `CREATED_STAMP`, `CREATED_TX_STAMP`) VALUES ('270',  '16pt C2S, 18 pt C1S Seni-Gloss White Stock', 'CD_DVD', 'ADMORE', '250|500|750|1000|1500|2000|2500|3000|4000|5000|7500|10000', '21.0|30.0|41.0|52.0|74.0|95.0|117.0|135.0|178.0|221.0|317.0|414.0', '2017-07-18 12:00:00', '2017-07-18 12:00:00', '2017-07-18 12:00:00', '2017-07-18 12:00:00');
INSERT INTO `qc_attribute_value` (`ATTRIBUTE_VALUE_ID`, `ATTRIBUTE_ID`, `STYLE_GROUP_ID`, `VENDOR_ID`, `QUANTITY_BREAK`, `VOLUME_PRICE`, `LAST_UPDATED_STAMP`, `LAST_UPDATED_TX_STAMP`, `CREATED_STAMP`, `CREATED_TX_STAMP`) VALUES ('271',  'AQUEOUS_CHOICE', 'CD_DVD', 'ADMORE', '250|500|750|1000|1500|2000|2500|3000|4000|5000|7500|10000', '0.0|0.0|0.0|0.0|0.0|0.0|0.0|0.0|0.0|0.0|0.0|0.0', '2017-07-18 12:00:00', '2017-07-18 12:00:00', '2017-07-18 12:00:00', '2017-07-18 12:00:00');
INSERT INTO `qc_attribute_value` (`ATTRIBUTE_VALUE_ID`, `ATTRIBUTE_ID`, `STYLE_GROUP_ID`, `VENDOR_ID`, `QUANTITY_BREAK`, `VOLUME_PRICE`, `LAST_UPDATED_STAMP`, `LAST_UPDATED_TX_STAMP`, `CREATED_STAMP`, `CREATED_TX_STAMP`) VALUES ('272',  'AQUEOUS_GLOSS', 'CD_DVD', 'ADMORE', '250|500|750|1000|1500|2000|2500|3000|4000|5000|7500|10000', '0.0|0.0|0.0|0.0|0.0|0.0|0.0|0.0|0.0|0.0|0.0|0.0', '2017-07-18 12:00:00', '2017-07-18 12:00:00', '2017-07-18 12:00:00', '2017-07-18 12:00:00');
INSERT INTO `qc_attribute_value` (`ATTRIBUTE_VALUE_ID`, `ATTRIBUTE_ID`, `STYLE_GROUP_ID`, `VENDOR_ID`, `QUANTITY_BREAK`, `VOLUME_PRICE`, `LAST_UPDATED_STAMP`, `LAST_UPDATED_TX_STAMP`, `CREATED_STAMP`, `CREATED_TX_STAMP`) VALUES ('273',  'AQUEOUS_MATTE', 'CD_DVD', 'ADMORE', '250|500|750|1000|1500|2000|2500|3000|4000|5000|7500|10000', '0.0|0.0|0.0|0.0|0.0|0.0|0.0|0.0|0.0|0.0|0.0|0.0', '2017-07-18 12:00:00', '2017-07-18 12:00:00', '2017-07-18 12:00:00', '2017-07-18 12:00:00');
INSERT INTO `qc_attribute_value` (`ATTRIBUTE_VALUE_ID`, `ATTRIBUTE_ID`, `STYLE_GROUP_ID`, `VENDOR_ID`, `QUANTITY_BREAK`, `VOLUME_PRICE`, `LAST_UPDATED_STAMP`, `LAST_UPDATED_TX_STAMP`, `CREATED_STAMP`, `CREATED_TX_STAMP`) VALUES ('274',  'AQUEOUS_SATIN', 'CD_DVD', 'ADMORE', '250|500|750|1000|1500|2000|2500|3000|4000|5000|7500|10000', '0.0|0.0|0.0|0.0|0.0|0.0|0.0|0.0|0.0|0.0|0.0|0.0', '2017-07-18 12:00:00', '2017-07-18 12:00:00', '2017-07-18 12:00:00', '2017-07-18 12:00:00');
INSERT INTO `qc_attribute_value` (`ATTRIBUTE_VALUE_ID`, `ATTRIBUTE_ID`, `STYLE_GROUP_ID`, `VENDOR_ID`, `QUANTITY_BREAK`, `VOLUME_PRICE`, `LAST_UPDATED_STAMP`, `LAST_UPDATED_TX_STAMP`, `CREATED_STAMP`, `CREATED_TX_STAMP`) VALUES ('275',  'SPOT_LAMINATION', 'CD_DVD', 'ADMORE', '250|500|750|1000|1500|2000|2500|3000|4000|5000|7500|10000', '79.0|88.0|95.0|102.0|111.0|130.0|149.0|162.0|174.0|185.0|257.0|315.0', '2017-07-18 12:00:00', '2017-07-18 12:00:00', '2017-07-18 12:00:00', '2017-07-18 12:00:00');
INSERT INTO `qc_attribute_value` (`ATTRIBUTE_VALUE_ID`, `ATTRIBUTE_ID`, `STYLE_GROUP_ID`, `VENDOR_ID`, `QUANTITY_BREAK`, `VOLUME_PRICE`, `LAST_UPDATED_STAMP`, `LAST_UPDATED_TX_STAMP`, `CREATED_STAMP`, `CREATED_TX_STAMP`) VALUES ('276',  'ITEM_UPCHARGE', 'CD_DVD', 'ADMORE', '250|500|750|1000|1500|2000|2500|3000|4000|5000|7500|10000', '56.0|83.0|116.0|149.0|223.0|297.0|371.0|446.0|594.0|743.0|1114.0|1485.0', '2017-07-18 12:00:00', '2017-07-18 12:00:00', '2017-07-18 12:00:00', '2017-07-18 12:00:00');
INSERT INTO `qc_attribute_value` (`ATTRIBUTE_VALUE_ID`, `ATTRIBUTE_ID`, `STYLE_GROUP_ID`, `VENDOR_ID`, `QUANTITY_BREAK`, `VOLUME_PRICE`, `LAST_UPDATED_STAMP`, `LAST_UPDATED_TX_STAMP`, `CREATED_STAMP`, `CREATED_TX_STAMP`) VALUES ('277',  'ITEM_UPCHARGE', 'CD_DVD', 'ADMORE', '250|500|750|1000|1500|2000|2500|3000|4000|5000|7500|10000', '88.0|149.0|213.0|278.0|417.0|556.0|695.0|834.0|1112.0|1391.0|2086.0|2781.0', '2017-07-18 12:00:00', '2017-07-18 12:00:00', '2017-07-18 12:00:00', '2017-07-18 12:00:00');
INSERT INTO `qc_attribute_value` (`ATTRIBUTE_VALUE_ID`, `ATTRIBUTE_ID`, `STYLE_GROUP_ID`, `VENDOR_ID`, `QUANTITY_BREAK`, `VOLUME_PRICE`, `LAST_UPDATED_STAMP`, `LAST_UPDATED_TX_STAMP`, `CREATED_STAMP`, `CREATED_TX_STAMP`) VALUES ('278',  'PRINT_4C', 'BINDER', 'ADMORE', '250|500|750|1000|1500|2000|2500|3000|4000|5000|7500|10000', '996.0|1269.0|1539.0|1808.0|2404.0|3035.0|3719.0|4325.0|5578.0|6831.0|9477.0|11493.0', '2017-07-18 12:00:00', '2017-07-18 12:00:00', '2017-07-18 12:00:00', '2017-07-18 12:00:00');
INSERT INTO `qc_attribute_value` (`ATTRIBUTE_VALUE_ID`, `ATTRIBUTE_ID`, `STYLE_GROUP_ID`, `VENDOR_ID`, `QUANTITY_BREAK`, `VOLUME_PRICE`, `LAST_UPDATED_STAMP`, `LAST_UPDATED_TX_STAMP`, `CREATED_STAMP`, `CREATED_TX_STAMP`) VALUES ('279',  'ADDITIONAL_COLOR_PER_SIDE', 'BINDER', 'ADMORE', '250|500|750|1000|1500|2000|2500|3000|4000|5000|7500|10000', '79.0|88.0|95.0|102.0|111.0|130.0|149.0|162.0|174.0|185.0|257.0|315.0', '2017-07-18 12:00:00', '2017-07-18 12:00:00', '2017-07-18 12:00:00', '2017-07-18 12:00:00');
INSERT INTO `qc_attribute_value` (`ATTRIBUTE_VALUE_ID`, `ATTRIBUTE_ID`, `STYLE_GROUP_ID`, `VENDOR_ID`, `QUANTITY_BREAK`, `VOLUME_PRICE`, `LAST_UPDATED_STAMP`, `LAST_UPDATED_TX_STAMP`, `CREATED_STAMP`, `CREATED_TX_STAMP`) VALUES ('280',  'HEAVY_COVERAGE_PER_SIDE', 'BINDER', 'ADMORE', '250|500|750|1000|1500|2000|2500|3000|4000|5000|7500|10000', '79.0|88.0|95.0|102.0|111.0|130.0|149.0|162.0|174.0|185.0|257.0|315.0', '2017-07-18 12:00:00', '2017-07-18 12:00:00', '2017-07-18 12:00:00', '2017-07-18 12:00:00');
INSERT INTO `qc_attribute_value` (`ATTRIBUTE_VALUE_ID`, `ATTRIBUTE_ID`, `STYLE_GROUP_ID`, `VENDOR_ID`, `QUANTITY_BREAK`, `VOLUME_PRICE`, `LAST_UPDATED_STAMP`, `LAST_UPDATED_TX_STAMP`, `CREATED_STAMP`, `CREATED_TX_STAMP`) VALUES ('281',  'LAMINATION_PLASTIC_MATTE_20', 'BINDER', 'ADMORE', '250|500|750|1000|1500|2000|2500|3000|4000|5000|7500|10000', '28.0|56.0|69.0|82.0|123.0|160.0|191.0|224.0|293.0|360.0|533.0|684.0', '2017-07-18 12:00:00', '2017-07-18 12:00:00', '2017-07-18 12:00:00', '2017-07-18 12:00:00');
INSERT INTO `qc_attribute_value` (`ATTRIBUTE_VALUE_ID`, `ATTRIBUTE_ID`, `STYLE_GROUP_ID`, `VENDOR_ID`, `QUANTITY_BREAK`, `VOLUME_PRICE`, `LAST_UPDATED_STAMP`, `LAST_UPDATED_TX_STAMP`, `CREATED_STAMP`, `CREATED_TX_STAMP`) VALUES ('282',  'LAMINATION_SOFT_TOUCH_20', 'BINDER', 'ADMORE', '250|500|750|1000|1500|2000|2500|3000|4000|5000|7500|10000', '40.0|77.0|101.0|124.0|181.0|236.0|284.0|329.0|426.0|522.0|770.0|1008.0', '2017-07-18 12:00:00', '2017-07-18 12:00:00', '2017-07-18 12:00:00', '2017-07-18 12:00:00');
INSERT INTO `qc_attribute_value` (`ATTRIBUTE_VALUE_ID`, `ATTRIBUTE_ID`, `STYLE_GROUP_ID`, `VENDOR_ID`, `QUANTITY_BREAK`, `VOLUME_PRICE`, `LAST_UPDATED_STAMP`, `LAST_UPDATED_TX_STAMP`, `CREATED_STAMP`, `CREATED_TX_STAMP`) VALUES ('283',  'LAMINATION_GLOSS', 'BINDER', 'ADMORE', '250|500|750|1000|1500|2000|2500|3000|4000|5000|7500|10000', '82.0|106.0|140.0|174.0|231.0|290.0|358.0|427.0|560.0|693.0|1019.0|1359.0', '2017-07-18 12:00:00', '2017-07-18 12:00:00', '2017-07-18 12:00:00', '2017-07-18 12:00:00');
INSERT INTO `qc_attribute_value` (`ATTRIBUTE_VALUE_ID`, `ATTRIBUTE_ID`, `STYLE_GROUP_ID`, `VENDOR_ID`, `QUANTITY_BREAK`, `VOLUME_PRICE`, `LAST_UPDATED_STAMP`, `LAST_UPDATED_TX_STAMP`, `CREATED_STAMP`, `CREATED_TX_STAMP`) VALUES ('284',  'LAMINATION_MATTE', 'BINDER', 'ADMORE', '250|500|750|1000|1500|2000|2500|3000|4000|5000|7500|10000', '102.0|161.0|208.0|255.0|354.0|450.0|549.0|651.0|852.0|1053.0|1553.0|2043.0', '2017-07-18 12:00:00', '2017-07-18 12:00:00', '2017-07-18 12:00:00', '2017-07-18 12:00:00');
INSERT INTO `qc_attribute_value` (`ATTRIBUTE_VALUE_ID`, `ATTRIBUTE_ID`, `STYLE_GROUP_ID`, `VENDOR_ID`, `QUANTITY_BREAK`, `VOLUME_PRICE`, `LAST_UPDATED_STAMP`, `LAST_UPDATED_TX_STAMP`, `CREATED_STAMP`, `CREATED_TX_STAMP`) VALUES ('285',  'LAMINATION_SOFT_TOUCH', 'BINDER', 'ADMORE', '250|500|750|1000|1500|2000|2500|3000|4000|5000|7500|10000', '122.0|183.0|240.0|298.0|412.0|527.0|641.0|756.0|986.0|1215.0|1789.0|2367.0', '2017-07-18 12:00:00', '2017-07-18 12:00:00', '2017-07-18 12:00:00', '2017-07-18 12:00:00');
INSERT INTO `qc_attribute_value` (`ATTRIBUTE_VALUE_ID`, `ATTRIBUTE_ID`, `STYLE_GROUP_ID`, `VENDOR_ID`, `QUANTITY_BREAK`, `VOLUME_PRICE`, `LAST_UPDATED_STAMP`, `LAST_UPDATED_TX_STAMP`, `CREATED_STAMP`, `CREATED_TX_STAMP`) VALUES ('286',  'AQUEOUS_CHOICE', 'BINDER', 'ADMORE', '250|500|750|1000|1500|2000|2500|3000|4000|5000|7500|10000', '0.0|0.0|0.0|0.0|0.0|0.0|0.0|0.0|0.0|0.0|0.0|0.0', '2017-07-18 12:00:00', '2017-07-18 12:00:00', '2017-07-18 12:00:00', '2017-07-18 12:00:00');
INSERT INTO `qc_attribute_value` (`ATTRIBUTE_VALUE_ID`, `ATTRIBUTE_ID`, `STYLE_GROUP_ID`, `VENDOR_ID`, `QUANTITY_BREAK`, `VOLUME_PRICE`, `LAST_UPDATED_STAMP`, `LAST_UPDATED_TX_STAMP`, `CREATED_STAMP`, `CREATED_TX_STAMP`) VALUES ('287',  'AQUEOUS_GLOSS', 'BINDER', 'ADMORE', '250|500|750|1000|1500|2000|2500|3000|4000|5000|7500|10000', '0.0|0.0|0.0|0.0|0.0|0.0|0.0|0.0|0.0|0.0|0.0|0.0', '2017-07-18 12:00:00', '2017-07-18 12:00:00', '2017-07-18 12:00:00', '2017-07-18 12:00:00');
INSERT INTO `qc_attribute_value` (`ATTRIBUTE_VALUE_ID`, `ATTRIBUTE_ID`, `STYLE_GROUP_ID`, `VENDOR_ID`, `QUANTITY_BREAK`, `VOLUME_PRICE`, `LAST_UPDATED_STAMP`, `LAST_UPDATED_TX_STAMP`, `CREATED_STAMP`, `CREATED_TX_STAMP`) VALUES ('288',  'AQUEOUS_MATTE', 'BINDER', 'ADMORE', '250|500|750|1000|1500|2000|2500|3000|4000|5000|7500|10000', '0.0|0.0|0.0|0.0|0.0|0.0|0.0|0.0|0.0|0.0|0.0|0.0', '2017-07-18 12:00:00', '2017-07-18 12:00:00', '2017-07-18 12:00:00', '2017-07-18 12:00:00');
INSERT INTO `qc_attribute_value` (`ATTRIBUTE_VALUE_ID`, `ATTRIBUTE_ID`, `STYLE_GROUP_ID`, `VENDOR_ID`, `QUANTITY_BREAK`, `VOLUME_PRICE`, `LAST_UPDATED_STAMP`, `LAST_UPDATED_TX_STAMP`, `CREATED_STAMP`, `CREATED_TX_STAMP`) VALUES ('289',  'AQUEOUS_SATIN', 'BINDER', 'ADMORE', '250|500|750|1000|1500|2000|2500|3000|4000|5000|7500|10000', '0.0|0.0|0.0|0.0|0.0|0.0|0.0|0.0|0.0|0.0|0.0|0.0', '2017-07-18 12:00:00', '2017-07-18 12:00:00', '2017-07-18 12:00:00', '2017-07-18 12:00:00');
INSERT INTO `qc_attribute_value` (`ATTRIBUTE_VALUE_ID`, `ATTRIBUTE_ID`, `STYLE_GROUP_ID`, `VENDOR_ID`, `QUANTITY_BREAK`, `VOLUME_PRICE`, `LAST_UPDATED_STAMP`, `LAST_UPDATED_TX_STAMP`, `CREATED_STAMP`, `CREATED_TX_STAMP`) VALUES ('290',  'AQUEOUS_SOFT_TOUCH', 'BINDER', 'ADMORE', '250|500|750|1000|1500|2000|2500|3000|4000|5000|7500|10000', '126.0|141.0|153.0|164.0|178.0|193.0|221.0|240.0|257.0|275.0|378.0|459.0', '2017-07-18 12:00:00', '2017-07-18 12:00:00', '2017-07-18 12:00:00', '2017-07-18 12:00:00');
INSERT INTO `qc_attribute_value` (`ATTRIBUTE_VALUE_ID`, `ATTRIBUTE_ID`, `STYLE_GROUP_ID`, `VENDOR_ID`, `QUANTITY_BREAK`, `VOLUME_PRICE`, `LAST_UPDATED_STAMP`, `LAST_UPDATED_TX_STAMP`, `CREATED_STAMP`, `CREATED_TX_STAMP`) VALUES ('291',  'METAL_RING_3_BY_4_INCH', 'BINDER', 'ADMORE', '250|500|750|1000|1500|2000|2500|3000|4000|5000|7500|10000', '16.0|32.0|47.0|62.0|93.0|124.0|155.0|186.0|248.0|311.0|466.0|621.0', '2017-07-18 12:00:00', '2017-07-18 12:00:00', '2017-07-18 12:00:00', '2017-07-18 12:00:00');
INSERT INTO `qc_attribute_value` (`ATTRIBUTE_VALUE_ID`, `ATTRIBUTE_ID`, `STYLE_GROUP_ID`, `VENDOR_ID`, `QUANTITY_BREAK`, `VOLUME_PRICE`, `LAST_UPDATED_STAMP`, `LAST_UPDATED_TX_STAMP`, `CREATED_STAMP`, `CREATED_TX_STAMP`) VALUES ('292',  'METAL_RING_1_INCH', 'BINDER', 'ADMORE', '250|500|750|1000|1500|2000|2500|3000|4000|5000|7500|10000', '32.0|63.0|95.0|125.0|188.0|250.0|311.0|373.0|497.0|621.0|932.0|1242.0', '2017-07-18 12:00:00', '2017-07-18 12:00:00', '2017-07-18 12:00:00', '2017-07-18 12:00:00');
INSERT INTO `qc_attribute_value` (`ATTRIBUTE_VALUE_ID`, `ATTRIBUTE_ID`, `STYLE_GROUP_ID`, `VENDOR_ID`, `QUANTITY_BREAK`, `VOLUME_PRICE`, `LAST_UPDATED_STAMP`, `LAST_UPDATED_TX_STAMP`, `CREATED_STAMP`, `CREATED_TX_STAMP`) VALUES ('293',  'ITEM_UPCHARGE', 'BINDER', 'ADMORE', '250|500|750|1000|1500|2000|2500|3000|4000|5000|7500|10000', '42.0|49.0|70.0|91.0|134.0|169.0|189.0|197.0|204.0|212.0|230.0|234.0', '2017-07-18 12:00:00', '2017-07-18 12:00:00', '2017-07-18 12:00:00', '2017-07-18 12:00:00');
INSERT INTO `qc_attribute_value` (`ATTRIBUTE_VALUE_ID`, `ATTRIBUTE_ID`, `STYLE_GROUP_ID`, `VENDOR_ID`, `QUANTITY_BREAK`, `VOLUME_PRICE`, `LAST_UPDATED_STAMP`, `LAST_UPDATED_TX_STAMP`, `CREATED_STAMP`, `CREATED_TX_STAMP`) VALUES ('294',  'ITEM_UPCHARGE', 'BINDER', 'ADMORE', '250|500|750|1000|1500|2000|2500|3000|4000|5000|7500|10000', '162.0|204.0|302.0|399.0|593.0|760.0|950.0|1139.0|1497.0|1854.0|2781.0|3708.0', '2017-07-18 12:00:00', '2017-07-18 12:00:00', '2017-07-18 12:00:00', '2017-07-18 12:00:00');


INSERT INTO `qc_attribute_value` (`ATTRIBUTE_VALUE_ID`, `ATTRIBUTE_ID`, `STYLE_GROUP_ID`, `VENDOR_ID`, `QUANTITY_BREAK`, `VOLUME_PRICE`, `LAST_UPDATED_STAMP`, `LAST_UPDATED_TX_STAMP`, `CREATED_STAMP`, `CREATED_TX_STAMP`) VALUES ('298',  'PRINT_1C', 'QUICK_SHIP_ECONOMY', 'ADMORE', '50|100|250|500|750|1000|1500|2000|2500|3000|4000|5000', '97.0|193.0|252.0|302.0|374.0|445.0|561.0|717.0|861.0|997.0|1221.0|1449.0', '2017-07-18 12:00:00', '2017-07-18 12:00:00', '2017-07-18 12:00:00', '2017-07-18 12:00:00');
INSERT INTO `qc_attribute_value` (`ATTRIBUTE_VALUE_ID`, `ATTRIBUTE_ID`, `STYLE_GROUP_ID`, `VENDOR_ID`, `QUANTITY_BREAK`, `VOLUME_PRICE`, `LAST_UPDATED_STAMP`, `LAST_UPDATED_TX_STAMP`, `CREATED_STAMP`, `CREATED_TX_STAMP`) VALUES ('299',  'PRINT_4C', 'QUICK_SHIP_ECONOMY', 'ADMORE', '50|100|250|500|750|1000|1500|2000|2500|3000|4000|5000', '251.0|293.0|344.0|431.0|515.0|599.0|769.0|923.0|1065.0|1204.0|1425.0|1641.0', '2017-07-18 12:00:00', '2017-07-18 12:00:00', '2017-07-18 12:00:00', '2017-07-18 12:00:00');
INSERT INTO `qc_attribute_value` (`ATTRIBUTE_VALUE_ID`, `ATTRIBUTE_ID`, `STYLE_GROUP_ID`, `VENDOR_ID`, `QUANTITY_BREAK`, `VOLUME_PRICE`, `LAST_UPDATED_STAMP`, `LAST_UPDATED_TX_STAMP`, `CREATED_STAMP`, `CREATED_TX_STAMP`) VALUES ('300',  'FOIL_STAMP_BASE', 'QUICK_SHIP_ECONOMY', 'ADMORE', '50|100|250|500|750|1000|1500|2000|2500|3000|4000|5000', '160.0|174.0|247.0|309.0|398.0|487.0|618.0|768.0|935.0|1017.0|1241.0|1471.0', '2017-07-18 12:00:00', '2017-07-18 12:00:00', '2017-07-18 12:00:00', '2017-07-18 12:00:00');
INSERT INTO `qc_attribute_value` (`ATTRIBUTE_VALUE_ID`, `ATTRIBUTE_ID`, `STYLE_GROUP_ID`, `VENDOR_ID`, `QUANTITY_BREAK`, `VOLUME_PRICE`, `LAST_UPDATED_STAMP`, `LAST_UPDATED_TX_STAMP`, `CREATED_STAMP`, `CREATED_TX_STAMP`) VALUES ('301',  'ADDITIONAL_COLOR_PER_SIDE', 'QUICK_SHIP_ECONOMY', 'ADMORE', '50|100|250|500|750|1000|1500|2000|2500|3000|4000|5000', '36.0|72.0|73.0|82.0|88.0|95.0|102.0|121.0|138.0|151.0|163.0|179.0', '2017-07-18 12:00:00', '2017-07-18 12:00:00', '2017-07-18 12:00:00', '2017-07-18 12:00:00');
INSERT INTO `qc_attribute_value` (`ATTRIBUTE_VALUE_ID`, `ATTRIBUTE_ID`, `STYLE_GROUP_ID`, `VENDOR_ID`, `QUANTITY_BREAK`, `VOLUME_PRICE`, `LAST_UPDATED_STAMP`, `LAST_UPDATED_TX_STAMP`, `CREATED_STAMP`, `CREATED_TX_STAMP`) VALUES ('302',  'GROUP_A_STOCKS', 'QUICK_SHIP_ECONOMY', 'ADMORE', '50|100|250|500|750|1000|1500|2000|2500|3000|4000|5000', '8.0|15.0|26.0|36.0|50.0|64.0|90.0|117.0|142.0|165.0|216.0|266.0', '2017-07-18 12:00:00', '2017-07-18 12:00:00', '2017-07-18 12:00:00', '2017-07-18 12:00:00');
INSERT INTO `qc_attribute_value` (`ATTRIBUTE_VALUE_ID`, `ATTRIBUTE_ID`, `STYLE_GROUP_ID`, `VENDOR_ID`, `QUANTITY_BREAK`, `VOLUME_PRICE`, `LAST_UPDATED_STAMP`, `LAST_UPDATED_TX_STAMP`, `CREATED_STAMP`, `CREATED_TX_STAMP`) VALUES ('303',  'GROUP_B_STOCKS', 'QUICK_SHIP_ECONOMY', 'ADMORE', '50|100|250|500|750|1000|1500|2000|2500|3000|4000|5000', '13.0|23.0|40.0|58.0|80.0|102.0|143.0|185.0|225.0|262.0|342.0|423.0', '2017-07-18 12:00:00', '2017-07-18 12:00:00', '2017-07-18 12:00:00', '2017-07-18 12:00:00');
INSERT INTO `qc_attribute_value` (`ATTRIBUTE_VALUE_ID`, `ATTRIBUTE_ID`, `STYLE_GROUP_ID`, `VENDOR_ID`, `QUANTITY_BREAK`, `VOLUME_PRICE`, `LAST_UPDATED_STAMP`, `LAST_UPDATED_TX_STAMP`, `CREATED_STAMP`, `CREATED_TX_STAMP`) VALUES ('304',  'GROUP_C_STOCKS', 'QUICK_SHIP_ECONOMY', 'ADMORE', '50|100|250|500|750|1000|1500|2000|2500|3000|4000|5000', '19.0|36.0|61.0|88.0|122.0|155.0|217.0|283.0|342.0|397.0|522.0|644.0', '2017-07-18 12:00:00', '2017-07-18 12:00:00', '2017-07-18 12:00:00', '2017-07-18 12:00:00');
INSERT INTO `qc_attribute_value` (`ATTRIBUTE_VALUE_ID`, `ATTRIBUTE_ID`, `STYLE_GROUP_ID`, `VENDOR_ID`, `QUANTITY_BREAK`, `VOLUME_PRICE`, `LAST_UPDATED_STAMP`, `LAST_UPDATED_TX_STAMP`, `CREATED_STAMP`, `CREATED_TX_STAMP`) VALUES ('305',  'GROUP_D_STOCKS', 'QUICK_SHIP_ECONOMY', 'ADMORE', '50|100|250|500|750|1000|1500|2000|2500|3000|4000|5000', '28.0|52.0|91.0|131.0|180.0|230.0|323.0|418.0|504.0|589.0|770.0|950.0', '2017-07-18 12:00:00', '2017-07-18 12:00:00', '2017-07-18 12:00:00', '2017-07-18 12:00:00');
INSERT INTO `qc_attribute_value` (`ATTRIBUTE_VALUE_ID`, `ATTRIBUTE_ID`, `STYLE_GROUP_ID`, `VENDOR_ID`, `QUANTITY_BREAK`, `VOLUME_PRICE`, `LAST_UPDATED_STAMP`, `LAST_UPDATED_TX_STAMP`, `CREATED_STAMP`, `CREATED_TX_STAMP`) VALUES ('306',  'AQUEOUS_GLOSS', 'QUICK_SHIP_ECONOMY', 'ADMORE', '50|100|250|500|750|1000|1500|2000|2500|3000|4000|5000', '0.0|0.0|0.0|0.0|0.0|0.0|0.0|0.0|0.0|0.0|0.0|0.0', '2017-07-18 12:00:00', '2017-07-18 12:00:00', '2017-07-18 12:00:00', '2017-07-18 12:00:00');



INSERT INTO `qc_style_attribute_value` (`STYLE_ID`, `ATTRIBUTE_VALUE_ID`, `LAST_UPDATED_STAMP`, `LAST_UPDATED_TX_STAMP`, `CREATED_STAMP`, `CREATED_TX_STAMP`) VALUES ('LS1-0806', '55', '2017-07-18 12:00:00', '2017-07-18 12:00:00', '2017-07-18 12:00:00', '2017-07-18 12:00:00');
INSERT INTO `qc_style_attribute_value` (`STYLE_ID`, `ATTRIBUTE_VALUE_ID`, `LAST_UPDATED_STAMP`, `LAST_UPDATED_TX_STAMP`, `CREATED_STAMP`, `CREATED_TX_STAMP`) VALUES ('SFIF-0808', '55', '2017-07-18 12:00:00', '2017-07-18 12:00:00', '2017-07-18 12:00:00', '2017-07-18 12:00:00');
INSERT INTO `qc_style_attribute_value` (`STYLE_ID`, `ATTRIBUTE_VALUE_ID`, `LAST_UPDATED_STAMP`, `LAST_UPDATED_TX_STAMP`, `CREATED_STAMP`, `CREATED_TX_STAMP`) VALUES ('VSRP-0830', '55', '2017-07-18 12:00:00', '2017-07-18 12:00:00', '2017-07-18 12:00:00', '2017-07-18 12:00:00');
INSERT INTO `qc_style_attribute_value` (`STYLE_ID`, `ATTRIBUTE_VALUE_ID`, `LAST_UPDATED_STAMP`, `LAST_UPDATED_TX_STAMP`, `CREATED_STAMP`, `CREATED_TX_STAMP`) VALUES ('VH-0832', '55', '2017-07-18 12:00:00', '2017-07-18 12:00:00', '2017-07-18 12:00:00', '2017-07-18 12:00:00');
INSERT INTO `qc_style_attribute_value` (`STYLE_ID`, `ATTRIBUTE_VALUE_ID`, `LAST_UPDATED_STAMP`, `LAST_UPDATED_TX_STAMP`, `CREATED_STAMP`, `CREATED_TX_STAMP`) VALUES ('SFTF-0855', '55', '2017-07-18 12:00:00', '2017-07-18 12:00:00', '2017-07-18 12:00:00', '2017-07-18 12:00:00');
INSERT INTO `qc_style_attribute_value` (`STYLE_ID`, `ATTRIBUTE_VALUE_ID`, `LAST_UPDATED_STAMP`, `LAST_UPDATED_TX_STAMP`, `CREATED_STAMP`, `CREATED_TX_STAMP`) VALUES ('AP-0861', '55', '2017-07-18 12:00:00', '2017-07-18 12:00:00', '2017-07-18 12:00:00', '2017-07-18 12:00:00');
INSERT INTO `qc_style_attribute_value` (`STYLE_ID`, `ATTRIBUTE_VALUE_ID`, `LAST_UPDATED_STAMP`, `LAST_UPDATED_TX_STAMP`, `CREATED_STAMP`, `CREATED_TX_STAMP`) VALUES ('WP-0880', '55', '2017-07-18 12:00:00', '2017-07-18 12:00:00', '2017-07-18 12:00:00', '2017-07-18 12:00:00');
INSERT INTO `qc_style_attribute_value` (`STYLE_ID`, `ATTRIBUTE_VALUE_ID`, `LAST_UPDATED_STAMP`, `LAST_UPDATED_TX_STAMP`, `CREATED_STAMP`, `CREATED_TX_STAMP`) VALUES ('SF-0882', '55', '2017-07-18 12:00:00', '2017-07-18 12:00:00', '2017-07-18 12:00:00', '2017-07-18 12:00:00');
INSERT INTO `qc_style_attribute_value` (`STYLE_ID`, `ATTRIBUTE_VALUE_ID`, `LAST_UPDATED_STAMP`, `LAST_UPDATED_TX_STAMP`, `CREATED_STAMP`, `CREATED_TX_STAMP`) VALUES ('HV-0857', '56', '2017-07-18 12:00:00', '2017-07-18 12:00:00', '2017-07-18 12:00:00', '2017-07-18 12:00:00');
INSERT INTO `qc_style_attribute_value` (`STYLE_ID`, `ATTRIBUTE_VALUE_ID`, `LAST_UPDATED_STAMP`, `LAST_UPDATED_TX_STAMP`, `CREATED_STAMP`, `CREATED_TX_STAMP`) VALUES ('HV-0859', '56', '2017-07-18 12:00:00', '2017-07-18 12:00:00', '2017-07-18 12:00:00', '2017-07-18 12:00:00');
INSERT INTO `qc_style_attribute_value` (`STYLE_ID`, `ATTRIBUTE_VALUE_ID`, `LAST_UPDATED_STAMP`, `LAST_UPDATED_TX_STAMP`, `CREATED_STAMP`, `CREATED_TX_STAMP`) VALUES ('3DLE-2813', '78', '2017-07-18 12:00:00', '2017-07-18 12:00:00', '2017-07-18 12:00:00', '2017-07-18 12:00:00');
INSERT INTO `qc_style_attribute_value` (`STYLE_ID`, `ATTRIBUTE_VALUE_ID`, `LAST_UPDATED_STAMP`, `LAST_UPDATED_TX_STAMP`, `CREATED_STAMP`, `CREATED_TX_STAMP`) VALUES ('RE-2971-TOP', '101', '2017-07-18 12:00:00', '2017-07-18 12:00:00', '2017-07-18 12:00:00', '2017-07-18 12:00:00');
INSERT INTO `qc_style_attribute_value` (`STYLE_ID`, `ATTRIBUTE_VALUE_ID`, `LAST_UPDATED_STAMP`, `LAST_UPDATED_TX_STAMP`, `CREATED_STAMP`, `CREATED_TX_STAMP`) VALUES ('VS-122', '123', '2017-07-18 12:00:00', '2017-07-18 12:00:00', '2017-07-18 12:00:00', '2017-07-18 12:00:00');
INSERT INTO `qc_style_attribute_value` (`STYLE_ID`, `ATTRIBUTE_VALUE_ID`, `LAST_UPDATED_STAMP`, `LAST_UPDATED_TX_STAMP`, `CREATED_STAMP`, `CREATED_TX_STAMP`) VALUES ('CST-0836', '124', '2017-07-18 12:00:00', '2017-07-18 12:00:00', '2017-07-18 12:00:00', '2017-07-18 12:00:00');
INSERT INTO `qc_style_attribute_value` (`STYLE_ID`, `ATTRIBUTE_VALUE_ID`, `LAST_UPDATED_STAMP`, `LAST_UPDATED_TX_STAMP`, `CREATED_STAMP`, `CREATED_TX_STAMP`) VALUES ('3DF-0853', '124', '2017-07-18 12:00:00', '2017-07-18 12:00:00', '2017-07-18 12:00:00', '2017-07-18 12:00:00');
INSERT INTO `qc_style_attribute_value` (`STYLE_ID`, `ATTRIBUTE_VALUE_ID`, `LAST_UPDATED_STAMP`, `LAST_UPDATED_TX_STAMP`, `CREATED_STAMP`, `CREATED_TX_STAMP`) VALUES ('3DF-143', '147', '2017-07-18 12:00:00', '2017-07-18 12:00:00', '2017-07-18 12:00:00', '2017-07-18 12:00:00');
INSERT INTO `qc_style_attribute_value` (`STYLE_ID`, `ATTRIBUTE_VALUE_ID`, `LAST_UPDATED_STAMP`, `LAST_UPDATED_TX_STAMP`, `CREATED_STAMP`, `CREATED_TX_STAMP`) VALUES ('TP-119', '147', '2017-07-18 12:00:00', '2017-07-18 12:00:00', '2017-07-18 12:00:00', '2017-07-18 12:00:00');
INSERT INTO `qc_style_attribute_value` (`STYLE_ID`, `ATTRIBUTE_VALUE_ID`, `LAST_UPDATED_STAMP`, `LAST_UPDATED_TX_STAMP`, `CREATED_STAMP`, `CREATED_TX_STAMP`) VALUES ('TPF-3808', '148', '2017-07-18 12:00:00', '2017-07-18 12:00:00', '2017-07-18 12:00:00', '2017-07-18 12:00:00');
INSERT INTO `qc_style_attribute_value` (`STYLE_ID`, `ATTRIBUTE_VALUE_ID`, `LAST_UPDATED_STAMP`, `LAST_UPDATED_TX_STAMP`, `CREATED_STAMP`, `CREATED_TX_STAMP`) VALUES ('MF-4810', '166', '2017-07-18 12:00:00', '2017-07-18 12:00:00', '2017-07-18 12:00:00', '2017-07-18 12:00:00');
INSERT INTO `qc_style_attribute_value` (`STYLE_ID`, `ATTRIBUTE_VALUE_ID`, `LAST_UPDATED_STAMP`, `LAST_UPDATED_TX_STAMP`, `CREATED_STAMP`, `CREATED_TX_STAMP`) VALUES ('MFTP-4834', '166', '2017-07-18 12:00:00', '2017-07-18 12:00:00', '2017-07-18 12:00:00', '2017-07-18 12:00:00');
INSERT INTO `qc_style_attribute_value` (`STYLE_ID`, `ATTRIBUTE_VALUE_ID`, `LAST_UPDATED_STAMP`, `LAST_UPDATED_TX_STAMP`, `CREATED_STAMP`, `CREATED_TX_STAMP`) VALUES ('MFTP-4831', '166', '2017-07-18 12:00:00', '2017-07-18 12:00:00', '2017-07-18 12:00:00', '2017-07-18 12:00:00');
INSERT INTO `qc_style_attribute_value` (`STYLE_ID`, `ATTRIBUTE_VALUE_ID`, `LAST_UPDATED_STAMP`, `LAST_UPDATED_TX_STAMP`, `CREATED_STAMP`, `CREATED_TX_STAMP`) VALUES ('MFC-4865', '166', '2017-07-18 12:00:00', '2017-07-18 12:00:00', '2017-07-18 12:00:00', '2017-07-18 12:00:00');
INSERT INTO `qc_style_attribute_value` (`STYLE_ID`, `ATTRIBUTE_VALUE_ID`, `LAST_UPDATED_STAMP`, `LAST_UPDATED_TX_STAMP`, `CREATED_STAMP`, `CREATED_TX_STAMP`) VALUES ('HF-6801', '166', '2017-07-18 12:00:00', '2017-07-18 12:00:00', '2017-07-18 12:00:00', '2017-07-18 12:00:00');
INSERT INTO `qc_style_attribute_value` (`STYLE_ID`, `ATTRIBUTE_VALUE_ID`, `LAST_UPDATED_STAMP`, `LAST_UPDATED_TX_STAMP`, `CREATED_STAMP`, `CREATED_TX_STAMP`) VALUES ('HF-6804', '166', '2017-07-18 12:00:00', '2017-07-18 12:00:00', '2017-07-18 12:00:00', '2017-07-18 12:00:00');
INSERT INTO `qc_style_attribute_value` (`STYLE_ID`, `ATTRIBUTE_VALUE_ID`, `LAST_UPDATED_STAMP`, `LAST_UPDATED_TX_STAMP`, `CREATED_STAMP`, `CREATED_TX_STAMP`) VALUES ('F-6806', '166', '2017-07-18 12:00:00', '2017-07-18 12:00:00', '2017-07-18 12:00:00', '2017-07-18 12:00:00');
INSERT INTO `qc_style_attribute_value` (`STYLE_ID`, `ATTRIBUTE_VALUE_ID`, `LAST_UPDATED_STAMP`, `LAST_UPDATED_TX_STAMP`, `CREATED_STAMP`, `CREATED_TX_STAMP`) VALUES ('F-6807', '166', '2017-07-18 12:00:00', '2017-07-18 12:00:00', '2017-07-18 12:00:00', '2017-07-18 12:00:00');
INSERT INTO `qc_style_attribute_value` (`STYLE_ID`, `ATTRIBUTE_VALUE_ID`, `LAST_UPDATED_STAMP`, `LAST_UPDATED_TX_STAMP`, `CREATED_STAMP`, `CREATED_TX_STAMP`) VALUES ('HFTP-6834', '166', '2017-07-18 12:00:00', '2017-07-18 12:00:00', '2017-07-18 12:00:00', '2017-07-18 12:00:00');
INSERT INTO `qc_style_attribute_value` (`STYLE_ID`, `ATTRIBUTE_VALUE_ID`, `LAST_UPDATED_STAMP`, `LAST_UPDATED_TX_STAMP`, `CREATED_STAMP`, `CREATED_TX_STAMP`) VALUES ('HF-6851', '166', '2017-07-18 12:00:00', '2017-07-18 12:00:00', '2017-07-18 12:00:00', '2017-07-18 12:00:00');
INSERT INTO `qc_style_attribute_value` (`STYLE_ID`, `ATTRIBUTE_VALUE_ID`, `LAST_UPDATED_STAMP`, `LAST_UPDATED_TX_STAMP`, `CREATED_STAMP`, `CREATED_TX_STAMP`) VALUES ('AFF-0925-001', '186', '2017-07-18 12:00:00', '2017-07-18 12:00:00', '2017-07-18 12:00:00', '2017-07-18 12:00:00');
INSERT INTO `qc_style_attribute_value` (`STYLE_ID`, `ATTRIBUTE_VALUE_ID`, `LAST_UPDATED_STAMP`, `LAST_UPDATED_TX_STAMP`, `CREATED_STAMP`, `CREATED_TX_STAMP`) VALUES ('AFF-0925-002', '186', '2017-07-18 12:00:00', '2017-07-18 12:00:00', '2017-07-18 12:00:00', '2017-07-18 12:00:00');
INSERT INTO `qc_style_attribute_value` (`STYLE_ID`, `ATTRIBUTE_VALUE_ID`, `LAST_UPDATED_STAMP`, `LAST_UPDATED_TX_STAMP`, `CREATED_STAMP`, `CREATED_TX_STAMP`) VALUES ('AFF-0925-003', '186', '2017-07-18 12:00:00', '2017-07-18 12:00:00', '2017-07-18 12:00:00', '2017-07-18 12:00:00');
INSERT INTO `qc_style_attribute_value` (`STYLE_ID`, `ATTRIBUTE_VALUE_ID`, `LAST_UPDATED_STAMP`, `LAST_UPDATED_TX_STAMP`, `CREATED_STAMP`, `CREATED_TX_STAMP`) VALUES ('FJ-1603', '187', '2017-07-18 12:00:00', '2017-07-18 12:00:00', '2017-07-18 12:00:00', '2017-07-18 12:00:00');
INSERT INTO `qc_style_attribute_value` (`STYLE_ID`, `ATTRIBUTE_VALUE_ID`, `LAST_UPDATED_STAMP`, `LAST_UPDATED_TX_STAMP`, `CREATED_STAMP`, `CREATED_TX_STAMP`) VALUES ('CHCEL-0910', '203', '2017-07-18 12:00:00', '2017-07-18 12:00:00', '2017-07-18 12:00:00', '2017-07-18 12:00:00');
INSERT INTO `qc_style_attribute_value` (`STYLE_ID`, `ATTRIBUTE_VALUE_ID`, `LAST_UPDATED_STAMP`, `LAST_UPDATED_TX_STAMP`, `CREATED_STAMP`, `CREATED_TX_STAMP`) VALUES ('CHCEP-0910', '203', '2017-07-18 12:00:00', '2017-07-18 12:00:00', '2017-07-18 12:00:00', '2017-07-18 12:00:00');
INSERT INTO `qc_style_attribute_value` (`STYLE_ID`, `ATTRIBUTE_VALUE_ID`, `LAST_UPDATED_STAMP`, `LAST_UPDATED_TX_STAMP`, `CREATED_STAMP`, `CREATED_TX_STAMP`) VALUES ('CHFL-0916', '203', '2017-07-18 12:00:00', '2017-07-18 12:00:00', '2017-07-18 12:00:00', '2017-07-18 12:00:00');
INSERT INTO `qc_style_attribute_value` (`STYLE_ID`, `ATTRIBUTE_VALUE_ID`, `LAST_UPDATED_STAMP`, `LAST_UPDATED_TX_STAMP`, `CREATED_STAMP`, `CREATED_TX_STAMP`) VALUES ('CHFP-0916', '203', '2017-07-18 12:00:00', '2017-07-18 12:00:00', '2017-07-18 12:00:00', '2017-07-18 12:00:00');
INSERT INTO `qc_style_attribute_value` (`STYLE_ID`, `ATTRIBUTE_VALUE_ID`, `LAST_UPDATED_STAMP`, `LAST_UPDATED_TX_STAMP`, `CREATED_STAMP`, `CREATED_TX_STAMP`) VALUES ('PHLS-0305', '218', '2017-07-18 12:00:00', '2017-07-18 12:00:00', '2017-07-18 12:00:00', '2017-07-18 12:00:00');
INSERT INTO `qc_style_attribute_value` (`STYLE_ID`, `ATTRIBUTE_VALUE_ID`, `LAST_UPDATED_STAMP`, `LAST_UPDATED_TX_STAMP`, `CREATED_STAMP`, `CREATED_TX_STAMP`) VALUES ('PHP-0307', '219', '2017-07-18 12:00:00', '2017-07-18 12:00:00', '2017-07-18 12:00:00', '2017-07-18 12:00:00');
INSERT INTO `qc_style_attribute_value` (`STYLE_ID`, `ATTRIBUTE_VALUE_ID`, `LAST_UPDATED_STAMP`, `LAST_UPDATED_TX_STAMP`, `CREATED_STAMP`, `CREATED_TX_STAMP`) VALUES ('PHLS-0308', '219', '2017-07-18 12:00:00', '2017-07-18 12:00:00', '2017-07-18 12:00:00', '2017-07-18 12:00:00');
INSERT INTO `qc_style_attribute_value` (`STYLE_ID`, `ATTRIBUTE_VALUE_ID`, `LAST_UPDATED_STAMP`, `LAST_UPDATED_TX_STAMP`, `CREATED_STAMP`, `CREATED_TX_STAMP`) VALUES ('PHP-0309', '220', '2017-07-18 12:00:00', '2017-07-18 12:00:00', '2017-07-18 12:00:00', '2017-07-18 12:00:00');
INSERT INTO `qc_style_attribute_value` (`STYLE_ID`, `ATTRIBUTE_VALUE_ID`, `LAST_UPDATED_STAMP`, `LAST_UPDATED_TX_STAMP`, `CREATED_STAMP`, `CREATED_TX_STAMP`) VALUES ('PHLS-0310', '220', '2017-07-18 12:00:00', '2017-07-18 12:00:00', '2017-07-18 12:00:00', '2017-07-18 12:00:00');
INSERT INTO `qc_style_attribute_value` (`STYLE_ID`, `ATTRIBUTE_VALUE_ID`, `LAST_UPDATED_STAMP`, `LAST_UPDATED_TX_STAMP`, `CREATED_STAMP`, `CREATED_TX_STAMP`) VALUES ('RC-7504', '238', '2017-07-18 12:00:00', '2017-07-18 12:00:00', '2017-07-18 12:00:00', '2017-07-18 12:00:00');
INSERT INTO `qc_style_attribute_value` (`STYLE_ID`, `ATTRIBUTE_VALUE_ID`, `LAST_UPDATED_STAMP`, `LAST_UPDATED_TX_STAMP`, `CREATED_STAMP`, `CREATED_TX_STAMP`) VALUES ('RCW-7549', '238', '2017-07-18 12:00:00', '2017-07-18 12:00:00', '2017-07-18 12:00:00', '2017-07-18 12:00:00');
INSERT INTO `qc_style_attribute_value` (`STYLE_ID`, `ATTRIBUTE_VALUE_ID`, `LAST_UPDATED_STAMP`, `LAST_UPDATED_TX_STAMP`, `CREATED_STAMP`, `CREATED_TX_STAMP`) VALUES ('CHEL-186', '240', '2017-07-18 12:00:00', '2017-07-18 12:00:00', '2017-07-18 12:00:00', '2017-07-18 12:00:00');
INSERT INTO `qc_style_attribute_value` (`STYLE_ID`, `ATTRIBUTE_VALUE_ID`, `LAST_UPDATED_STAMP`, `LAST_UPDATED_TX_STAMP`, `CREATED_STAMP`, `CREATED_TX_STAMP`) VALUES ('CHEP-186', '240', '2017-07-18 12:00:00', '2017-07-18 12:00:00', '2017-07-18 12:00:00', '2017-07-18 12:00:00');
INSERT INTO `qc_style_attribute_value` (`STYLE_ID`, `ATTRIBUTE_VALUE_ID`, `LAST_UPDATED_STAMP`, `LAST_UPDATED_TX_STAMP`, `CREATED_STAMP`, `CREATED_TX_STAMP`) VALUES ('CM-1611', '259', '2017-07-18 12:00:00', '2017-07-18 12:00:00', '2017-07-18 12:00:00', '2017-07-18 12:00:00');
INSERT INTO `qc_style_attribute_value` (`STYLE_ID`, `ATTRIBUTE_VALUE_ID`, `LAST_UPDATED_STAMP`, `LAST_UPDATED_TX_STAMP`, `CREATED_STAMP`, `CREATED_TX_STAMP`) VALUES ('CM-1612', '259', '2017-07-18 12:00:00', '2017-07-18 12:00:00', '2017-07-18 12:00:00', '2017-07-18 12:00:00');
INSERT INTO `qc_style_attribute_value` (`STYLE_ID`, `ATTRIBUTE_VALUE_ID`, `LAST_UPDATED_STAMP`, `LAST_UPDATED_TX_STAMP`, `CREATED_STAMP`, `CREATED_TX_STAMP`) VALUES ('CM-1613', '260', '2017-07-18 12:00:00', '2017-07-18 12:00:00', '2017-07-18 12:00:00', '2017-07-18 12:00:00');
INSERT INTO `qc_style_attribute_value` (`STYLE_ID`, `ATTRIBUTE_VALUE_ID`, `LAST_UPDATED_STAMP`, `LAST_UPDATED_TX_STAMP`, `CREATED_STAMP`, `CREATED_TX_STAMP`) VALUES ('CM-1614', '260', '2017-07-18 12:00:00', '2017-07-18 12:00:00', '2017-07-18 12:00:00', '2017-07-18 12:00:00');
INSERT INTO `qc_style_attribute_value` (`STYLE_ID`, `ATTRIBUTE_VALUE_ID`, `LAST_UPDATED_STAMP`, `LAST_UPDATED_TX_STAMP`, `CREATED_STAMP`, `CREATED_TX_STAMP`) VALUES ('CL1-1616', '260', '2017-07-18 12:00:00', '2017-07-18 12:00:00', '2017-07-18 12:00:00', '2017-07-18 12:00:00');
INSERT INTO `qc_style_attribute_value` (`STYLE_ID`, `ATTRIBUTE_VALUE_ID`, `LAST_UPDATED_STAMP`, `LAST_UPDATED_TX_STAMP`, `CREATED_STAMP`, `CREATED_TX_STAMP`) VALUES ('EFL-3501', '261', '2017-07-18 12:00:00', '2017-07-18 12:00:00', '2017-07-18 12:00:00', '2017-07-18 12:00:00');
INSERT INTO `qc_style_attribute_value` (`STYLE_ID`, `ATTRIBUTE_VALUE_ID`, `LAST_UPDATED_STAMP`, `LAST_UPDATED_TX_STAMP`, `CREATED_STAMP`, `CREATED_TX_STAMP`) VALUES ('EF-3502', '261', '2017-07-18 12:00:00', '2017-07-18 12:00:00', '2017-07-18 12:00:00', '2017-07-18 12:00:00');
INSERT INTO `qc_style_attribute_value` (`STYLE_ID`, `ATTRIBUTE_VALUE_ID`, `LAST_UPDATED_STAMP`, `LAST_UPDATED_TX_STAMP`, `CREATED_STAMP`, `CREATED_TX_STAMP`) VALUES ('EFL-3511', '262', '2017-07-18 12:00:00', '2017-07-18 12:00:00', '2017-07-18 12:00:00', '2017-07-18 12:00:00');
INSERT INTO `qc_style_attribute_value` (`STYLE_ID`, `ATTRIBUTE_VALUE_ID`, `LAST_UPDATED_STAMP`, `LAST_UPDATED_TX_STAMP`, `CREATED_STAMP`, `CREATED_TX_STAMP`) VALUES ('EF-3512', '262', '2017-07-18 12:00:00', '2017-07-18 12:00:00', '2017-07-18 12:00:00', '2017-07-18 12:00:00');
INSERT INTO `qc_style_attribute_value` (`STYLE_ID`, `ATTRIBUTE_VALUE_ID`, `LAST_UPDATED_STAMP`, `LAST_UPDATED_TX_STAMP`, `CREATED_STAMP`, `CREATED_TX_STAMP`) VALUES ('DM-2612', '276', '2017-07-18 12:00:00', '2017-07-18 12:00:00', '2017-07-18 12:00:00', '2017-07-18 12:00:00');
INSERT INTO `qc_style_attribute_value` (`STYLE_ID`, `ATTRIBUTE_VALUE_ID`, `LAST_UPDATED_STAMP`, `LAST_UPDATED_TX_STAMP`, `CREATED_STAMP`, `CREATED_TX_STAMP`) VALUES ('CD-2648', '276', '2017-07-18 12:00:00', '2017-07-18 12:00:00', '2017-07-18 12:00:00', '2017-07-18 12:00:00');
INSERT INTO `qc_style_attribute_value` (`STYLE_ID`, `ATTRIBUTE_VALUE_ID`, `LAST_UPDATED_STAMP`, `LAST_UPDATED_TX_STAMP`, `CREATED_STAMP`, `CREATED_TX_STAMP`) VALUES ('DM-2613', '277', '2017-07-18 12:00:00', '2017-07-18 12:00:00', '2017-07-18 12:00:00', '2017-07-18 12:00:00');
INSERT INTO `qc_style_attribute_value` (`STYLE_ID`, `ATTRIBUTE_VALUE_ID`, `LAST_UPDATED_STAMP`, `LAST_UPDATED_TX_STAMP`, `CREATED_STAMP`, `CREATED_TX_STAMP`) VALUES ('CM-2616', '277', '2017-07-18 12:00:00', '2017-07-18 12:00:00', '2017-07-18 12:00:00', '2017-07-18 12:00:00');
INSERT INTO `qc_style_attribute_value` (`STYLE_ID`, `ATTRIBUTE_VALUE_ID`, `LAST_UPDATED_STAMP`, `LAST_UPDATED_TX_STAMP`, `CREATED_STAMP`, `CREATED_TX_STAMP`) VALUES ('PRBRE-8871', '293', '2017-07-18 12:00:00', '2017-07-18 12:00:00', '2017-07-18 12:00:00', '2017-07-18 12:00:00');
INSERT INTO `qc_style_attribute_value` (`STYLE_ID`, `ATTRIBUTE_VALUE_ID`, `LAST_UPDATED_STAMP`, `LAST_UPDATED_TX_STAMP`, `CREATED_STAMP`, `CREATED_TX_STAMP`) VALUES ('PRBRE-8875', '293', '2017-07-18 12:00:00', '2017-07-18 12:00:00', '2017-07-18 12:00:00', '2017-07-18 12:00:00');
INSERT INTO `qc_style_attribute_value` (`STYLE_ID`, `ATTRIBUTE_VALUE_ID`, `LAST_UPDATED_STAMP`, `LAST_UPDATED_TX_STAMP`, `CREATED_STAMP`, `CREATED_TX_STAMP`) VALUES ('PRBRE-9971', '293', '2017-07-18 12:00:00', '2017-07-18 12:00:00', '2017-07-18 12:00:00', '2017-07-18 12:00:00');
INSERT INTO `qc_style_attribute_value` (`STYLE_ID`, `ATTRIBUTE_VALUE_ID`, `LAST_UPDATED_STAMP`, `LAST_UPDATED_TX_STAMP`, `CREATED_STAMP`, `CREATED_TX_STAMP`) VALUES ('PRB-8807', '294', '2017-07-18 12:00:00', '2017-07-18 12:00:00', '2017-07-18 12:00:00', '2017-07-18 12:00:00');















/*  Updates based on 9/1/2017 spread sheet provided by Michelle*/



INSERT INTO `qc_style` (`STYLE_ID`, `STYLE_GROUP_ID`, `STYLE_NAME`, `STYLE_DESCRIPTION`, `LAST_UPDATED_STAMP`, `LAST_UPDATED_TX_STAMP`, `CREATED_STAMP`, `CREATED_TX_STAMP`) VALUES ('3DF-0820', 'CAPACITY', '0820', '9 x 12 Presentation Folders - 1/2" Capacity Box Pockets and 1" Backbone', '2017-09-06 12:00:00', '2017-09-06 12:00:00', '2017-09-06 12:00:00', '2017-09-06 12:00:00');

INSERT INTO `qc_style_attribute_value` (`STYLE_ID`,`ATTRIBUTE_VALUE_ID`,`FROM_DATE`,`THRU_DATE`,`LAST_UPDATED_STAMP`,`LAST_UPDATED_TX_STAMP`,`CREATED_STAMP`,`CREATED_TX_STAMP`) VALUES ('SFTF-0856','55',NULL,NULL,'2017-09-06 12:00:00','2017-09-06 12:00:00','2017-09-06 12:00:00','2017-09-06 12:00:00');
INSERT INTO `qc_style_attribute_value` (`STYLE_ID`,`ATTRIBUTE_VALUE_ID`,`FROM_DATE`,`THRU_DATE`,`LAST_UPDATED_STAMP`,`LAST_UPDATED_TX_STAMP`,`CREATED_STAMP`,`CREATED_TX_STAMP`) VALUES ('CHEL-189','55',NULL,NULL,'2017-09-06 12:00:00','2017-09-06 12:00:00','2017-09-06 12:00:00','2017-09-06 12:00:00');
INSERT INTO `qc_style_attribute_value` (`STYLE_ID`,`ATTRIBUTE_VALUE_ID`,`FROM_DATE`,`THRU_DATE`,`LAST_UPDATED_STAMP`,`LAST_UPDATED_TX_STAMP`,`CREATED_STAMP`,`CREATED_TX_STAMP`) VALUES ('TPF-3834','55',NULL,NULL,'2017-09-06 12:00:00','2017-09-06 12:00:00','2017-09-06 12:00:00','2017-09-06 12:00:00');
INSERT INTO `qc_style_attribute_value` (`STYLE_ID`,`ATTRIBUTE_VALUE_ID`,`FROM_DATE`,`THRU_DATE`,`LAST_UPDATED_STAMP`,`LAST_UPDATED_TX_STAMP`,`CREATED_STAMP`,`CREATED_TX_STAMP`) VALUES ('VS-112','55',NULL,NULL,'2017-09-06 12:00:00','2017-09-06 12:00:00','2017-09-06 12:00:00','2017-09-06 12:00:00');
INSERT INTO `qc_style_attribute_value` (`STYLE_ID`,`ATTRIBUTE_VALUE_ID`,`FROM_DATE`,`THRU_DATE`,`LAST_UPDATED_STAMP`,`LAST_UPDATED_TX_STAMP`,`CREATED_STAMP`,`CREATED_TX_STAMP`) VALUES ('VS-114','55',NULL,NULL,'2017-09-06 12:00:00','2017-09-06 12:00:00','2017-09-06 12:00:00','2017-09-06 12:00:00');
INSERT INTO `qc_style_attribute_value` (`STYLE_ID`,`ATTRIBUTE_VALUE_ID`,`FROM_DATE`,`THRU_DATE`,`LAST_UPDATED_STAMP`,`LAST_UPDATED_TX_STAMP`,`CREATED_STAMP`,`CREATED_TX_STAMP`) VALUES ('V2-0858','56',NULL,NULL,'2017-09-06 12:00:00','2017-09-06 12:00:00','2017-09-06 12:00:00','2017-09-06 12:00:00');
INSERT INTO `qc_style_attribute_value` (`STYLE_ID`,`ATTRIBUTE_VALUE_ID`,`FROM_DATE`,`THRU_DATE`,`LAST_UPDATED_STAMP`,`LAST_UPDATED_TX_STAMP`,`CREATED_STAMP`,`CREATED_TX_STAMP`) VALUES ('DF-0862','56',NULL,NULL,'2017-09-06 12:00:00','2017-09-06 12:00:00','2017-09-06 12:00:00','2017-09-06 12:00:00');
INSERT INTO `qc_style_attribute_value` (`STYLE_ID`,`ATTRIBUTE_VALUE_ID`,`FROM_DATE`,`THRU_DATE`,`LAST_UPDATED_STAMP`,`LAST_UPDATED_TX_STAMP`,`CREATED_STAMP`,`CREATED_TX_STAMP`) VALUES ('VS-106','56',NULL,NULL,'2017-09-06 12:00:00','2017-09-06 12:00:00','2017-09-06 12:00:00','2017-09-06 12:00:00');
INSERT INTO `qc_style_attribute_value` (`STYLE_ID`,`ATTRIBUTE_VALUE_ID`,`FROM_DATE`,`THRU_DATE`,`LAST_UPDATED_STAMP`,`LAST_UPDATED_TX_STAMP`,`CREATED_STAMP`,`CREATED_TX_STAMP`) VALUES ('VS-175','56',NULL,NULL,'2017-09-06 12:00:00','2017-09-06 12:00:00','2017-09-06 12:00:00','2017-09-06 12:00:00');

INSERT INTO `qc_attribute_value` (`ATTRIBUTE_VALUE_ID`,`ATTRIBUTE_ID`,`STYLE_GROUP_ID`,`VENDOR_ID`,`QUANTITY_BREAK`,`VOLUME_PRICE`,`FROM_DATE`,`THRU_DATE`,`LAST_UPDATED_STAMP`,`LAST_UPDATED_TX_STAMP`,`CREATED_STAMP`,`CREATED_TX_STAMP`) VALUES ('295','ITEM_UPCHARGE','LEGAL','ADMORE','250|500|750|1000|1500|2000|2500|3000|4000|5000|7500|10000','50.0|50.0|50.0|50.0|50.0|50.0|50.0|50.0|50.0|50.0|50.0|50.0',NULL,NULL,'2017-09-06 12:00:00','2017-09-06 12:00:00','2017-09-06 12:00:00','2017-09-06 12:00:00');

INSERT INTO `qc_style_attribute_value` (`STYLE_ID`,`ATTRIBUTE_VALUE_ID`,`FROM_DATE`,`THRU_DATE`,`LAST_UPDATED_STAMP`,`LAST_UPDATED_TX_STAMP`,`CREATED_STAMP`,`CREATED_TX_STAMP`) VALUES ('LST-1416','78',NULL,NULL,'2017-09-06 12:00:00','2017-09-06 12:00:00','2017-09-06 12:00:00','2017-09-06 12:00:00');
INSERT INTO `qc_style_attribute_value` (`STYLE_ID`,`ATTRIBUTE_VALUE_ID`,`FROM_DATE`,`THRU_DATE`,`LAST_UPDATED_STAMP`,`LAST_UPDATED_TX_STAMP`,`CREATED_STAMP`,`CREATED_TX_STAMP`) VALUES ('LHV-1457','78',NULL,NULL,'2017-09-06 12:00:00','2017-09-06 12:00:00','2017-09-06 12:00:00','2017-09-06 12:00:00');
INSERT INTO `qc_style_attribute_value` (`STYLE_ID`,`ATTRIBUTE_VALUE_ID`,`FROM_DATE`,`THRU_DATE`,`LAST_UPDATED_STAMP`,`LAST_UPDATED_TX_STAMP`,`CREATED_STAMP`,`CREATED_TX_STAMP`) VALUES ('LFIF-1408','78',NULL,NULL,'2017-09-06 12:00:00','2017-09-06 12:00:00','2017-09-06 12:00:00','2017-09-06 12:00:00');
INSERT INTO `qc_style_attribute_value` (`STYLE_ID`,`ATTRIBUTE_VALUE_ID`,`FROM_DATE`,`THRU_DATE`,`LAST_UPDATED_STAMP`,`LAST_UPDATED_TX_STAMP`,`CREATED_STAMP`,`CREATED_TX_STAMP`) VALUES ('CL-1465','78',NULL,NULL,'2017-09-06 12:00:00','2017-09-06 12:00:00','2017-09-06 12:00:00','2017-09-06 12:00:00');
INSERT INTO `qc_style_attribute_value` (`STYLE_ID`,`ATTRIBUTE_VALUE_ID`,`FROM_DATE`,`THRU_DATE`,`LAST_UPDATED_STAMP`,`LAST_UPDATED_TX_STAMP`,`CREATED_STAMP`,`CREATED_TX_STAMP`) VALUES ('LFT-2983','78',NULL,NULL,'2017-09-06 12:00:00','2017-09-06 12:00:00','2017-09-06 12:00:00','2017-09-06 12:00:00');
INSERT INTO `qc_style_attribute_value` (`STYLE_ID`,`ATTRIBUTE_VALUE_ID`,`FROM_DATE`,`THRU_DATE`,`LAST_UPDATED_STAMP`,`LAST_UPDATED_TX_STAMP`,`CREATED_STAMP`,`CREATED_TX_STAMP`) VALUES ('3DLF-168','78',NULL,NULL,'2017-09-06 12:00:00','2017-09-06 12:00:00','2017-09-06 12:00:00','2017-09-06 12:00:00');
-- INSERT INTO `qc_style_attribute_value` (`STYLE_ID`,`ATTRIBUTE_VALUE_ID`,`FROM_DATE`,`THRU_DATE`,`LAST_UPDATED_STAMP`,`LAST_UPDATED_TX_STAMP`,`CREATED_STAMP`,`CREATED_TX_STAMP`) VALUES ('LRE-2913','78',NULL,NULL,'2017-09-06 12:00:00','2017-09-06 12:00:00','2017-09-06 12:00:00','2017-09-06 12:00:00');
INSERT INTO `qc_style_attribute_value` (`STYLE_ID`,`ATTRIBUTE_VALUE_ID`,`FROM_DATE`,`THRU_DATE`,`LAST_UPDATED_STAMP`,`LAST_UPDATED_TX_STAMP`,`CREATED_STAMP`,`CREATED_TX_STAMP`) VALUES ('SPDAT-FD-04515','295',NULL,NULL,'2017-09-06 12:00:00','2017-09-06 12:00:00','2017-09-06 12:00:00','2017-09-06 12:00:00');
INSERT INTO `qc_style_attribute_value` (`STYLE_ID`,`ATTRIBUTE_VALUE_ID`,`FROM_DATE`,`THRU_DATE`,`LAST_UPDATED_STAMP`,`LAST_UPDATED_TX_STAMP`,`CREATED_STAMP`,`CREATED_TX_STAMP`) VALUES ('SPDAT-FD-06521','295',NULL,NULL,'2017-09-06 12:00:00','2017-09-06 12:00:00','2017-09-06 12:00:00','2017-09-06 12:00:00');
INSERT INTO `qc_style_attribute_value` (`STYLE_ID`,`ATTRIBUTE_VALUE_ID`,`FROM_DATE`,`THRU_DATE`,`LAST_UPDATED_STAMP`,`LAST_UPDATED_TX_STAMP`,`CREATED_STAMP`,`CREATED_TX_STAMP`) VALUES ('SPDAT-FD-06684','295',NULL,NULL,'2017-09-06 12:00:00','2017-09-06 12:00:00','2017-09-06 12:00:00','2017-09-06 12:00:00');


INSERT INTO `qc_style_attribute_value` (`STYLE_ID`,`ATTRIBUTE_VALUE_ID`,`FROM_DATE`,`THRU_DATE`,`LAST_UPDATED_STAMP`,`LAST_UPDATED_TX_STAMP`,`CREATED_STAMP`,`CREATED_TX_STAMP`) VALUES ('3DF-0812','124',NULL,NULL,'2017-09-06 12:00:00','2017-09-06 12:00:00','2017-09-06 12:00:00','2017-09-06 12:00:00');
INSERT INTO `qc_style_attribute_value` (`STYLE_ID`,`ATTRIBUTE_VALUE_ID`,`FROM_DATE`,`THRU_DATE`,`LAST_UPDATED_STAMP`,`LAST_UPDATED_TX_STAMP`,`CREATED_STAMP`,`CREATED_TX_STAMP`) VALUES ('3DF-141','124',NULL,NULL,'2017-09-06 12:00:00','2017-09-06 12:00:00','2017-09-06 12:00:00','2017-09-06 12:00:00');
INSERT INTO `qc_style_attribute_value` (`STYLE_ID`,`ATTRIBUTE_VALUE_ID`,`FROM_DATE`,`THRU_DATE`,`LAST_UPDATED_STAMP`,`LAST_UPDATED_TX_STAMP`,`CREATED_STAMP`,`CREATED_TX_STAMP`) VALUES ('3DF-149','124',NULL,NULL,'2017-09-06 12:00:00','2017-09-06 12:00:00','2017-09-06 12:00:00','2017-09-06 12:00:00');


INSERT INTO `qc_style_attribute_value` (`STYLE_ID`,`ATTRIBUTE_VALUE_ID`,`FROM_DATE`,`THRU_DATE`,`LAST_UPDATED_STAMP`,`LAST_UPDATED_TX_STAMP`,`CREATED_STAMP`,`CREATED_TX_STAMP`) VALUES ('HF-6802','166',NULL,NULL,'2017-09-06 12:00:00','2017-09-06 12:00:00','2017-09-06 12:00:00','2017-09-06 12:00:00');
INSERT INTO `qc_style_attribute_value` (`STYLE_ID`,`ATTRIBUTE_VALUE_ID`,`FROM_DATE`,`THRU_DATE`,`LAST_UPDATED_STAMP`,`LAST_UPDATED_TX_STAMP`,`CREATED_STAMP`,`CREATED_TX_STAMP`) VALUES ('MF-144','166',NULL,NULL,'2017-09-06 12:00:00','2017-09-06 12:00:00','2017-09-06 12:00:00','2017-09-06 12:00:00');
INSERT INTO `qc_style_attribute_value` (`STYLE_ID`,`ATTRIBUTE_VALUE_ID`,`FROM_DATE`,`THRU_DATE`,`LAST_UPDATED_STAMP`,`LAST_UPDATED_TX_STAMP`,`CREATED_STAMP`,`CREATED_TX_STAMP`) VALUES ('TP-115','166',NULL,NULL,'2017-09-06 12:00:00','2017-09-06 12:00:00','2017-09-06 12:00:00','2017-09-06 12:00:00');

INSERT INTO `qc_style_attribute_value` (`STYLE_ID`,`ATTRIBUTE_VALUE_ID`,`FROM_DATE`,`THRU_DATE`,`LAST_UPDATED_STAMP`,`LAST_UPDATED_TX_STAMP`,`CREATED_STAMP`,`CREATED_TX_STAMP`) VALUES ('EF-3513','188',NULL,NULL,'2017-09-06 12:00:00','2017-09-06 12:00:00','2017-09-06 12:00:00','2017-09-06 12:00:00');

INSERT INTO `qc_style_attribute_value` (`STYLE_ID`,`ATTRIBUTE_VALUE_ID`,`FROM_DATE`,`THRU_DATE`,`LAST_UPDATED_STAMP`,`LAST_UPDATED_TX_STAMP`,`CREATED_STAMP`,`CREATED_TX_STAMP`) VALUES ('CHEP-183','203',NULL,NULL,'2017-09-06 12:00:00','2017-09-06 12:00:00','2017-09-06 12:00:00','2017-09-06 12:00:00');
INSERT INTO `qc_style_attribute_value` (`STYLE_ID`,`ATTRIBUTE_VALUE_ID`,`FROM_DATE`,`THRU_DATE`,`LAST_UPDATED_STAMP`,`LAST_UPDATED_TX_STAMP`,`CREATED_STAMP`,`CREATED_TX_STAMP`) VALUES ('CHEL-183','203',NULL,NULL,'2017-09-06 12:00:00','2017-09-06 12:00:00','2017-09-06 12:00:00','2017-09-06 12:00:00');

INSERT INTO `qc_style_attribute_value` (`STYLE_ID`,`ATTRIBUTE_VALUE_ID`,`FROM_DATE`,`THRU_DATE`,`LAST_UPDATED_STAMP`,`LAST_UPDATED_TX_STAMP`,`CREATED_STAMP`,`CREATED_TX_STAMP`) VALUES ('RC-199','238',NULL,NULL,'2017-09-06 12:00:00','2017-09-06 12:00:00','2017-09-06 12:00:00','2017-09-06 12:00:00');
INSERT INTO `qc_style_attribute_value` (`STYLE_ID`,`ATTRIBUTE_VALUE_ID`,`FROM_DATE`,`THRU_DATE`,`LAST_UPDATED_STAMP`,`LAST_UPDATED_TX_STAMP`,`CREATED_STAMP`,`CREATED_TX_STAMP`) VALUES ('RCW-196','238',NULL,NULL,'2017-09-06 12:00:00','2017-09-06 12:00:00','2017-09-06 12:00:00','2017-09-06 12:00:00');


INSERT INTO `qc_attribute_value` (`ATTRIBUTE_VALUE_ID`,`ATTRIBUTE_ID`,`STYLE_GROUP_ID`,`VENDOR_ID`,`QUANTITY_BREAK`,`VOLUME_PRICE`,`FROM_DATE`,`THRU_DATE`,`LAST_UPDATED_STAMP`,`LAST_UPDATED_TX_STAMP`,`CREATED_STAMP`,`CREATED_TX_STAMP`) VALUES ('296','ITEM_UPCHARGE','PORTFOLIO','ADMORE','250|500|750|1000|1500|2000|2500|3000|4000|5000|7500|10000','100.0|100.0|100.0|100.0|100.0|100.0|100.0|100.0|100.0|100.0|100.0|100.0',NULL,NULL,'2017-09-06 12:00:00','2017-09-06 12:00:00','2017-09-06 12:00:00','2017-09-06 12:00:00');
INSERT INTO `qc_attribute_value` (`ATTRIBUTE_VALUE_ID`,`ATTRIBUTE_ID`,`STYLE_GROUP_ID`,`VENDOR_ID`,`QUANTITY_BREAK`,`VOLUME_PRICE`,`FROM_DATE`,`THRU_DATE`,`LAST_UPDATED_STAMP`,`LAST_UPDATED_TX_STAMP`,`CREATED_STAMP`,`CREATED_TX_STAMP`) VALUES ('297','ITEM_UPCHARGE','PORTFOLIO','ADMORE','250|500|750|1000|1500|2000|2500|3000|4000|5000|7500|10000','62.0|121.0|185.0|247.0|368.0|489.0|610.0|731.0|976.0|1220.0|1830.0|2440.0',NULL,NULL,'2017-09-06 12:00:00','2017-09-06 12:00:00','2017-09-06 12:00:00','2017-09-06 12:00:00');

INSERT INTO `qc_style_attribute_value` (`STYLE_ID`,`ATTRIBUTE_VALUE_ID`,`FROM_DATE`,`THRU_DATE`,`LAST_UPDATED_STAMP`,`LAST_UPDATED_TX_STAMP`,`CREATED_STAMP`,`CREATED_TX_STAMP`) VALUES ('EF-146','262',NULL,NULL,'2017-09-06 12:00:00','2017-09-06 12:00:00','2017-09-06 12:00:00','2017-09-06 12:00:00');
INSERT INTO `qc_style_attribute_value` (`STYLE_ID`,`ATTRIBUTE_VALUE_ID`,`FROM_DATE`,`THRU_DATE`,`LAST_UPDATED_STAMP`,`LAST_UPDATED_TX_STAMP`,`CREATED_STAMP`,`CREATED_TX_STAMP`) VALUES ('EF-155','262',NULL,NULL,'2017-09-06 12:00:00','2017-09-06 12:00:00','2017-09-06 12:00:00','2017-09-06 12:00:00');
INSERT INTO `qc_style_attribute_value` (`STYLE_ID`,`ATTRIBUTE_VALUE_ID`,`FROM_DATE`,`THRU_DATE`,`LAST_UPDATED_STAMP`,`LAST_UPDATED_TX_STAMP`,`CREATED_STAMP`,`CREATED_TX_STAMP`) VALUES ('EFL-165','262',NULL,NULL,'2017-09-06 12:00:00','2017-09-06 12:00:00','2017-09-06 12:00:00','2017-09-06 12:00:00');

INSERT INTO `qc_style_attribute_value` (`STYLE_ID`,`ATTRIBUTE_VALUE_ID`,`FROM_DATE`,`THRU_DATE`,`LAST_UPDATED_STAMP`,`LAST_UPDATED_TX_STAMP`,`CREATED_STAMP`,`CREATED_TX_STAMP`) VALUES ('EF-2501','297',NULL,NULL,'2017-09-06 12:00:00','2017-09-06 12:00:00','2017-09-06 12:00:00','2017-09-06 12:00:00');
INSERT INTO `qc_style_attribute_value` (`STYLE_ID`,`ATTRIBUTE_VALUE_ID`,`FROM_DATE`,`THRU_DATE`,`LAST_UPDATED_STAMP`,`LAST_UPDATED_TX_STAMP`,`CREATED_STAMP`,`CREATED_TX_STAMP`) VALUES ('EF-2503','297',NULL,NULL,'2017-09-06 12:00:00','2017-09-06 12:00:00','2017-09-06 12:00:00','2017-09-06 12:00:00');

INSERT INTO `qc_style_attribute_value` (`STYLE_ID`,`ATTRIBUTE_VALUE_ID`,`FROM_DATE`,`THRU_DATE`,`LAST_UPDATED_STAMP`,`LAST_UPDATED_TX_STAMP`,`CREATED_STAMP`,`CREATED_TX_STAMP`) VALUES ('EF-FD-07564','296',NULL,NULL,'2017-09-06 12:00:00','2017-09-06 12:00:00','2017-09-06 12:00:00','2017-09-06 12:00:00');





























































