INSERT INTO `qc_attribute_value` (`ATTRIBUTE_VALUE_ID`, `ATTRIBUTE_ID`, `STYLE_GROUP_ID`, `VENDOR_ID`, `QUANTITY_BREAK`, `VOLUME_PRICE`, `LAST_UPDATED_STAMP`, `LAST_UPDATED_TX_STAMP`, `CREATED_STAMP`, `CREATED_TX_STAMP`) VALUES ('6',  'PRINT_1C', 'STANDARD', 'ADMORE', '250|500|750|1000|1500|2000|2500|3000|4000|5000|7500|10000', '301.0|353.0|422.0|491.0|610.0|758.0|898.0|1040.0|1229.0|1418.0|1958.0|2385.0', '2017-07-18 12:00:00', '2017-07-18 12:00:00', '2017-07-18 12:00:00', '2017-07-18 12:00:00');
INSERT INTO `qc_attribute_value` (`ATTRIBUTE_VALUE_ID`, `ATTRIBUTE_ID`, `STYLE_GROUP_ID`, `VENDOR_ID`, `QUANTITY_BREAK`, `VOLUME_PRICE`, `LAST_UPDATED_STAMP`, `LAST_UPDATED_TX_STAMP`, `CREATED_STAMP`, `CREATED_TX_STAMP`) VALUES ('7',  'PRINT_4C', 'STANDARD', 'ADMORE', '250|500|750|1000|1500|2000|2500|3000|4000|5000|7500|10000', '355.0|440.0|521.0|602.0|775.0|929.0|1067.0|1202.0|1409.0|1616.0|2174.0|2592.0', '2017-07-18 12:00:00', '2017-07-18 12:00:00', '2017-07-18 12:00:00', '2017-07-18 12:00:00');
INSERT INTO `qc_attribute_value` (`ATTRIBUTE_VALUE_ID`, `ATTRIBUTE_ID`, `STYLE_GROUP_ID`, `VENDOR_ID`, `QUANTITY_BREAK`, `VOLUME_PRICE`, `LAST_UPDATED_STAMP`, `LAST_UPDATED_TX_STAMP`, `CREATED_STAMP`, `CREATED_TX_STAMP`) VALUES ('8',  'FOIL_STAMP_BASE', 'STANDARD', 'ADMORE', '250|500|750|1000|1500|2000|2500|3000|4000|5000|7500|10000', '252.0|344.0|413.0|482.0|606.0|788.0|945.0|1094.0|1308.0|1521.0|2147.0|2709.0', '2017-07-18 12:00:00', '2017-07-18 12:00:00', '2017-07-18 12:00:00', '2017-07-18 12:00:00');
INSERT INTO `qc_attribute_value` (`ATTRIBUTE_VALUE_ID`, `ATTRIBUTE_ID`, `STYLE_GROUP_ID`, `VENDOR_ID`, `QUANTITY_BREAK`, `VOLUME_PRICE`, `LAST_UPDATED_STAMP`, `LAST_UPDATED_TX_STAMP`, `CREATED_STAMP`, `CREATED_TX_STAMP`) VALUES ('9',  'EMBOSS_BASE', 'STANDARD', 'ADMORE', '250|500|750|1000|1500|2000|2500|3000|4000|5000|7500|10000', '252.0|344.0|413.0|482.0|606.0|788.0|945.0|1094.0|1308.0|1521.0|2147.0|2709.0', '2017-07-18 12:00:00', '2017-07-18 12:00:00', '2017-07-18 12:00:00', '2017-07-18 12:00:00');
INSERT INTO `qc_attribute_value` (`ATTRIBUTE_VALUE_ID`, `ATTRIBUTE_ID`, `STYLE_GROUP_ID`, `VENDOR_ID`, `QUANTITY_BREAK`, `VOLUME_PRICE`, `LAST_UPDATED_STAMP`, `LAST_UPDATED_TX_STAMP`, `CREATED_STAMP`, `CREATED_TX_STAMP`) VALUES ('10',  'ADDITIONAL_COLOR_PER_SIDE', 'STANDARD', 'ADMORE', '250|500|750|1000|1500|2000|2500|3000|4000|5000|7500|10000', '79.0|88.0|95.0|102.0|111.0|130.0|149.0|162.0|174.0|185.0|257.0|315.0', '2017-07-18 12:00:00', '2017-07-18 12:00:00', '2017-07-18 12:00:00', '2017-07-18 12:00:00');
INSERT INTO `qc_attribute_value` (`ATTRIBUTE_VALUE_ID`, `ATTRIBUTE_ID`, `STYLE_GROUP_ID`, `VENDOR_ID`, `QUANTITY_BREAK`, `VOLUME_PRICE`, `LAST_UPDATED_STAMP`, `LAST_UPDATED_TX_STAMP`, `CREATED_STAMP`, `CREATED_TX_STAMP`) VALUES ('11',  'HEAVY_COVERAGE_PER_SIDE', 'STANDARD', 'ADMORE', '250|500|750|1000|1500|2000|2500|3000|4000|5000|7500|10000', '79.0|88.0|95.0|102.0|111.0|130.0|149.0|162.0|174.0|185.0|257.0|315.0', '2017-07-18 12:00:00', '2017-07-18 12:00:00', '2017-07-18 12:00:00', '2017-07-18 12:00:00');
INSERT INTO `qc_attribute_value` (`ATTRIBUTE_VALUE_ID`, `ATTRIBUTE_ID`, `STYLE_GROUP_ID`, `VENDOR_ID`, `QUANTITY_BREAK`, `VOLUME_PRICE`, `LAST_UPDATED_STAMP`, `LAST_UPDATED_TX_STAMP`, `CREATED_STAMP`, `CREATED_TX_STAMP`) VALUES ('12',  'PRINT_4C_2ND_SIDE', 'STANDARD', 'ADMORE', '250|500|750|1000|1500|2000|2500|3000|4000|5000|7500|10000', '225.0|225.0|243.0|261.0|293.0|324.0|356.0|386.0|450.0|513.0|668.0|828.0', '2017-07-18 12:00:00', '2017-07-18 12:00:00', '2017-07-18 12:00:00', '2017-07-18 12:00:00');
INSERT INTO `qc_attribute_value` (`ATTRIBUTE_VALUE_ID`, `ATTRIBUTE_ID`, `STYLE_GROUP_ID`, `VENDOR_ID`, `QUANTITY_BREAK`, `VOLUME_PRICE`, `LAST_UPDATED_STAMP`, `LAST_UPDATED_TX_STAMP`, `CREATED_STAMP`, `CREATED_TX_STAMP`) VALUES ('13',  'GROUP_A_STOCKS', 'STANDARD', 'ADMORE', '250|500|750|1000|1500|2000|2500|3000|4000|5000|7500|10000', '26.0|36.0|50.0|64.0|90.0|117.0|142.0|165.0|215.0|266.0|385.0|513.0', '2017-07-18 12:00:00', '2017-07-18 12:00:00', '2017-07-18 12:00:00', '2017-07-18 12:00:00');
INSERT INTO `qc_attribute_value` (`ATTRIBUTE_VALUE_ID`, `ATTRIBUTE_ID`, `STYLE_GROUP_ID`, `VENDOR_ID`, `QUANTITY_BREAK`, `VOLUME_PRICE`, `LAST_UPDATED_STAMP`, `LAST_UPDATED_TX_STAMP`, `CREATED_STAMP`, `CREATED_TX_STAMP`) VALUES ('14',  'GROUP_B_STOCKS', 'STANDARD', 'ADMORE', '250|500|750|1000|1500|2000|2500|3000|4000|5000|7500|10000', '40.0|58.0|80.0|102.0|143.0|185.0|225.0|262.0|343.0|423.0|608.0|801.0', '2017-07-18 12:00:00', '2017-07-18 12:00:00', '2017-07-18 12:00:00', '2017-07-18 12:00:00');
INSERT INTO `qc_attribute_value` (`ATTRIBUTE_VALUE_ID`, `ATTRIBUTE_ID`, `STYLE_GROUP_ID`, `VENDOR_ID`, `QUANTITY_BREAK`, `VOLUME_PRICE`, `LAST_UPDATED_STAMP`, `LAST_UPDATED_TX_STAMP`, `CREATED_STAMP`, `CREATED_TX_STAMP`) VALUES ('15',  'GROUP_C_STOCKS', 'STANDARD', 'ADMORE', '250|500|750|1000|1500|2000|2500|3000|4000|5000|7500|10000', '61.0|88.0|122.0|155.0|217.0|283.0|342.0|397.0|520.0|644.0|932.0|1224.0', '2017-07-18 12:00:00', '2017-07-18 12:00:00', '2017-07-18 12:00:00', '2017-07-18 12:00:00');
INSERT INTO `qc_attribute_value` (`ATTRIBUTE_VALUE_ID`, `ATTRIBUTE_ID`, `STYLE_GROUP_ID`, `VENDOR_ID`, `QUANTITY_BREAK`, `VOLUME_PRICE`, `LAST_UPDATED_STAMP`, `LAST_UPDATED_TX_STAMP`, `CREATED_STAMP`, `CREATED_TX_STAMP`) VALUES ('16',  'GROUP_D_STOCKS', 'STANDARD', 'ADMORE', '250|500|750|1000|1500|2000|2500|3000|4000|5000|7500|10000', '91.0|131.0|180.0|230.0|323.0|418.0|504.0|589.0|770.0|950.0|1377.0|1809.0', '2017-07-18 12:00:00', '2017-07-18 12:00:00', '2017-07-18 12:00:00', '2017-07-18 12:00:00');
INSERT INTO `qc_attribute_value` (`ATTRIBUTE_VALUE_ID`, `ATTRIBUTE_ID`, `STYLE_GROUP_ID`, `VENDOR_ID`, `QUANTITY_BREAK`, `VOLUME_PRICE`, `LAST_UPDATED_STAMP`, `LAST_UPDATED_TX_STAMP`, `CREATED_STAMP`, `CREATED_TX_STAMP`) VALUES ('17',  'AQUEOUS_CHOICE', 'STANDARD', 'ADMORE', '250|500|750|1000|1500|2000|2500|3000|4000|5000|7500|10000', '0.0|0.0|0.0|0.0|0.0|0.0|0.0|0.0|0.0|0.0|0.0|0.0', '2017-07-18 12:00:00', '2017-07-18 12:00:00', '2017-07-18 12:00:00', '2017-07-18 12:00:00');
INSERT INTO `qc_attribute_value` (`ATTRIBUTE_VALUE_ID`, `ATTRIBUTE_ID`, `STYLE_GROUP_ID`, `VENDOR_ID`, `QUANTITY_BREAK`, `VOLUME_PRICE`, `LAST_UPDATED_STAMP`, `LAST_UPDATED_TX_STAMP`, `CREATED_STAMP`, `CREATED_TX_STAMP`) VALUES ('18',  'AQUEOUS_GLOSS', 'STANDARD', 'ADMORE', '250|500|750|1000|1500|2000|2500|3000|4000|5000|7500|10000', '0.0|0.0|0.0|0.0|0.0|0.0|0.0|0.0|0.0|0.0|0.0|0.0', '2017-07-18 12:00:00', '2017-07-18 12:00:00', '2017-07-18 12:00:00', '2017-07-18 12:00:00');
INSERT INTO `qc_attribute_value` (`ATTRIBUTE_VALUE_ID`, `ATTRIBUTE_ID`, `STYLE_GROUP_ID`, `VENDOR_ID`, `QUANTITY_BREAK`, `VOLUME_PRICE`, `LAST_UPDATED_STAMP`, `LAST_UPDATED_TX_STAMP`, `CREATED_STAMP`, `CREATED_TX_STAMP`) VALUES ('19',  'AQUEOUS_MATTE', 'STANDARD', 'ADMORE', '250|500|750|1000|1500|2000|2500|3000|4000|5000|7500|10000', '0.0|0.0|0.0|0.0|0.0|0.0|0.0|0.0|0.0|0.0|0.0|0.0', '2017-07-18 12:00:00', '2017-07-18 12:00:00', '2017-07-18 12:00:00', '2017-07-18 12:00:00');
INSERT INTO `qc_attribute_value` (`ATTRIBUTE_VALUE_ID`, `ATTRIBUTE_ID`, `STYLE_GROUP_ID`, `VENDOR_ID`, `QUANTITY_BREAK`, `VOLUME_PRICE`, `LAST_UPDATED_STAMP`, `LAST_UPDATED_TX_STAMP`, `CREATED_STAMP`, `CREATED_TX_STAMP`) VALUES ('20',  'AQUEOUS_SATIN', 'STANDARD', 'ADMORE', '250|500|750|1000|1500|2000|2500|3000|4000|5000|7500|10000', '0.0|0.0|0.0|0.0|0.0|0.0|0.0|0.0|0.0|0.0|0.0|0.0', '2017-07-18 12:00:00', '2017-07-18 12:00:00', '2017-07-18 12:00:00', '2017-07-18 12:00:00');
INSERT INTO `qc_attribute_value` (`ATTRIBUTE_VALUE_ID`, `ATTRIBUTE_ID`, `STYLE_GROUP_ID`, `VENDOR_ID`, `QUANTITY_BREAK`, `VOLUME_PRICE`, `LAST_UPDATED_STAMP`, `LAST_UPDATED_TX_STAMP`, `CREATED_STAMP`, `CREATED_TX_STAMP`) VALUES ('21',  'AQUEOUS_SOFT_TOUCH', 'STANDARD', 'ADMORE', '250|500|750|1000|1500|2000|2500|3000|4000|5000|7500|10000', '126.0|141.0|153.0|164.0|178.0|193.0|221.0|240.0|257.0|275.0|378.0|459.0', '2017-07-18 12:00:00', '2017-07-18 12:00:00', '2017-07-18 12:00:00', '2017-07-18 12:00:00');
INSERT INTO `qc_attribute_value` (`ATTRIBUTE_VALUE_ID`, `ATTRIBUTE_ID`, `STYLE_GROUP_ID`, `VENDOR_ID`, `QUANTITY_BREAK`, `VOLUME_PRICE`, `LAST_UPDATED_STAMP`, `LAST_UPDATED_TX_STAMP`, `CREATED_STAMP`, `CREATED_TX_STAMP`) VALUES ('22',  'UV_COATING_GLOSS', 'STANDARD', 'ADMORE', '250|500|750|1000|1500|2000|2500|3000|4000|5000|7500|10000', '65.0|79.0|88.0|97.0|126.0|158.0|173.0|194.0|248.0|302.0|446.0|531.0', '2017-07-18 12:00:00', '2017-07-18 12:00:00', '2017-07-18 12:00:00', '2017-07-18 12:00:00');
INSERT INTO `qc_attribute_value` (`ATTRIBUTE_VALUE_ID`, `ATTRIBUTE_ID`, `STYLE_GROUP_ID`, `VENDOR_ID`, `QUANTITY_BREAK`, `VOLUME_PRICE`, `LAST_UPDATED_STAMP`, `LAST_UPDATED_TX_STAMP`, `CREATED_STAMP`, `CREATED_TX_STAMP`) VALUES ('23',  'LAMINATION_OVERSIZE_GLOSS', 'STANDARD', 'ADMORE', '250|500|750|1000|1500|2000|2500|3000|4000|5000|7500|10000', '82.0|106.0|140.0|174.0|231.0|290.0|358.0|427.0|560.0|693.0|1019.0|1359.0', '2017-07-18 12:00:00', '2017-07-18 12:00:00', '2017-07-18 12:00:00', '2017-07-18 12:00:00');
INSERT INTO `qc_attribute_value` (`ATTRIBUTE_VALUE_ID`, `ATTRIBUTE_ID`, `STYLE_GROUP_ID`, `VENDOR_ID`, `QUANTITY_BREAK`, `VOLUME_PRICE`, `LAST_UPDATED_STAMP`, `LAST_UPDATED_TX_STAMP`, `CREATED_STAMP`, `CREATED_TX_STAMP`) VALUES ('24',  'LAMINATION_OVERSIZE_MATTE', 'STANDARD', 'ADMORE', '250|500|750|1000|1500|2000|2500|3000|4000|5000|7500|10000', '102.0|161.0|208.0|255.0|354.0|450.0|549.0|651.0|852.0|1053.0|1553.0|2043.0', '2017-07-18 12:00:00', '2017-07-18 12:00:00', '2017-07-18 12:00:00', '2017-07-18 12:00:00');
INSERT INTO `qc_attribute_value` (`ATTRIBUTE_VALUE_ID`, `ATTRIBUTE_ID`, `STYLE_GROUP_ID`, `VENDOR_ID`, `QUANTITY_BREAK`, `VOLUME_PRICE`, `LAST_UPDATED_STAMP`, `LAST_UPDATED_TX_STAMP`, `CREATED_STAMP`, `CREATED_TX_STAMP`) VALUES ('25',  'LAMINATION_OVERSIZE_SOFT_TOUCH', 'STANDARD', 'ADMORE', '250|500|750|1000|1500|2000|2500|3000|4000|5000|7500|10000', '122.0|183.0|240.0|298.0|412.0|527.0|641.0|756.0|986.0|1215.0|1789.0|2367.0', '2017-07-18 12:00:00', '2017-07-18 12:00:00', '2017-07-18 12:00:00', '2017-07-18 12:00:00');
INSERT INTO `qc_attribute_value` (`ATTRIBUTE_VALUE_ID`, `ATTRIBUTE_ID`, `STYLE_GROUP_ID`, `VENDOR_ID`, `QUANTITY_BREAK`, `VOLUME_PRICE`, `LAST_UPDATED_STAMP`, `LAST_UPDATED_TX_STAMP`, `CREATED_STAMP`, `CREATED_TX_STAMP`) VALUES ('26',  'SPINE_ATTACHMENTS', 'STANDARD', 'ADMORE', '250|500|750|1000|1500|2000|2500|3000|4000|5000|7500|10000', '109.0|215.0|321.0|427.0|622.0|830.0|1033.0|1239.0|1646.0|2052.0|3058.0|3996.0', '2017-07-18 12:00:00', '2017-07-18 12:00:00', '2017-07-18 12:00:00', '2017-07-18 12:00:00');
INSERT INTO `qc_attribute_value` (`ATTRIBUTE_VALUE_ID`, `ATTRIBUTE_ID`, `STYLE_GROUP_ID`, `VENDOR_ID`, `QUANTITY_BREAK`, `VOLUME_PRICE`, `LAST_UPDATED_STAMP`, `LAST_UPDATED_TX_STAMP`, `CREATED_STAMP`, `CREATED_TX_STAMP`) VALUES ('27',  'DISCOUNT_15_SQ_INCH', 'STANDARD', 'ADMORE', '250|500|750|1000|1500|2000|2500|3000|4000|5000|7500|10000', '-56.0|-60.0|-65.0|-68.0|-76.0|-84.0|-91.0|-99.0|-114.0|-130.0|-170.0|-209.0', '2017-07-18 12:00:00', '2017-07-18 12:00:00', '2017-07-18 12:00:00', '2017-07-18 12:00:00');
INSERT INTO `qc_attribute_value` (`ATTRIBUTE_VALUE_ID`, `ATTRIBUTE_ID`, `STYLE_GROUP_ID`, `VENDOR_ID`, `QUANTITY_BREAK`, `VOLUME_PRICE`, `LAST_UPDATED_STAMP`, `LAST_UPDATED_TX_STAMP`, `CREATED_STAMP`, `CREATED_TX_STAMP`) VALUES ('28',  'PRINT_1C', 'LARGE', 'ADMORE', '250|500|750|1000|1500|2000|2500|3000|4000|5000|7500|10000', '310.0|360.0|430.0|501.0|622.0|774.0|916.0|1058.0|1238.0|1418.0|1958.0|2385.0', '2017-07-18 12:00:00', '2017-07-18 12:00:00', '2017-07-18 12:00:00', '2017-07-18 12:00:00');
INSERT INTO `qc_attribute_value` (`ATTRIBUTE_VALUE_ID`, `ATTRIBUTE_ID`, `STYLE_GROUP_ID`, `VENDOR_ID`, `QUANTITY_BREAK`, `VOLUME_PRICE`, `LAST_UPDATED_STAMP`, `LAST_UPDATED_TX_STAMP`, `CREATED_STAMP`, `CREATED_TX_STAMP`) VALUES ('29',  'PRINT_4C', 'LARGE', 'ADMORE', '250|500|750|1000|1500|2000|2500|3000|4000|5000|7500|10000', '365.0|453.0|541.0|629.0|806.0|956.0|1098.0|1231.0|1433.0|1634.0|2174.0|2592.0', '2017-07-18 12:00:00', '2017-07-18 12:00:00', '2017-07-18 12:00:00', '2017-07-18 12:00:00');
INSERT INTO `qc_attribute_value` (`ATTRIBUTE_VALUE_ID`, `ATTRIBUTE_ID`, `STYLE_GROUP_ID`, `VENDOR_ID`, `QUANTITY_BREAK`, `VOLUME_PRICE`, `LAST_UPDATED_STAMP`, `LAST_UPDATED_TX_STAMP`, `CREATED_STAMP`, `CREATED_TX_STAMP`) VALUES ('30',  'FOIL_STAMP_BASE', 'LARGE', 'ADMORE', '250|500|750|1000|1500|2000|2500|3000|4000|5000|7500|10000', '260.0|354.0|426.0|497.0|624.0|812.0|974.0|1126.0|1346.0|1566.0|2214.0|2790.0', '2017-07-18 12:00:00', '2017-07-18 12:00:00', '2017-07-18 12:00:00', '2017-07-18 12:00:00');
INSERT INTO `qc_attribute_value` (`ATTRIBUTE_VALUE_ID`, `ATTRIBUTE_ID`, `STYLE_GROUP_ID`, `VENDOR_ID`, `QUANTITY_BREAK`, `VOLUME_PRICE`, `LAST_UPDATED_STAMP`, `LAST_UPDATED_TX_STAMP`, `CREATED_STAMP`, `CREATED_TX_STAMP`) VALUES ('31',  'EMBOSS_BASE', 'LARGE', 'ADMORE', '250|500|750|1000|1500|2000|2500|3000|4000|5000|7500|10000', '260.0|354.0|426.0|497.0|624.0|812.0|974.0|1126.0|1346.0|1566.0|2214.0|2790.0', '2017-07-18 12:00:00', '2017-07-18 12:00:00', '2017-07-18 12:00:00', '2017-07-18 12:00:00');
INSERT INTO `qc_attribute_value` (`ATTRIBUTE_VALUE_ID`, `ATTRIBUTE_ID`, `STYLE_GROUP_ID`, `VENDOR_ID`, `QUANTITY_BREAK`, `VOLUME_PRICE`, `LAST_UPDATED_STAMP`, `LAST_UPDATED_TX_STAMP`, `CREATED_STAMP`, `CREATED_TX_STAMP`) VALUES ('32',  'ADDITIONAL_COLOR_PER_SIDE', 'LARGE', 'ADMORE', '250|500|750|1000|1500|2000|2500|3000|4000|5000|7500|10000', '79.0|88.0|95.0|102.0|111.0|130.0|149.0|162.0|174.0|185.0|257.0|315.0', '2017-07-18 12:00:00', '2017-07-18 12:00:00', '2017-07-18 12:00:00', '2017-07-18 12:00:00');
INSERT INTO `qc_attribute_value` (`ATTRIBUTE_VALUE_ID`, `ATTRIBUTE_ID`, `STYLE_GROUP_ID`, `VENDOR_ID`, `QUANTITY_BREAK`, `VOLUME_PRICE`, `LAST_UPDATED_STAMP`, `LAST_UPDATED_TX_STAMP`, `CREATED_STAMP`, `CREATED_TX_STAMP`) VALUES ('33',  'HEAVY_COVERAGE_PER_SIDE', 'LARGE', 'ADMORE', '250|500|750|1000|1500|2000|2500|3000|4000|5000|7500|10000', '79.0|88.0|95.0|102.0|111.0|130.0|149.0|162.0|174.0|185.0|257.0|315.0', '2017-07-18 12:00:00', '2017-07-18 12:00:00', '2017-07-18 12:00:00', '2017-07-18 12:00:00');
INSERT INTO `qc_attribute_value` (`ATTRIBUTE_VALUE_ID`, `ATTRIBUTE_ID`, `STYLE_GROUP_ID`, `VENDOR_ID`, `QUANTITY_BREAK`, `VOLUME_PRICE`, `LAST_UPDATED_STAMP`, `LAST_UPDATED_TX_STAMP`, `CREATED_STAMP`, `CREATED_TX_STAMP`) VALUES ('34',  'PRINT_4C_2ND_SIDE', 'LARGE', 'ADMORE', '250|500|750|1000|1500|2000|2500|3000|4000|5000|7500|10000', '225.0|225.0|243.0|261.0|293.0|324.0|356.0|386.0|450.0|513.0|668.0|828.0', '2017-07-18 12:00:00', '2017-07-18 12:00:00', '2017-07-18 12:00:00', '2017-07-18 12:00:00');
INSERT INTO `qc_attribute_value` (`ATTRIBUTE_VALUE_ID`, `ATTRIBUTE_ID`, `STYLE_GROUP_ID`, `VENDOR_ID`, `QUANTITY_BREAK`, `VOLUME_PRICE`, `LAST_UPDATED_STAMP`, `LAST_UPDATED_TX_STAMP`, `CREATED_STAMP`, `CREATED_TX_STAMP`) VALUES ('35',  'GROUP_A_STOCKS', 'LARGE', 'ADMORE', '250|500|750|1000|1500|2000|2500|3000|4000|5000|7500|10000', '26.0|36.0|50.0|64.0|90.0|117.0|142.0|165.0|215.0|266.0|385.0|513.0', '2017-07-18 12:00:00', '2017-07-18 12:00:00', '2017-07-18 12:00:00', '2017-07-18 12:00:00');
INSERT INTO `qc_attribute_value` (`ATTRIBUTE_VALUE_ID`, `ATTRIBUTE_ID`, `STYLE_GROUP_ID`, `VENDOR_ID`, `QUANTITY_BREAK`, `VOLUME_PRICE`, `LAST_UPDATED_STAMP`, `LAST_UPDATED_TX_STAMP`, `CREATED_STAMP`, `CREATED_TX_STAMP`) VALUES ('36',  'GROUP_B_STOCKS', 'LARGE', 'ADMORE', '250|500|750|1000|1500|2000|2500|3000|4000|5000|7500|10000', '40.0|58.0|80.0|102.0|143.0|185.0|225.0|262.0|343.0|423.0|608.0|801.0', '2017-07-18 12:00:00', '2017-07-18 12:00:00', '2017-07-18 12:00:00', '2017-07-18 12:00:00');
INSERT INTO `qc_attribute_value` (`ATTRIBUTE_VALUE_ID`, `ATTRIBUTE_ID`, `STYLE_GROUP_ID`, `VENDOR_ID`, `QUANTITY_BREAK`, `VOLUME_PRICE`, `LAST_UPDATED_STAMP`, `LAST_UPDATED_TX_STAMP`, `CREATED_STAMP`, `CREATED_TX_STAMP`) VALUES ('37',  'GROUP_C_STOCKS', 'LARGE', 'ADMORE', '250|500|750|1000|1500|2000|2500|3000|4000|5000|7500|10000', '61.0|88.0|122.0|155.0|217.0|283.0|342.0|397.0|520.0|644.0|932.0|1224.0', '2017-07-18 12:00:00', '2017-07-18 12:00:00', '2017-07-18 12:00:00', '2017-07-18 12:00:00');
INSERT INTO `qc_attribute_value` (`ATTRIBUTE_VALUE_ID`, `ATTRIBUTE_ID`, `STYLE_GROUP_ID`, `VENDOR_ID`, `QUANTITY_BREAK`, `VOLUME_PRICE`, `LAST_UPDATED_STAMP`, `LAST_UPDATED_TX_STAMP`, `CREATED_STAMP`, `CREATED_TX_STAMP`) VALUES ('38',  'GROUP_D_STOCKS', 'LARGE', 'ADMORE', '250|500|750|1000|1500|2000|2500|3000|4000|5000|7500|10000', '91.0|131.0|180.0|230.0|323.0|418.0|504.0|589.0|770.0|950.0|1377.0|1809.0', '2017-07-18 12:00:00', '2017-07-18 12:00:00', '2017-07-18 12:00:00', '2017-07-18 12:00:00');
INSERT INTO `qc_attribute_value` (`ATTRIBUTE_VALUE_ID`, `ATTRIBUTE_ID`, `STYLE_GROUP_ID`, `VENDOR_ID`, `QUANTITY_BREAK`, `VOLUME_PRICE`, `LAST_UPDATED_STAMP`, `LAST_UPDATED_TX_STAMP`, `CREATED_STAMP`, `CREATED_TX_STAMP`) VALUES ('39',  'AQUEOUS_CHOICE', 'LARGE', 'ADMORE', '250|500|750|1000|1500|2000|2500|3000|4000|5000|7500|10000', '0.0|0.0|0.0|0.0|0.0|0.0|0.0|0.0|0.0|0.0|0.0|0.0', '2017-07-18 12:00:00', '2017-07-18 12:00:00', '2017-07-18 12:00:00', '2017-07-18 12:00:00');
INSERT INTO `qc_attribute_value` (`ATTRIBUTE_VALUE_ID`, `ATTRIBUTE_ID`, `STYLE_GROUP_ID`, `VENDOR_ID`, `QUANTITY_BREAK`, `VOLUME_PRICE`, `LAST_UPDATED_STAMP`, `LAST_UPDATED_TX_STAMP`, `CREATED_STAMP`, `CREATED_TX_STAMP`) VALUES ('40',  'AQUEOUS_GLOSS', 'LARGE', 'ADMORE', '250|500|750|1000|1500|2000|2500|3000|4000|5000|7500|10000', '0.0|0.0|0.0|0.0|0.0|0.0|0.0|0.0|0.0|0.0|0.0|0.0', '2017-07-18 12:00:00', '2017-07-18 12:00:00', '2017-07-18 12:00:00', '2017-07-18 12:00:00');
INSERT INTO `qc_attribute_value` (`ATTRIBUTE_VALUE_ID`, `ATTRIBUTE_ID`, `STYLE_GROUP_ID`, `VENDOR_ID`, `QUANTITY_BREAK`, `VOLUME_PRICE`, `LAST_UPDATED_STAMP`, `LAST_UPDATED_TX_STAMP`, `CREATED_STAMP`, `CREATED_TX_STAMP`) VALUES ('41',  'AQUEOUS_MATTE', 'LARGE', 'ADMORE', '250|500|750|1000|1500|2000|2500|3000|4000|5000|7500|10000', '0.0|0.0|0.0|0.0|0.0|0.0|0.0|0.0|0.0|0.0|0.0|0.0', '2017-07-18 12:00:00', '2017-07-18 12:00:00', '2017-07-18 12:00:00', '2017-07-18 12:00:00');
INSERT INTO `qc_attribute_value` (`ATTRIBUTE_VALUE_ID`, `ATTRIBUTE_ID`, `STYLE_GROUP_ID`, `VENDOR_ID`, `QUANTITY_BREAK`, `VOLUME_PRICE`, `LAST_UPDATED_STAMP`, `LAST_UPDATED_TX_STAMP`, `CREATED_STAMP`, `CREATED_TX_STAMP`) VALUES ('42',  'AQUEOUS_SATIN', 'LARGE', 'ADMORE', '250|500|750|1000|1500|2000|2500|3000|4000|5000|7500|10000', '0.0|0.0|0.0|0.0|0.0|0.0|0.0|0.0|0.0|0.0|0.0|0.0', '2017-07-18 12:00:00', '2017-07-18 12:00:00', '2017-07-18 12:00:00', '2017-07-18 12:00:00');
INSERT INTO `qc_attribute_value` (`ATTRIBUTE_VALUE_ID`, `ATTRIBUTE_ID`, `STYLE_GROUP_ID`, `VENDOR_ID`, `QUANTITY_BREAK`, `VOLUME_PRICE`, `LAST_UPDATED_STAMP`, `LAST_UPDATED_TX_STAMP`, `CREATED_STAMP`, `CREATED_TX_STAMP`) VALUES ('43',  'AQUEOUS_SOFT_TOUCH', 'LARGE', 'ADMORE', '250|500|750|1000|1500|2000|2500|3000|4000|5000|7500|10000', '126.0|141.0|153.0|164.0|178.0|193.0|221.0|240.0|257.0|275.0|378.0|459.0', '2017-07-18 12:00:00', '2017-07-18 12:00:00', '2017-07-18 12:00:00', '2017-07-18 12:00:00');
INSERT INTO `qc_attribute_value` (`ATTRIBUTE_VALUE_ID`, `ATTRIBUTE_ID`, `STYLE_GROUP_ID`, `VENDOR_ID`, `QUANTITY_BREAK`, `VOLUME_PRICE`, `LAST_UPDATED_STAMP`, `LAST_UPDATED_TX_STAMP`, `CREATED_STAMP`, `CREATED_TX_STAMP`) VALUES ('44',  'UV_COATING_GLOSS', 'LARGE', 'ADMORE', '250|500|750|1000|1500|2000|2500|3000|4000|5000|7500|10000', '65.0|79.0|88.0|97.0|126.0|158.0|173.0|194.0|248.0|302.0|446.0|531.0', '2017-07-18 12:00:00', '2017-07-18 12:00:00', '2017-07-18 12:00:00', '2017-07-18 12:00:00');
INSERT INTO `qc_attribute_value` (`ATTRIBUTE_VALUE_ID`, `ATTRIBUTE_ID`, `STYLE_GROUP_ID`, `VENDOR_ID`, `QUANTITY_BREAK`, `VOLUME_PRICE`, `LAST_UPDATED_STAMP`, `LAST_UPDATED_TX_STAMP`, `CREATED_STAMP`, `CREATED_TX_STAMP`) VALUES ('45',  'LAMINATION_OVERSIZE_GLOSS', 'LARGE', 'ADMORE', '250|500|750|1000|1500|2000|2500|3000|4000|5000|7500|10000', '82.0|106.0|140.0|174.0|231.0|290.0|358.0|427.0|560.0|693.0|1019.0|1359.0', '2017-07-18 12:00:00', '2017-07-18 12:00:00', '2017-07-18 12:00:00', '2017-07-18 12:00:00');
INSERT INTO `qc_attribute_value` (`ATTRIBUTE_VALUE_ID`, `ATTRIBUTE_ID`, `STYLE_GROUP_ID`, `VENDOR_ID`, `QUANTITY_BREAK`, `VOLUME_PRICE`, `LAST_UPDATED_STAMP`, `LAST_UPDATED_TX_STAMP`, `CREATED_STAMP`, `CREATED_TX_STAMP`) VALUES ('46',  'LAMINATION_OVERSIZE_MATTE', 'LARGE', 'ADMORE', '250|500|750|1000|1500|2000|2500|3000|4000|5000|7500|10000', '102.0|161.0|208.0|255.0|354.0|450.0|549.0|651.0|852.0|1053.0|1553.0|2043.0', '2017-07-18 12:00:00', '2017-07-18 12:00:00', '2017-07-18 12:00:00', '2017-07-18 12:00:00');
INSERT INTO `qc_attribute_value` (`ATTRIBUTE_VALUE_ID`, `ATTRIBUTE_ID`, `STYLE_GROUP_ID`, `VENDOR_ID`, `QUANTITY_BREAK`, `VOLUME_PRICE`, `LAST_UPDATED_STAMP`, `LAST_UPDATED_TX_STAMP`, `CREATED_STAMP`, `CREATED_TX_STAMP`) VALUES ('47',  'LAMINATION_OVERSIZE_SOFT_TOUCH', 'LARGE', 'ADMORE', '250|500|750|1000|1500|2000|2500|3000|4000|5000|7500|10000', '122.0|183.0|240.0|298.0|412.0|527.0|641.0|756.0|986.0|1215.0|1789.0|2367.0', '2017-07-18 12:00:00', '2017-07-18 12:00:00', '2017-07-18 12:00:00', '2017-07-18 12:00:00');
INSERT INTO `qc_attribute_value` (`ATTRIBUTE_VALUE_ID`, `ATTRIBUTE_ID`, `STYLE_GROUP_ID`, `VENDOR_ID`, `QUANTITY_BREAK`, `VOLUME_PRICE`, `LAST_UPDATED_STAMP`, `LAST_UPDATED_TX_STAMP`, `CREATED_STAMP`, `CREATED_TX_STAMP`) VALUES ('48',  'SPINE_ATTACHMENTS', 'LARGE', 'ADMORE', '250|500|750|1000|1500|2000|2500|3000|4000|5000|7500|10000', '109.0|215.0|321.0|427.0|622.0|830.0|1033.0|1239.0|1646.0|2052.0|3058.0|3996.0', '2017-07-18 12:00:00', '2017-07-18 12:00:00', '2017-07-18 12:00:00', '2017-07-18 12:00:00');
INSERT INTO `qc_attribute_value` (`ATTRIBUTE_VALUE_ID`, `ATTRIBUTE_ID`, `STYLE_GROUP_ID`, `VENDOR_ID`, `QUANTITY_BREAK`, `VOLUME_PRICE`, `LAST_UPDATED_STAMP`, `LAST_UPDATED_TX_STAMP`, `CREATED_STAMP`, `CREATED_TX_STAMP`) VALUES ('49',  'DISCOUNT_15_SQ_INCH', 'LARGE', 'ADMORE', '250|500|750|1000|1500|2000|2500|3000|4000|5000|7500|10000', '-56.0|-60.0|-65.0|-68.0|-76.0|-84.0|-91.0|-99.0|-114.0|-130.0|-170.0|-209.0', '2017-07-18 12:00:00', '2017-07-18 12:00:00', '2017-07-18 12:00:00', '2017-07-18 12:00:00');
INSERT INTO `qc_attribute_value` (`ATTRIBUTE_VALUE_ID`, `ATTRIBUTE_ID`, `STYLE_GROUP_ID`, `VENDOR_ID`, `QUANTITY_BREAK`, `VOLUME_PRICE`, `LAST_UPDATED_STAMP`, `LAST_UPDATED_TX_STAMP`, `CREATED_STAMP`, `CREATED_TX_STAMP`) VALUES ('50',  'ITEM_UPCHARGE', 'LARGE', 'ADMORE', '250|500|750|1000|1500|2000|2500|3000|4000|5000|7500|10000', '52.0|92.0|122.0|152.0|227.0|295.0|353.0|402.0|532.0|662.0|965.0|1224.0', '2017-07-18 12:00:00', '2017-07-18 12:00:00', '2017-07-18 12:00:00', '2017-07-18 12:00:00');
INSERT INTO `qc_attribute_value` (`ATTRIBUTE_VALUE_ID`, `ATTRIBUTE_ID`, `STYLE_GROUP_ID`, `VENDOR_ID`, `QUANTITY_BREAK`, `VOLUME_PRICE`, `LAST_UPDATED_STAMP`, `LAST_UPDATED_TX_STAMP`, `CREATED_STAMP`, `CREATED_TX_STAMP`) VALUES ('51',  'ITEM_UPCHARGE', 'LARGE', 'ADMORE', '250|500|750|1000|1500|2000|2500|3000|4000|5000|7500|10000', '187.0|219.0|250.0|281.0|400.0|515.0|601.0|713.0|922.0|1130.0|1573.0|1953.0', '2017-07-18 12:00:00', '2017-07-18 12:00:00', '2017-07-18 12:00:00', '2017-07-18 12:00:00');
INSERT INTO `qc_attribute_value` (`ATTRIBUTE_VALUE_ID`, `ATTRIBUTE_ID`, `STYLE_GROUP_ID`, `VENDOR_ID`, `QUANTITY_BREAK`, `VOLUME_PRICE`, `LAST_UPDATED_STAMP`, `LAST_UPDATED_TX_STAMP`, `CREATED_STAMP`, `CREATED_TX_STAMP`) VALUES ('52',  'PRINT_1C', 'LEGAL', 'ADMORE', '250|500|750|1000|1500|2000|2500|3000|4000|5000|7500|10000', '424.0|493.0|590.0|687.0|853.0|1058.0|1256.0|1453.0|1698.0|1944.0|2680.0|3267.0', '2017-07-18 12:00:00', '2017-07-18 12:00:00', '2017-07-18 12:00:00', '2017-07-18 12:00:00');
INSERT INTO `qc_attribute_value` (`ATTRIBUTE_VALUE_ID`, `ATTRIBUTE_ID`, `STYLE_GROUP_ID`, `VENDOR_ID`, `QUANTITY_BREAK`, `VOLUME_PRICE`, `LAST_UPDATED_STAMP`, `LAST_UPDATED_TX_STAMP`, `CREATED_STAMP`, `CREATED_TX_STAMP`) VALUES ('53',  'PRINT_4C', 'LEGAL', 'ADMORE', '250|500|750|1000|1500|2000|2500|3000|4000|5000|7500|10000', '500.0|621.0|742.0|862.0|1103.0|1309.0|1505.0|1690.0|1961.0|2232.0|2984.0|3555.0', '2017-07-18 12:00:00', '2017-07-18 12:00:00', '2017-07-18 12:00:00', '2017-07-18 12:00:00');
INSERT INTO `qc_attribute_value` (`ATTRIBUTE_VALUE_ID`, `ATTRIBUTE_ID`, `STYLE_GROUP_ID`, `VENDOR_ID`, `QUANTITY_BREAK`, `VOLUME_PRICE`, `LAST_UPDATED_STAMP`, `LAST_UPDATED_TX_STAMP`, `CREATED_STAMP`, `CREATED_TX_STAMP`) VALUES ('54',  'FOIL_STAMP_BASE', 'LEGAL', 'ADMORE', '250|500|750|1000|1500|2000|2500|3000|4000|5000|7500|10000', '356.0|485.0|583.0|680.0|855.0|1111.0|1334.0|1542.0|1844.0|2147.0|3031.0|3816.0', '2017-07-18 12:00:00', '2017-07-18 12:00:00', '2017-07-18 12:00:00', '2017-07-18 12:00:00');
INSERT INTO `qc_attribute_value` (`ATTRIBUTE_VALUE_ID`, `ATTRIBUTE_ID`, `STYLE_GROUP_ID`, `VENDOR_ID`, `QUANTITY_BREAK`, `VOLUME_PRICE`, `LAST_UPDATED_STAMP`, `LAST_UPDATED_TX_STAMP`, `CREATED_STAMP`, `CREATED_TX_STAMP`) VALUES ('55',  'EMBOSS_BASE', 'LEGAL', 'ADMORE', '250|500|750|1000|1500|2000|2500|3000|4000|5000|7500|10000', '356.0|485.0|583.0|680.0|855.0|1111.0|1334.0|1542.0|1844.0|2147.0|3031.0|3816.0', '2017-07-18 12:00:00', '2017-07-18 12:00:00', '2017-07-18 12:00:00', '2017-07-18 12:00:00');
INSERT INTO `qc_attribute_value` (`ATTRIBUTE_VALUE_ID`, `ATTRIBUTE_ID`, `STYLE_GROUP_ID`, `VENDOR_ID`, `QUANTITY_BREAK`, `VOLUME_PRICE`, `LAST_UPDATED_STAMP`, `LAST_UPDATED_TX_STAMP`, `CREATED_STAMP`, `CREATED_TX_STAMP`) VALUES ('56',  'ADDITIONAL_COLOR_PER_SIDE', 'LEGAL', 'ADMORE', '250|500|750|1000|1500|2000|2500|3000|4000|5000|7500|10000', '79.0|88.0|95.0|102.0|111.0|130.0|149.0|162.0|174.0|185.0|257.0|315.0', '2017-07-18 12:00:00', '2017-07-18 12:00:00', '2017-07-18 12:00:00', '2017-07-18 12:00:00');
INSERT INTO `qc_attribute_value` (`ATTRIBUTE_VALUE_ID`, `ATTRIBUTE_ID`, `STYLE_GROUP_ID`, `VENDOR_ID`, `QUANTITY_BREAK`, `VOLUME_PRICE`, `LAST_UPDATED_STAMP`, `LAST_UPDATED_TX_STAMP`, `CREATED_STAMP`, `CREATED_TX_STAMP`) VALUES ('57',  'HEAVY_COVERAGE_PER_SIDE', 'LEGAL', 'ADMORE', '250|500|750|1000|1500|2000|2500|3000|4000|5000|7500|10000', '79.0|88.0|95.0|102.0|111.0|130.0|149.0|162.0|174.0|185.0|257.0|315.0', '2017-07-18 12:00:00', '2017-07-18 12:00:00', '2017-07-18 12:00:00', '2017-07-18 12:00:00');
INSERT INTO `qc_attribute_value` (`ATTRIBUTE_VALUE_ID`, `ATTRIBUTE_ID`, `STYLE_GROUP_ID`, `VENDOR_ID`, `QUANTITY_BREAK`, `VOLUME_PRICE`, `LAST_UPDATED_STAMP`, `LAST_UPDATED_TX_STAMP`, `CREATED_STAMP`, `CREATED_TX_STAMP`) VALUES ('58',  'PRINT_4C_2ND_SIDE', 'LEGAL', 'ADMORE', '250|500|750|1000|1500|2000|2500|3000|4000|5000|7500|10000', '225.0|225.0|243.0|261.0|293.0|324.0|356.0|386.0|450.0|513.0|668.0|828.0', '2017-07-18 12:00:00', '2017-07-18 12:00:00', '2017-07-18 12:00:00', '2017-07-18 12:00:00');
INSERT INTO `qc_attribute_value` (`ATTRIBUTE_VALUE_ID`, `ATTRIBUTE_ID`, `STYLE_GROUP_ID`, `VENDOR_ID`, `QUANTITY_BREAK`, `VOLUME_PRICE`, `LAST_UPDATED_STAMP`, `LAST_UPDATED_TX_STAMP`, `CREATED_STAMP`, `CREATED_TX_STAMP`) VALUES ('59',  'GROUP_A_STOCKS', 'LEGAL', 'ADMORE', '250|500|750|1000|1500|2000|2500|3000|4000|5000|7500|10000', '26.0|36.0|50.0|64.0|90.0|117.0|142.0|165.0|215.0|266.0|385.0|513.0', '2017-07-18 12:00:00', '2017-07-18 12:00:00', '2017-07-18 12:00:00', '2017-07-18 12:00:00');
INSERT INTO `qc_attribute_value` (`ATTRIBUTE_VALUE_ID`, `ATTRIBUTE_ID`, `STYLE_GROUP_ID`, `VENDOR_ID`, `QUANTITY_BREAK`, `VOLUME_PRICE`, `LAST_UPDATED_STAMP`, `LAST_UPDATED_TX_STAMP`, `CREATED_STAMP`, `CREATED_TX_STAMP`) VALUES ('60',  'GROUP_B_STOCKS', 'LEGAL', 'ADMORE', '250|500|750|1000|1500|2000|2500|3000|4000|5000|7500|10000', '40.0|58.0|80.0|102.0|143.0|185.0|225.0|262.0|343.0|423.0|608.0|801.0', '2017-07-18 12:00:00', '2017-07-18 12:00:00', '2017-07-18 12:00:00', '2017-07-18 12:00:00');
INSERT INTO `qc_attribute_value` (`ATTRIBUTE_VALUE_ID`, `ATTRIBUTE_ID`, `STYLE_GROUP_ID`, `VENDOR_ID`, `QUANTITY_BREAK`, `VOLUME_PRICE`, `LAST_UPDATED_STAMP`, `LAST_UPDATED_TX_STAMP`, `CREATED_STAMP`, `CREATED_TX_STAMP`) VALUES ('61',  'GROUP_C_STOCKS', 'LEGAL', 'ADMORE', '250|500|750|1000|1500|2000|2500|3000|4000|5000|7500|10000', '61.0|88.0|122.0|155.0|217.0|283.0|342.0|397.0|520.0|644.0|932.0|1224.0', '2017-07-18 12:00:00', '2017-07-18 12:00:00', '2017-07-18 12:00:00', '2017-07-18 12:00:00');
INSERT INTO `qc_attribute_value` (`ATTRIBUTE_VALUE_ID`, `ATTRIBUTE_ID`, `STYLE_GROUP_ID`, `VENDOR_ID`, `QUANTITY_BREAK`, `VOLUME_PRICE`, `LAST_UPDATED_STAMP`, `LAST_UPDATED_TX_STAMP`, `CREATED_STAMP`, `CREATED_TX_STAMP`) VALUES ('62',  'GROUP_D_STOCKS', 'LEGAL', 'ADMORE', '250|500|750|1000|1500|2000|2500|3000|4000|5000|7500|10000', '91.0|131.0|180.0|230.0|323.0|418.0|504.0|589.0|770.0|950.0|1377.0|1809.0', '2017-07-18 12:00:00', '2017-07-18 12:00:00', '2017-07-18 12:00:00', '2017-07-18 12:00:00');
INSERT INTO `qc_attribute_value` (`ATTRIBUTE_VALUE_ID`, `ATTRIBUTE_ID`, `STYLE_GROUP_ID`, `VENDOR_ID`, `QUANTITY_BREAK`, `VOLUME_PRICE`, `LAST_UPDATED_STAMP`, `LAST_UPDATED_TX_STAMP`, `CREATED_STAMP`, `CREATED_TX_STAMP`) VALUES ('63',  'AQUEOUS_CHOICE', 'LEGAL', 'ADMORE', '250|500|750|1000|1500|2000|2500|3000|4000|5000|7500|10000', '0.0|0.0|0.0|0.0|0.0|0.0|0.0|0.0|0.0|0.0|0.0|0.0', '2017-07-18 12:00:00', '2017-07-18 12:00:00', '2017-07-18 12:00:00', '2017-07-18 12:00:00');
INSERT INTO `qc_attribute_value` (`ATTRIBUTE_VALUE_ID`, `ATTRIBUTE_ID`, `STYLE_GROUP_ID`, `VENDOR_ID`, `QUANTITY_BREAK`, `VOLUME_PRICE`, `LAST_UPDATED_STAMP`, `LAST_UPDATED_TX_STAMP`, `CREATED_STAMP`, `CREATED_TX_STAMP`) VALUES ('64',  'AQUEOUS_GLOSS', 'LEGAL', 'ADMORE', '250|500|750|1000|1500|2000|2500|3000|4000|5000|7500|10000', '0.0|0.0|0.0|0.0|0.0|0.0|0.0|0.0|0.0|0.0|0.0|0.0', '2017-07-18 12:00:00', '2017-07-18 12:00:00', '2017-07-18 12:00:00', '2017-07-18 12:00:00');
INSERT INTO `qc_attribute_value` (`ATTRIBUTE_VALUE_ID`, `ATTRIBUTE_ID`, `STYLE_GROUP_ID`, `VENDOR_ID`, `QUANTITY_BREAK`, `VOLUME_PRICE`, `LAST_UPDATED_STAMP`, `LAST_UPDATED_TX_STAMP`, `CREATED_STAMP`, `CREATED_TX_STAMP`) VALUES ('65',  'AQUEOUS_MATTE', 'LEGAL', 'ADMORE', '250|500|750|1000|1500|2000|2500|3000|4000|5000|7500|10000', '0.0|0.0|0.0|0.0|0.0|0.0|0.0|0.0|0.0|0.0|0.0|0.0', '2017-07-18 12:00:00', '2017-07-18 12:00:00', '2017-07-18 12:00:00', '2017-07-18 12:00:00');
INSERT INTO `qc_attribute_value` (`ATTRIBUTE_VALUE_ID`, `ATTRIBUTE_ID`, `STYLE_GROUP_ID`, `VENDOR_ID`, `QUANTITY_BREAK`, `VOLUME_PRICE`, `LAST_UPDATED_STAMP`, `LAST_UPDATED_TX_STAMP`, `CREATED_STAMP`, `CREATED_TX_STAMP`) VALUES ('66',  'AQUEOUS_SATIN', 'LEGAL', 'ADMORE', '250|500|750|1000|1500|2000|2500|3000|4000|5000|7500|10000', '0.0|0.0|0.0|0.0|0.0|0.0|0.0|0.0|0.0|0.0|0.0|0.0', '2017-07-18 12:00:00', '2017-07-18 12:00:00', '2017-07-18 12:00:00', '2017-07-18 12:00:00');
INSERT INTO `qc_attribute_value` (`ATTRIBUTE_VALUE_ID`, `ATTRIBUTE_ID`, `STYLE_GROUP_ID`, `VENDOR_ID`, `QUANTITY_BREAK`, `VOLUME_PRICE`, `LAST_UPDATED_STAMP`, `LAST_UPDATED_TX_STAMP`, `CREATED_STAMP`, `CREATED_TX_STAMP`) VALUES ('67',  'AQUEOUS_SOFT_TOUCH', 'LEGAL', 'ADMORE', '250|500|750|1000|1500|2000|2500|3000|4000|5000|7500|10000', '123.0|137.0|149.0|159.0|173.0|187.0|214.0|234.0|251.0|268.0|368.0|443.0', '2017-07-18 12:00:00', '2017-07-18 12:00:00', '2017-07-18 12:00:00', '2017-07-18 12:00:00');
INSERT INTO `qc_attribute_value` (`ATTRIBUTE_VALUE_ID`, `ATTRIBUTE_ID`, `STYLE_GROUP_ID`, `VENDOR_ID`, `QUANTITY_BREAK`, `VOLUME_PRICE`, `LAST_UPDATED_STAMP`, `LAST_UPDATED_TX_STAMP`, `CREATED_STAMP`, `CREATED_TX_STAMP`) VALUES ('68',  'UV_COATING_GLOSS', 'LEGAL', 'ADMORE', '250|500|750|1000|1500|2000|2500|3000|4000|5000|7500|10000', '65.0|79.0|88.0|97.0|126.0|158.0|173.0|194.0|248.0|302.0|446.0|531.0', '2017-07-18 12:00:00', '2017-07-18 12:00:00', '2017-07-18 12:00:00', '2017-07-18 12:00:00');
INSERT INTO `qc_attribute_value` (`ATTRIBUTE_VALUE_ID`, `ATTRIBUTE_ID`, `STYLE_GROUP_ID`, `VENDOR_ID`, `QUANTITY_BREAK`, `VOLUME_PRICE`, `LAST_UPDATED_STAMP`, `LAST_UPDATED_TX_STAMP`, `CREATED_STAMP`, `CREATED_TX_STAMP`) VALUES ('69',  'LAMINATION_OVERSIZE_GLOSS', 'LEGAL', 'ADMORE', '250|500|750|1000|1500|2000|2500|3000|4000|5000|7500|10000', '85.0|113.0|151.0|190.0|257.0|326.0|403.0|483.0|638.0|792.0|1168.0|1557.0', '2017-07-18 12:00:00', '2017-07-18 12:00:00', '2017-07-18 12:00:00', '2017-07-18 12:00:00');
INSERT INTO `qc_attribute_value` (`ATTRIBUTE_VALUE_ID`, `ATTRIBUTE_ID`, `STYLE_GROUP_ID`, `VENDOR_ID`, `QUANTITY_BREAK`, `VOLUME_PRICE`, `LAST_UPDATED_STAMP`, `LAST_UPDATED_TX_STAMP`, `CREATED_STAMP`, `CREATED_TX_STAMP`) VALUES ('70',  'LAMINATION_OVERSIZE_MATTE', 'LEGAL', 'ADMORE', '250|500|750|1000|1500|2000|2500|3000|4000|5000|7500|10000', '110.0|180.0|238.0|294.0|413.0|531.0|650.0|772.0|1016.0|1260.0|1870.0|2466.0', '2017-07-18 12:00:00', '2017-07-18 12:00:00', '2017-07-18 12:00:00', '2017-07-18 12:00:00');
INSERT INTO `qc_attribute_value` (`ATTRIBUTE_VALUE_ID`, `ATTRIBUTE_ID`, `STYLE_GROUP_ID`, `VENDOR_ID`, `QUANTITY_BREAK`, `VOLUME_PRICE`, `LAST_UPDATED_STAMP`, `LAST_UPDATED_TX_STAMP`, `CREATED_STAMP`, `CREATED_TX_STAMP`) VALUES ('71',  'LAMINATION_OVERSIZE_SOFT_TOUCH', 'LEGAL', 'ADMORE', '250|500|750|1000|1500|2000|2500|3000|4000|5000|7500|10000', '134.0|204.0|278.0|353.0|495.0|639.0|781.0|923.0|1209.0|1494.0|2207.0|2925.0', '2017-07-18 12:00:00', '2017-07-18 12:00:00', '2017-07-18 12:00:00', '2017-07-18 12:00:00');
INSERT INTO `qc_attribute_value` (`ATTRIBUTE_VALUE_ID`, `ATTRIBUTE_ID`, `STYLE_GROUP_ID`, `VENDOR_ID`, `QUANTITY_BREAK`, `VOLUME_PRICE`, `LAST_UPDATED_STAMP`, `LAST_UPDATED_TX_STAMP`, `CREATED_STAMP`, `CREATED_TX_STAMP`) VALUES ('72',  'DISCOUNT_15_SQ_INCH', 'LEGAL', 'ADMORE', '250|500|750|1000|1500|2000|2500|3000|4000|5000|7500|10000', '-56.0|-60.0|-65.0|-68.0|-76.0|-84.0|-91.0|-99.0|-114.0|-130.0|-170.0|-209.0', '2017-07-18 12:00:00', '2017-07-18 12:00:00', '2017-07-18 12:00:00', '2017-07-18 12:00:00');
INSERT INTO `qc_attribute_value` (`ATTRIBUTE_VALUE_ID`, `ATTRIBUTE_ID`, `STYLE_GROUP_ID`, `VENDOR_ID`, `QUANTITY_BREAK`, `VOLUME_PRICE`, `LAST_UPDATED_STAMP`, `LAST_UPDATED_TX_STAMP`, `CREATED_STAMP`, `CREATED_TX_STAMP`) VALUES ('73',  'ITEM_UPCHARGE', 'LEGAL', 'ADMORE', '250|500|750|1000|1500|2000|2500|3000|4000|5000|7500|10000', '43.0|52.0|73.0|94.0|139.0|176.0|196.0|207.0|232.0|257.0|300.0|349.0', '2017-07-18 12:00:00', '2017-07-18 12:00:00', '2017-07-18 12:00:00', '2017-07-18 12:00:00');
INSERT INTO `qc_attribute_value` (`ATTRIBUTE_VALUE_ID`, `ATTRIBUTE_ID`, `STYLE_GROUP_ID`, `VENDOR_ID`, `QUANTITY_BREAK`, `VOLUME_PRICE`, `LAST_UPDATED_STAMP`, `LAST_UPDATED_TX_STAMP`, `CREATED_STAMP`, `CREATED_TX_STAMP`) VALUES ('74',  '', 'LEGAL', 'ADMORE', '250|500|750|1000|1500|2000|2500|3000|4000|5000|7500|10000', '', '2017-07-18 12:00:00', '2017-07-18 12:00:00', '2017-07-18 12:00:00', '2017-07-18 12:00:00');
INSERT INTO `qc_attribute_value` (`ATTRIBUTE_VALUE_ID`, `ATTRIBUTE_ID`, `STYLE_GROUP_ID`, `VENDOR_ID`, `QUANTITY_BREAK`, `VOLUME_PRICE`, `LAST_UPDATED_STAMP`, `LAST_UPDATED_TX_STAMP`, `CREATED_STAMP`, `CREATED_TX_STAMP`) VALUES ('75',  'PRINT_1C', 'RE', 'ADMORE', '250|500|750|1000|1500|2000|2500|3000|4000|5000|7500|10000', '403.0|452.0|525.0|598.0|729.0|889.0|1044.0|1207.0|1414.0|1620.0|2234.0|2718.0', '2017-07-18 12:00:00', '2017-07-18 12:00:00', '2017-07-18 12:00:00', '2017-07-18 12:00:00');
INSERT INTO `qc_attribute_value` (`ATTRIBUTE_VALUE_ID`, `ATTRIBUTE_ID`, `STYLE_GROUP_ID`, `VENDOR_ID`, `QUANTITY_BREAK`, `VOLUME_PRICE`, `LAST_UPDATED_STAMP`, `LAST_UPDATED_TX_STAMP`, `CREATED_STAMP`, `CREATED_TX_STAMP`) VALUES ('76',  'PRINT_4C', 'RE', 'ADMORE', '250|500|750|1000|1500|2000|2500|3000|4000|5000|7500|10000', '475.0|569.0|660.0|750.0|944.0|1100.0|1253.0|1407.0|1633.0|1859.0|2477.0|2952.0', '2017-07-18 12:00:00', '2017-07-18 12:00:00', '2017-07-18 12:00:00', '2017-07-18 12:00:00');
INSERT INTO `qc_attribute_value` (`ATTRIBUTE_VALUE_ID`, `ATTRIBUTE_ID`, `STYLE_GROUP_ID`, `VENDOR_ID`, `QUANTITY_BREAK`, `VOLUME_PRICE`, `LAST_UPDATED_STAMP`, `LAST_UPDATED_TX_STAMP`, `CREATED_STAMP`, `CREATED_TX_STAMP`) VALUES ('77',  'FOIL_STAMP_BASE', 'RE', 'ADMORE', '250|500|750|1000|1500|2000|2500|3000|4000|5000|7500|10000', '338.0|445.0|518.0|592.0|730.0|932.0|1109.0|1285.0|1536.0|1787.0|2525.0|3177.0', '2017-07-18 12:00:00', '2017-07-18 12:00:00', '2017-07-18 12:00:00', '2017-07-18 12:00:00');
INSERT INTO `qc_attribute_value` (`ATTRIBUTE_VALUE_ID`, `ATTRIBUTE_ID`, `STYLE_GROUP_ID`, `VENDOR_ID`, `QUANTITY_BREAK`, `VOLUME_PRICE`, `LAST_UPDATED_STAMP`, `LAST_UPDATED_TX_STAMP`, `CREATED_STAMP`, `CREATED_TX_STAMP`) VALUES ('78',  'EMBOSS_BASE', 'RE', 'ADMORE', '250|500|750|1000|1500|2000|2500|3000|4000|5000|7500|10000', '338.0|445.0|518.0|592.0|730.0|932.0|1109.0|1285.0|1536.0|1787.0|2525.0|3177.0', '2017-07-18 12:00:00', '2017-07-18 12:00:00', '2017-07-18 12:00:00', '2017-07-18 12:00:00');
INSERT INTO `qc_attribute_value` (`ATTRIBUTE_VALUE_ID`, `ATTRIBUTE_ID`, `STYLE_GROUP_ID`, `VENDOR_ID`, `QUANTITY_BREAK`, `VOLUME_PRICE`, `LAST_UPDATED_STAMP`, `LAST_UPDATED_TX_STAMP`, `CREATED_STAMP`, `CREATED_TX_STAMP`) VALUES ('79',  'ADDITIONAL_COLOR_PER_SIDE', 'RE', 'ADMORE', '250|500|750|1000|1500|2000|2500|3000|4000|5000|7500|10000', '79.0|88.0|95.0|102.0|111.0|130.0|149.0|162.0|174.0|185.0|257.0|315.0', '2017-07-18 12:00:00', '2017-07-18 12:00:00', '2017-07-18 12:00:00', '2017-07-18 12:00:00');
INSERT INTO `qc_attribute_value` (`ATTRIBUTE_VALUE_ID`, `ATTRIBUTE_ID`, `STYLE_GROUP_ID`, `VENDOR_ID`, `QUANTITY_BREAK`, `VOLUME_PRICE`, `LAST_UPDATED_STAMP`, `LAST_UPDATED_TX_STAMP`, `CREATED_STAMP`, `CREATED_TX_STAMP`) VALUES ('80',  'HEAVY_COVERAGE_PER_SIDE', 'RE', 'ADMORE', '250|500|750|1000|1500|2000|2500|3000|4000|5000|7500|10000', '79.0|88.0|95.0|102.0|111.0|130.0|149.0|162.0|174.0|185.0|257.0|315.0', '2017-07-18 12:00:00', '2017-07-18 12:00:00', '2017-07-18 12:00:00', '2017-07-18 12:00:00');
INSERT INTO `qc_attribute_value` (`ATTRIBUTE_VALUE_ID`, `ATTRIBUTE_ID`, `STYLE_GROUP_ID`, `VENDOR_ID`, `QUANTITY_BREAK`, `VOLUME_PRICE`, `LAST_UPDATED_STAMP`, `LAST_UPDATED_TX_STAMP`, `CREATED_STAMP`, `CREATED_TX_STAMP`) VALUES ('81',  'PRINT_4C_2ND_SIDE', 'RE', 'ADMORE', '250|500|750|1000|1500|2000|2500|3000|4000|5000|7500|10000', '225.0|225.0|243.0|261.0|293.0|324.0|356.0|386.0|450.0|513.0|668.0|828.0', '2017-07-18 12:00:00', '2017-07-18 12:00:00', '2017-07-18 12:00:00', '2017-07-18 12:00:00');
INSERT INTO `qc_attribute_value` (`ATTRIBUTE_VALUE_ID`, `ATTRIBUTE_ID`, `STYLE_GROUP_ID`, `VENDOR_ID`, `QUANTITY_BREAK`, `VOLUME_PRICE`, `LAST_UPDATED_STAMP`, `LAST_UPDATED_TX_STAMP`, `CREATED_STAMP`, `CREATED_TX_STAMP`) VALUES ('82',  'GROUP_A_STOCKS', 'RE', 'ADMORE', '250|500|750|1000|1500|2000|2500|3000|4000|5000|7500|10000', '26.0|36.0|50.0|64.0|90.0|117.0|142.0|165.0|215.0|266.0|385.0|513.0', '2017-07-18 12:00:00', '2017-07-18 12:00:00', '2017-07-18 12:00:00', '2017-07-18 12:00:00');
INSERT INTO `qc_attribute_value` (`ATTRIBUTE_VALUE_ID`, `ATTRIBUTE_ID`, `STYLE_GROUP_ID`, `VENDOR_ID`, `QUANTITY_BREAK`, `VOLUME_PRICE`, `LAST_UPDATED_STAMP`, `LAST_UPDATED_TX_STAMP`, `CREATED_STAMP`, `CREATED_TX_STAMP`) VALUES ('83',  'GROUP_B_STOCKS', 'RE', 'ADMORE', '250|500|750|1000|1500|2000|2500|3000|4000|5000|7500|10000', '40.0|58.0|80.0|102.0|143.0|185.0|225.0|262.0|343.0|423.0|608.0|801.0', '2017-07-18 12:00:00', '2017-07-18 12:00:00', '2017-07-18 12:00:00', '2017-07-18 12:00:00');
INSERT INTO `qc_attribute_value` (`ATTRIBUTE_VALUE_ID`, `ATTRIBUTE_ID`, `STYLE_GROUP_ID`, `VENDOR_ID`, `QUANTITY_BREAK`, `VOLUME_PRICE`, `LAST_UPDATED_STAMP`, `LAST_UPDATED_TX_STAMP`, `CREATED_STAMP`, `CREATED_TX_STAMP`) VALUES ('84',  'GROUP_C_STOCKS', 'RE', 'ADMORE', '250|500|750|1000|1500|2000|2500|3000|4000|5000|7500|10000', '61.0|88.0|122.0|155.0|217.0|283.0|342.0|397.0|520.0|644.0|932.0|1224.0', '2017-07-18 12:00:00', '2017-07-18 12:00:00', '2017-07-18 12:00:00', '2017-07-18 12:00:00');
INSERT INTO `qc_attribute_value` (`ATTRIBUTE_VALUE_ID`, `ATTRIBUTE_ID`, `STYLE_GROUP_ID`, `VENDOR_ID`, `QUANTITY_BREAK`, `VOLUME_PRICE`, `LAST_UPDATED_STAMP`, `LAST_UPDATED_TX_STAMP`, `CREATED_STAMP`, `CREATED_TX_STAMP`) VALUES ('85',  'GROUP_D_STOCKS', 'RE', 'ADMORE', '250|500|750|1000|1500|2000|2500|3000|4000|5000|7500|10000', '91.0|131.0|180.0|230.0|323.0|418.0|504.0|589.0|770.0|950.0|1377.0|1809.0', '2017-07-18 12:00:00', '2017-07-18 12:00:00', '2017-07-18 12:00:00', '2017-07-18 12:00:00');
INSERT INTO `qc_attribute_value` (`ATTRIBUTE_VALUE_ID`, `ATTRIBUTE_ID`, `STYLE_GROUP_ID`, `VENDOR_ID`, `QUANTITY_BREAK`, `VOLUME_PRICE`, `LAST_UPDATED_STAMP`, `LAST_UPDATED_TX_STAMP`, `CREATED_STAMP`, `CREATED_TX_STAMP`) VALUES ('86',  'AQUEOUS_CHOICE', 'RE', 'ADMORE', '250|500|750|1000|1500|2000|2500|3000|4000|5000|7500|10000', '0.0|0.0|0.0|0.0|0.0|0.0|0.0|0.0|0.0|0.0|0.0|0.0', '2017-07-18 12:00:00', '2017-07-18 12:00:00', '2017-07-18 12:00:00', '2017-07-18 12:00:00');
INSERT INTO `qc_attribute_value` (`ATTRIBUTE_VALUE_ID`, `ATTRIBUTE_ID`, `STYLE_GROUP_ID`, `VENDOR_ID`, `QUANTITY_BREAK`, `VOLUME_PRICE`, `LAST_UPDATED_STAMP`, `LAST_UPDATED_TX_STAMP`, `CREATED_STAMP`, `CREATED_TX_STAMP`) VALUES ('87',  'AQUEOUS_GLOSS', 'RE', 'ADMORE', '250|500|750|1000|1500|2000|2500|3000|4000|5000|7500|10000', '0.0|0.0|0.0|0.0|0.0|0.0|0.0|0.0|0.0|0.0|0.0|0.0', '2017-07-18 12:00:00', '2017-07-18 12:00:00', '2017-07-18 12:00:00', '2017-07-18 12:00:00');
INSERT INTO `qc_attribute_value` (`ATTRIBUTE_VALUE_ID`, `ATTRIBUTE_ID`, `STYLE_GROUP_ID`, `VENDOR_ID`, `QUANTITY_BREAK`, `VOLUME_PRICE`, `LAST_UPDATED_STAMP`, `LAST_UPDATED_TX_STAMP`, `CREATED_STAMP`, `CREATED_TX_STAMP`) VALUES ('88',  'AQUEOUS_MATTE', 'RE', 'ADMORE', '250|500|750|1000|1500|2000|2500|3000|4000|5000|7500|10000', '0.0|0.0|0.0|0.0|0.0|0.0|0.0|0.0|0.0|0.0|0.0|0.0', '2017-07-18 12:00:00', '2017-07-18 12:00:00', '2017-07-18 12:00:00', '2017-07-18 12:00:00');
INSERT INTO `qc_attribute_value` (`ATTRIBUTE_VALUE_ID`, `ATTRIBUTE_ID`, `STYLE_GROUP_ID`, `VENDOR_ID`, `QUANTITY_BREAK`, `VOLUME_PRICE`, `LAST_UPDATED_STAMP`, `LAST_UPDATED_TX_STAMP`, `CREATED_STAMP`, `CREATED_TX_STAMP`) VALUES ('89',  'AQUEOUS_SATIN', 'RE', 'ADMORE', '250|500|750|1000|1500|2000|2500|3000|4000|5000|7500|10000', '0.0|0.0|0.0|0.0|0.0|0.0|0.0|0.0|0.0|0.0|0.0|0.0', '2017-07-18 12:00:00', '2017-07-18 12:00:00', '2017-07-18 12:00:00', '2017-07-18 12:00:00');
INSERT INTO `qc_attribute_value` (`ATTRIBUTE_VALUE_ID`, `ATTRIBUTE_ID`, `STYLE_GROUP_ID`, `VENDOR_ID`, `QUANTITY_BREAK`, `VOLUME_PRICE`, `LAST_UPDATED_STAMP`, `LAST_UPDATED_TX_STAMP`, `CREATED_STAMP`, `CREATED_TX_STAMP`) VALUES ('90',  'AQUEOUS_SOFT_TOUCH', 'RE', 'ADMORE', '250|500|750|1000|1500|2000|2500|3000|4000|5000|7500|10000', '126.0|141.0|153.0|164.0|178.0|193.0|221.0|240.0|257.0|275.0|378.0|459.0', '2017-07-18 12:00:00', '2017-07-18 12:00:00', '2017-07-18 12:00:00', '2017-07-18 12:00:00');
INSERT INTO `qc_attribute_value` (`ATTRIBUTE_VALUE_ID`, `ATTRIBUTE_ID`, `STYLE_GROUP_ID`, `VENDOR_ID`, `QUANTITY_BREAK`, `VOLUME_PRICE`, `LAST_UPDATED_STAMP`, `LAST_UPDATED_TX_STAMP`, `CREATED_STAMP`, `CREATED_TX_STAMP`) VALUES ('91',  'UV_COATING_GLOSS', 'RE', 'ADMORE', '250|500|750|1000|1500|2000|2500|3000|4000|5000|7500|10000', '65.0|79.0|88.0|97.0|126.0|158.0|173.0|194.0|248.0|302.0|446.0|531.0', '2017-07-18 12:00:00', '2017-07-18 12:00:00', '2017-07-18 12:00:00', '2017-07-18 12:00:00');
INSERT INTO `qc_attribute_value` (`ATTRIBUTE_VALUE_ID`, `ATTRIBUTE_ID`, `STYLE_GROUP_ID`, `VENDOR_ID`, `QUANTITY_BREAK`, `VOLUME_PRICE`, `LAST_UPDATED_STAMP`, `LAST_UPDATED_TX_STAMP`, `CREATED_STAMP`, `CREATED_TX_STAMP`) VALUES ('92',  'LAMINATION_OVERSIZE_GLOSS', 'RE', 'ADMORE', '250|500|750|1000|1500|2000|2500|3000|4000|5000|7500|10000', '82.0|106.0|140.0|174.0|231.0|290.0|358.0|427.0|560.0|693.0|1019.0|1359.0', '2017-07-18 12:00:00', '2017-07-18 12:00:00', '2017-07-18 12:00:00', '2017-07-18 12:00:00');
INSERT INTO `qc_attribute_value` (`ATTRIBUTE_VALUE_ID`, `ATTRIBUTE_ID`, `STYLE_GROUP_ID`, `VENDOR_ID`, `QUANTITY_BREAK`, `VOLUME_PRICE`, `LAST_UPDATED_STAMP`, `LAST_UPDATED_TX_STAMP`, `CREATED_STAMP`, `CREATED_TX_STAMP`) VALUES ('93',  'LAMINATION_OVERSIZE_MATTE', 'RE', 'ADMORE', '250|500|750|1000|1500|2000|2500|3000|4000|5000|7500|10000', '102.0|161.0|208.0|255.0|354.0|450.0|549.0|651.0|852.0|1053.0|1553.0|2043.0', '2017-07-18 12:00:00', '2017-07-18 12:00:00', '2017-07-18 12:00:00', '2017-07-18 12:00:00');
INSERT INTO `qc_attribute_value` (`ATTRIBUTE_VALUE_ID`, `ATTRIBUTE_ID`, `STYLE_GROUP_ID`, `VENDOR_ID`, `QUANTITY_BREAK`, `VOLUME_PRICE`, `LAST_UPDATED_STAMP`, `LAST_UPDATED_TX_STAMP`, `CREATED_STAMP`, `CREATED_TX_STAMP`) VALUES ('94',  'LAMINATION_OVERSIZE_SOFT_TOUCH', 'RE', 'ADMORE', '250|500|750|1000|1500|2000|2500|3000|4000|5000|7500|10000', '122.0|183.0|240.0|298.0|412.0|527.0|641.0|756.0|986.0|1215.0|1789.0|2367.0', '2017-07-18 12:00:00', '2017-07-18 12:00:00', '2017-07-18 12:00:00', '2017-07-18 12:00:00');
INSERT INTO `qc_attribute_value` (`ATTRIBUTE_VALUE_ID`, `ATTRIBUTE_ID`, `STYLE_GROUP_ID`, `VENDOR_ID`, `QUANTITY_BREAK`, `VOLUME_PRICE`, `LAST_UPDATED_STAMP`, `LAST_UPDATED_TX_STAMP`, `CREATED_STAMP`, `CREATED_TX_STAMP`) VALUES ('95',  'SPINE_ATTACHMENTS', 'RE', 'ADMORE', '250|500|750|1000|1500|2000|2500|3000|4000|5000|7500|10000', '109.0|215.0|321.0|427.0|622.0|830.0|1033.0|1239.0|1646.0|2052.0|3058.0|3996.0', '2017-07-18 12:00:00', '2017-07-18 12:00:00', '2017-07-18 12:00:00', '2017-07-18 12:00:00');
INSERT INTO `qc_attribute_value` (`ATTRIBUTE_VALUE_ID`, `ATTRIBUTE_ID`, `STYLE_GROUP_ID`, `VENDOR_ID`, `QUANTITY_BREAK`, `VOLUME_PRICE`, `LAST_UPDATED_STAMP`, `LAST_UPDATED_TX_STAMP`, `CREATED_STAMP`, `CREATED_TX_STAMP`) VALUES ('96',  'DISCOUNT_15_SQ_INCH', 'RE', 'ADMORE', '250|500|750|1000|1500|2000|2500|3000|4000|5000|7500|10000', '-56.0|-60.0|-65.0|-68.0|-76.0|-84.0|-91.0|-99.0|-114.0|-130.0|-170.0|-209.0', '2017-07-18 12:00:00', '2017-07-18 12:00:00', '2017-07-18 12:00:00', '2017-07-18 12:00:00');
INSERT INTO `qc_attribute_value` (`ATTRIBUTE_VALUE_ID`, `ATTRIBUTE_ID`, `STYLE_GROUP_ID`, `VENDOR_ID`, `QUANTITY_BREAK`, `VOLUME_PRICE`, `LAST_UPDATED_STAMP`, `LAST_UPDATED_TX_STAMP`, `CREATED_STAMP`, `CREATED_TX_STAMP`) VALUES ('97',  'ITEM_UPCHARGE', 'RE', 'ADMORE', '250|500|750|1000|1500|2000|2500|3000|4000|5000|7500|10000', '48.0|73.0|97.0|121.0|170.0|218.0|268.0|316.0|412.0|509.0|756.0|999.0', '2017-07-18 12:00:00', '2017-07-18 12:00:00', '2017-07-18 12:00:00', '2017-07-18 12:00:00');
INSERT INTO `qc_attribute_value` (`ATTRIBUTE_VALUE_ID`, `ATTRIBUTE_ID`, `STYLE_GROUP_ID`, `VENDOR_ID`, `QUANTITY_BREAK`, `VOLUME_PRICE`, `LAST_UPDATED_STAMP`, `LAST_UPDATED_TX_STAMP`, `CREATED_STAMP`, `CREATED_TX_STAMP`) VALUES ('98',  'PRINT_1C', 'CAPACITY', 'ADMORE', '250|500|750|1000|1500|2000|2500|3000|4000|5000|7500|10000', '403.0|452.0|525.0|598.0|729.0|889.0|1044.0|1207.0|1414.0|1620.0|2234.0|2718.0', '2017-07-18 12:00:00', '2017-07-18 12:00:00', '2017-07-18 12:00:00', '2017-07-18 12:00:00');
INSERT INTO `qc_attribute_value` (`ATTRIBUTE_VALUE_ID`, `ATTRIBUTE_ID`, `STYLE_GROUP_ID`, `VENDOR_ID`, `QUANTITY_BREAK`, `VOLUME_PRICE`, `LAST_UPDATED_STAMP`, `LAST_UPDATED_TX_STAMP`, `CREATED_STAMP`, `CREATED_TX_STAMP`) VALUES ('99',  'PRINT_4C', 'CAPACITY', 'ADMORE', '250|500|750|1000|1500|2000|2500|3000|4000|5000|7500|10000', '475.0|569.0|660.0|750.0|944.0|1100.0|1253.0|1407.0|1633.0|1859.0|2477.0|2952.0', '2017-07-18 12:00:00', '2017-07-18 12:00:00', '2017-07-18 12:00:00', '2017-07-18 12:00:00');
INSERT INTO `qc_attribute_value` (`ATTRIBUTE_VALUE_ID`, `ATTRIBUTE_ID`, `STYLE_GROUP_ID`, `VENDOR_ID`, `QUANTITY_BREAK`, `VOLUME_PRICE`, `LAST_UPDATED_STAMP`, `LAST_UPDATED_TX_STAMP`, `CREATED_STAMP`, `CREATED_TX_STAMP`) VALUES ('100',  'FOIL_STAMP_BASE', 'CAPACITY', 'ADMORE', '250|500|750|1000|1500|2000|2500|3000|4000|5000|7500|10000', '338.0|445.0|518.0|592.0|730.0|932.0|1109.0|1285.0|1536.0|1787.0|2525.0|3177.0', '2017-07-18 12:00:00', '2017-07-18 12:00:00', '2017-07-18 12:00:00', '2017-07-18 12:00:00');
INSERT INTO `qc_attribute_value` (`ATTRIBUTE_VALUE_ID`, `ATTRIBUTE_ID`, `STYLE_GROUP_ID`, `VENDOR_ID`, `QUANTITY_BREAK`, `VOLUME_PRICE`, `LAST_UPDATED_STAMP`, `LAST_UPDATED_TX_STAMP`, `CREATED_STAMP`, `CREATED_TX_STAMP`) VALUES ('101',  'EMBOSS_BASE', 'CAPACITY', 'ADMORE', '250|500|750|1000|1500|2000|2500|3000|4000|5000|7500|10000', '338.0|445.0|518.0|592.0|730.0|932.0|1109.0|1285.0|1536.0|1787.0|2525.0|3177.0', '2017-07-18 12:00:00', '2017-07-18 12:00:00', '2017-07-18 12:00:00', '2017-07-18 12:00:00');
INSERT INTO `qc_attribute_value` (`ATTRIBUTE_VALUE_ID`, `ATTRIBUTE_ID`, `STYLE_GROUP_ID`, `VENDOR_ID`, `QUANTITY_BREAK`, `VOLUME_PRICE`, `LAST_UPDATED_STAMP`, `LAST_UPDATED_TX_STAMP`, `CREATED_STAMP`, `CREATED_TX_STAMP`) VALUES ('102',  'ADDITIONAL_COLOR_PER_SIDE', 'CAPACITY', 'ADMORE', '250|500|750|1000|1500|2000|2500|3000|4000|5000|7500|10000', '79.0|88.0|95.0|102.0|111.0|130.0|149.0|162.0|174.0|185.0|257.0|315.0', '2017-07-18 12:00:00', '2017-07-18 12:00:00', '2017-07-18 12:00:00', '2017-07-18 12:00:00');
INSERT INTO `qc_attribute_value` (`ATTRIBUTE_VALUE_ID`, `ATTRIBUTE_ID`, `STYLE_GROUP_ID`, `VENDOR_ID`, `QUANTITY_BREAK`, `VOLUME_PRICE`, `LAST_UPDATED_STAMP`, `LAST_UPDATED_TX_STAMP`, `CREATED_STAMP`, `CREATED_TX_STAMP`) VALUES ('103',  'HEAVY_COVERAGE_PER_SIDE', 'CAPACITY', 'ADMORE', '250|500|750|1000|1500|2000|2500|3000|4000|5000|7500|10000', '79.0|88.0|95.0|102.0|111.0|130.0|149.0|162.0|174.0|185.0|257.0|315.0', '2017-07-18 12:00:00', '2017-07-18 12:00:00', '2017-07-18 12:00:00', '2017-07-18 12:00:00');
INSERT INTO `qc_attribute_value` (`ATTRIBUTE_VALUE_ID`, `ATTRIBUTE_ID`, `STYLE_GROUP_ID`, `VENDOR_ID`, `QUANTITY_BREAK`, `VOLUME_PRICE`, `LAST_UPDATED_STAMP`, `LAST_UPDATED_TX_STAMP`, `CREATED_STAMP`, `CREATED_TX_STAMP`) VALUES ('104',  'PRINT_4C_2ND_SIDE', 'CAPACITY', 'ADMORE', '250|500|750|1000|1500|2000|2500|3000|4000|5000|7500|10000', '225.0|225.0|243.0|261.0|293.0|324.0|356.0|386.0|450.0|513.0|668.0|828.0', '2017-07-18 12:00:00', '2017-07-18 12:00:00', '2017-07-18 12:00:00', '2017-07-18 12:00:00');
INSERT INTO `qc_attribute_value` (`ATTRIBUTE_VALUE_ID`, `ATTRIBUTE_ID`, `STYLE_GROUP_ID`, `VENDOR_ID`, `QUANTITY_BREAK`, `VOLUME_PRICE`, `LAST_UPDATED_STAMP`, `LAST_UPDATED_TX_STAMP`, `CREATED_STAMP`, `CREATED_TX_STAMP`) VALUES ('105',  'GROUP_A_STOCKS', 'CAPACITY', 'ADMORE', '250|500|750|1000|1500|2000|2500|3000|4000|5000|7500|10000', '26.0|36.0|50.0|64.0|90.0|117.0|142.0|165.0|215.0|266.0|385.0|513.0', '2017-07-18 12:00:00', '2017-07-18 12:00:00', '2017-07-18 12:00:00', '2017-07-18 12:00:00');
INSERT INTO `qc_attribute_value` (`ATTRIBUTE_VALUE_ID`, `ATTRIBUTE_ID`, `STYLE_GROUP_ID`, `VENDOR_ID`, `QUANTITY_BREAK`, `VOLUME_PRICE`, `LAST_UPDATED_STAMP`, `LAST_UPDATED_TX_STAMP`, `CREATED_STAMP`, `CREATED_TX_STAMP`) VALUES ('106',  'GROUP_B_STOCKS', 'CAPACITY', 'ADMORE', '250|500|750|1000|1500|2000|2500|3000|4000|5000|7500|10000', '40.0|58.0|80.0|102.0|143.0|185.0|225.0|262.0|343.0|423.0|608.0|801.0', '2017-07-18 12:00:00', '2017-07-18 12:00:00', '2017-07-18 12:00:00', '2017-07-18 12:00:00');
INSERT INTO `qc_attribute_value` (`ATTRIBUTE_VALUE_ID`, `ATTRIBUTE_ID`, `STYLE_GROUP_ID`, `VENDOR_ID`, `QUANTITY_BREAK`, `VOLUME_PRICE`, `LAST_UPDATED_STAMP`, `LAST_UPDATED_TX_STAMP`, `CREATED_STAMP`, `CREATED_TX_STAMP`) VALUES ('107',  'GROUP_C_STOCKS', 'CAPACITY', 'ADMORE', '250|500|750|1000|1500|2000|2500|3000|4000|5000|7500|10000', '61.0|88.0|122.0|155.0|217.0|283.0|342.0|397.0|520.0|644.0|932.0|1224.0', '2017-07-18 12:00:00', '2017-07-18 12:00:00', '2017-07-18 12:00:00', '2017-07-18 12:00:00');
INSERT INTO `qc_attribute_value` (`ATTRIBUTE_VALUE_ID`, `ATTRIBUTE_ID`, `STYLE_GROUP_ID`, `VENDOR_ID`, `QUANTITY_BREAK`, `VOLUME_PRICE`, `LAST_UPDATED_STAMP`, `LAST_UPDATED_TX_STAMP`, `CREATED_STAMP`, `CREATED_TX_STAMP`) VALUES ('108',  'GROUP_D_STOCKS', 'CAPACITY', 'ADMORE', '250|500|750|1000|1500|2000|2500|3000|4000|5000|7500|10000', '91.0|131.0|180.0|230.0|323.0|418.0|504.0|589.0|770.0|950.0|1377.0|1809.0', '2017-07-18 12:00:00', '2017-07-18 12:00:00', '2017-07-18 12:00:00', '2017-07-18 12:00:00');
INSERT INTO `qc_attribute_value` (`ATTRIBUTE_VALUE_ID`, `ATTRIBUTE_ID`, `STYLE_GROUP_ID`, `VENDOR_ID`, `QUANTITY_BREAK`, `VOLUME_PRICE`, `LAST_UPDATED_STAMP`, `LAST_UPDATED_TX_STAMP`, `CREATED_STAMP`, `CREATED_TX_STAMP`) VALUES ('109',  'AQUEOUS_CHOICE', 'CAPACITY', 'ADMORE', '250|500|750|1000|1500|2000|2500|3000|4000|5000|7500|10000', '0.0|0.0|0.0|0.0|0.0|0.0|0.0|0.0|0.0|0.0|0.0|0.0', '2017-07-18 12:00:00', '2017-07-18 12:00:00', '2017-07-18 12:00:00', '2017-07-18 12:00:00');
INSERT INTO `qc_attribute_value` (`ATTRIBUTE_VALUE_ID`, `ATTRIBUTE_ID`, `STYLE_GROUP_ID`, `VENDOR_ID`, `QUANTITY_BREAK`, `VOLUME_PRICE`, `LAST_UPDATED_STAMP`, `LAST_UPDATED_TX_STAMP`, `CREATED_STAMP`, `CREATED_TX_STAMP`) VALUES ('110',  'AQUEOUS_GLOSS', 'CAPACITY', 'ADMORE', '250|500|750|1000|1500|2000|2500|3000|4000|5000|7500|10000', '0.0|0.0|0.0|0.0|0.0|0.0|0.0|0.0|0.0|0.0|0.0|0.0', '2017-07-18 12:00:00', '2017-07-18 12:00:00', '2017-07-18 12:00:00', '2017-07-18 12:00:00');
INSERT INTO `qc_attribute_value` (`ATTRIBUTE_VALUE_ID`, `ATTRIBUTE_ID`, `STYLE_GROUP_ID`, `VENDOR_ID`, `QUANTITY_BREAK`, `VOLUME_PRICE`, `LAST_UPDATED_STAMP`, `LAST_UPDATED_TX_STAMP`, `CREATED_STAMP`, `CREATED_TX_STAMP`) VALUES ('111',  'AQUEOUS_MATTE', 'CAPACITY', 'ADMORE', '250|500|750|1000|1500|2000|2500|3000|4000|5000|7500|10000', '0.0|0.0|0.0|0.0|0.0|0.0|0.0|0.0|0.0|0.0|0.0|0.0', '2017-07-18 12:00:00', '2017-07-18 12:00:00', '2017-07-18 12:00:00', '2017-07-18 12:00:00');
INSERT INTO `qc_attribute_value` (`ATTRIBUTE_VALUE_ID`, `ATTRIBUTE_ID`, `STYLE_GROUP_ID`, `VENDOR_ID`, `QUANTITY_BREAK`, `VOLUME_PRICE`, `LAST_UPDATED_STAMP`, `LAST_UPDATED_TX_STAMP`, `CREATED_STAMP`, `CREATED_TX_STAMP`) VALUES ('112',  'AQUEOUS_SATIN', 'CAPACITY', 'ADMORE', '250|500|750|1000|1500|2000|2500|3000|4000|5000|7500|10000', '0.0|0.0|0.0|0.0|0.0|0.0|0.0|0.0|0.0|0.0|0.0|0.0', '2017-07-18 12:00:00', '2017-07-18 12:00:00', '2017-07-18 12:00:00', '2017-07-18 12:00:00');
INSERT INTO `qc_attribute_value` (`ATTRIBUTE_VALUE_ID`, `ATTRIBUTE_ID`, `STYLE_GROUP_ID`, `VENDOR_ID`, `QUANTITY_BREAK`, `VOLUME_PRICE`, `LAST_UPDATED_STAMP`, `LAST_UPDATED_TX_STAMP`, `CREATED_STAMP`, `CREATED_TX_STAMP`) VALUES ('113',  'AQUEOUS_SOFT_TOUCH', 'CAPACITY', 'ADMORE', '250|500|750|1000|1500|2000|2500|3000|4000|5000|7500|10000', '126.0|141.0|153.0|164.0|178.0|193.0|221.0|240.0|257.0|275.0|378.0|459.0', '2017-07-18 12:00:00', '2017-07-18 12:00:00', '2017-07-18 12:00:00', '2017-07-18 12:00:00');
INSERT INTO `qc_attribute_value` (`ATTRIBUTE_VALUE_ID`, `ATTRIBUTE_ID`, `STYLE_GROUP_ID`, `VENDOR_ID`, `QUANTITY_BREAK`, `VOLUME_PRICE`, `LAST_UPDATED_STAMP`, `LAST_UPDATED_TX_STAMP`, `CREATED_STAMP`, `CREATED_TX_STAMP`) VALUES ('114',  'UV_COATING_GLOSS', 'CAPACITY', 'ADMORE', '250|500|750|1000|1500|2000|2500|3000|4000|5000|7500|10000', '65.0|79.0|88.0|97.0|126.0|158.0|173.0|194.0|248.0|302.0|446.0|531.0', '2017-07-18 12:00:00', '2017-07-18 12:00:00', '2017-07-18 12:00:00', '2017-07-18 12:00:00');
INSERT INTO `qc_attribute_value` (`ATTRIBUTE_VALUE_ID`, `ATTRIBUTE_ID`, `STYLE_GROUP_ID`, `VENDOR_ID`, `QUANTITY_BREAK`, `VOLUME_PRICE`, `LAST_UPDATED_STAMP`, `LAST_UPDATED_TX_STAMP`, `CREATED_STAMP`, `CREATED_TX_STAMP`) VALUES ('115',  'LAMINATION_OVERSIZE_GLOSS', 'CAPACITY', 'ADMORE', '250|500|750|1000|1500|2000|2500|3000|4000|5000|7500|10000', '82.0|106.0|140.0|174.0|231.0|290.0|358.0|427.0|560.0|693.0|1019.0|1359.0', '2017-07-18 12:00:00', '2017-07-18 12:00:00', '2017-07-18 12:00:00', '2017-07-18 12:00:00');
INSERT INTO `qc_attribute_value` (`ATTRIBUTE_VALUE_ID`, `ATTRIBUTE_ID`, `STYLE_GROUP_ID`, `VENDOR_ID`, `QUANTITY_BREAK`, `VOLUME_PRICE`, `LAST_UPDATED_STAMP`, `LAST_UPDATED_TX_STAMP`, `CREATED_STAMP`, `CREATED_TX_STAMP`) VALUES ('116',  'LAMINATION_OVERSIZE_MATTE', 'CAPACITY', 'ADMORE', '250|500|750|1000|1500|2000|2500|3000|4000|5000|7500|10000', '102.0|161.0|208.0|255.0|354.0|450.0|549.0|651.0|852.0|1053.0|1553.0|2043.0', '2017-07-18 12:00:00', '2017-07-18 12:00:00', '2017-07-18 12:00:00', '2017-07-18 12:00:00');
INSERT INTO `qc_attribute_value` (`ATTRIBUTE_VALUE_ID`, `ATTRIBUTE_ID`, `STYLE_GROUP_ID`, `VENDOR_ID`, `QUANTITY_BREAK`, `VOLUME_PRICE`, `LAST_UPDATED_STAMP`, `LAST_UPDATED_TX_STAMP`, `CREATED_STAMP`, `CREATED_TX_STAMP`) VALUES ('117',  'LAMINATION_OVERSIZE_SOFT_TOUCH', 'CAPACITY', 'ADMORE', '250|500|750|1000|1500|2000|2500|3000|4000|5000|7500|10000', '122.0|183.0|240.0|298.0|412.0|527.0|641.0|756.0|986.0|1215.0|1789.0|2367.0', '2017-07-18 12:00:00', '2017-07-18 12:00:00', '2017-07-18 12:00:00', '2017-07-18 12:00:00');
INSERT INTO `qc_attribute_value` (`ATTRIBUTE_VALUE_ID`, `ATTRIBUTE_ID`, `STYLE_GROUP_ID`, `VENDOR_ID`, `QUANTITY_BREAK`, `VOLUME_PRICE`, `LAST_UPDATED_STAMP`, `LAST_UPDATED_TX_STAMP`, `CREATED_STAMP`, `CREATED_TX_STAMP`) VALUES ('118',  'DISCOUNT_15_SQ_INCH', 'CAPACITY', 'ADMORE', '250|500|750|1000|1500|2000|2500|3000|4000|5000|7500|10000', '-56.0|-60.0|-65.0|-68.0|-76.0|-84.0|-91.0|-99.0|-114.0|-130.0|-170.0|-209.0', '2017-07-18 12:00:00', '2017-07-18 12:00:00', '2017-07-18 12:00:00', '2017-07-18 12:00:00');
INSERT INTO `qc_attribute_value` (`ATTRIBUTE_VALUE_ID`, `ATTRIBUTE_ID`, `STYLE_GROUP_ID`, `VENDOR_ID`, `QUANTITY_BREAK`, `VOLUME_PRICE`, `LAST_UPDATED_STAMP`, `LAST_UPDATED_TX_STAMP`, `CREATED_STAMP`, `CREATED_TX_STAMP`) VALUES ('119',  'ITEM_UPCHARGE', 'CAPACITY', 'ADMORE', '250|500|750|1000|1500|2000|2500|3000|4000|5000|7500|10000', '77.0|134.0|162.0|190.0|223.0|290.0|356.0|416.0|532.0|648.0|782.0|945.0', '2017-07-18 12:00:00', '2017-07-18 12:00:00', '2017-07-18 12:00:00', '2017-07-18 12:00:00');
INSERT INTO `qc_attribute_value` (`ATTRIBUTE_VALUE_ID`, `ATTRIBUTE_ID`, `STYLE_GROUP_ID`, `VENDOR_ID`, `QUANTITY_BREAK`, `VOLUME_PRICE`, `LAST_UPDATED_STAMP`, `LAST_UPDATED_TX_STAMP`, `CREATED_STAMP`, `CREATED_TX_STAMP`) VALUES ('120',  'ITEM_UPCHARGE', 'CAPACITY', 'ADMORE', '250|500|750|1000|1500|2000|2500|3000|4000|5000|7500|10000', '63.0|122.0|148.0|174.0|201.0|265.0|329.0|386.0|500.0|612.0|722.0|873.0', '2017-07-18 12:00:00', '2017-07-18 12:00:00', '2017-07-18 12:00:00', '2017-07-18 12:00:00');
INSERT INTO `qc_attribute_value` (`ATTRIBUTE_VALUE_ID`, `ATTRIBUTE_ID`, `STYLE_GROUP_ID`, `VENDOR_ID`, `QUANTITY_BREAK`, `VOLUME_PRICE`, `LAST_UPDATED_STAMP`, `LAST_UPDATED_TX_STAMP`, `CREATED_STAMP`, `CREATED_TX_STAMP`) VALUES ('121',  'PRINT_1C', 'TRIPANEL', 'ADMORE', '250|500|750|1000|1500|2000|2500|3000|4000|5000|7500|10000', '540.0|620.0|666.0|712.0|890.0|1067.0|1235.0|1399.0|1730.0|2061.0|2963.0|3762.0', '2017-07-18 12:00:00', '2017-07-18 12:00:00', '2017-07-18 12:00:00', '2017-07-18 12:00:00');
INSERT INTO `qc_attribute_value` (`ATTRIBUTE_VALUE_ID`, `ATTRIBUTE_ID`, `STYLE_GROUP_ID`, `VENDOR_ID`, `QUANTITY_BREAK`, `VOLUME_PRICE`, `LAST_UPDATED_STAMP`, `LAST_UPDATED_TX_STAMP`, `CREATED_STAMP`, `CREATED_TX_STAMP`) VALUES ('122',  'PRINT_4C', 'TRIPANEL', 'ADMORE', '250|500|750|1000|1500|2000|2500|3000|4000|5000|7500|10000', '619.0|708.0|761.0|814.0|1002.0|1197.0|1384.0|1561.0|1904.0|2246.0|3220.0|4077.0', '2017-07-18 12:00:00', '2017-07-18 12:00:00', '2017-07-18 12:00:00', '2017-07-18 12:00:00');
INSERT INTO `qc_attribute_value` (`ATTRIBUTE_VALUE_ID`, `ATTRIBUTE_ID`, `STYLE_GROUP_ID`, `VENDOR_ID`, `QUANTITY_BREAK`, `VOLUME_PRICE`, `LAST_UPDATED_STAMP`, `LAST_UPDATED_TX_STAMP`, `CREATED_STAMP`, `CREATED_TX_STAMP`) VALUES ('123',  'FOIL_STAMP_BASE', 'TRIPANEL', 'ADMORE', '250|500|750|1000|1500|2000|2500|3000|4000|5000|7500|10000', '392.0|513.0|616.0|717.0|948.0|1229.0|1476.0|1709.0|2187.0|2664.0|3341.0|3942.0', '2017-07-18 12:00:00', '2017-07-18 12:00:00', '2017-07-18 12:00:00', '2017-07-18 12:00:00');
INSERT INTO `qc_attribute_value` (`ATTRIBUTE_VALUE_ID`, `ATTRIBUTE_ID`, `STYLE_GROUP_ID`, `VENDOR_ID`, `QUANTITY_BREAK`, `VOLUME_PRICE`, `LAST_UPDATED_STAMP`, `LAST_UPDATED_TX_STAMP`, `CREATED_STAMP`, `CREATED_TX_STAMP`) VALUES ('124',  'EMBOSS_BASE', 'TRIPANEL', 'ADMORE', '250|500|750|1000|1500|2000|2500|3000|4000|5000|7500|10000', '392.0|513.0|616.0|717.0|948.0|1229.0|1476.0|1709.0|2187.0|2664.0|3341.0|3942.0', '2017-07-18 12:00:00', '2017-07-18 12:00:00', '2017-07-18 12:00:00', '2017-07-18 12:00:00');
INSERT INTO `qc_attribute_value` (`ATTRIBUTE_VALUE_ID`, `ATTRIBUTE_ID`, `STYLE_GROUP_ID`, `VENDOR_ID`, `QUANTITY_BREAK`, `VOLUME_PRICE`, `LAST_UPDATED_STAMP`, `LAST_UPDATED_TX_STAMP`, `CREATED_STAMP`, `CREATED_TX_STAMP`) VALUES ('125',  'ADDITIONAL_COLOR_PER_SIDE', 'TRIPANEL', 'ADMORE', '250|500|750|1000|1500|2000|2500|3000|4000|5000|7500|10000', '79.0|88.0|95.0|102.0|111.0|130.0|149.0|162.0|174.0|185.0|257.0|315.0', '2017-07-18 12:00:00', '2017-07-18 12:00:00', '2017-07-18 12:00:00', '2017-07-18 12:00:00');
INSERT INTO `qc_attribute_value` (`ATTRIBUTE_VALUE_ID`, `ATTRIBUTE_ID`, `STYLE_GROUP_ID`, `VENDOR_ID`, `QUANTITY_BREAK`, `VOLUME_PRICE`, `LAST_UPDATED_STAMP`, `LAST_UPDATED_TX_STAMP`, `CREATED_STAMP`, `CREATED_TX_STAMP`) VALUES ('126',  'HEAVY_COVERAGE_PER_SIDE', 'TRIPANEL', 'ADMORE', '250|500|750|1000|1500|2000|2500|3000|4000|5000|7500|10000', '79.0|88.0|95.0|102.0|111.0|130.0|149.0|162.0|174.0|185.0|257.0|315.0', '2017-07-18 12:00:00', '2017-07-18 12:00:00', '2017-07-18 12:00:00', '2017-07-18 12:00:00');
INSERT INTO `qc_attribute_value` (`ATTRIBUTE_VALUE_ID`, `ATTRIBUTE_ID`, `STYLE_GROUP_ID`, `VENDOR_ID`, `QUANTITY_BREAK`, `VOLUME_PRICE`, `LAST_UPDATED_STAMP`, `LAST_UPDATED_TX_STAMP`, `CREATED_STAMP`, `CREATED_TX_STAMP`) VALUES ('127',  'PRINT_4C_2ND_SIDE', 'TRIPANEL', 'ADMORE', '250|500|750|1000|1500|2000|2500|3000|4000|5000|7500|10000', '281.0|281.0|317.0|353.0|396.0|437.0|479.0|524.0|608.0|693.0|905.0|1116.0', '2017-07-18 12:00:00', '2017-07-18 12:00:00', '2017-07-18 12:00:00', '2017-07-18 12:00:00');
INSERT INTO `qc_attribute_value` (`ATTRIBUTE_VALUE_ID`, `ATTRIBUTE_ID`, `STYLE_GROUP_ID`, `VENDOR_ID`, `QUANTITY_BREAK`, `VOLUME_PRICE`, `LAST_UPDATED_STAMP`, `LAST_UPDATED_TX_STAMP`, `CREATED_STAMP`, `CREATED_TX_STAMP`) VALUES ('128',  'GROUP_A_STOCKS', 'TRIPANEL', 'ADMORE', '250|500|750|1000|1500|2000|2500|3000|4000|5000|7500|10000', '31.0|44.0|60.0|77.0|108.0|140.0|171.0|197.0|258.0|320.0|459.0|612.0', '2017-07-18 12:00:00', '2017-07-18 12:00:00', '2017-07-18 12:00:00', '2017-07-18 12:00:00');
INSERT INTO `qc_attribute_value` (`ATTRIBUTE_VALUE_ID`, `ATTRIBUTE_ID`, `STYLE_GROUP_ID`, `VENDOR_ID`, `QUANTITY_BREAK`, `VOLUME_PRICE`, `LAST_UPDATED_STAMP`, `LAST_UPDATED_TX_STAMP`, `CREATED_STAMP`, `CREATED_TX_STAMP`) VALUES ('129',  'GROUP_B_STOCKS', 'TRIPANEL', 'ADMORE', '250|500|750|1000|1500|2000|2500|3000|4000|5000|7500|10000', '48.0|69.0|96.0|122.0|171.0|223.0|270.0|313.0|411.0|509.0|729.0|963.0', '2017-07-18 12:00:00', '2017-07-18 12:00:00', '2017-07-18 12:00:00', '2017-07-18 12:00:00');
INSERT INTO `qc_attribute_value` (`ATTRIBUTE_VALUE_ID`, `ATTRIBUTE_ID`, `STYLE_GROUP_ID`, `VENDOR_ID`, `QUANTITY_BREAK`, `VOLUME_PRICE`, `LAST_UPDATED_STAMP`, `LAST_UPDATED_TX_STAMP`, `CREATED_STAMP`, `CREATED_TX_STAMP`) VALUES ('130',  'GROUP_C_STOCKS', 'TRIPANEL', 'ADMORE', '250|500|750|1000|1500|2000|2500|3000|4000|5000|7500|10000', '80.0|114.0|158.0|202.0|282.0|367.0|446.0|516.0|677.0|837.0|1208.0|1593.0', '2017-07-18 12:00:00', '2017-07-18 12:00:00', '2017-07-18 12:00:00', '2017-07-18 12:00:00');
INSERT INTO `qc_attribute_value` (`ATTRIBUTE_VALUE_ID`, `ATTRIBUTE_ID`, `STYLE_GROUP_ID`, `VENDOR_ID`, `QUANTITY_BREAK`, `VOLUME_PRICE`, `LAST_UPDATED_STAMP`, `LAST_UPDATED_TX_STAMP`, `CREATED_STAMP`, `CREATED_TX_STAMP`) VALUES ('131',  'GROUP_D_STOCKS', 'TRIPANEL', 'ADMORE', '250|500|750|1000|1500|2000|2500|3000|4000|5000|7500|10000', '159.0|229.0|315.0|401.0|564.0|731.0|882.0|1031.0|1346.0|1661.0|2410.0|3168.0', '2017-07-18 12:00:00', '2017-07-18 12:00:00', '2017-07-18 12:00:00', '2017-07-18 12:00:00');
INSERT INTO `qc_attribute_value` (`ATTRIBUTE_VALUE_ID`, `ATTRIBUTE_ID`, `STYLE_GROUP_ID`, `VENDOR_ID`, `QUANTITY_BREAK`, `VOLUME_PRICE`, `LAST_UPDATED_STAMP`, `LAST_UPDATED_TX_STAMP`, `CREATED_STAMP`, `CREATED_TX_STAMP`) VALUES ('132',  'AQUEOUS_CHOICE', 'TRIPANEL', 'ADMORE', '250|500|750|1000|1500|2000|2500|3000|4000|5000|7500|10000', '0.0|0.0|0.0|0.0|0.0|0.0|0.0|0.0|0.0|0.0|0.0|0.0', '2017-07-18 12:00:00', '2017-07-18 12:00:00', '2017-07-18 12:00:00', '2017-07-18 12:00:00');
INSERT INTO `qc_attribute_value` (`ATTRIBUTE_VALUE_ID`, `ATTRIBUTE_ID`, `STYLE_GROUP_ID`, `VENDOR_ID`, `QUANTITY_BREAK`, `VOLUME_PRICE`, `LAST_UPDATED_STAMP`, `LAST_UPDATED_TX_STAMP`, `CREATED_STAMP`, `CREATED_TX_STAMP`) VALUES ('133',  'AQUEOUS_GLOSS', 'TRIPANEL', 'ADMORE', '250|500|750|1000|1500|2000|2500|3000|4000|5000|7500|10000', '0.0|0.0|0.0|0.0|0.0|0.0|0.0|0.0|0.0|0.0|0.0|0.0', '2017-07-18 12:00:00', '2017-07-18 12:00:00', '2017-07-18 12:00:00', '2017-07-18 12:00:00');
INSERT INTO `qc_attribute_value` (`ATTRIBUTE_VALUE_ID`, `ATTRIBUTE_ID`, `STYLE_GROUP_ID`, `VENDOR_ID`, `QUANTITY_BREAK`, `VOLUME_PRICE`, `LAST_UPDATED_STAMP`, `LAST_UPDATED_TX_STAMP`, `CREATED_STAMP`, `CREATED_TX_STAMP`) VALUES ('134',  'AQUEOUS_MATTE', 'TRIPANEL', 'ADMORE', '250|500|750|1000|1500|2000|2500|3000|4000|5000|7500|10000', '0.0|0.0|0.0|0.0|0.0|0.0|0.0|0.0|0.0|0.0|0.0|0.0', '2017-07-18 12:00:00', '2017-07-18 12:00:00', '2017-07-18 12:00:00', '2017-07-18 12:00:00');
INSERT INTO `qc_attribute_value` (`ATTRIBUTE_VALUE_ID`, `ATTRIBUTE_ID`, `STYLE_GROUP_ID`, `VENDOR_ID`, `QUANTITY_BREAK`, `VOLUME_PRICE`, `LAST_UPDATED_STAMP`, `LAST_UPDATED_TX_STAMP`, `CREATED_STAMP`, `CREATED_TX_STAMP`) VALUES ('135',  'AQUEOUS_SATIN', 'TRIPANEL', 'ADMORE', '250|500|750|1000|1500|2000|2500|3000|4000|5000|7500|10000', '0.0|0.0|0.0|0.0|0.0|0.0|0.0|0.0|0.0|0.0|0.0|0.0', '2017-07-18 12:00:00', '2017-07-18 12:00:00', '2017-07-18 12:00:00', '2017-07-18 12:00:00');
INSERT INTO `qc_attribute_value` (`ATTRIBUTE_VALUE_ID`, `ATTRIBUTE_ID`, `STYLE_GROUP_ID`, `VENDOR_ID`, `QUANTITY_BREAK`, `VOLUME_PRICE`, `LAST_UPDATED_STAMP`, `LAST_UPDATED_TX_STAMP`, `CREATED_STAMP`, `CREATED_TX_STAMP`) VALUES ('136',  'AQUEOUS_SOFT_TOUCH', 'TRIPANEL', 'ADMORE', '250|500|750|1000|1500|2000|2500|3000|4000|5000|7500|10000', '126.0|141.0|153.0|164.0|178.0|193.0|221.0|240.0|257.0|275.0|378.0|459.0', '2017-07-18 12:00:00', '2017-07-18 12:00:00', '2017-07-18 12:00:00', '2017-07-18 12:00:00');
INSERT INTO `qc_attribute_value` (`ATTRIBUTE_VALUE_ID`, `ATTRIBUTE_ID`, `STYLE_GROUP_ID`, `VENDOR_ID`, `QUANTITY_BREAK`, `VOLUME_PRICE`, `LAST_UPDATED_STAMP`, `LAST_UPDATED_TX_STAMP`, `CREATED_STAMP`, `CREATED_TX_STAMP`) VALUES ('137',  'UV_COATING_GLOSS', 'TRIPANEL', 'ADMORE', '250|500|750|1000|1500|2000|2500|3000|4000|5000|7500|10000', '84.0|103.0|115.0|127.0|163.0|205.0|225.0|254.0|323.0|392.0|581.0|684.0', '2017-07-18 12:00:00', '2017-07-18 12:00:00', '2017-07-18 12:00:00', '2017-07-18 12:00:00');
INSERT INTO `qc_attribute_value` (`ATTRIBUTE_VALUE_ID`, `ATTRIBUTE_ID`, `STYLE_GROUP_ID`, `VENDOR_ID`, `QUANTITY_BREAK`, `VOLUME_PRICE`, `LAST_UPDATED_STAMP`, `LAST_UPDATED_TX_STAMP`, `CREATED_STAMP`, `CREATED_TX_STAMP`) VALUES ('138',  'LAMINATION_OVERSIZE_GLOSS', 'TRIPANEL', 'ADMORE', '250|500|750|1000|1500|2000|2500|3000|4000|5000|7500|10000', '95.0|133.0|184.0|234.0|323.0|423.0|524.0|624.0|830.0|1035.0|1546.0|2061.0', '2017-07-18 12:00:00', '2017-07-18 12:00:00', '2017-07-18 12:00:00', '2017-07-18 12:00:00');
INSERT INTO `qc_attribute_value` (`ATTRIBUTE_VALUE_ID`, `ATTRIBUTE_ID`, `STYLE_GROUP_ID`, `VENDOR_ID`, `QUANTITY_BREAK`, `VOLUME_PRICE`, `LAST_UPDATED_STAMP`, `LAST_UPDATED_TX_STAMP`, `CREATED_STAMP`, `CREATED_TX_STAMP`) VALUES ('139',  'LAMINATION_OVERSIZE_MATTE', 'TRIPANEL', 'ADMORE', '250|500|750|1000|1500|2000|2500|3000|4000|5000|7500|10000', '131.0|226.0|308.0|389.0|556.0|724.0|896.0|1069.0|1417.0|1764.0|2633.0|3483.0', '2017-07-18 12:00:00', '2017-07-18 12:00:00', '2017-07-18 12:00:00', '2017-07-18 12:00:00');
INSERT INTO `qc_attribute_value` (`ATTRIBUTE_VALUE_ID`, `ATTRIBUTE_ID`, `STYLE_GROUP_ID`, `VENDOR_ID`, `QUANTITY_BREAK`, `VOLUME_PRICE`, `LAST_UPDATED_STAMP`, `LAST_UPDATED_TX_STAMP`, `CREATED_STAMP`, `CREATED_TX_STAMP`) VALUES ('140',  'LAMINATION_OVERSIZE_SOFT_TOUCH', 'TRIPANEL', 'ADMORE', '250|500|750|1000|1500|2000|2500|3000|4000|5000|7500|10000', '166.0|276.0|381.0|484.0|693.0|902.0|1109.0|1318.0|1734.0|2151.0|3193.0|4239.0', '2017-07-18 12:00:00', '2017-07-18 12:00:00', '2017-07-18 12:00:00', '2017-07-18 12:00:00');
INSERT INTO `qc_attribute_value` (`ATTRIBUTE_VALUE_ID`, `ATTRIBUTE_ID`, `STYLE_GROUP_ID`, `VENDOR_ID`, `QUANTITY_BREAK`, `VOLUME_PRICE`, `LAST_UPDATED_STAMP`, `LAST_UPDATED_TX_STAMP`, `CREATED_STAMP`, `CREATED_TX_STAMP`) VALUES ('141',  'SPINE_ATTACHMENTS', 'TRIPANEL', 'ADMORE', '250|500|750|1000|1500|2000|2500|3000|4000|5000|7500|10000', '119.0|224.0|330.0|436.0|632.0|839.0|1043.0|1248.0|1656.0|2064.0|3064.0|4006.0', '2017-07-18 12:00:00', '2017-07-18 12:00:00', '2017-07-18 12:00:00', '2017-07-18 12:00:00');
INSERT INTO `qc_attribute_value` (`ATTRIBUTE_VALUE_ID`, `ATTRIBUTE_ID`, `STYLE_GROUP_ID`, `VENDOR_ID`, `QUANTITY_BREAK`, `VOLUME_PRICE`, `LAST_UPDATED_STAMP`, `LAST_UPDATED_TX_STAMP`, `CREATED_STAMP`, `CREATED_TX_STAMP`) VALUES ('142',  'DISCOUNT_15_SQ_INCH', 'TRIPANEL', 'ADMORE', '250|500|750|1000|1500|2000|2500|3000|4000|5000|7500|10000', '-56.0|-60.0|-65.0|-68.0|-76.0|-84.0|-91.0|-99.0|-114.0|-130.0|-170.0|-209.0', '2017-07-18 12:00:00', '2017-07-18 12:00:00', '2017-07-18 12:00:00', '2017-07-18 12:00:00');
INSERT INTO `qc_attribute_value` (`ATTRIBUTE_VALUE_ID`, `ATTRIBUTE_ID`, `STYLE_GROUP_ID`, `VENDOR_ID`, `QUANTITY_BREAK`, `VOLUME_PRICE`, `LAST_UPDATED_STAMP`, `LAST_UPDATED_TX_STAMP`, `CREATED_STAMP`, `CREATED_TX_STAMP`) VALUES ('143',  'ITEM_UPCHARGE', 'TRIPANEL', 'ADMORE', '250|500|750|1000|1500|2000|2500|3000|4000|5000|7500|10000', '95.0|132.0|169.0|207.0|282.0|357.0|431.0|506.0|655.0|805.0|1179.0|1553.0', '2017-07-18 12:00:00', '2017-07-18 12:00:00', '2017-07-18 12:00:00', '2017-07-18 12:00:00');
INSERT INTO `qc_attribute_value` (`ATTRIBUTE_VALUE_ID`, `ATTRIBUTE_ID`, `STYLE_GROUP_ID`, `VENDOR_ID`, `QUANTITY_BREAK`, `VOLUME_PRICE`, `LAST_UPDATED_STAMP`, `LAST_UPDATED_TX_STAMP`, `CREATED_STAMP`, `CREATED_TX_STAMP`) VALUES ('144',  'ITEM_UPCHARGE', 'TRIPANEL', 'ADMORE', '250|500|750|1000|1500|2000|2500|3000|4000|5000|7500|10000', '101.0|149.0|196.0|243.0|338.0|432.0|527.0|621.0|810.0|999.0|1472.0|1944.0', '2017-07-18 12:00:00', '2017-07-18 12:00:00', '2017-07-18 12:00:00', '2017-07-18 12:00:00');
INSERT INTO `qc_attribute_value` (`ATTRIBUTE_VALUE_ID`, `ATTRIBUTE_ID`, `STYLE_GROUP_ID`, `VENDOR_ID`, `QUANTITY_BREAK`, `VOLUME_PRICE`, `LAST_UPDATED_STAMP`, `LAST_UPDATED_TX_STAMP`, `CREATED_STAMP`, `CREATED_TX_STAMP`) VALUES ('145',  'ITEM_UPCHARGE', 'TRIPANEL', 'ADMORE', '250|500|750|1000|1500|2000|2500|3000|4000|5000|7500|10000', '125.0|241.0|372.0|502.0|752.0|1003.0|1253.0|1504.0|2005.0|2507.0|3760.0|5013.0', '2017-07-18 12:00:00', '2017-07-18 12:00:00', '2017-07-18 12:00:00', '2017-07-18 12:00:00');
INSERT INTO `qc_attribute_value` (`ATTRIBUTE_VALUE_ID`, `ATTRIBUTE_ID`, `STYLE_GROUP_ID`, `VENDOR_ID`, `QUANTITY_BREAK`, `VOLUME_PRICE`, `LAST_UPDATED_STAMP`, `LAST_UPDATED_TX_STAMP`, `CREATED_STAMP`, `CREATED_TX_STAMP`) VALUES ('146',  'PRINT_1C', 'SMALL', 'ADMORE', '250|500|750|1000|1500|2000|2500|3000|4000|5000|7500|10000', '198.0|245.0|287.0|329.0|427.0|533.0|619.0|702.0|858.0|1013.0|1276.0|1395.0', '2017-07-18 12:00:00', '2017-07-18 12:00:00', '2017-07-18 12:00:00', '2017-07-18 12:00:00');
INSERT INTO `qc_attribute_value` (`ATTRIBUTE_VALUE_ID`, `ATTRIBUTE_ID`, `STYLE_GROUP_ID`, `VENDOR_ID`, `QUANTITY_BREAK`, `VOLUME_PRICE`, `LAST_UPDATED_STAMP`, `LAST_UPDATED_TX_STAMP`, `CREATED_STAMP`, `CREATED_TX_STAMP`) VALUES ('147',  'PRINT_4C', 'SMALL', 'ADMORE', '250|500|750|1000|1500|2000|2500|3000|4000|5000|7500|10000', '486.0|520.0|559.0|598.0|676.0|756.0|835.0|913.0|1035.0|1157.0|1499.0|1863.0', '2017-07-18 12:00:00', '2017-07-18 12:00:00', '2017-07-18 12:00:00', '2017-07-18 12:00:00');
INSERT INTO `qc_attribute_value` (`ATTRIBUTE_VALUE_ID`, `ATTRIBUTE_ID`, `STYLE_GROUP_ID`, `VENDOR_ID`, `QUANTITY_BREAK`, `VOLUME_PRICE`, `LAST_UPDATED_STAMP`, `LAST_UPDATED_TX_STAMP`, `CREATED_STAMP`, `CREATED_TX_STAMP`) VALUES ('148',  'FOIL_STAMP_BASE', 'SMALL', 'ADMORE', '250|500|750|1000|1500|2000|2500|3000|4000|5000|7500|10000', '234.0|261.0|307.0|354.0|454.0|547.0|675.0|726.0|896.0|1067.0|1330.0|1530.0', '2017-07-18 12:00:00', '2017-07-18 12:00:00', '2017-07-18 12:00:00', '2017-07-18 12:00:00');
INSERT INTO `qc_attribute_value` (`ATTRIBUTE_VALUE_ID`, `ATTRIBUTE_ID`, `STYLE_GROUP_ID`, `VENDOR_ID`, `QUANTITY_BREAK`, `VOLUME_PRICE`, `LAST_UPDATED_STAMP`, `LAST_UPDATED_TX_STAMP`, `CREATED_STAMP`, `CREATED_TX_STAMP`) VALUES ('149',  'EMBOSS_BASE', 'SMALL', 'ADMORE', '250|500|750|1000|1500|2000|2500|3000|4000|5000|7500|10000', '234.0|261.0|307.0|354.0|454.0|547.0|675.0|726.0|896.0|1067.0|1330.0|1530.0', '2017-07-18 12:00:00', '2017-07-18 12:00:00', '2017-07-18 12:00:00', '2017-07-18 12:00:00');
INSERT INTO `qc_attribute_value` (`ATTRIBUTE_VALUE_ID`, `ATTRIBUTE_ID`, `STYLE_GROUP_ID`, `VENDOR_ID`, `QUANTITY_BREAK`, `VOLUME_PRICE`, `LAST_UPDATED_STAMP`, `LAST_UPDATED_TX_STAMP`, `CREATED_STAMP`, `CREATED_TX_STAMP`) VALUES ('150',  'ADDITIONAL_COLOR_PER_SIDE', 'SMALL', 'ADMORE', '250|500|750|1000|1500|2000|2500|3000|4000|5000|7500|10000', '79.0|88.0|95.0|102.0|111.0|130.0|149.0|162.0|174.0|185.0|257.0|315.0', '2017-07-18 12:00:00', '2017-07-18 12:00:00', '2017-07-18 12:00:00', '2017-07-18 12:00:00');
INSERT INTO `qc_attribute_value` (`ATTRIBUTE_VALUE_ID`, `ATTRIBUTE_ID`, `STYLE_GROUP_ID`, `VENDOR_ID`, `QUANTITY_BREAK`, `VOLUME_PRICE`, `LAST_UPDATED_STAMP`, `LAST_UPDATED_TX_STAMP`, `CREATED_STAMP`, `CREATED_TX_STAMP`) VALUES ('151',  'HEAVY_COVERAGE_PER_SIDE', 'SMALL', 'ADMORE', '250|500|750|1000|1500|2000|2500|3000|4000|5000|7500|10000', '79.0|88.0|95.0|102.0|111.0|130.0|149.0|162.0|174.0|185.0|257.0|315.0', '2017-07-18 12:00:00', '2017-07-18 12:00:00', '2017-07-18 12:00:00', '2017-07-18 12:00:00');
INSERT INTO `qc_attribute_value` (`ATTRIBUTE_VALUE_ID`, `ATTRIBUTE_ID`, `STYLE_GROUP_ID`, `VENDOR_ID`, `QUANTITY_BREAK`, `VOLUME_PRICE`, `LAST_UPDATED_STAMP`, `LAST_UPDATED_TX_STAMP`, `CREATED_STAMP`, `CREATED_TX_STAMP`) VALUES ('152',  'PRINT_4C_2ND_SIDE', 'SMALL', 'ADMORE', '250|500|750|1000|1500|2000|2500|3000|4000|5000|7500|10000', '225.0|225.0|243.0|261.0|293.0|324.0|356.0|386.0|450.0|513.0|668.0|828.0', '2017-07-18 12:00:00', '2017-07-18 12:00:00', '2017-07-18 12:00:00', '2017-07-18 12:00:00');
INSERT INTO `qc_attribute_value` (`ATTRIBUTE_VALUE_ID`, `ATTRIBUTE_ID`, `STYLE_GROUP_ID`, `VENDOR_ID`, `QUANTITY_BREAK`, `VOLUME_PRICE`, `LAST_UPDATED_STAMP`, `LAST_UPDATED_TX_STAMP`, `CREATED_STAMP`, `CREATED_TX_STAMP`) VALUES ('153',  'GROUP_A_STOCKS', 'SMALL', 'ADMORE', '250|500|750|1000|1500|2000|2500|3000|4000|5000|7500|10000', '8.0|11.0|15.0|19.0|27.0|36.0|43.0|49.0|65.0|81.0|115.0|153.0', '2017-07-18 12:00:00', '2017-07-18 12:00:00', '2017-07-18 12:00:00', '2017-07-18 12:00:00');
INSERT INTO `qc_attribute_value` (`ATTRIBUTE_VALUE_ID`, `ATTRIBUTE_ID`, `STYLE_GROUP_ID`, `VENDOR_ID`, `QUANTITY_BREAK`, `VOLUME_PRICE`, `LAST_UPDATED_STAMP`, `LAST_UPDATED_TX_STAMP`, `CREATED_STAMP`, `CREATED_TX_STAMP`) VALUES ('154',  'GROUP_B_STOCKS', 'SMALL', 'ADMORE', '250|500|750|1000|1500|2000|2500|3000|4000|5000|7500|10000', '14.0|20.0|27.0|34.0|49.0|63.0|77.0|89.0|117.0|144.0|209.0|270.0', '2017-07-18 12:00:00', '2017-07-18 12:00:00', '2017-07-18 12:00:00', '2017-07-18 12:00:00');
INSERT INTO `qc_attribute_value` (`ATTRIBUTE_VALUE_ID`, `ATTRIBUTE_ID`, `STYLE_GROUP_ID`, `VENDOR_ID`, `QUANTITY_BREAK`, `VOLUME_PRICE`, `LAST_UPDATED_STAMP`, `LAST_UPDATED_TX_STAMP`, `CREATED_STAMP`, `CREATED_TX_STAMP`) VALUES ('155',  'GROUP_C_STOCKS', 'SMALL', 'ADMORE', '250|500|750|1000|1500|2000|2500|3000|4000|5000|7500|10000', '21.0|30.0|41.0|52.0|74.0|95.0|117.0|135.0|178.0|221.0|317.0|414.0', '2017-07-18 12:00:00', '2017-07-18 12:00:00', '2017-07-18 12:00:00', '2017-07-18 12:00:00');
INSERT INTO `qc_attribute_value` (`ATTRIBUTE_VALUE_ID`, `ATTRIBUTE_ID`, `STYLE_GROUP_ID`, `VENDOR_ID`, `QUANTITY_BREAK`, `VOLUME_PRICE`, `LAST_UPDATED_STAMP`, `LAST_UPDATED_TX_STAMP`, `CREATED_STAMP`, `CREATED_TX_STAMP`) VALUES ('156',  'GROUP_D_STOCKS', 'SMALL', 'ADMORE', '250|500|750|1000|1500|2000|2500|3000|4000|5000|7500|10000', '35.0|50.0|68.0|87.0|123.0|158.0|191.0|224.0|293.0|360.0|527.0|684.0', '2017-07-18 12:00:00', '2017-07-18 12:00:00', '2017-07-18 12:00:00', '2017-07-18 12:00:00');
INSERT INTO `qc_attribute_value` (`ATTRIBUTE_VALUE_ID`, `ATTRIBUTE_ID`, `STYLE_GROUP_ID`, `VENDOR_ID`, `QUANTITY_BREAK`, `VOLUME_PRICE`, `LAST_UPDATED_STAMP`, `LAST_UPDATED_TX_STAMP`, `CREATED_STAMP`, `CREATED_TX_STAMP`) VALUES ('157',  'AQUEOUS_CHOICE', 'SMALL', 'ADMORE', '250|500|750|1000|1500|2000|2500|3000|4000|5000|7500|10000', '0.0|0.0|0.0|0.0|0.0|0.0|0.0|0.0|0.0|0.0|0.0|0.0', '2017-07-18 12:00:00', '2017-07-18 12:00:00', '2017-07-18 12:00:00', '2017-07-18 12:00:00');
INSERT INTO `qc_attribute_value` (`ATTRIBUTE_VALUE_ID`, `ATTRIBUTE_ID`, `STYLE_GROUP_ID`, `VENDOR_ID`, `QUANTITY_BREAK`, `VOLUME_PRICE`, `LAST_UPDATED_STAMP`, `LAST_UPDATED_TX_STAMP`, `CREATED_STAMP`, `CREATED_TX_STAMP`) VALUES ('158',  'AQUEOUS_GLOSS', 'SMALL', 'ADMORE', '250|500|750|1000|1500|2000|2500|3000|4000|5000|7500|10000', '0.0|0.0|0.0|0.0|0.0|0.0|0.0|0.0|0.0|0.0|0.0|0.0', '2017-07-18 12:00:00', '2017-07-18 12:00:00', '2017-07-18 12:00:00', '2017-07-18 12:00:00');
INSERT INTO `qc_attribute_value` (`ATTRIBUTE_VALUE_ID`, `ATTRIBUTE_ID`, `STYLE_GROUP_ID`, `VENDOR_ID`, `QUANTITY_BREAK`, `VOLUME_PRICE`, `LAST_UPDATED_STAMP`, `LAST_UPDATED_TX_STAMP`, `CREATED_STAMP`, `CREATED_TX_STAMP`) VALUES ('159',  'AQUEOUS_MATTE', 'SMALL', 'ADMORE', '250|500|750|1000|1500|2000|2500|3000|4000|5000|7500|10000', '0.0|0.0|0.0|0.0|0.0|0.0|0.0|0.0|0.0|0.0|0.0|0.0', '2017-07-18 12:00:00', '2017-07-18 12:00:00', '2017-07-18 12:00:00', '2017-07-18 12:00:00');
INSERT INTO `qc_attribute_value` (`ATTRIBUTE_VALUE_ID`, `ATTRIBUTE_ID`, `STYLE_GROUP_ID`, `VENDOR_ID`, `QUANTITY_BREAK`, `VOLUME_PRICE`, `LAST_UPDATED_STAMP`, `LAST_UPDATED_TX_STAMP`, `CREATED_STAMP`, `CREATED_TX_STAMP`) VALUES ('160',  'AQUEOUS_SATIN', 'SMALL', 'ADMORE', '250|500|750|1000|1500|2000|2500|3000|4000|5000|7500|10000', '0.0|0.0|0.0|0.0|0.0|0.0|0.0|0.0|0.0|0.0|0.0|0.0', '2017-07-18 12:00:00', '2017-07-18 12:00:00', '2017-07-18 12:00:00', '2017-07-18 12:00:00');
INSERT INTO `qc_attribute_value` (`ATTRIBUTE_VALUE_ID`, `ATTRIBUTE_ID`, `STYLE_GROUP_ID`, `VENDOR_ID`, `QUANTITY_BREAK`, `VOLUME_PRICE`, `LAST_UPDATED_STAMP`, `LAST_UPDATED_TX_STAMP`, `CREATED_STAMP`, `CREATED_TX_STAMP`) VALUES ('161',  'AQUEOUS_SOFT_TOUCH', 'SMALL', 'ADMORE', '250|500|750|1000|1500|2000|2500|3000|4000|5000|7500|10000', '126.0|141.0|153.0|164.0|178.0|193.0|221.0|240.0|257.0|275.0|378.0|459.0', '2017-07-18 12:00:00', '2017-07-18 12:00:00', '2017-07-18 12:00:00', '2017-07-18 12:00:00');
INSERT INTO `qc_attribute_value` (`ATTRIBUTE_VALUE_ID`, `ATTRIBUTE_ID`, `STYLE_GROUP_ID`, `VENDOR_ID`, `QUANTITY_BREAK`, `VOLUME_PRICE`, `LAST_UPDATED_STAMP`, `LAST_UPDATED_TX_STAMP`, `CREATED_STAMP`, `CREATED_TX_STAMP`) VALUES ('162',  'ITEM_UPCHARGE', 'SMALL', 'ADMORE', '250|500|750|1000|1500|2000|2500|3000|4000|5000|7500|10000', '42.0|56.0|83.0|110.0|162.0|214.0|268.0|319.0|411.0|504.0|743.0|909.0', '2017-07-18 12:00:00', '2017-07-18 12:00:00', '2017-07-18 12:00:00', '2017-07-18 12:00:00');
INSERT INTO `qc_attribute_value` (`ATTRIBUTE_VALUE_ID`, `ATTRIBUTE_ID`, `STYLE_GROUP_ID`, `VENDOR_ID`, `QUANTITY_BREAK`, `VOLUME_PRICE`, `LAST_UPDATED_STAMP`, `LAST_UPDATED_TX_STAMP`, `CREATED_STAMP`, `CREATED_TX_STAMP`) VALUES ('163',  '', 'SMALL', 'ADMORE', '250|500|750|1000|1500|2000|2500|3000|4000|5000|7500|10000', '', '2017-07-18 12:00:00', '2017-07-18 12:00:00', '2017-07-18 12:00:00', '2017-07-18 12:00:00');
INSERT INTO `qc_attribute_value` (`ATTRIBUTE_VALUE_ID`, `ATTRIBUTE_ID`, `STYLE_GROUP_ID`, `VENDOR_ID`, `QUANTITY_BREAK`, `VOLUME_PRICE`, `LAST_UPDATED_STAMP`, `LAST_UPDATED_TX_STAMP`, `CREATED_STAMP`, `CREATED_TX_STAMP`) VALUES ('164',  'PRINT_1C', 'CARD', 'ADMORE', '1000|1500|2000|2500|3000|5000|7500|10000', '266.0|366.0|445.0|497.0|586.0|671.0|952.0|1071.0', '2017-07-18 12:00:00', '2017-07-18 12:00:00', '2017-07-18 12:00:00', '2017-07-18 12:00:00');
INSERT INTO `qc_attribute_value` (`ATTRIBUTE_VALUE_ID`, `ATTRIBUTE_ID`, `STYLE_GROUP_ID`, `VENDOR_ID`, `QUANTITY_BREAK`, `VOLUME_PRICE`, `LAST_UPDATED_STAMP`, `LAST_UPDATED_TX_STAMP`, `CREATED_STAMP`, `CREATED_TX_STAMP`) VALUES ('165',  'PRINT_4C', 'CARD', 'ADMORE', '1000|1500|2000|2500|3000|5000|7500|10000', '697.0|780.0|828.0|864.0|948.0|1053.0|1303.0|1611.0', '2017-07-18 12:00:00', '2017-07-18 12:00:00', '2017-07-18 12:00:00', '2017-07-18 12:00:00');
INSERT INTO `qc_attribute_value` (`ATTRIBUTE_VALUE_ID`, `ATTRIBUTE_ID`, `STYLE_GROUP_ID`, `VENDOR_ID`, `QUANTITY_BREAK`, `VOLUME_PRICE`, `LAST_UPDATED_STAMP`, `LAST_UPDATED_TX_STAMP`, `CREATED_STAMP`, `CREATED_TX_STAMP`) VALUES ('166',  'FOIL_STAMP_BASE', 'CARD', 'ADMORE', '1000|1500|2000|2500|3000|5000|7500|10000', '391.0|429.0|454.0|491.0|570.0|698.0|992.0|1260.0', '2017-07-18 12:00:00', '2017-07-18 12:00:00', '2017-07-18 12:00:00', '2017-07-18 12:00:00');
INSERT INTO `qc_attribute_value` (`ATTRIBUTE_VALUE_ID`, `ATTRIBUTE_ID`, `STYLE_GROUP_ID`, `VENDOR_ID`, `QUANTITY_BREAK`, `VOLUME_PRICE`, `LAST_UPDATED_STAMP`, `LAST_UPDATED_TX_STAMP`, `CREATED_STAMP`, `CREATED_TX_STAMP`) VALUES ('167',  'EMBOSS_BASE', 'CARD', 'ADMORE', '1000|1500|2000|2500|3000|5000|7500|10000', '391.0|429.0|454.0|491.0|570.0|698.0|992.0|1260.0', '2017-07-18 12:00:00', '2017-07-18 12:00:00', '2017-07-18 12:00:00', '2017-07-18 12:00:00');
INSERT INTO `qc_attribute_value` (`ATTRIBUTE_VALUE_ID`, `ATTRIBUTE_ID`, `STYLE_GROUP_ID`, `VENDOR_ID`, `QUANTITY_BREAK`, `VOLUME_PRICE`, `LAST_UPDATED_STAMP`, `LAST_UPDATED_TX_STAMP`, `CREATED_STAMP`, `CREATED_TX_STAMP`) VALUES ('168',  'ADDITIONAL_COLOR_PER_SIDE', 'CARD', 'ADMORE', '1000|1500|2000|2500|3000|5000|7500|10000', '79.0|86.0|94.0|101.0|108.0|122.0|142.0|144.0', '2017-07-18 12:00:00', '2017-07-18 12:00:00', '2017-07-18 12:00:00', '2017-07-18 12:00:00');
INSERT INTO `qc_attribute_value` (`ATTRIBUTE_VALUE_ID`, `ATTRIBUTE_ID`, `STYLE_GROUP_ID`, `VENDOR_ID`, `QUANTITY_BREAK`, `VOLUME_PRICE`, `LAST_UPDATED_STAMP`, `LAST_UPDATED_TX_STAMP`, `CREATED_STAMP`, `CREATED_TX_STAMP`) VALUES ('169',  'HEAVY_COVERAGE_PER_SIDE', 'CARD', 'ADMORE', '1000|1500|2000|2500|3000|5000|7500|10000', '79.0|86.0|94.0|101.0|108.0|122.0|142.0|144.0', '2017-07-18 12:00:00', '2017-07-18 12:00:00', '2017-07-18 12:00:00', '2017-07-18 12:00:00');
INSERT INTO `qc_attribute_value` (`ATTRIBUTE_VALUE_ID`, `ATTRIBUTE_ID`, `STYLE_GROUP_ID`, `VENDOR_ID`, `QUANTITY_BREAK`, `VOLUME_PRICE`, `LAST_UPDATED_STAMP`, `LAST_UPDATED_TX_STAMP`, `CREATED_STAMP`, `CREATED_TX_STAMP`) VALUES ('170',  'GROUP_A_STOCKS', 'CARD', 'ADMORE', '1000|1500|2000|2500|3000|5000|7500|10000', '19.0|27.0|36.0|43.0|49.0|81.0|115.0|153.0', '2017-07-18 12:00:00', '2017-07-18 12:00:00', '2017-07-18 12:00:00', '2017-07-18 12:00:00');
INSERT INTO `qc_attribute_value` (`ATTRIBUTE_VALUE_ID`, `ATTRIBUTE_ID`, `STYLE_GROUP_ID`, `VENDOR_ID`, `QUANTITY_BREAK`, `VOLUME_PRICE`, `LAST_UPDATED_STAMP`, `LAST_UPDATED_TX_STAMP`, `CREATED_STAMP`, `CREATED_TX_STAMP`) VALUES ('171',  'GROUP_B_STOCKS', 'CARD', 'ADMORE', '1000|1500|2000|2500|3000|5000|7500|10000', '34.0|49.0|63.0|77.0|89.0|144.0|209.0|270.0', '2017-07-18 12:00:00', '2017-07-18 12:00:00', '2017-07-18 12:00:00', '2017-07-18 12:00:00');
INSERT INTO `qc_attribute_value` (`ATTRIBUTE_VALUE_ID`, `ATTRIBUTE_ID`, `STYLE_GROUP_ID`, `VENDOR_ID`, `QUANTITY_BREAK`, `VOLUME_PRICE`, `LAST_UPDATED_STAMP`, `LAST_UPDATED_TX_STAMP`, `CREATED_STAMP`, `CREATED_TX_STAMP`) VALUES ('172',  'GROUP_C_STOCKS', 'CARD', 'ADMORE', '1000|1500|2000|2500|3000|5000|7500|10000', '52.0|74.0|95.0|117.0|135.0|221.0|317.0|414.0', '2017-07-18 12:00:00', '2017-07-18 12:00:00', '2017-07-18 12:00:00', '2017-07-18 12:00:00');
INSERT INTO `qc_attribute_value` (`ATTRIBUTE_VALUE_ID`, `ATTRIBUTE_ID`, `STYLE_GROUP_ID`, `VENDOR_ID`, `QUANTITY_BREAK`, `VOLUME_PRICE`, `LAST_UPDATED_STAMP`, `LAST_UPDATED_TX_STAMP`, `CREATED_STAMP`, `CREATED_TX_STAMP`) VALUES ('173',  'GROUP_D_STOCKS', 'CARD', 'ADMORE', '1000|1500|2000|2500|3000|5000|7500|10000', '87.0|123.0|158.0|191.0|224.0|360.0|527.0|684.0', '2017-07-18 12:00:00', '2017-07-18 12:00:00', '2017-07-18 12:00:00', '2017-07-18 12:00:00');
INSERT INTO `qc_attribute_value` (`ATTRIBUTE_VALUE_ID`, `ATTRIBUTE_ID`, `STYLE_GROUP_ID`, `VENDOR_ID`, `QUANTITY_BREAK`, `VOLUME_PRICE`, `LAST_UPDATED_STAMP`, `LAST_UPDATED_TX_STAMP`, `CREATED_STAMP`, `CREATED_TX_STAMP`) VALUES ('174',  'AQUEOUS_CHOICE', 'CARD', 'ADMORE', '1000|1500|2000|2500|3000|5000|7500|10000', '0.0|0.0|0.0|0.0|0.0|0.0|0.0|0.0', '2017-07-18 12:00:00', '2017-07-18 12:00:00', '2017-07-18 12:00:00', '2017-07-18 12:00:00');
INSERT INTO `qc_attribute_value` (`ATTRIBUTE_VALUE_ID`, `ATTRIBUTE_ID`, `STYLE_GROUP_ID`, `VENDOR_ID`, `QUANTITY_BREAK`, `VOLUME_PRICE`, `LAST_UPDATED_STAMP`, `LAST_UPDATED_TX_STAMP`, `CREATED_STAMP`, `CREATED_TX_STAMP`) VALUES ('175',  'AQUEOUS_GLOSS', 'CARD', 'ADMORE', '1000|1500|2000|2500|3000|5000|7500|10000', '0.0|0.0|0.0|0.0|0.0|0.0|0.0|0.0', '2017-07-18 12:00:00', '2017-07-18 12:00:00', '2017-07-18 12:00:00', '2017-07-18 12:00:00');
INSERT INTO `qc_attribute_value` (`ATTRIBUTE_VALUE_ID`, `ATTRIBUTE_ID`, `STYLE_GROUP_ID`, `VENDOR_ID`, `QUANTITY_BREAK`, `VOLUME_PRICE`, `LAST_UPDATED_STAMP`, `LAST_UPDATED_TX_STAMP`, `CREATED_STAMP`, `CREATED_TX_STAMP`) VALUES ('176',  'AQUEOUS_MATTE', 'CARD', 'ADMORE', '1000|1500|2000|2500|3000|5000|7500|10000', '0.0|0.0|0.0|0.0|0.0|0.0|0.0|0.0', '2017-07-18 12:00:00', '2017-07-18 12:00:00', '2017-07-18 12:00:00', '2017-07-18 12:00:00');
INSERT INTO `qc_attribute_value` (`ATTRIBUTE_VALUE_ID`, `ATTRIBUTE_ID`, `STYLE_GROUP_ID`, `VENDOR_ID`, `QUANTITY_BREAK`, `VOLUME_PRICE`, `LAST_UPDATED_STAMP`, `LAST_UPDATED_TX_STAMP`, `CREATED_STAMP`, `CREATED_TX_STAMP`) VALUES ('177',  'AQUEOUS_SATIN', 'CARD', 'ADMORE', '1000|1500|2000|2500|3000|5000|7500|10000', '0.0|0.0|0.0|0.0|0.0|0.0|0.0|0.0', '2017-07-18 12:00:00', '2017-07-18 12:00:00', '2017-07-18 12:00:00', '2017-07-18 12:00:00');
INSERT INTO `qc_attribute_value` (`ATTRIBUTE_VALUE_ID`, `ATTRIBUTE_ID`, `STYLE_GROUP_ID`, `VENDOR_ID`, `QUANTITY_BREAK`, `VOLUME_PRICE`, `LAST_UPDATED_STAMP`, `LAST_UPDATED_TX_STAMP`, `CREATED_STAMP`, `CREATED_TX_STAMP`) VALUES ('178',  'PRINT_1C', 'FILE', 'ADMORE', '250|500|750|1000|1500|2000|2500|3000|4000|5000|7500|10000', '248.0|267.0|320.0|372.0|460.0|567.0|671.0|772.0|944.0|1116.0|1519.0|1818.0', '2017-07-18 12:00:00', '2017-07-18 12:00:00', '2017-07-18 12:00:00', '2017-07-18 12:00:00');
INSERT INTO `qc_attribute_value` (`ATTRIBUTE_VALUE_ID`, `ATTRIBUTE_ID`, `STYLE_GROUP_ID`, `VENDOR_ID`, `QUANTITY_BREAK`, `VOLUME_PRICE`, `LAST_UPDATED_STAMP`, `LAST_UPDATED_TX_STAMP`, `CREATED_STAMP`, `CREATED_TX_STAMP`) VALUES ('179',  'PRINT_4C', 'FILE', 'ADMORE', '250|500|750|1000|1500|2000|2500|3000|4000|5000|7500|10000', '303.0|360.0|430.0|500.0|643.0|751.0|853.0|945.0|1134.0|1323.0|1735.0|2025.0', '2017-07-18 12:00:00', '2017-07-18 12:00:00', '2017-07-18 12:00:00', '2017-07-18 12:00:00');
INSERT INTO `qc_attribute_value` (`ATTRIBUTE_VALUE_ID`, `ATTRIBUTE_ID`, `STYLE_GROUP_ID`, `VENDOR_ID`, `QUANTITY_BREAK`, `VOLUME_PRICE`, `LAST_UPDATED_STAMP`, `LAST_UPDATED_TX_STAMP`, `CREATED_STAMP`, `CREATED_TX_STAMP`) VALUES ('180',  'FOIL_STAMP_BASE', 'FILE', 'ADMORE', '250|500|750|1000|1500|2000|2500|3000|4000|5000|7500|10000', '198.0|261.0|314.0|367.0|460.0|605.0|727.0|840.0|1050.0|1260.0|1775.0|2223.0', '2017-07-18 12:00:00', '2017-07-18 12:00:00', '2017-07-18 12:00:00', '2017-07-18 12:00:00');
INSERT INTO `qc_attribute_value` (`ATTRIBUTE_VALUE_ID`, `ATTRIBUTE_ID`, `STYLE_GROUP_ID`, `VENDOR_ID`, `QUANTITY_BREAK`, `VOLUME_PRICE`, `LAST_UPDATED_STAMP`, `LAST_UPDATED_TX_STAMP`, `CREATED_STAMP`, `CREATED_TX_STAMP`) VALUES ('181',  'EMBOSS_BASE', 'FILE', 'ADMORE', '250|500|750|1000|1500|2000|2500|3000|4000|5000|7500|10000', '198.0|261.0|314.0|367.0|460.0|605.0|727.0|840.0|1050.0|1260.0|1775.0|2223.0', '2017-07-18 12:00:00', '2017-07-18 12:00:00', '2017-07-18 12:00:00', '2017-07-18 12:00:00');
INSERT INTO `qc_attribute_value` (`ATTRIBUTE_VALUE_ID`, `ATTRIBUTE_ID`, `STYLE_GROUP_ID`, `VENDOR_ID`, `QUANTITY_BREAK`, `VOLUME_PRICE`, `LAST_UPDATED_STAMP`, `LAST_UPDATED_TX_STAMP`, `CREATED_STAMP`, `CREATED_TX_STAMP`) VALUES ('182',  'ADDITIONAL_COLOR_PER_SIDE', 'FILE', 'ADMORE', '250|500|750|1000|1500|2000|2500|3000|4000|5000|7500|10000', '79.0|88.0|95.0|102.0|111.0|130.0|149.0|162.0|174.0|185.0|257.0|315.0', '2017-07-18 12:00:00', '2017-07-18 12:00:00', '2017-07-18 12:00:00', '2017-07-18 12:00:00');
INSERT INTO `qc_attribute_value` (`ATTRIBUTE_VALUE_ID`, `ATTRIBUTE_ID`, `STYLE_GROUP_ID`, `VENDOR_ID`, `QUANTITY_BREAK`, `VOLUME_PRICE`, `LAST_UPDATED_STAMP`, `LAST_UPDATED_TX_STAMP`, `CREATED_STAMP`, `CREATED_TX_STAMP`) VALUES ('183',  'ITEM_UPCHARGE', 'FILE', 'ADMORE', '250|500|750|1000|1500|2000|2500|3000|4000|5000|7500|10000', '23.0|37.0|53.0|69.0|97.0|112.0|131.0|140.0|151.0|162.0|209.0|252.0', '2017-07-18 12:00:00', '2017-07-18 12:00:00', '2017-07-18 12:00:00', '2017-07-18 12:00:00');
INSERT INTO `qc_attribute_value` (`ATTRIBUTE_VALUE_ID`, `ATTRIBUTE_ID`, `STYLE_GROUP_ID`, `VENDOR_ID`, `QUANTITY_BREAK`, `VOLUME_PRICE`, `LAST_UPDATED_STAMP`, `LAST_UPDATED_TX_STAMP`, `CREATED_STAMP`, `CREATED_TX_STAMP`) VALUES ('184',  'ITEM_UPCHARGE', 'FILE', 'ADMORE', '250|500|750|1000|1500|2000|2500|3000|4000|5000|7500|10000', '228.0|273.0|318.0|363.0|466.0|617.0|684.0|716.0|804.0|891.0|1235.0|1557.0', '2017-07-18 12:00:00', '2017-07-18 12:00:00', '2017-07-18 12:00:00', '2017-07-18 12:00:00');
INSERT INTO `qc_attribute_value` (`ATTRIBUTE_VALUE_ID`, `ATTRIBUTE_ID`, `STYLE_GROUP_ID`, `VENDOR_ID`, `QUANTITY_BREAK`, `VOLUME_PRICE`, `LAST_UPDATED_STAMP`, `LAST_UPDATED_TX_STAMP`, `CREATED_STAMP`, `CREATED_TX_STAMP`) VALUES ('185',  'ITEM_UPCHARGE', 'FILE', 'ADMORE', '250|500|750|1000|1500|2000|2500|3000|4000|5000|7500|10000', '286.0|381.0|466.0|552.0|725.0|963.0|1116.0|1234.0|1495.0|1755.0|2531.0|3285.0', '2017-07-18 12:00:00', '2017-07-18 12:00:00', '2017-07-18 12:00:00', '2017-07-18 12:00:00');
INSERT INTO `qc_attribute_value` (`ATTRIBUTE_VALUE_ID`, `ATTRIBUTE_ID`, `STYLE_GROUP_ID`, `VENDOR_ID`, `QUANTITY_BREAK`, `VOLUME_PRICE`, `LAST_UPDATED_STAMP`, `LAST_UPDATED_TX_STAMP`, `CREATED_STAMP`, `CREATED_TX_STAMP`) VALUES ('186',  'PRINT_1C', 'CERTIFICATE', 'ADMORE', '250|500|750|1000|1500|2000|2500|3000|4000|5000|7500|10000', '222.0|230.0|268.0|307.0|369.0|448.0|527.0|605.0|725.0|846.0|1127.0|1296.0', '2017-07-18 12:00:00', '2017-07-18 12:00:00', '2017-07-18 12:00:00', '2017-07-18 12:00:00');
INSERT INTO `qc_attribute_value` (`ATTRIBUTE_VALUE_ID`, `ATTRIBUTE_ID`, `STYLE_GROUP_ID`, `VENDOR_ID`, `QUANTITY_BREAK`, `VOLUME_PRICE`, `LAST_UPDATED_STAMP`, `LAST_UPDATED_TX_STAMP`, `CREATED_STAMP`, `CREATED_TX_STAMP`) VALUES ('187',  'PRINT_4C', 'CERTIFICATE', 'ADMORE', '250|500|750|1000|1500|2000|2500|3000|4000|5000|7500|10000', '277.0|324.0|379.0|435.0|551.0|632.0|709.0|778.0|915.0|1053.0|1343.0|1503.0', '2017-07-18 12:00:00', '2017-07-18 12:00:00', '2017-07-18 12:00:00', '2017-07-18 12:00:00');
INSERT INTO `qc_attribute_value` (`ATTRIBUTE_VALUE_ID`, `ATTRIBUTE_ID`, `STYLE_GROUP_ID`, `VENDOR_ID`, `QUANTITY_BREAK`, `VOLUME_PRICE`, `LAST_UPDATED_STAMP`, `LAST_UPDATED_TX_STAMP`, `CREATED_STAMP`, `CREATED_TX_STAMP`) VALUES ('188',  'FOIL_STAMP_BASE', 'CERTIFICATE', 'ADMORE', '250|500|750|1000|1500|2000|2500|3000|4000|5000|7500|10000', '171.0|225.0|264.0|302.0|369.0|486.0|585.0|672.0|832.0|990.0|1384.0|1701.0', '2017-07-18 12:00:00', '2017-07-18 12:00:00', '2017-07-18 12:00:00', '2017-07-18 12:00:00');
INSERT INTO `qc_attribute_value` (`ATTRIBUTE_VALUE_ID`, `ATTRIBUTE_ID`, `STYLE_GROUP_ID`, `VENDOR_ID`, `QUANTITY_BREAK`, `VOLUME_PRICE`, `LAST_UPDATED_STAMP`, `LAST_UPDATED_TX_STAMP`, `CREATED_STAMP`, `CREATED_TX_STAMP`) VALUES ('189',  'EMBOSS_BASE', 'CERTIFICATE', 'ADMORE', '250|500|750|1000|1500|2000|2500|3000|4000|5000|7500|10000', '171.0|225.0|264.0|302.0|369.0|486.0|585.0|672.0|832.0|990.0|1384.0|1701.0', '2017-07-18 12:00:00', '2017-07-18 12:00:00', '2017-07-18 12:00:00', '2017-07-18 12:00:00');
INSERT INTO `qc_attribute_value` (`ATTRIBUTE_VALUE_ID`, `ATTRIBUTE_ID`, `STYLE_GROUP_ID`, `VENDOR_ID`, `QUANTITY_BREAK`, `VOLUME_PRICE`, `LAST_UPDATED_STAMP`, `LAST_UPDATED_TX_STAMP`, `CREATED_STAMP`, `CREATED_TX_STAMP`) VALUES ('190',  'ADDITIONAL_COLOR_PER_SIDE', 'CERTIFICATE', 'ADMORE', '250|500|750|1000|1500|2000|2500|3000|4000|5000|7500|10000', '79.0|88.0|95.0|102.0|111.0|130.0|149.0|162.0|174.0|185.0|257.0|315.0', '2017-07-18 12:00:00', '2017-07-18 12:00:00', '2017-07-18 12:00:00', '2017-07-18 12:00:00');
INSERT INTO `qc_attribute_value` (`ATTRIBUTE_VALUE_ID`, `ATTRIBUTE_ID`, `STYLE_GROUP_ID`, `VENDOR_ID`, `QUANTITY_BREAK`, `VOLUME_PRICE`, `LAST_UPDATED_STAMP`, `LAST_UPDATED_TX_STAMP`, `CREATED_STAMP`, `CREATED_TX_STAMP`) VALUES ('191',  'HEAVY_COVERAGE_PER_SIDE', 'CERTIFICATE', 'ADMORE', '250|500|750|1000|1500|2000|2500|3000|4000|5000|7500|10000', '79.0|88.0|95.0|102.0|111.0|130.0|149.0|162.0|174.0|185.0|257.0|315.0', '2017-07-18 12:00:00', '2017-07-18 12:00:00', '2017-07-18 12:00:00', '2017-07-18 12:00:00');
INSERT INTO `qc_attribute_value` (`ATTRIBUTE_VALUE_ID`, `ATTRIBUTE_ID`, `STYLE_GROUP_ID`, `VENDOR_ID`, `QUANTITY_BREAK`, `VOLUME_PRICE`, `LAST_UPDATED_STAMP`, `LAST_UPDATED_TX_STAMP`, `CREATED_STAMP`, `CREATED_TX_STAMP`) VALUES ('192',  'GROUP_A_STOCKS', 'CERTIFICATE', 'ADMORE', '250|500|750|1000|1500|2000|2500|3000|4000|5000|7500|10000', '26.0|36.0|50.0|64.0|90.0|117.0|142.0|165.0|215.0|266.0|385.0|513.0', '2017-07-18 12:00:00', '2017-07-18 12:00:00', '2017-07-18 12:00:00', '2017-07-18 12:00:00');
INSERT INTO `qc_attribute_value` (`ATTRIBUTE_VALUE_ID`, `ATTRIBUTE_ID`, `STYLE_GROUP_ID`, `VENDOR_ID`, `QUANTITY_BREAK`, `VOLUME_PRICE`, `LAST_UPDATED_STAMP`, `LAST_UPDATED_TX_STAMP`, `CREATED_STAMP`, `CREATED_TX_STAMP`) VALUES ('193',  'GROUP_B_STOCKS', 'CERTIFICATE', 'ADMORE', '250|500|750|1000|1500|2000|2500|3000|4000|5000|7500|10000', '40.0|58.0|80.0|102.0|143.0|185.0|225.0|262.0|343.0|423.0|608.0|801.0', '2017-07-18 12:00:00', '2017-07-18 12:00:00', '2017-07-18 12:00:00', '2017-07-18 12:00:00');
INSERT INTO `qc_attribute_value` (`ATTRIBUTE_VALUE_ID`, `ATTRIBUTE_ID`, `STYLE_GROUP_ID`, `VENDOR_ID`, `QUANTITY_BREAK`, `VOLUME_PRICE`, `LAST_UPDATED_STAMP`, `LAST_UPDATED_TX_STAMP`, `CREATED_STAMP`, `CREATED_TX_STAMP`) VALUES ('194',  'GROUP_C_STOCKS', 'CERTIFICATE', 'ADMORE', '250|500|750|1000|1500|2000|2500|3000|4000|5000|7500|10000', '61.0|88.0|122.0|155.0|217.0|283.0|342.0|397.0|520.0|644.0|932.0|1224.0', '2017-07-18 12:00:00', '2017-07-18 12:00:00', '2017-07-18 12:00:00', '2017-07-18 12:00:00');
INSERT INTO `qc_attribute_value` (`ATTRIBUTE_VALUE_ID`, `ATTRIBUTE_ID`, `STYLE_GROUP_ID`, `VENDOR_ID`, `QUANTITY_BREAK`, `VOLUME_PRICE`, `LAST_UPDATED_STAMP`, `LAST_UPDATED_TX_STAMP`, `CREATED_STAMP`, `CREATED_TX_STAMP`) VALUES ('195',  'GROUP_D_STOCKS', 'CERTIFICATE', 'ADMORE', '250|500|750|1000|1500|2000|2500|3000|4000|5000|7500|10000', '91.0|131.0|180.0|230.0|323.0|418.0|504.0|589.0|770.0|950.0|1377.0|1809.0', '2017-07-18 12:00:00', '2017-07-18 12:00:00', '2017-07-18 12:00:00', '2017-07-18 12:00:00');
INSERT INTO `qc_attribute_value` (`ATTRIBUTE_VALUE_ID`, `ATTRIBUTE_ID`, `STYLE_GROUP_ID`, `VENDOR_ID`, `QUANTITY_BREAK`, `VOLUME_PRICE`, `LAST_UPDATED_STAMP`, `LAST_UPDATED_TX_STAMP`, `CREATED_STAMP`, `CREATED_TX_STAMP`) VALUES ('196',  'AQUEOUS_CHOICE', 'CERTIFICATE', 'ADMORE', '250|500|750|1000|1500|2000|2500|3000|4000|5000|7500|10000', '0.0|0.0|0.0|0.0|0.0|0.0|0.0|0.0|0.0|0.0|0.0|0.0', '2017-07-18 12:00:00', '2017-07-18 12:00:00', '2017-07-18 12:00:00', '2017-07-18 12:00:00');
INSERT INTO `qc_attribute_value` (`ATTRIBUTE_VALUE_ID`, `ATTRIBUTE_ID`, `STYLE_GROUP_ID`, `VENDOR_ID`, `QUANTITY_BREAK`, `VOLUME_PRICE`, `LAST_UPDATED_STAMP`, `LAST_UPDATED_TX_STAMP`, `CREATED_STAMP`, `CREATED_TX_STAMP`) VALUES ('197',  'AQUEOUS_GLOSS', 'CERTIFICATE', 'ADMORE', '250|500|750|1000|1500|2000|2500|3000|4000|5000|7500|10000', '0.0|0.0|0.0|0.0|0.0|0.0|0.0|0.0|0.0|0.0|0.0|0.0', '2017-07-18 12:00:00', '2017-07-18 12:00:00', '2017-07-18 12:00:00', '2017-07-18 12:00:00');
INSERT INTO `qc_attribute_value` (`ATTRIBUTE_VALUE_ID`, `ATTRIBUTE_ID`, `STYLE_GROUP_ID`, `VENDOR_ID`, `QUANTITY_BREAK`, `VOLUME_PRICE`, `LAST_UPDATED_STAMP`, `LAST_UPDATED_TX_STAMP`, `CREATED_STAMP`, `CREATED_TX_STAMP`) VALUES ('198',  'AQUEOUS_MATTE', 'CERTIFICATE', 'ADMORE', '250|500|750|1000|1500|2000|2500|3000|4000|5000|7500|10000', '0.0|0.0|0.0|0.0|0.0|0.0|0.0|0.0|0.0|0.0|0.0|0.0', '2017-07-18 12:00:00', '2017-07-18 12:00:00', '2017-07-18 12:00:00', '2017-07-18 12:00:00');
INSERT INTO `qc_attribute_value` (`ATTRIBUTE_VALUE_ID`, `ATTRIBUTE_ID`, `STYLE_GROUP_ID`, `VENDOR_ID`, `QUANTITY_BREAK`, `VOLUME_PRICE`, `LAST_UPDATED_STAMP`, `LAST_UPDATED_TX_STAMP`, `CREATED_STAMP`, `CREATED_TX_STAMP`) VALUES ('199',  'AQUEOUS_SATIN', 'CERTIFICATE', 'ADMORE', '250|500|750|1000|1500|2000|2500|3000|4000|5000|7500|10000', '0.0|0.0|0.0|0.0|0.0|0.0|0.0|0.0|0.0|0.0|0.0|0.0', '2017-07-18 12:00:00', '2017-07-18 12:00:00', '2017-07-18 12:00:00', '2017-07-18 12:00:00');
INSERT INTO `qc_attribute_value` (`ATTRIBUTE_VALUE_ID`, `ATTRIBUTE_ID`, `STYLE_GROUP_ID`, `VENDOR_ID`, `QUANTITY_BREAK`, `VOLUME_PRICE`, `LAST_UPDATED_STAMP`, `LAST_UPDATED_TX_STAMP`, `CREATED_STAMP`, `CREATED_TX_STAMP`) VALUES ('200',  'ITEM_UPCHARGE', 'CERTIFICATE', 'ADMORE', '250|500|750|1000|1500|2000|2500|3000|4000|5000|7500|10000', '14.0|28.0|38.0|47.0|70.0|94.0|117.0|140.0|187.0|234.0|351.0|468.0', '2017-07-18 12:00:00', '2017-07-18 12:00:00', '2017-07-18 12:00:00', '2017-07-18 12:00:00');

INSERT INTO `qc_style_attribute_value` (`STYLE_ID`, `ATTRIBUTE_VALUE_ID`, `LAST_UPDATED_STAMP`, `LAST_UPDATED_TX_STAMP`, `CREATED_STAMP`, `CREATED_TX_STAMP`) VALUES ('LS1-0806', '50', '2017-07-18 12:00:00', '2017-07-18 12:00:00', '2017-07-18 12:00:00', '2017-07-18 12:00:00');
INSERT INTO `qc_style_attribute_value` (`STYLE_ID`, `ATTRIBUTE_VALUE_ID`, `LAST_UPDATED_STAMP`, `LAST_UPDATED_TX_STAMP`, `CREATED_STAMP`, `CREATED_TX_STAMP`) VALUES ('SFIF-0808', '50', '2017-07-18 12:00:00', '2017-07-18 12:00:00', '2017-07-18 12:00:00', '2017-07-18 12:00:00');
INSERT INTO `qc_style_attribute_value` (`STYLE_ID`, `ATTRIBUTE_VALUE_ID`, `LAST_UPDATED_STAMP`, `LAST_UPDATED_TX_STAMP`, `CREATED_STAMP`, `CREATED_TX_STAMP`) VALUES ('VSRP-0830', '50', '2017-07-18 12:00:00', '2017-07-18 12:00:00', '2017-07-18 12:00:00', '2017-07-18 12:00:00');
INSERT INTO `qc_style_attribute_value` (`STYLE_ID`, `ATTRIBUTE_VALUE_ID`, `LAST_UPDATED_STAMP`, `LAST_UPDATED_TX_STAMP`, `CREATED_STAMP`, `CREATED_TX_STAMP`) VALUES ('VH-0832', '50', '2017-07-18 12:00:00', '2017-07-18 12:00:00', '2017-07-18 12:00:00', '2017-07-18 12:00:00');
INSERT INTO `qc_style_attribute_value` (`STYLE_ID`, `ATTRIBUTE_VALUE_ID`, `LAST_UPDATED_STAMP`, `LAST_UPDATED_TX_STAMP`, `CREATED_STAMP`, `CREATED_TX_STAMP`) VALUES ('SFTF-0855', '50', '2017-07-18 12:00:00', '2017-07-18 12:00:00', '2017-07-18 12:00:00', '2017-07-18 12:00:00');
INSERT INTO `qc_style_attribute_value` (`STYLE_ID`, `ATTRIBUTE_VALUE_ID`, `LAST_UPDATED_STAMP`, `LAST_UPDATED_TX_STAMP`, `CREATED_STAMP`, `CREATED_TX_STAMP`) VALUES ('AP-0861', '50', '2017-07-18 12:00:00', '2017-07-18 12:00:00', '2017-07-18 12:00:00', '2017-07-18 12:00:00');
INSERT INTO `qc_style_attribute_value` (`STYLE_ID`, `ATTRIBUTE_VALUE_ID`, `LAST_UPDATED_STAMP`, `LAST_UPDATED_TX_STAMP`, `CREATED_STAMP`, `CREATED_TX_STAMP`) VALUES ('WP-0880', '50', '2017-07-18 12:00:00', '2017-07-18 12:00:00', '2017-07-18 12:00:00', '2017-07-18 12:00:00');
INSERT INTO `qc_style_attribute_value` (`STYLE_ID`, `ATTRIBUTE_VALUE_ID`, `LAST_UPDATED_STAMP`, `LAST_UPDATED_TX_STAMP`, `CREATED_STAMP`, `CREATED_TX_STAMP`) VALUES ('SF-0882', '50', '2017-07-18 12:00:00', '2017-07-18 12:00:00', '2017-07-18 12:00:00', '2017-07-18 12:00:00');
INSERT INTO `qc_style_attribute_value` (`STYLE_ID`, `ATTRIBUTE_VALUE_ID`, `LAST_UPDATED_STAMP`, `LAST_UPDATED_TX_STAMP`, `CREATED_STAMP`, `CREATED_TX_STAMP`) VALUES ('HV-0857', '51', '2017-07-18 12:00:00', '2017-07-18 12:00:00', '2017-07-18 12:00:00', '2017-07-18 12:00:00');
INSERT INTO `qc_style_attribute_value` (`STYLE_ID`, `ATTRIBUTE_VALUE_ID`, `LAST_UPDATED_STAMP`, `LAST_UPDATED_TX_STAMP`, `CREATED_STAMP`, `CREATED_TX_STAMP`) VALUES ('HV-0859', '51', '2017-07-18 12:00:00', '2017-07-18 12:00:00', '2017-07-18 12:00:00', '2017-07-18 12:00:00');
INSERT INTO `qc_style_attribute_value` (`STYLE_ID`, `ATTRIBUTE_VALUE_ID`, `LAST_UPDATED_STAMP`, `LAST_UPDATED_TX_STAMP`, `CREATED_STAMP`, `CREATED_TX_STAMP`) VALUES ('3DLE-2813', '73', '2017-07-18 12:00:00', '2017-07-18 12:00:00', '2017-07-18 12:00:00', '2017-07-18 12:00:00');
INSERT INTO `qc_style_attribute_value` (`STYLE_ID`, `ATTRIBUTE_VALUE_ID`, `LAST_UPDATED_STAMP`, `LAST_UPDATED_TX_STAMP`, `CREATED_STAMP`, `CREATED_TX_STAMP`) VALUES ('RE-2971-TOP', '97', '2017-07-18 12:00:00', '2017-07-18 12:00:00', '2017-07-18 12:00:00', '2017-07-18 12:00:00');
INSERT INTO `qc_style_attribute_value` (`STYLE_ID`, `ATTRIBUTE_VALUE_ID`, `LAST_UPDATED_STAMP`, `LAST_UPDATED_TX_STAMP`, `CREATED_STAMP`, `CREATED_TX_STAMP`) VALUES ('VS-122', '119', '2017-07-18 12:00:00', '2017-07-18 12:00:00', '2017-07-18 12:00:00', '2017-07-18 12:00:00');
INSERT INTO `qc_style_attribute_value` (`STYLE_ID`, `ATTRIBUTE_VALUE_ID`, `LAST_UPDATED_STAMP`, `LAST_UPDATED_TX_STAMP`, `CREATED_STAMP`, `CREATED_TX_STAMP`) VALUES ('CST-0836', '120', '2017-07-18 12:00:00', '2017-07-18 12:00:00', '2017-07-18 12:00:00', '2017-07-18 12:00:00');
INSERT INTO `qc_style_attribute_value` (`STYLE_ID`, `ATTRIBUTE_VALUE_ID`, `LAST_UPDATED_STAMP`, `LAST_UPDATED_TX_STAMP`, `CREATED_STAMP`, `CREATED_TX_STAMP`) VALUES ('3DF-0853', '120', '2017-07-18 12:00:00', '2017-07-18 12:00:00', '2017-07-18 12:00:00', '2017-07-18 12:00:00');
INSERT INTO `qc_style_attribute_value` (`STYLE_ID`, `ATTRIBUTE_VALUE_ID`, `LAST_UPDATED_STAMP`, `LAST_UPDATED_TX_STAMP`, `CREATED_STAMP`, `CREATED_TX_STAMP`) VALUES ('3DF-143', '143', '2017-07-18 12:00:00', '2017-07-18 12:00:00', '2017-07-18 12:00:00', '2017-07-18 12:00:00');
INSERT INTO `qc_style_attribute_value` (`STYLE_ID`, `ATTRIBUTE_VALUE_ID`, `LAST_UPDATED_STAMP`, `LAST_UPDATED_TX_STAMP`, `CREATED_STAMP`, `CREATED_TX_STAMP`) VALUES ('TP-119', '143', '2017-07-18 12:00:00', '2017-07-18 12:00:00', '2017-07-18 12:00:00', '2017-07-18 12:00:00');
INSERT INTO `qc_style_attribute_value` (`STYLE_ID`, `ATTRIBUTE_VALUE_ID`, `LAST_UPDATED_STAMP`, `LAST_UPDATED_TX_STAMP`, `CREATED_STAMP`, `CREATED_TX_STAMP`) VALUES ('TPF-3808', '144', '2017-07-18 12:00:00', '2017-07-18 12:00:00', '2017-07-18 12:00:00', '2017-07-18 12:00:00');
INSERT INTO `qc_style_attribute_value` (`STYLE_ID`, `ATTRIBUTE_VALUE_ID`, `LAST_UPDATED_STAMP`, `LAST_UPDATED_TX_STAMP`, `CREATED_STAMP`, `CREATED_TX_STAMP`) VALUES ('MF-4810', '162', '2017-07-18 12:00:00', '2017-07-18 12:00:00', '2017-07-18 12:00:00', '2017-07-18 12:00:00');
INSERT INTO `qc_style_attribute_value` (`STYLE_ID`, `ATTRIBUTE_VALUE_ID`, `LAST_UPDATED_STAMP`, `LAST_UPDATED_TX_STAMP`, `CREATED_STAMP`, `CREATED_TX_STAMP`) VALUES ('MFTP-4834', '162', '2017-07-18 12:00:00', '2017-07-18 12:00:00', '2017-07-18 12:00:00', '2017-07-18 12:00:00');
INSERT INTO `qc_style_attribute_value` (`STYLE_ID`, `ATTRIBUTE_VALUE_ID`, `LAST_UPDATED_STAMP`, `LAST_UPDATED_TX_STAMP`, `CREATED_STAMP`, `CREATED_TX_STAMP`) VALUES ('MFTP-4831', '162', '2017-07-18 12:00:00', '2017-07-18 12:00:00', '2017-07-18 12:00:00', '2017-07-18 12:00:00');
INSERT INTO `qc_style_attribute_value` (`STYLE_ID`, `ATTRIBUTE_VALUE_ID`, `LAST_UPDATED_STAMP`, `LAST_UPDATED_TX_STAMP`, `CREATED_STAMP`, `CREATED_TX_STAMP`) VALUES ('MFC-4865', '162', '2017-07-18 12:00:00', '2017-07-18 12:00:00', '2017-07-18 12:00:00', '2017-07-18 12:00:00');
INSERT INTO `qc_style_attribute_value` (`STYLE_ID`, `ATTRIBUTE_VALUE_ID`, `LAST_UPDATED_STAMP`, `LAST_UPDATED_TX_STAMP`, `CREATED_STAMP`, `CREATED_TX_STAMP`) VALUES ('HF-6801', '162', '2017-07-18 12:00:00', '2017-07-18 12:00:00', '2017-07-18 12:00:00', '2017-07-18 12:00:00');
INSERT INTO `qc_style_attribute_value` (`STYLE_ID`, `ATTRIBUTE_VALUE_ID`, `LAST_UPDATED_STAMP`, `LAST_UPDATED_TX_STAMP`, `CREATED_STAMP`, `CREATED_TX_STAMP`) VALUES ('HF-6804', '162', '2017-07-18 12:00:00', '2017-07-18 12:00:00', '2017-07-18 12:00:00', '2017-07-18 12:00:00');
INSERT INTO `qc_style_attribute_value` (`STYLE_ID`, `ATTRIBUTE_VALUE_ID`, `LAST_UPDATED_STAMP`, `LAST_UPDATED_TX_STAMP`, `CREATED_STAMP`, `CREATED_TX_STAMP`) VALUES ('F-6806', '162', '2017-07-18 12:00:00', '2017-07-18 12:00:00', '2017-07-18 12:00:00', '2017-07-18 12:00:00');
INSERT INTO `qc_style_attribute_value` (`STYLE_ID`, `ATTRIBUTE_VALUE_ID`, `LAST_UPDATED_STAMP`, `LAST_UPDATED_TX_STAMP`, `CREATED_STAMP`, `CREATED_TX_STAMP`) VALUES ('F-6807', '162', '2017-07-18 12:00:00', '2017-07-18 12:00:00', '2017-07-18 12:00:00', '2017-07-18 12:00:00');
INSERT INTO `qc_style_attribute_value` (`STYLE_ID`, `ATTRIBUTE_VALUE_ID`, `LAST_UPDATED_STAMP`, `LAST_UPDATED_TX_STAMP`, `CREATED_STAMP`, `CREATED_TX_STAMP`) VALUES ('HFTP-6834', '162', '2017-07-18 12:00:00', '2017-07-18 12:00:00', '2017-07-18 12:00:00', '2017-07-18 12:00:00');
INSERT INTO `qc_style_attribute_value` (`STYLE_ID`, `ATTRIBUTE_VALUE_ID`, `LAST_UPDATED_STAMP`, `LAST_UPDATED_TX_STAMP`, `CREATED_STAMP`, `CREATED_TX_STAMP`) VALUES ('HF-6851', '162', '2017-07-18 12:00:00', '2017-07-18 12:00:00', '2017-07-18 12:00:00', '2017-07-18 12:00:00');
INSERT INTO `qc_style_attribute_value` (`STYLE_ID`, `ATTRIBUTE_VALUE_ID`, `LAST_UPDATED_STAMP`, `LAST_UPDATED_TX_STAMP`, `CREATED_STAMP`, `CREATED_TX_STAMP`) VALUES ('AFF-0925-001', '183', '2017-07-18 12:00:00', '2017-07-18 12:00:00', '2017-07-18 12:00:00', '2017-07-18 12:00:00');
INSERT INTO `qc_style_attribute_value` (`STYLE_ID`, `ATTRIBUTE_VALUE_ID`, `LAST_UPDATED_STAMP`, `LAST_UPDATED_TX_STAMP`, `CREATED_STAMP`, `CREATED_TX_STAMP`) VALUES ('AFF-0925-002', '183', '2017-07-18 12:00:00', '2017-07-18 12:00:00', '2017-07-18 12:00:00', '2017-07-18 12:00:00');
INSERT INTO `qc_style_attribute_value` (`STYLE_ID`, `ATTRIBUTE_VALUE_ID`, `LAST_UPDATED_STAMP`, `LAST_UPDATED_TX_STAMP`, `CREATED_STAMP`, `CREATED_TX_STAMP`) VALUES ('AFF-0925-003', '183', '2017-07-18 12:00:00', '2017-07-18 12:00:00', '2017-07-18 12:00:00', '2017-07-18 12:00:00');
INSERT INTO `qc_style_attribute_value` (`STYLE_ID`, `ATTRIBUTE_VALUE_ID`, `LAST_UPDATED_STAMP`, `LAST_UPDATED_TX_STAMP`, `CREATED_STAMP`, `CREATED_TX_STAMP`) VALUES ('FJ-1603', '184', '2017-07-18 12:00:00', '2017-07-18 12:00:00', '2017-07-18 12:00:00', '2017-07-18 12:00:00');
INSERT INTO `qc_style_attribute_value` (`STYLE_ID`, `ATTRIBUTE_VALUE_ID`, `LAST_UPDATED_STAMP`, `LAST_UPDATED_TX_STAMP`, `CREATED_STAMP`, `CREATED_TX_STAMP`) VALUES ('CHCEL-0910', '200', '2017-07-18 12:00:00', '2017-07-18 12:00:00', '2017-07-18 12:00:00', '2017-07-18 12:00:00');
INSERT INTO `qc_style_attribute_value` (`STYLE_ID`, `ATTRIBUTE_VALUE_ID`, `LAST_UPDATED_STAMP`, `LAST_UPDATED_TX_STAMP`, `CREATED_STAMP`, `CREATED_TX_STAMP`) VALUES ('CHCEP-0910', '200', '2017-07-18 12:00:00', '2017-07-18 12:00:00', '2017-07-18 12:00:00', '2017-07-18 12:00:00');
INSERT INTO `qc_style_attribute_value` (`STYLE_ID`, `ATTRIBUTE_VALUE_ID`, `LAST_UPDATED_STAMP`, `LAST_UPDATED_TX_STAMP`, `CREATED_STAMP`, `CREATED_TX_STAMP`) VALUES ('CHFL-0916', '200', '2017-07-18 12:00:00', '2017-07-18 12:00:00', '2017-07-18 12:00:00', '2017-07-18 12:00:00');
INSERT INTO `qc_style_attribute_value` (`STYLE_ID`, `ATTRIBUTE_VALUE_ID`, `LAST_UPDATED_STAMP`, `LAST_UPDATED_TX_STAMP`, `CREATED_STAMP`, `CREATED_TX_STAMP`) VALUES ('CHFP-0916', '200', '2017-07-18 12:00:00', '2017-07-18 12:00:00', '2017-07-18 12:00:00', '2017-07-18 12:00:00');

INSERT INTO `sequence_value_item` (`SEQ_NAME`, `SEQ_ID`) values('QcQuote', 1);

INSERT INTO `qc_material_type` (`MATERIAL_TYPE_ID`, `MATERIAL_TYPE_NAME`, `LAST_UPDATED_STAMP`, `LAST_UPDATED_TX_STAMP`, `CREATED_STAMP`, `CREATED_TX_STAMP`) VALUES ('PAPER', 'Paper', '2017-05-15 13:40:00', '2017-05-15 13:40:00', '2017-05-15 13:40:00', '2017-05-15 13:40:00');

INSERT INTO `qc_stock_type` (`STOCK_TYPE_ID`, `MATERIAL_TYPE_ID`, `STOCK_TYPE_NAME`, `LAST_UPDATED_STAMP`, `LAST_UPDATED_TX_STAMP`, `CREATED_STAMP`, `CREATED_TX_STAMP`) VALUES ('BASE_PAPER_STOCKS', 'PAPER', 'Paper - Base Paper', '2017-05-15 13:40:00', '2017-05-15 13:40:00', '2017-05-15 13:40:00', '2017-05-15 13:40:00');
INSERT INTO `qc_stock_type` (`STOCK_TYPE_ID`, `MATERIAL_TYPE_ID`, `STOCK_TYPE_NAME`, `LAST_UPDATED_STAMP`, `LAST_UPDATED_TX_STAMP`, `CREATED_STAMP`, `CREATED_TX_STAMP`) VALUES ('GROUP_A_STOCKS', 'PAPER', 'Paper - Group A', '2017-05-15 13:40:00', '2017-05-15 13:40:00', '2017-05-15 13:40:00', '2017-05-15 13:40:00');
INSERT INTO `qc_stock_type` (`STOCK_TYPE_ID`, `MATERIAL_TYPE_ID`, `STOCK_TYPE_NAME`, `LAST_UPDATED_STAMP`, `LAST_UPDATED_TX_STAMP`, `CREATED_STAMP`, `CREATED_TX_STAMP`) VALUES ('GROUP_B_STOCKS', 'PAPER', 'Paper - Group B', '2017-05-15 13:40:00', '2017-05-15 13:40:00', '2017-05-15 13:40:00', '2017-05-15 13:40:00');
INSERT INTO `qc_stock_type` (`STOCK_TYPE_ID`, `MATERIAL_TYPE_ID`, `STOCK_TYPE_NAME`, `LAST_UPDATED_STAMP`, `LAST_UPDATED_TX_STAMP`, `CREATED_STAMP`, `CREATED_TX_STAMP`) VALUES ('GROUP_C_STOCKS', 'PAPER', 'Paper - Group C', '2017-05-15 13:40:00', '2017-05-15 13:40:00', '2017-05-15 13:40:00', '2017-05-15 13:40:00');
INSERT INTO `qc_stock_type` (`STOCK_TYPE_ID`, `MATERIAL_TYPE_ID`, `STOCK_TYPE_NAME`, `LAST_UPDATED_STAMP`, `LAST_UPDATED_TX_STAMP`, `CREATED_STAMP`, `CREATED_TX_STAMP`) VALUES ('GROUP_D_STOCKS', 'PAPER', 'Paper - Group D', '2017-05-15 13:40:00', '2017-05-15 13:40:00', '2017-05-15 13:40:00', '2017-05-15 13:40:00');
INSERT INTO `qc_stock_type` (`STOCK_TYPE_ID`, `MATERIAL_TYPE_ID`, `STOCK_TYPE_NAME`, `LAST_UPDATED_STAMP`, `LAST_UPDATED_TX_STAMP`, `CREATED_STAMP`, `CREATED_TX_STAMP`) VALUES ('TAG_PAPER_STOCKS', 'PAPER', 'Paper - Tag Paper', '2017-05-15 13:40:00', '2017-05-15 13:40:00', '2017-05-15 13:40:00', '2017-05-15 13:40:00');
INSERT INTO `qc_stock_type` (`STOCK_TYPE_ID`, `MATERIAL_TYPE_ID`, `STOCK_TYPE_NAME`, `LAST_UPDATED_STAMP`, `LAST_UPDATED_TX_STAMP`, `CREATED_STAMP`, `CREATED_TX_STAMP`) VALUES ('BINDER_PAPER_STOCKS', 'PAPER', 'Paper - Binder Paper', '2017-05-15 13:40:00', '2017-05-15 13:40:00', '2017-05-15 13:40:00', '2017-05-15 13:40:00');

INSERT INTO `qc_stock` (`STOCK_ID`, `STOCK_TYPE_ID`, `MATERIAL_TYPE_ID`, `STOCK_NAME`, `LAST_UPDATED_STAMP`, `LAST_UPDATED_TX_STAMP`, `CREATED_STAMP`, `CREATED_TX_STAMP`) VALUES ('SG12', 'BASE_PAPER_STOCKS', 'PAPER', 'Base Stock - White Semi-Gloss 12 PT C1S', '2017-05-15 13:40:00', '2017-05-15 13:40:00', '2017-05-15 13:40:00', '2017-05-15 13:40:00');
INSERT INTO `qc_stock` (`STOCK_ID`, `STOCK_TYPE_ID`, `MATERIAL_TYPE_ID`, `STOCK_NAME`, `LAST_UPDATED_STAMP`, `LAST_UPDATED_TX_STAMP`, `CREATED_STAMP`, `CREATED_TX_STAMP`) VALUES ('SW80', 'BASE_PAPER_STOCKS', 'PAPER', 'Base Stock - Smooth White 80lb.', '2017-05-15 13:40:00', '2017-05-15 13:40:00', '2017-05-15 13:40:00', '2017-05-15 13:40:00');
INSERT INTO `qc_stock` (`STOCK_ID`, `STOCK_TYPE_ID`, `MATERIAL_TYPE_ID`, `STOCK_NAME`, `LAST_UPDATED_STAMP`, `LAST_UPDATED_TX_STAMP`, `CREATED_STAMP`, `CREATED_TX_STAMP`) VALUES ('MCW10', 'BASE_PAPER_STOCKS', 'PAPER', 'Base Stock - Marble Crush White 10 PT C1S', '2017-05-15 13:40:00', '2017-05-15 13:40:00', '2017-05-15 13:40:00', '2017-05-15 13:40:00');
INSERT INTO `qc_stock` (`STOCK_ID`, `STOCK_TYPE_ID`, `MATERIAL_TYPE_ID`, `STOCK_NAME`, `LAST_UPDATED_STAMP`, `LAST_UPDATED_TX_STAMP`, `CREATED_STAMP`, `CREATED_TX_STAMP`) VALUES ('ASGW14', 'GROUP_A_STOCKS', 'PAPER', 'White 14 PT C1S Semi-Gloss', '2017-05-15 13:40:00', '2017-05-15 13:40:00', '2017-05-15 13:40:00', '2017-05-15 13:40:00');
INSERT INTO `qc_stock` (`STOCK_ID`, `STOCK_TYPE_ID`, `MATERIAL_TYPE_ID`, `STOCK_NAME`, `LAST_UPDATED_STAMP`, `LAST_UPDATED_TX_STAMP`, `CREATED_STAMP`, `CREATED_TX_STAMP`) VALUES ('ABW80', 'GROUP_A_STOCKS', 'PAPER', 'Bright White 80lb. Felt', '2017-05-15 13:40:00', '2017-05-15 13:40:00', '2017-05-15 13:40:00', '2017-05-15 13:40:00');
INSERT INTO `qc_stock` (`STOCK_ID`, `STOCK_TYPE_ID`, `MATERIAL_TYPE_ID`, `STOCK_NAME`, `LAST_UPDATED_STAMP`, `LAST_UPDATED_TX_STAMP`, `CREATED_STAMP`, `CREATED_TX_STAMP`) VALUES ('AW100', 'GROUP_A_STOCKS', 'PAPER', ' White 100lb. Smooth', '2017-05-15 13:40:00', '2017-05-15 13:40:00', '2017-05-15 13:40:00', '2017-05-15 13:40:00');
INSERT INTO `qc_stock` (`STOCK_ID`, `STOCK_TYPE_ID`, `MATERIAL_TYPE_ID`, `STOCK_NAME`, `LAST_UPDATED_STAMP`, `LAST_UPDATED_TX_STAMP`, `CREATED_STAMP`, `CREATED_TX_STAMP`) VALUES ('ASGW12', 'GROUP_A_STOCKS', 'PAPER', ' White 12 PT C2S Semi-Gloss', '2017-05-15 13:40:00', '2017-05-15 13:40:00', '2017-05-15 13:40:00', '2017-05-15 13:40:00');
INSERT INTO `qc_stock` (`STOCK_ID`, `STOCK_TYPE_ID`, `MATERIAL_TYPE_ID`, `STOCK_NAME`, `LAST_UPDATED_STAMP`, `LAST_UPDATED_TX_STAMP`, `CREATED_STAMP`, `CREATED_TX_STAMP`) VALUES ('AEK18', 'GROUP_A_STOCKS', 'PAPER', 'Eco Kraft 18 PT', '2017-05-15 13:40:00', '2017-05-15 13:40:00', '2017-05-15 13:40:00', '2017-05-15 13:40:00');
INSERT INTO `qc_stock` (`STOCK_ID`, `STOCK_TYPE_ID`, `MATERIAL_TYPE_ID`, `STOCK_NAME`, `LAST_UPDATED_STAMP`, `LAST_UPDATED_TX_STAMP`, `CREATED_STAMP`, `CREATED_TX_STAMP`) VALUES ('AV80', 'GROUP_A_STOCKS', 'PAPER', 'Vanilla 80lb. Vellum', '2017-05-15 13:40:00', '2017-05-15 13:40:00', '2017-05-15 13:40:00', '2017-05-15 13:40:00');
INSERT INTO `qc_stock` (`STOCK_ID`, `STOCK_TYPE_ID`, `MATERIAL_TYPE_ID`, `STOCK_NAME`, `LAST_UPDATED_STAMP`, `LAST_UPDATED_TX_STAMP`, `CREATED_STAMP`, `CREATED_TX_STAMP`) VALUES ('BN80', 'GROUP_B_STOCKS', 'PAPER', 'Natural 80lb. Fiber', '2017-05-15 13:40:00', '2017-05-15 13:40:00', '2017-05-15 13:40:00', '2017-05-15 13:40:00');
INSERT INTO `qc_stock` (`STOCK_ID`, `STOCK_TYPE_ID`, `MATERIAL_TYPE_ID`, `STOCK_NAME`, `LAST_UPDATED_STAMP`, `LAST_UPDATED_TX_STAMP`, `CREATED_STAMP`, `CREATED_TX_STAMP`) VALUES ('BC80', 'GROUP_B_STOCKS', 'PAPER', 'Cream 80lb. Fiber', '2017-05-15 13:40:00', '2017-05-15 13:40:00', '2017-05-15 13:40:00', '2017-05-15 13:40:00');
INSERT INTO `qc_stock` (`STOCK_ID`, `STOCK_TYPE_ID`, `MATERIAL_TYPE_ID`, `STOCK_NAME`, `LAST_UPDATED_STAMP`, `LAST_UPDATED_TX_STAMP`, `CREATED_STAMP`, `CREATED_TX_STAMP`) VALUES ('BN100', 'GROUP_B_STOCKS', 'PAPER', 'Natural 100lb. Linen', '2017-05-15 13:40:00', '2017-05-15 13:40:00', '2017-05-15 13:40:00', '2017-05-15 13:40:00');
INSERT INTO `qc_stock` (`STOCK_ID`, `STOCK_TYPE_ID`, `MATERIAL_TYPE_ID`, `STOCK_NAME`, `LAST_UPDATED_STAMP`, `LAST_UPDATED_TX_STAMP`, `CREATED_STAMP`, `CREATED_TX_STAMP`) VALUES ('BG80', 'GROUP_B_STOCKS', 'PAPER', 'Gray 80lb. Fiber', '2017-05-15 13:40:00', '2017-05-15 13:40:00', '2017-05-15 13:40:00', '2017-05-15 13:40:00');
INSERT INTO `qc_stock` (`STOCK_ID`, `STOCK_TYPE_ID`, `MATERIAL_TYPE_ID`, `STOCK_NAME`, `LAST_UPDATED_STAMP`, `LAST_UPDATED_TX_STAMP`, `CREATED_STAMP`, `CREATED_TX_STAMP`) VALUES ('BB80', 'GROUP_B_STOCKS', 'PAPER', 'Ice Blue 80lb. Fiber', '2017-05-15 13:40:00', '2017-05-15 13:40:00', '2017-05-15 13:40:00', '2017-05-15 13:40:00');
INSERT INTO `qc_stock` (`STOCK_ID`, `STOCK_TYPE_ID`, `MATERIAL_TYPE_ID`, `STOCK_NAME`, `LAST_UPDATED_STAMP`, `LAST_UPDATED_TX_STAMP`, `CREATED_STAMP`, `CREATED_TX_STAMP`) VALUES ('BP80', 'GROUP_B_STOCKS', 'PAPER', 'Periwinkle 80lb. Fiber', '2017-05-15 13:40:00', '2017-05-15 13:40:00', '2017-05-15 13:40:00', '2017-05-15 13:40:00');
INSERT INTO `qc_stock` (`STOCK_ID`, `STOCK_TYPE_ID`, `MATERIAL_TYPE_ID`, `STOCK_NAME`, `LAST_UPDATED_STAMP`, `LAST_UPDATED_TX_STAMP`, `CREATED_STAMP`, `CREATED_TX_STAMP`) VALUES ('BT80', 'GROUP_B_STOCKS', 'PAPER', 'Thyme 80lb. Fiber', '2017-05-15 13:40:00', '2017-05-15 13:40:00', '2017-05-15 13:40:00', '2017-05-15 13:40:00');
INSERT INTO `qc_stock` (`STOCK_ID`, `STOCK_TYPE_ID`, `MATERIAL_TYPE_ID`, `STOCK_NAME`, `LAST_UPDATED_STAMP`, `LAST_UPDATED_TX_STAMP`, `CREATED_STAMP`, `CREATED_TX_STAMP`) VALUES ('BR80', 'GROUP_B_STOCKS', 'PAPER', 'Rose 80lb. Fiber', '2017-05-15 13:40:00', '2017-05-15 13:40:00', '2017-05-15 13:40:00', '2017-05-15 13:40:00');
INSERT INTO `qc_stock` (`STOCK_ID`, `STOCK_TYPE_ID`, `MATERIAL_TYPE_ID`, `STOCK_NAME`, `LAST_UPDATED_STAMP`, `LAST_UPDATED_TX_STAMP`, `CREATED_STAMP`, `CREATED_TX_STAMP`) VALUES ('CSGW16', 'GROUP_C_STOCKS', 'PAPER', 'White 16 PT C2S Semi-Gloss', '2017-05-15 13:40:00', '2017-05-15 13:40:00', '2017-05-15 13:40:00', '2017-05-15 13:40:00');
INSERT INTO `qc_stock` (`STOCK_ID`, `STOCK_TYPE_ID`, `MATERIAL_TYPE_ID`, `STOCK_NAME`, `LAST_UPDATED_STAMP`, `LAST_UPDATED_TX_STAMP`, `CREATED_STAMP`, `CREATED_TX_STAMP`) VALUES ('CSGW18', 'GROUP_C_STOCKS', 'PAPER', 'White 18 PT C1S Semi-Gloss', '2017-05-15 13:40:00', '2017-05-15 13:40:00', '2017-05-15 13:40:00', '2017-05-15 13:40:00');
INSERT INTO `qc_stock` (`STOCK_ID`, `STOCK_TYPE_ID`, `MATERIAL_TYPE_ID`, `STOCK_NAME`, `LAST_UPDATED_STAMP`, `LAST_UPDATED_TX_STAMP`, `CREATED_STAMP`, `CREATED_TX_STAMP`) VALUES ('CCC12', 'GROUP_C_STOCKS', 'PAPER', 'White 12 PT C1S Cast Coated', '2017-05-15 13:40:00', '2017-05-15 13:40:00', '2017-05-15 13:40:00', '2017-05-15 13:40:00');
INSERT INTO `qc_stock` (`STOCK_ID`, `STOCK_TYPE_ID`, `MATERIAL_TYPE_ID`, `STOCK_NAME`, `LAST_UPDATED_STAMP`, `LAST_UPDATED_TX_STAMP`, `CREATED_STAMP`, `CREATED_TX_STAMP`) VALUES ('CEW80', 'GROUP_C_STOCKS', 'PAPER', 'Eco White 80lb. Smooth', '2017-05-15 13:40:00', '2017-05-15 13:40:00', '2017-05-15 13:40:00', '2017-05-15 13:40:00');
INSERT INTO `qc_stock` (`STOCK_ID`, `STOCK_TYPE_ID`, `MATERIAL_TYPE_ID`, `STOCK_NAME`, `LAST_UPDATED_STAMP`, `LAST_UPDATED_TX_STAMP`, `CREATED_STAMP`, `CREATED_TX_STAMP`) VALUES ('CEGG80', 'GROUP_C_STOCKS', 'PAPER', 'White Eggshell 80lb', '2017-05-15 13:40:00', '2017-05-15 13:40:00', '2017-05-15 13:40:00', '2017-05-15 13:40:00');
INSERT INTO `qc_stock` (`STOCK_ID`, `STOCK_TYPE_ID`, `MATERIAL_TYPE_ID`, `STOCK_NAME`, `LAST_UPDATED_STAMP`, `LAST_UPDATED_TX_STAMP`, `CREATED_STAMP`, `CREATED_TX_STAMP`) VALUES ('CS80', 'GROUP_C_STOCKS', 'PAPER', 'Sandstone 80lb. Felt', '2017-05-15 13:40:00', '2017-05-15 13:40:00', '2017-05-15 13:40:00', '2017-05-15 13:40:00');
INSERT INTO `qc_stock` (`STOCK_ID`, `STOCK_TYPE_ID`, `MATERIAL_TYPE_ID`, `STOCK_NAME`, `LAST_UPDATED_STAMP`, `LAST_UPDATED_TX_STAMP`, `CREATED_STAMP`, `CREATED_TX_STAMP`) VALUES ('CEI80', 'GROUP_C_STOCKS', 'PAPER', 'Eco Ivory 80lb. Smooth', '2017-05-15 13:40:00', '2017-05-15 13:40:00', '2017-05-15 13:40:00', '2017-05-15 13:40:00');
INSERT INTO `qc_stock` (`STOCK_ID`, `STOCK_TYPE_ID`, `MATERIAL_TYPE_ID`, `STOCK_NAME`, `LAST_UPDATED_STAMP`, `LAST_UPDATED_TX_STAMP`, `CREATED_STAMP`, `CREATED_TX_STAMP`) VALUES ('CJ80', 'GROUP_C_STOCKS', 'PAPER', 'Jute 80lb. Vellum', '2017-05-15 13:40:00', '2017-05-15 13:40:00', '2017-05-15 13:40:00', '2017-05-15 13:40:00');
INSERT INTO `qc_stock` (`STOCK_ID`, `STOCK_TYPE_ID`, `MATERIAL_TYPE_ID`, `STOCK_NAME`, `LAST_UPDATED_STAMP`, `LAST_UPDATED_TX_STAMP`, `CREATED_STAMP`, `CREATED_TX_STAMP`) VALUES ('CP80', 'GROUP_C_STOCKS', 'PAPER', 'Pumice 80lb. Felt', '2017-05-15 13:40:00', '2017-05-15 13:40:00', '2017-05-15 13:40:00', '2017-05-15 13:40:00');
INSERT INTO `qc_stock` (`STOCK_ID`, `STOCK_TYPE_ID`, `MATERIAL_TYPE_ID`, `STOCK_NAME`, `LAST_UPDATED_STAMP`, `LAST_UPDATED_TX_STAMP`, `CREATED_STAMP`, `CREATED_TX_STAMP`) VALUES ('CSG100', 'GROUP_C_STOCKS', 'PAPER', 'Sterling Gray 100lb. Linen', '2017-05-15 13:40:00', '2017-05-15 13:40:00', '2017-05-15 13:40:00', '2017-05-15 13:40:00');
INSERT INTO `qc_stock` (`STOCK_ID`, `STOCK_TYPE_ID`, `MATERIAL_TYPE_ID`, `STOCK_NAME`, `LAST_UPDATED_STAMP`, `LAST_UPDATED_TX_STAMP`, `CREATED_STAMP`, `CREATED_TX_STAMP`) VALUES ('CMASH12', 'GROUP_C_STOCKS', 'PAPER', 'Ash 12 PT C1S MarbleCoat', '2017-05-15 13:40:00', '2017-05-15 13:40:00', '2017-05-15 13:40:00', '2017-05-15 13:40:00');
INSERT INTO `qc_stock` (`STOCK_ID`, `STOCK_TYPE_ID`, `MATERIAL_TYPE_ID`, `STOCK_NAME`, `LAST_UPDATED_STAMP`, `LAST_UPDATED_TX_STAMP`, `CREATED_STAMP`, `CREATED_TX_STAMP`) VALUES ('CB80', 'GROUP_C_STOCKS', 'PAPER', 'New Black 80lb. Felt', '2017-05-15 13:40:00', '2017-05-15 13:40:00', '2017-05-15 13:40:00', '2017-05-15 13:40:00');
INSERT INTO `qc_stock` (`STOCK_ID`, `STOCK_TYPE_ID`, `MATERIAL_TYPE_ID`, `STOCK_NAME`, `LAST_UPDATED_STAMP`, `LAST_UPDATED_TX_STAMP`, `CREATED_STAMP`, `CREATED_TX_STAMP`) VALUES ('CMBLK12', 'GROUP_C_STOCKS', 'PAPER', 'Black 12 PT C1S MarbleCoat', '2017-05-15 13:40:00', '2017-05-15 13:40:00', '2017-05-15 13:40:00', '2017-05-15 13:40:00');
INSERT INTO `qc_stock` (`STOCK_ID`, `STOCK_TYPE_ID`, `MATERIAL_TYPE_ID`, `STOCK_NAME`, `LAST_UPDATED_STAMP`, `LAST_UPDATED_TX_STAMP`, `CREATED_STAMP`, `CREATED_TX_STAMP`) VALUES ('CMBLU12', 'GROUP_C_STOCKS', 'PAPER', 'Blue 12 PT C1S MarbleCoat', '2017-05-15 13:40:00', '2017-05-15 13:40:00', '2017-05-15 13:40:00', '2017-05-15 13:40:00');
INSERT INTO `qc_stock` (`STOCK_ID`, `STOCK_TYPE_ID`, `MATERIAL_TYPE_ID`, `STOCK_NAME`, `LAST_UPDATED_STAMP`, `LAST_UPDATED_TX_STAMP`, `CREATED_STAMP`, `CREATED_TX_STAMP`) VALUES ('CFG80', 'GROUP_C_STOCKS', 'PAPER', 'Forest Green 80lb. Felt', '2017-05-15 13:40:00', '2017-05-15 13:40:00', '2017-05-15 13:40:00', '2017-05-15 13:40:00');
INSERT INTO `qc_stock` (`STOCK_ID`, `STOCK_TYPE_ID`, `MATERIAL_TYPE_ID`, `STOCK_NAME`, `LAST_UPDATED_STAMP`, `LAST_UPDATED_TX_STAMP`, `CREATED_STAMP`, `CREATED_TX_STAMP`) VALUES ('CY80', 'GROUP_C_STOCKS', 'PAPER', 'Yellow 80lb. Vellum', '2017-05-15 13:40:00', '2017-05-15 13:40:00', '2017-05-15 13:40:00', '2017-05-15 13:40:00');
INSERT INTO `qc_stock` (`STOCK_ID`, `STOCK_TYPE_ID`, `MATERIAL_TYPE_ID`, `STOCK_NAME`, `LAST_UPDATED_STAMP`, `LAST_UPDATED_TX_STAMP`, `CREATED_STAMP`, `CREATED_TX_STAMP`) VALUES ('CMBUR12', 'GROUP_C_STOCKS', 'PAPER', 'Burgundy 12 PT C1S MarbleCoat', '2017-05-15 13:40:00', '2017-05-15 13:40:00', '2017-05-15 13:40:00', '2017-05-15 13:40:00');
INSERT INTO `qc_stock` (`STOCK_ID`, `STOCK_TYPE_ID`, `MATERIAL_TYPE_ID`, `STOCK_NAME`, `LAST_UPDATED_STAMP`, `LAST_UPDATED_TX_STAMP`, `CREATED_STAMP`, `CREATED_TX_STAMP`) VALUES ('DMAH100', 'GROUP_D_STOCKS', 'PAPER', 'Mahogany 100lb. Linen', '2017-05-15 13:40:00', '2017-05-15 13:40:00', '2017-05-15 13:40:00', '2017-05-15 13:40:00');
INSERT INTO `qc_stock` (`STOCK_ID`, `STOCK_TYPE_ID`, `MATERIAL_TYPE_ID`, `STOCK_NAME`, `LAST_UPDATED_STAMP`, `LAST_UPDATED_TX_STAMP`, `CREATED_STAMP`, `CREATED_TX_STAMP`) VALUES ('DG80', 'GROUP_D_STOCKS', 'PAPER', 'Granite 80lb. Felt', '2017-05-15 13:40:00', '2017-05-15 13:40:00', '2017-05-15 13:40:00', '2017-05-15 13:40:00');
INSERT INTO `qc_stock` (`STOCK_ID`, `STOCK_TYPE_ID`, `MATERIAL_TYPE_ID`, `STOCK_NAME`, `LAST_UPDATED_STAMP`, `LAST_UPDATED_TX_STAMP`, `CREATED_STAMP`, `CREATED_TX_STAMP`) VALUES ('DSGG80', 'GROUP_D_STOCKS', 'PAPER', 'Smoke Gray 80lb Grandee', '2017-05-15 13:40:00', '2017-05-15 13:40:00', '2017-05-15 13:40:00', '2017-05-15 13:40:00');
INSERT INTO `qc_stock` (`STOCK_ID`, `STOCK_TYPE_ID`, `MATERIAL_TYPE_ID`, `STOCK_NAME`, `LAST_UPDATED_STAMP`, `LAST_UPDATED_TX_STAMP`, `CREATED_STAMP`, `CREATED_TX_STAMP`) VALUES ('DCG80', 'GROUP_D_STOCKS', 'PAPER', 'Charcoal 80lb Grandee', '2017-05-15 13:40:00', '2017-05-15 13:40:00', '2017-05-15 13:40:00', '2017-05-15 13:40:00');
INSERT INTO `qc_stock` (`STOCK_ID`, `STOCK_TYPE_ID`, `MATERIAL_TYPE_ID`, `STOCK_NAME`, `LAST_UPDATED_STAMP`, `LAST_UPDATED_TX_STAMP`, `CREATED_STAMP`, `CREATED_TX_STAMP`) VALUES ('DDBLK100', 'GROUP_D_STOCKS', 'PAPER', 'Dark Black 100lb. Linen', '2017-05-15 13:40:00', '2017-05-15 13:40:00', '2017-05-15 13:40:00', '2017-05-15 13:40:00');
INSERT INTO `qc_stock` (`STOCK_ID`, `STOCK_TYPE_ID`, `MATERIAL_TYPE_ID`, `STOCK_NAME`, `LAST_UPDATED_STAMP`, `LAST_UPDATED_TX_STAMP`, `CREATED_STAMP`, `CREATED_TX_STAMP`) VALUES ('DB12', 'GROUP_D_STOCKS', 'PAPER', 'Black 12 PT C1S ColorCoat', '2017-05-15 13:40:00', '2017-05-15 13:40:00', '2017-05-15 13:40:00', '2017-05-15 13:40:00');
INSERT INTO `qc_stock` (`STOCK_ID`, `STOCK_TYPE_ID`, `MATERIAL_TYPE_ID`, `STOCK_NAME`, `LAST_UPDATED_STAMP`, `LAST_UPDATED_TX_STAMP`, `CREATED_STAMP`, `CREATED_TX_STAMP`) VALUES ('DA100', 'GROUP_D_STOCKS', 'PAPER', 'Aquamarine 100lb. Vellum', '2017-05-15 13:40:00', '2017-05-15 13:40:00', '2017-05-15 13:40:00', '2017-05-15 13:40:00');
INSERT INTO `qc_stock` (`STOCK_ID`, `STOCK_TYPE_ID`, `MATERIAL_TYPE_ID`, `STOCK_NAME`, `LAST_UPDATED_STAMP`, `LAST_UPDATED_TX_STAMP`, `CREATED_STAMP`, `CREATED_TX_STAMP`) VALUES ('DDBLU100', 'GROUP_D_STOCKS', 'PAPER', 'Dark Blue 100lb. Linen', '2017-05-15 13:40:00', '2017-05-15 13:40:00', '2017-05-15 13:40:00', '2017-05-15 13:40:00');
INSERT INTO `qc_stock` (`STOCK_ID`, `STOCK_TYPE_ID`, `MATERIAL_TYPE_ID`, `STOCK_NAME`, `LAST_UPDATED_STAMP`, `LAST_UPDATED_TX_STAMP`, `CREATED_STAMP`, `CREATED_TX_STAMP`) VALUES ('DB90', 'GROUP_D_STOCKS', 'PAPER', 'Blue 90lb. Hopsack', '2017-05-15 13:40:00', '2017-05-15 13:40:00', '2017-05-15 13:40:00', '2017-05-15 13:40:00');
INSERT INTO `qc_stock` (`STOCK_ID`, `STOCK_TYPE_ID`, `MATERIAL_TYPE_ID`, `STOCK_NAME`, `LAST_UPDATED_STAMP`, `LAST_UPDATED_TX_STAMP`, `CREATED_STAMP`, `CREATED_TX_STAMP`) VALUES ('DDB90', 'GROUP_D_STOCKS', 'PAPER', 'Deep Blue 90lb. Cordwain', '2017-05-15 13:40:00', '2017-05-15 13:40:00', '2017-05-15 13:40:00', '2017-05-15 13:40:00');
INSERT INTO `qc_stock` (`STOCK_ID`, `STOCK_TYPE_ID`, `MATERIAL_TYPE_ID`, `STOCK_NAME`, `LAST_UPDATED_STAMP`, `LAST_UPDATED_TX_STAMP`, `CREATED_STAMP`, `CREATED_TX_STAMP`) VALUES ('DRD80', 'GROUP_D_STOCKS', 'PAPER', 'Royal Blue 80lb. Tweed', '2017-05-15 13:40:00', '2017-05-15 13:40:00', '2017-05-15 13:40:00', '2017-05-15 13:40:00');
INSERT INTO `qc_stock` (`STOCK_ID`, `STOCK_TYPE_ID`, `MATERIAL_TYPE_ID`, `STOCK_NAME`, `LAST_UPDATED_STAMP`, `LAST_UPDATED_TX_STAMP`, `CREATED_STAMP`, `CREATED_TX_STAMP`) VALUES ('DN12', 'GROUP_D_STOCKS', 'PAPER', 'Navy 12 PT C1S ColorCoat', '2017-05-15 13:40:00', '2017-05-15 13:40:00', '2017-05-15 13:40:00', '2017-05-15 13:40:00');
INSERT INTO `qc_stock` (`STOCK_ID`, `STOCK_TYPE_ID`, `MATERIAL_TYPE_ID`, `STOCK_NAME`, `LAST_UPDATED_STAMP`, `LAST_UPDATED_TX_STAMP`, `CREATED_STAMP`, `CREATED_TX_STAMP`) VALUES ('DBBG80', 'GROUP_D_STOCKS', 'PAPER', 'Blazer Blue 80lb Grandee', '2017-05-15 13:40:00', '2017-05-15 13:40:00', '2017-05-15 13:40:00', '2017-05-15 13:40:00');
INSERT INTO `qc_stock` (`STOCK_ID`, `STOCK_TYPE_ID`, `MATERIAL_TYPE_ID`, `STOCK_NAME`, `LAST_UPDATED_STAMP`, `LAST_UPDATED_TX_STAMP`, `CREATED_STAMP`, `CREATED_TX_STAMP`) VALUES ('DDP100', 'GROUP_D_STOCKS', 'PAPER', 'Deep Pine 100lb. Linen', '2017-05-15 13:40:00', '2017-05-15 13:40:00', '2017-05-15 13:40:00', '2017-05-15 13:40:00');
INSERT INTO `qc_stock` (`STOCK_ID`, `STOCK_TYPE_ID`, `MATERIAL_TYPE_ID`, `STOCK_NAME`, `LAST_UPDATED_STAMP`, `LAST_UPDATED_TX_STAMP`, `CREATED_STAMP`, `CREATED_TX_STAMP`) VALUES ('DFG90', 'GROUP_D_STOCKS', 'PAPER', 'Forest Green 90lb. Hopsack', '2017-05-15 13:40:00', '2017-05-15 13:40:00', '2017-05-15 13:40:00', '2017-05-15 13:40:00');
INSERT INTO `qc_stock` (`STOCK_ID`, `STOCK_TYPE_ID`, `MATERIAL_TYPE_ID`, `STOCK_NAME`, `LAST_UPDATED_STAMP`, `LAST_UPDATED_TX_STAMP`, `CREATED_STAMP`, `CREATED_TX_STAMP`) VALUES ('DLG80', 'GROUP_D_STOCKS', 'PAPER', 'Leaf Green 80lb Vellum', '2017-05-15 13:40:00', '2017-05-15 13:40:00', '2017-05-15 13:40:00', '2017-05-15 13:40:00');
INSERT INTO `qc_stock` (`STOCK_ID`, `STOCK_TYPE_ID`, `MATERIAL_TYPE_ID`, `STOCK_NAME`, `LAST_UPDATED_STAMP`, `LAST_UPDATED_TX_STAMP`, `CREATED_STAMP`, `CREATED_TX_STAMP`) VALUES ('DB100', 'GROUP_D_STOCKS', 'PAPER', 'Burgundy 100lb. Linen', '2017-05-15 13:40:00', '2017-05-15 13:40:00', '2017-05-15 13:40:00', '2017-05-15 13:40:00');
INSERT INTO `qc_stock` (`STOCK_ID`, `STOCK_TYPE_ID`, `MATERIAL_TYPE_ID`, `STOCK_NAME`, `LAST_UPDATED_STAMP`, `LAST_UPDATED_TX_STAMP`, `CREATED_STAMP`, `CREATED_TX_STAMP`) VALUES ('DMER100', 'GROUP_D_STOCKS', 'PAPER', 'Merlot 100lb. Linen', '2017-05-15 13:40:00', '2017-05-15 13:40:00', '2017-05-15 13:40:00', '2017-05-15 13:40:00');
INSERT INTO `qc_stock` (`STOCK_ID`, `STOCK_TYPE_ID`, `MATERIAL_TYPE_ID`, `STOCK_NAME`, `LAST_UPDATED_STAMP`, `LAST_UPDATED_TX_STAMP`, `CREATED_STAMP`, `CREATED_TX_STAMP`) VALUES ('DE100', 'GROUP_D_STOCKS', 'PAPER', 'Eggplant 100lb. Linen', '2017-05-15 13:40:00', '2017-05-15 13:40:00', '2017-05-15 13:40:00', '2017-05-15 13:40:00');
INSERT INTO `qc_stock` (`STOCK_ID`, `STOCK_TYPE_ID`, `MATERIAL_TYPE_ID`, `STOCK_NAME`, `LAST_UPDATED_STAMP`, `LAST_UPDATED_TX_STAMP`, `CREATED_STAMP`, `CREATED_TX_STAMP`) VALUES ('DR90', 'GROUP_D_STOCKS', 'PAPER', 'Red 90lb. Hopsack', '2017-05-15 13:40:00', '2017-05-15 13:40:00', '2017-05-15 13:40:00', '2017-05-15 13:40:00');
INSERT INTO `qc_stock` (`STOCK_ID`, `STOCK_TYPE_ID`, `MATERIAL_TYPE_ID`, `STOCK_NAME`, `LAST_UPDATED_STAMP`, `LAST_UPDATED_TX_STAMP`, `CREATED_STAMP`, `CREATED_TX_STAMP`) VALUES ('D', 'GROUP_D_STOCKS', 'PAPER', 'Red Gloss 14 PT C1S', '2017-05-15 13:40:00', '2017-05-15 13:40:00', '2017-05-15 13:40:00', '2017-05-15 13:40:00');
INSERT INTO `qc_stock` (`STOCK_ID`, `STOCK_TYPE_ID`, `MATERIAL_TYPE_ID`, `STOCK_NAME`, `LAST_UPDATED_STAMP`, `LAST_UPDATED_TX_STAMP`, `CREATED_STAMP`, `CREATED_TX_STAMP`) VALUES ('MT150', 'TAG_PAPER_STOCKS', 'PAPER', 'Manila Tag 150#', '2017-05-15 13:40:00', '2017-05-15 13:40:00', '2017-05-15 13:40:00', '2017-05-15 13:40:00');
INSERT INTO `qc_stock` (`STOCK_ID`, `STOCK_TYPE_ID`, `MATERIAL_TYPE_ID`, `STOCK_NAME`, `LAST_UPDATED_STAMP`, `LAST_UPDATED_TX_STAMP`, `CREATED_STAMP`, `CREATED_TX_STAMP`) VALUES ('WT150', 'TAG_PAPER_STOCKS', 'PAPER', 'Wite Tag 150#', '2017-05-15 13:40:00', '2017-05-15 13:40:00', '2017-05-15 13:40:00', '2017-05-15 13:40:00');
INSERT INTO `qc_stock` (`STOCK_ID`, `STOCK_TYPE_ID`, `MATERIAL_TYPE_ID`, `STOCK_NAME`, `LAST_UPDATED_STAMP`, `LAST_UPDATED_TX_STAMP`, `CREATED_STAMP`, `CREATED_TX_STAMP`) VALUES ('CI140', 'TAG_PAPER_STOCKS', 'PAPER', 'Canary Index 140#', '2017-05-15 13:40:00', '2017-05-15 13:40:00', '2017-05-15 13:40:00', '2017-05-15 13:40:00');
INSERT INTO `qc_stock` (`STOCK_ID`, `STOCK_TYPE_ID`, `MATERIAL_TYPE_ID`, `STOCK_NAME`, `LAST_UPDATED_STAMP`, `LAST_UPDATED_TX_STAMP`, `CREATED_STAMP`, `CREATED_TX_STAMP`) VALUES ('BI140', 'TAG_PAPER_STOCKS', 'PAPER', 'Blue Index 140#', '2017-05-15 13:40:00', '2017-05-15 13:40:00', '2017-05-15 13:40:00', '2017-05-15 13:40:00');
INSERT INTO `qc_stock` (`STOCK_ID`, `STOCK_TYPE_ID`, `MATERIAL_TYPE_ID`, `STOCK_NAME`, `LAST_UPDATED_STAMP`, `LAST_UPDATED_TX_STAMP`, `CREATED_STAMP`, `CREATED_TX_STAMP`) VALUES ('SGL20', 'BINDER_PAPER_STOCKS', 'PAPER', 'Semi-Gloss Laminated 20 PT C1S', '2017-05-15 13:40:00', '2017-05-15 13:40:00', '2017-05-15 13:40:00', '2017-05-15 13:40:00');
INSERT INTO `qc_stock` (`STOCK_ID`, `STOCK_TYPE_ID`, `MATERIAL_TYPE_ID`, `STOCK_NAME`, `LAST_UPDATED_STAMP`, `LAST_UPDATED_TX_STAMP`, `CREATED_STAMP`, `CREATED_TX_STAMP`) VALUES ('SG24', 'BINDER_PAPER_STOCKS', 'PAPER', 'Semi-Gloss 24 PT C1S', '2017-05-15 13:40:00', '2017-05-15 13:40:00', '2017-05-15 13:40:00', '2017-05-15 13:40:00');
INSERT INTO `qc_stock` (`STOCK_ID`, `STOCK_TYPE_ID`, `MATERIAL_TYPE_ID`, `STOCK_NAME`, `LAST_UPDATED_STAMP`, `LAST_UPDATED_TX_STAMP`, `CREATED_STAMP`, `CREATED_TX_STAMP`) VALUES ('REK26', 'BINDER_PAPER_STOCKS', 'PAPER', 'Recycled Eco Kraft 26 PT', '2017-05-15 13:40:00', '2017-05-15 13:40:00', '2017-05-15 13:40:00', '2017-05-15 13:40:00');



INSERT INTO `qc_vendor` (`VENDOR_ID`, `VENDOR_NAME`, `LAST_UPDATED_STAMP`, `LAST_UPDATED_TX_STAMP`, `CREATED_STAMP`, `CREATED_TX_STAMP`) VALUES ('ADMORE', 'Admore', '2017-05-15 13:40:00', '2017-05-15 13:40:00', '2017-05-15 13:40:00', '2017-05-15 13:40:00');

INSERT INTO `qc_style_group` (`STYLE_GROUP_ID`, `STYLE_GROUP_NAME`, `LAST_UPDATED_STAMP`, `LAST_UPDATED_TX_STAMP`, `CREATED_STAMP`, `CREATED_TX_STAMP`) VALUES ('LARGE', 'Large Presentation Folders', '2017-05-15 13:40:00', '2017-05-15 13:40:00', '2017-05-15 13:40:00', '2017-05-15 13:40:00');
INSERT INTO `qc_style_group` (`STYLE_GROUP_ID`, `STYLE_GROUP_NAME`, `LAST_UPDATED_STAMP`, `LAST_UPDATED_TX_STAMP`, `CREATED_STAMP`, `CREATED_TX_STAMP`) VALUES ('LEGAL', 'Legal Folders', '2017-05-15 13:40:00', '2017-05-15 13:40:00', '2017-05-15 13:40:00', '2017-05-15 13:40:00');
INSERT INTO `qc_style_group` (`STYLE_GROUP_ID`, `STYLE_GROUP_NAME`, `LAST_UPDATED_STAMP`, `LAST_UPDATED_TX_STAMP`, `CREATED_STAMP`, `CREATED_TX_STAMP`) VALUES ('STANDARD', 'Standard Folders', '2017-05-15 13:40:00', '2017-05-15 13:40:00', '2017-05-15 13:40:00', '2017-05-15 13:40:00');
INSERT INTO `qc_style_group` (`STYLE_GROUP_ID`, `STYLE_GROUP_NAME`, `LAST_UPDATED_STAMP`, `LAST_UPDATED_TX_STAMP`, `CREATED_STAMP`, `CREATED_TX_STAMP`) VALUES ('SMALL', 'Small Presentation Folders', '2017-05-15 13:40:00', '2017-05-15 13:40:00', '2017-05-15 13:40:00', '2017-05-15 13:40:00');
INSERT INTO `qc_style_group` (`STYLE_GROUP_ID`, `STYLE_GROUP_NAME`, `LAST_UPDATED_STAMP`, `LAST_UPDATED_TX_STAMP`, `CREATED_STAMP`, `CREATED_TX_STAMP`) VALUES ('CARD', 'Card Holders', '2017-05-15 13:40:00', '2017-05-15 13:40:00', '2017-05-15 13:40:00', '2017-05-15 13:40:00');
INSERT INTO `qc_style_group` (`STYLE_GROUP_ID`, `STYLE_GROUP_NAME`, `LAST_UPDATED_STAMP`, `LAST_UPDATED_TX_STAMP`, `CREATED_STAMP`, `CREATED_TX_STAMP`) VALUES ('RE', 'Reinforced Edge Folders', '2017-05-15 13:40:00', '2017-05-15 13:40:00', '2017-05-15 13:40:00', '2017-05-15 13:40:00');
INSERT INTO `qc_style_group` (`STYLE_GROUP_ID`, `STYLE_GROUP_NAME`, `LAST_UPDATED_STAMP`, `LAST_UPDATED_TX_STAMP`, `CREATED_STAMP`, `CREATED_TX_STAMP`) VALUES ('CAPACITY', 'Capacity Folders', '2017-05-15 13:40:00', '2017-05-15 13:40:00', '2017-05-15 13:40:00', '2017-05-15 13:40:00');
INSERT INTO `qc_style_group` (`STYLE_GROUP_ID`, `STYLE_GROUP_NAME`, `LAST_UPDATED_STAMP`, `LAST_UPDATED_TX_STAMP`, `CREATED_STAMP`, `CREATED_TX_STAMP`) VALUES ('TRIPANEL', 'Tripanel Folders', '2017-05-15 13:40:00', '2017-05-15 13:40:00', '2017-05-15 13:40:00', '2017-05-15 13:40:00');
INSERT INTO `qc_style_group` (`STYLE_GROUP_ID`, `STYLE_GROUP_NAME`, `LAST_UPDATED_STAMP`, `LAST_UPDATED_TX_STAMP`, `CREATED_STAMP`, `CREATED_TX_STAMP`) VALUES ('CERTIFICATE', 'Certificate Holders', '2017-05-15 13:40:00', '2017-05-15 13:40:00', '2017-05-15 13:40:00', '2017-05-15 13:40:00');
INSERT INTO `qc_style_group` (`STYLE_GROUP_ID`, `STYLE_GROUP_NAME`, `LAST_UPDATED_STAMP`, `LAST_UPDATED_TX_STAMP`, `CREATED_STAMP`, `CREATED_TX_STAMP`) VALUES ('FILE', 'File Folders', '2017-05-15 13:40:00', '2017-05-15 13:40:00', '2017-05-15 13:40:00', '2017-05-15 13:40:00');



INSERT INTO `qc_style` (`LAST_UPDATED_STAMP`, `LAST_UPDATED_TX_STAMP`, `CREATED_STAMP`, `CREATED_TX_STAMP`, `STYLE_ID`, `STYLE_GROUP_ID`, `STYLE_NAME`, `STYLE_DESCRIPTION`) VALUES ('2017-05-15 13:40:00', '2017-05-15 13:40:00', '2017-05-15 13:40:00', '2017-05-15 13:40:00', 'CKH-2704', 'CARD', 'CKH-2704', 'Card Holder - Horizontal Orientation w/ Side Pocket (2 3/4 x 3 3/4)');
INSERT INTO `qc_style` (`LAST_UPDATED_STAMP`, `LAST_UPDATED_TX_STAMP`, `CREATED_STAMP`, `CREATED_TX_STAMP`, `STYLE_ID`, `STYLE_GROUP_ID`, `STYLE_NAME`, `STYLE_DESCRIPTION`) VALUES ('2017-05-15 13:40:00', '2017-05-15 13:40:00', '2017-05-15 13:40:00', '2017-05-15 13:40:00', 'CKH-2709', 'CARD', 'CKH-2709', 'Card Holder - Two Pocket (3 3/8 x 6)');
INSERT INTO `qc_style` (`LAST_UPDATED_STAMP`, `LAST_UPDATED_TX_STAMP`, `CREATED_STAMP`, `CREATED_TX_STAMP`, `STYLE_ID`, `STYLE_GROUP_ID`, `STYLE_NAME`, `STYLE_DESCRIPTION`) VALUES ('2017-05-15 13:40:00', '2017-05-15 13:40:00', '2017-05-15 13:40:00', '2017-05-15 13:40:00', 'CKH-2711', 'CARD', 'CKH-2711', 'Card Holder - Right Pocket (3 3/8 x 6)');
INSERT INTO `qc_style` (`LAST_UPDATED_STAMP`, `LAST_UPDATED_TX_STAMP`, `CREATED_STAMP`, `CREATED_TX_STAMP`, `STYLE_ID`, `STYLE_GROUP_ID`, `STYLE_NAME`, `STYLE_DESCRIPTION`) VALUES ('2017-05-15 13:40:00', '2017-05-15 13:40:00', '2017-05-15 13:40:00', '2017-05-15 13:40:00', 'CKH-2710', 'CARD', 'CKH-2710', 'Card Holder - Left Pocket (3 3/8 x 6)');
INSERT INTO `qc_style` (`LAST_UPDATED_STAMP`, `LAST_UPDATED_TX_STAMP`, `CREATED_STAMP`, `CREATED_TX_STAMP`, `STYLE_ID`, `STYLE_GROUP_ID`, `STYLE_NAME`, `STYLE_DESCRIPTION`) VALUES ('2017-05-15 13:40:00', '2017-05-15 13:40:00', '2017-05-15 13:40:00', '2017-05-15 13:40:00', 'CKH-2705', 'CARD', 'CKH-2705', 'Card Holder - Right Rounded Pocket (3 3/8 x 6)');
INSERT INTO `qc_style` (`LAST_UPDATED_STAMP`, `LAST_UPDATED_TX_STAMP`, `CREATED_STAMP`, `CREATED_TX_STAMP`, `STYLE_ID`, `STYLE_GROUP_ID`, `STYLE_NAME`, `STYLE_DESCRIPTION`) VALUES ('2017-05-15 13:40:00', '2017-05-15 13:40:00', '2017-05-15 13:40:00', '2017-05-15 13:40:00', 'CKH-2703', 'CARD', 'CKH-2703', 'Card Holder - Vertical Orientation w/ Bottom Pocket (5 1/8 x 3 3/8)');

INSERT INTO `qc_style` (`LAST_UPDATED_STAMP`, `LAST_UPDATED_TX_STAMP`, `CREATED_STAMP`, `CREATED_TX_STAMP`, `STYLE_ID`, `STYLE_GROUP_ID`, `STYLE_NAME`, `STYLE_DESCRIPTION`) VALUES ('2017-05-15 13:40:00', '2017-05-15 13:40:00', '2017-05-15 13:40:00', '2017-05-15 13:40:00', 'MF-4801', 'SMALL', '4801', 'Mini Folders - Standard Two Pocket (4 x 9)');
INSERT INTO `qc_style` (`LAST_UPDATED_STAMP`, `LAST_UPDATED_TX_STAMP`, `CREATED_STAMP`, `CREATED_TX_STAMP`, `STYLE_ID`, `STYLE_GROUP_ID`, `STYLE_NAME`, `STYLE_DESCRIPTION`) VALUES ('2017-05-15 13:40:00', '2017-05-15 13:40:00', '2017-05-15 13:40:00', '2017-05-15 13:40:00', 'MF-4804', 'SMALL', '4804', 'Mini Folders - One Pocket (Right) (4 x 9)');
INSERT INTO `qc_style` (`LAST_UPDATED_STAMP`, `LAST_UPDATED_TX_STAMP`, `CREATED_STAMP`, `CREATED_TX_STAMP`, `STYLE_ID`, `STYLE_GROUP_ID`, `STYLE_NAME`, `STYLE_DESCRIPTION`) VALUES ('2017-05-15 13:40:00', '2017-05-15 13:40:00', '2017-05-15 13:40:00', '2017-05-15 13:40:00', 'MF-4810', 'SMALL', '4810', 'Mini Folders - Angled Pockets (4 1/2 x 9 1/2)');
INSERT INTO `qc_style` (`LAST_UPDATED_STAMP`, `LAST_UPDATED_TX_STAMP`, `CREATED_STAMP`, `CREATED_TX_STAMP`, `STYLE_ID`, `STYLE_GROUP_ID`, `STYLE_NAME`, `STYLE_DESCRIPTION`) VALUES ('2017-05-15 13:40:00', '2017-05-15 13:40:00', '2017-05-15 13:40:00', '2017-05-15 13:40:00', 'MFTP-4831', 'SMALL', '4831', 'Mini Folders - Three Pocket (4 x 9)');
INSERT INTO `qc_style` (`LAST_UPDATED_STAMP`, `LAST_UPDATED_TX_STAMP`, `CREATED_STAMP`, `CREATED_TX_STAMP`, `STYLE_ID`, `STYLE_GROUP_ID`, `STYLE_NAME`, `STYLE_DESCRIPTION`) VALUES ('2017-05-15 13:40:00', '2017-05-15 13:40:00', '2017-05-15 13:40:00', '2017-05-15 13:40:00', 'MFTP-4834', 'SMALL', '4834', 'Mini Folders - Tripanel w/ One Pocket (Right) (4 x 9)');
INSERT INTO `qc_style` (`LAST_UPDATED_STAMP`, `LAST_UPDATED_TX_STAMP`, `CREATED_STAMP`, `CREATED_TX_STAMP`, `STYLE_ID`, `STYLE_GROUP_ID`, `STYLE_NAME`, `STYLE_DESCRIPTION`) VALUES ('2017-05-15 13:40:00', '2017-05-15 13:40:00', '2017-05-15 13:40:00', '2017-05-15 13:40:00', 'MFC-4865', 'SMALL', '4865', 'Mini CONFORMER Folders - Standard Two Pocket (4 1/2 x 9 1/4)');
INSERT INTO `qc_style` (`LAST_UPDATED_STAMP`, `LAST_UPDATED_TX_STAMP`, `CREATED_STAMP`, `CREATED_TX_STAMP`, `STYLE_ID`, `STYLE_GROUP_ID`, `STYLE_NAME`, `STYLE_DESCRIPTION`) VALUES ('2017-05-15 13:40:00', '2017-05-15 13:40:00', '2017-05-15 13:40:00', '2017-05-15 13:40:00', 'HF-6801', 'SMALL', '6801', 'Small Presentation Folders - Standard Two Pocket (6 x 9)');
INSERT INTO `qc_style` (`LAST_UPDATED_STAMP`, `LAST_UPDATED_TX_STAMP`, `CREATED_STAMP`, `CREATED_TX_STAMP`, `STYLE_ID`, `STYLE_GROUP_ID`, `STYLE_NAME`, `STYLE_DESCRIPTION`) VALUES ('2017-05-15 13:40:00', '2017-05-15 13:40:00', '2017-05-15 13:40:00', '2017-05-15 13:40:00', 'HF-6804', 'SMALL', '6804', 'Small Presentation Folders - One Pocket (Right) (6 x 9)');
INSERT INTO `qc_style` (`LAST_UPDATED_STAMP`, `LAST_UPDATED_TX_STAMP`, `CREATED_STAMP`, `CREATED_TX_STAMP`, `STYLE_ID`, `STYLE_GROUP_ID`, `STYLE_NAME`, `STYLE_DESCRIPTION`) VALUES ('2017-05-15 13:40:00', '2017-05-15 13:40:00', '2017-05-15 13:40:00', '2017-05-15 13:40:00', 'F-6806', 'SMALL', '6806', 'Name NOT AVAILABLE (7 x 10)');
INSERT INTO `qc_style` (`LAST_UPDATED_STAMP`, `LAST_UPDATED_TX_STAMP`, `CREATED_STAMP`, `CREATED_TX_STAMP`, `STYLE_ID`, `STYLE_GROUP_ID`, `STYLE_NAME`, `STYLE_DESCRIPTION`) VALUES ('2017-05-15 13:40:00', '2017-05-15 13:40:00', '2017-05-15 13:40:00', '2017-05-15 13:40:00', 'F-6807', 'SMALL', '6807', 'Name NOT AVAILABLE (7 x 10)');
INSERT INTO `qc_style` (`LAST_UPDATED_STAMP`, `LAST_UPDATED_TX_STAMP`, `CREATED_STAMP`, `CREATED_TX_STAMP`, `STYLE_ID`, `STYLE_GROUP_ID`, `STYLE_NAME`, `STYLE_DESCRIPTION`) VALUES ('2017-05-15 13:40:00', '2017-05-15 13:40:00', '2017-05-15 13:40:00', '2017-05-15 13:40:00', 'HF-6851', 'SMALL', '6851', 'Small Presentation Folders - Landscape Orientation & One Pocket (Bottom) (6 x 9)');
INSERT INTO `qc_style` (`LAST_UPDATED_STAMP`, `LAST_UPDATED_TX_STAMP`, `CREATED_STAMP`, `CREATED_TX_STAMP`, `STYLE_ID`, `STYLE_GROUP_ID`, `STYLE_NAME`, `STYLE_DESCRIPTION`) VALUES ('2017-05-15 13:40:00', '2017-05-15 13:40:00', '2017-05-15 13:40:00', '2017-05-15 13:40:00', 'MF-135', 'SMALL', 'MF-135', 'Mini Folders - Standard Two Pocket (4 x 9)');
INSERT INTO `qc_style` (`LAST_UPDATED_STAMP`, `LAST_UPDATED_TX_STAMP`, `CREATED_STAMP`, `CREATED_TX_STAMP`, `STYLE_ID`, `STYLE_GROUP_ID`, `STYLE_NAME`, `STYLE_DESCRIPTION`) VALUES ('2017-05-15 13:40:00', '2017-05-15 13:40:00', '2017-05-15 13:40:00', '2017-05-15 13:40:00', 'MF-144', 'SMALL', 'MF-144', 'Small Presentation Folders - Standard Two Pockets (5 3/4 x 8 3/4)') ;
INSERT INTO `qc_style` (`LAST_UPDATED_STAMP`, `LAST_UPDATED_TX_STAMP`, `CREATED_STAMP`, `CREATED_TX_STAMP`, `STYLE_ID`, `STYLE_GROUP_ID`, `STYLE_NAME`, `STYLE_DESCRIPTION`) VALUES ('2017-05-15 13:40:00', '2017-05-15 13:40:00', '2017-05-15 13:40:00', '2017-05-15 13:40:00', 'TP-115', 'SMALL', 'TP-115', 'Name NOT AVAILABLE (4 x 9)');

INSERT INTO `qc_style` (`LAST_UPDATED_STAMP`, `LAST_UPDATED_TX_STAMP`, `CREATED_STAMP`, `CREATED_TX_STAMP`, `STYLE_ID`, `STYLE_GROUP_ID`, `STYLE_NAME`, `STYLE_DESCRIPTION`) VALUES ('2017-05-15 13:40:00', '2017-05-15 13:40:00', '2017-05-15 13:40:00', '2017-05-15 13:40:00', 'SF-0801', 'STANDARD', '0801', '9 x 12 Presentation Folders - Round Corners');
INSERT INTO `qc_style` (`LAST_UPDATED_STAMP`, `LAST_UPDATED_TX_STAMP`, `CREATED_STAMP`, `CREATED_TX_STAMP`, `STYLE_ID`, `STYLE_GROUP_ID`, `STYLE_NAME`, `STYLE_DESCRIPTION`) VALUES ('2017-05-15 13:40:00', '2017-05-15 13:40:00', '2017-05-15 13:40:00', '2017-05-15 13:40:00', 'SF-0804', 'STANDARD', '0804', '9 x 12 Presentation Folders - Standard One Pocket (Right) w/ Rounded Corner');
INSERT INTO `qc_style` (`LAST_UPDATED_STAMP`, `LAST_UPDATED_TX_STAMP`, `CREATED_STAMP`, `CREATED_TX_STAMP`, `STYLE_ID`, `STYLE_GROUP_ID`, `STYLE_NAME`, `STYLE_DESCRIPTION`) VALUES ('2017-05-15 13:40:00', '2017-05-15 13:40:00', '2017-05-15 13:40:00', '2017-05-15 13:40:00', 'OR-144', 'STANDARD', 'OR-144', '9 x 12 Presentation Folders - Standard Two Pocket w/ Front Cover Center Card Slits');
INSERT INTO `qc_style` (`LAST_UPDATED_STAMP`, `LAST_UPDATED_TX_STAMP`, `CREATED_STAMP`, `CREATED_TX_STAMP`, `STYLE_ID`, `STYLE_GROUP_ID`, `STYLE_NAME`, `STYLE_DESCRIPTION`) VALUES ('2017-05-15 13:40:00', '2017-05-15 13:40:00', '2017-05-15 13:40:00', '2017-05-15 13:40:00', 'OR-145', 'STANDARD', 'OR-145', '9 x 12 Presentation Folders - Standard Two Pocket w/ Front Cover Lower Right Card Slits');
INSERT INTO `qc_style` (`LAST_UPDATED_STAMP`, `LAST_UPDATED_TX_STAMP`, `CREATED_STAMP`, `CREATED_TX_STAMP`, `STYLE_ID`, `STYLE_GROUP_ID`, `STYLE_NAME`, `STYLE_DESCRIPTION`) VALUES ('2017-05-15 13:40:00', '2017-05-15 13:40:00', '2017-05-15 13:40:00', '2017-05-15 13:40:00', 'SF-111', 'STANDARD', 'SF-111', '9" x 12 Presentation Folders - Standard One Pocket (Right)');
INSERT INTO `qc_style` (`LAST_UPDATED_STAMP`, `LAST_UPDATED_TX_STAMP`, `CREATED_STAMP`, `CREATED_TX_STAMP`, `STYLE_ID`, `STYLE_GROUP_ID`, `STYLE_NAME`, `STYLE_DESCRIPTION`) VALUES ('2017-05-15 13:40:00', '2017-05-15 13:40:00', '2017-05-15 13:40:00', '2017-05-15 13:40:00', 'SF-101', 'STANDARD', 'SF-101', '9 x 12 Presentation Folders - Standard Two Pocket');

INSERT INTO `qc_style` (`LAST_UPDATED_STAMP`, `LAST_UPDATED_TX_STAMP`, `CREATED_STAMP`, `CREATED_TX_STAMP`, `STYLE_ID`, `STYLE_GROUP_ID`, `STYLE_NAME`, `STYLE_DESCRIPTION`) VALUES ('2017-05-15 13:40:00', '2017-05-15 13:40:00', '2017-05-15 13:40:00', '2017-05-15 13:40:00', '3DF-0802', 'LARGE', '0802', '9 1/2 x 12 Presentation Folders - 1/2" Double Score Spine');
INSERT INTO `qc_style` (`LAST_UPDATED_STAMP`, `LAST_UPDATED_TX_STAMP`, `CREATED_STAMP`, `CREATED_TX_STAMP`, `STYLE_ID`, `STYLE_GROUP_ID`, `STYLE_NAME`, `STYLE_DESCRIPTION`) VALUES ('2017-05-15 13:40:00', '2017-05-15 13:40:00', '2017-05-15 13:40:00', '2017-05-15 13:40:00', '3DF-0803', 'LARGE', '0803', '9 1/2 x 12 Presentation Folders - 1/2" Triple Score Spine');
INSERT INTO `qc_style` (`LAST_UPDATED_STAMP`, `LAST_UPDATED_TX_STAMP`, `CREATED_STAMP`, `CREATED_TX_STAMP`, `STYLE_ID`, `STYLE_GROUP_ID`, `STYLE_NAME`, `STYLE_DESCRIPTION`) VALUES ('2017-05-15 13:40:00', '2017-05-15 13:40:00', '2017-05-15 13:40:00', '2017-05-15 13:40:00', 'LS1-0806', 'LARGE', '0806', '9 x 12 Presentation Folders - Landscape Orientation w/ One Pocket (Right)');
INSERT INTO `qc_style` (`LAST_UPDATED_STAMP`, `LAST_UPDATED_TX_STAMP`, `CREATED_STAMP`, `CREATED_TX_STAMP`, `STYLE_ID`, `STYLE_GROUP_ID`, `STYLE_NAME`, `STYLE_DESCRIPTION`) VALUES ('2017-05-15 13:40:00', '2017-05-15 13:40:00', '2017-05-15 13:40:00', '2017-05-15 13:40:00', 'WF-0809', 'LARGE', '0809', 'Name NOT AVAILABLE (9 x 12)');
INSERT INTO `qc_style` (`LAST_UPDATED_STAMP`, `LAST_UPDATED_TX_STAMP`, `CREATED_STAMP`, `CREATED_TX_STAMP`, `STYLE_ID`, `STYLE_GROUP_ID`, `STYLE_NAME`, `STYLE_DESCRIPTION`) VALUES ('2017-05-15 13:40:00', '2017-05-15 13:40:00', '2017-05-15 13:40:00', '2017-05-15 13:40:00', 'SF-0810', 'LARGE', '0810', 'Name NOT AVAILABLE (9 x 12)');
INSERT INTO `qc_style` (`LAST_UPDATED_STAMP`, `LAST_UPDATED_TX_STAMP`, `CREATED_STAMP`, `CREATED_TX_STAMP`, `STYLE_ID`, `STYLE_GROUP_ID`, `STYLE_NAME`, `STYLE_DESCRIPTION`) VALUES ('2017-05-15 13:40:00', '2017-05-15 13:40:00', '2017-05-15 13:40:00', '2017-05-15 13:40:00', '3DF-0811', 'LARGE', '0811', '9 1/2 x 12 Presentation Folders - 1/4" Double Score Spine');
INSERT INTO `qc_style` (`LAST_UPDATED_STAMP`, `LAST_UPDATED_TX_STAMP`, `CREATED_STAMP`, `CREATED_TX_STAMP`, `STYLE_ID`, `STYLE_GROUP_ID`, `STYLE_NAME`, `STYLE_DESCRIPTION`) VALUES ('2017-05-15 13:40:00', '2017-05-15 13:40:00', '2017-05-15 13:40:00', '2017-05-15 13:40:00', 'CPF-0815', 'LARGE', '0815', '9 x 12 Presentation Folders - Continuous Pockets');
INSERT INTO `qc_style` (`LAST_UPDATED_STAMP`, `LAST_UPDATED_TX_STAMP`, `CREATED_STAMP`, `CREATED_TX_STAMP`, `STYLE_ID`, `STYLE_GROUP_ID`, `STYLE_NAME`, `STYLE_DESCRIPTION`) VALUES ('2017-05-15 13:40:00', '2017-05-15 13:40:00', '2017-05-15 13:40:00', '2017-05-15 13:40:00', 'STF-0816', 'LARGE', '0816', '9 x 12 Presentation Folders - One Pocket (Left) w/ Staple Tab Optional Window');
INSERT INTO `qc_style` (`LAST_UPDATED_STAMP`, `LAST_UPDATED_TX_STAMP`, `CREATED_STAMP`, `CREATED_TX_STAMP`, `STYLE_ID`, `STYLE_GROUP_ID`, `STYLE_NAME`, `STYLE_DESCRIPTION`) VALUES ('2017-05-15 13:40:00', '2017-05-15 13:40:00', '2017-05-15 13:40:00', '2017-05-15 13:40:00', 'FT-0821', 'LARGE', '0821', '9 x 12 Presentation Folders - Standard One Pocket (Right) w/ File Tab');
INSERT INTO `qc_style` (`LAST_UPDATED_STAMP`, `LAST_UPDATED_TX_STAMP`, `CREATED_STAMP`, `CREATED_TX_STAMP`, `STYLE_ID`, `STYLE_GROUP_ID`, `STYLE_NAME`, `STYLE_DESCRIPTION`) VALUES ('2017-05-15 13:40:00', '2017-05-15 13:40:00', '2017-05-15 13:40:00', '2017-05-15 13:40:00', 'FT-0822', 'LARGE', '0822', '9 x 11 3/4 Presentation Folders - Half File Tab');
INSERT INTO `qc_style` (`LAST_UPDATED_STAMP`, `LAST_UPDATED_TX_STAMP`, `CREATED_STAMP`, `CREATED_TX_STAMP`, `STYLE_ID`, `STYLE_GROUP_ID`, `STYLE_NAME`, `STYLE_DESCRIPTION`) VALUES ('2017-05-15 13:40:00', '2017-05-15 13:40:00', '2017-05-15 13:40:00', '2017-05-15 13:40:00', 'OF-0824', 'LARGE', '0824', 'Name NOT AVAILABLE (9 1/2 x 12 1/2)');
INSERT INTO `qc_style` (`LAST_UPDATED_STAMP`, `LAST_UPDATED_TX_STAMP`, `CREATED_STAMP`, `CREATED_TX_STAMP`, `STYLE_ID`, `STYLE_GROUP_ID`, `STYLE_NAME`, `STYLE_DESCRIPTION`) VALUES ('2017-05-15 13:40:00', '2017-05-15 13:40:00', '2017-05-15 13:40:00', '2017-05-15 13:40:00', 'SGBS-0827', 'LARGE', '0827', '9 3/4 x 12 Presentation Folders - Glued Pockets');
INSERT INTO `qc_style` (`LAST_UPDATED_STAMP`, `LAST_UPDATED_TX_STAMP`, `CREATED_STAMP`, `CREATED_TX_STAMP`, `STYLE_ID`, `STYLE_GROUP_ID`, `STYLE_NAME`, `STYLE_DESCRIPTION`) VALUES ('2017-05-15 13:40:00', '2017-05-15 13:40:00', '2017-05-15 13:40:00', '2017-05-15 13:40:00', 'VSRP-0830', 'LARGE', '0830', '9 x 12 Presentation Folders - Serpentine Cut w/ One Vertical Pocket (Right)');
INSERT INTO `qc_style` (`LAST_UPDATED_STAMP`, `LAST_UPDATED_TX_STAMP`, `CREATED_STAMP`, `CREATED_TX_STAMP`, `STYLE_ID`, `STYLE_GROUP_ID`, `STYLE_NAME`, `STYLE_DESCRIPTION`) VALUES ('2017-05-15 13:40:00', '2017-05-15 13:40:00', '2017-05-15 13:40:00', '2017-05-15 13:40:00', 'VH-0832', 'LARGE', '0832', 'Name NOT AVAILABLE (9 x 12)');
INSERT INTO `qc_style` (`LAST_UPDATED_STAMP`, `LAST_UPDATED_TX_STAMP`, `CREATED_STAMP`, `CREATED_TX_STAMP`, `STYLE_ID`, `STYLE_GROUP_ID`, `STYLE_NAME`, `STYLE_DESCRIPTION`) VALUES ('2017-05-15 13:40:00', '2017-05-15 13:40:00', '2017-05-15 13:40:00', '2017-05-15 13:40:00', 'V1-0851', 'LARGE', '0851', '9 x 12 Presentation Folders - One Vertical Pocket (Right)');
INSERT INTO `qc_style` (`LAST_UPDATED_STAMP`, `LAST_UPDATED_TX_STAMP`, `CREATED_STAMP`, `CREATED_TX_STAMP`, `STYLE_ID`, `STYLE_GROUP_ID`, `STYLE_NAME`, `STYLE_DESCRIPTION`) VALUES ('2017-05-15 13:40:00', '2017-05-15 13:40:00', '2017-05-15 13:40:00', '2017-05-15 13:40:00', 'V1-0852', 'LARGE', '0852', '9 x 12 Presentation Folders - Vertical Orientation w/ One Pocket (Bottom) & Tuck Tab');
INSERT INTO `qc_style` (`LAST_UPDATED_STAMP`, `LAST_UPDATED_TX_STAMP`, `CREATED_STAMP`, `CREATED_TX_STAMP`, `STYLE_ID`, `STYLE_GROUP_ID`, `STYLE_NAME`, `STYLE_DESCRIPTION`) VALUES ('2017-05-15 13:40:00', '2017-05-15 13:40:00', '2017-05-15 13:40:00', '2017-05-15 13:40:00', 'HV-0857', 'LARGE', '0857', '9 x 12 Presentation Folders - One Horizontal Pocket and One Vertical Right Pocket');
INSERT INTO `qc_style` (`LAST_UPDATED_STAMP`, `LAST_UPDATED_TX_STAMP`, `CREATED_STAMP`, `CREATED_TX_STAMP`, `STYLE_ID`, `STYLE_GROUP_ID`, `STYLE_NAME`, `STYLE_DESCRIPTION`) VALUES ('2017-05-15 13:40:00', '2017-05-15 13:40:00', '2017-05-15 13:40:00', '2017-05-15 13:40:00', 'V2-0858', 'LARGE', '0858', '9 x 12 Presentation Folders - Two Vertical Pockets');
INSERT INTO `qc_style` (`LAST_UPDATED_STAMP`, `LAST_UPDATED_TX_STAMP`, `CREATED_STAMP`, `CREATED_TX_STAMP`, `STYLE_ID`, `STYLE_GROUP_ID`, `STYLE_NAME`, `STYLE_DESCRIPTION`) VALUES ('2017-05-15 13:40:00', '2017-05-15 13:40:00', '2017-05-15 13:40:00', '2017-05-15 13:40:00', 'HV-0859', 'LARGE', '0859', '9 x 12 Presentation Folders - One Vertical Left Pocket and One Horizontal Pocket');
INSERT INTO `qc_style` (`LAST_UPDATED_STAMP`, `LAST_UPDATED_TX_STAMP`, `CREATED_STAMP`, `CREATED_TX_STAMP`, `STYLE_ID`, `STYLE_GROUP_ID`, `STYLE_NAME`, `STYLE_DESCRIPTION`) VALUES ('2017-05-15 13:40:00', '2017-05-15 13:40:00', '2017-05-15 13:40:00', '2017-05-15 13:40:00', 'BF-0860', 'LARGE', '0860', 'Name NOT AVAILABLE (8 3/4 x 11 1/2)');
INSERT INTO `qc_style` (`LAST_UPDATED_STAMP`, `LAST_UPDATED_TX_STAMP`, `CREATED_STAMP`, `CREATED_TX_STAMP`, `STYLE_ID`, `STYLE_GROUP_ID`, `STYLE_NAME`, `STYLE_DESCRIPTION`) VALUES ('2017-05-15 13:40:00', '2017-05-15 13:40:00', '2017-05-15 13:40:00', '2017-05-15 13:40:00', 'AP-0861', 'LARGE', '0861', '9 x 11 3/4 Presentation Folders - Diagonal Pockets');
INSERT INTO `qc_style` (`LAST_UPDATED_STAMP`, `LAST_UPDATED_TX_STAMP`, `CREATED_STAMP`, `CREATED_TX_STAMP`, `STYLE_ID`, `STYLE_GROUP_ID`, `STYLE_NAME`, `STYLE_DESCRIPTION`) VALUES ('2017-05-15 13:40:00', '2017-05-15 13:40:00', '2017-05-15 13:40:00', '2017-05-15 13:40:00', 'DF-0862', 'LARGE', '0862', '9 x 12" Presentation Folders - One Pocket w/ Disc Sleeve');
INSERT INTO `qc_style` (`LAST_UPDATED_STAMP`, `LAST_UPDATED_TX_STAMP`, `CREATED_STAMP`, `CREATED_TX_STAMP`, `STYLE_ID`, `STYLE_GROUP_ID`, `STYLE_NAME`, `STYLE_DESCRIPTION`) VALUES ('2017-05-15 13:40:00', '2017-05-15 13:40:00', '2017-05-15 13:40:00', '2017-05-15 13:40:00', 'RP-0863', 'LARGE', '0863', 'Name NOT AVAILABLE (9 x 12)');
INSERT INTO `qc_style` (`LAST_UPDATED_STAMP`, `LAST_UPDATED_TX_STAMP`, `CREATED_STAMP`, `CREATED_TX_STAMP`, `STYLE_ID`, `STYLE_GROUP_ID`, `STYLE_NAME`, `STYLE_DESCRIPTION`) VALUES ('2017-05-15 13:40:00', '2017-05-15 13:40:00', '2017-05-15 13:40:00', '2017-05-15 13:40:00', 'C-0865', 'LARGE', '0865', '9 1/2 x 12 CONFORMER Folder - Standard Two Pocket');
INSERT INTO `qc_style` (`LAST_UPDATED_STAMP`, `LAST_UPDATED_TX_STAMP`, `CREATED_STAMP`, `CREATED_TX_STAMP`, `STYLE_ID`, `STYLE_GROUP_ID`, `STYLE_NAME`, `STYLE_DESCRIPTION`) VALUES ('2017-05-15 13:40:00', '2017-05-15 13:40:00', '2017-05-15 13:40:00', '2017-05-15 13:40:00', 'WP-0880', 'LARGE', '0880', '9 x 12 Presentation Folders - Wavy Pockets');
INSERT INTO `qc_style` (`LAST_UPDATED_STAMP`, `LAST_UPDATED_TX_STAMP`, `CREATED_STAMP`, `CREATED_TX_STAMP`, `STYLE_ID`, `STYLE_GROUP_ID`, `STYLE_NAME`, `STYLE_DESCRIPTION`) VALUES ('2017-05-15 13:40:00', '2017-05-15 13:40:00', '2017-05-15 13:40:00', '2017-05-15 13:40:00', 'SF-0882', 'LARGE', '0882', '9 x 12 Presentation Folders - 6" Tall Pockets');
INSERT INTO `qc_style` (`LAST_UPDATED_STAMP`, `LAST_UPDATED_TX_STAMP`, `CREATED_STAMP`, `CREATED_TX_STAMP`, `STYLE_ID`, `STYLE_GROUP_ID`, `STYLE_NAME`, `STYLE_DESCRIPTION`) VALUES ('2017-05-15 13:40:00', '2017-05-15 13:40:00', '2017-05-15 13:40:00', '2017-05-15 13:40:00', 'SF-08-Flash', 'LARGE', '08FLSH01', '9 x 12 Presentation Folders - One Pocket (Right) w/ Flash Drive Holder');
INSERT INTO `qc_style` (`LAST_UPDATED_STAMP`, `LAST_UPDATED_TX_STAMP`, `CREATED_STAMP`, `CREATED_TX_STAMP`, `STYLE_ID`, `STYLE_GROUP_ID`, `STYLE_NAME`, `STYLE_DESCRIPTION`) VALUES ('2017-05-15 13:40:00', '2017-05-15 13:40:00', '2017-05-15 13:40:00', '2017-05-15 13:40:00', 'TPF-3834', 'LARGE', '3834', 'Name NOT AVAILABLE (9 x 12)');
INSERT INTO `qc_style` (`LAST_UPDATED_STAMP`, `LAST_UPDATED_TX_STAMP`, `CREATED_STAMP`, `CREATED_TX_STAMP`, `STYLE_ID`, `STYLE_GROUP_ID`, `STYLE_NAME`, `STYLE_DESCRIPTION`) VALUES ('2017-05-15 13:40:00', '2017-05-15 13:40:00', '2017-05-15 13:40:00', '2017-05-15 13:40:00', '3DF-113', 'LARGE', '3DF-113', '9 1/2 x 12 Presentation Folders - 3/8" Double Score Spine');
INSERT INTO `qc_style` (`LAST_UPDATED_STAMP`, `LAST_UPDATED_TX_STAMP`, `CREATED_STAMP`, `CREATED_TX_STAMP`, `STYLE_ID`, `STYLE_GROUP_ID`, `STYLE_NAME`, `STYLE_DESCRIPTION`) VALUES ('2017-05-15 13:40:00', '2017-05-15 13:40:00', '2017-05-15 13:40:00', '2017-05-15 13:40:00', 'FT-107', 'LARGE', 'FT-107', '9 x 12 Presentation Folders - File Tab on Pocket');
INSERT INTO `qc_style` (`LAST_UPDATED_STAMP`, `LAST_UPDATED_TX_STAMP`, `CREATED_STAMP`, `CREATED_TX_STAMP`, `STYLE_ID`, `STYLE_GROUP_ID`, `STYLE_NAME`, `STYLE_DESCRIPTION`) VALUES ('2017-05-15 13:40:00', '2017-05-15 13:40:00', '2017-05-15 13:40:00', '2017-05-15 13:40:00', 'RF-148', 'LARGE', 'RF-148', '9 x 12 Presentation Folders - Two Pockets w/ Tear Our Rotary Card');
INSERT INTO `qc_style` (`LAST_UPDATED_STAMP`, `LAST_UPDATED_TX_STAMP`, `CREATED_STAMP`, `CREATED_TX_STAMP`, `STYLE_ID`, `STYLE_GROUP_ID`, `STYLE_NAME`, `STYLE_DESCRIPTION`) VALUES ('2017-05-15 13:40:00', '2017-05-15 13:40:00', '2017-05-15 13:40:00', '2017-05-15 13:40:00', 'SF-102', 'LARGE', 'SF-102', '9 x 12 Presentation Folders - Standard Two Pocket w/ Front Cover Window');
INSERT INTO `qc_style` (`LAST_UPDATED_STAMP`, `LAST_UPDATED_TX_STAMP`, `CREATED_STAMP`, `CREATED_TX_STAMP`, `STYLE_ID`, `STYLE_GROUP_ID`, `STYLE_NAME`, `STYLE_DESCRIPTION`) VALUES ('2017-05-15 13:40:00', '2017-05-15 13:40:00', '2017-05-15 13:40:00', '2017-05-15 13:40:00', 'VS-104', 'LARGE', 'VS-104', '9 x 12 Presentation Folders - Curved Pockets');
INSERT INTO `qc_style` (`LAST_UPDATED_STAMP`, `LAST_UPDATED_TX_STAMP`, `CREATED_STAMP`, `CREATED_TX_STAMP`, `STYLE_ID`, `STYLE_GROUP_ID`, `STYLE_NAME`, `STYLE_DESCRIPTION`) VALUES ('2017-05-15 13:40:00', '2017-05-15 13:40:00', '2017-05-15 13:40:00', '2017-05-15 13:40:00', 'VS-105', 'LARGE', 'VS-105', '9 x 12 Presentation Folders - Angled Pockets');
INSERT INTO `qc_style` (`LAST_UPDATED_STAMP`, `LAST_UPDATED_TX_STAMP`, `CREATED_STAMP`, `CREATED_TX_STAMP`, `STYLE_ID`, `STYLE_GROUP_ID`, `STYLE_NAME`, `STYLE_DESCRIPTION`) VALUES ('2017-05-15 13:40:00', '2017-05-15 13:40:00', '2017-05-15 13:40:00', '2017-05-15 13:40:00', 'VS-112', 'LARGE', 'VS-112', '9 x 12 Presentation Folder - One Small Pocket and One Vertical Pocket');
INSERT INTO `qc_style` (`LAST_UPDATED_STAMP`, `LAST_UPDATED_TX_STAMP`, `CREATED_STAMP`, `CREATED_TX_STAMP`, `STYLE_ID`, `STYLE_GROUP_ID`, `STYLE_NAME`, `STYLE_DESCRIPTION`) VALUES ('2017-05-15 13:40:00', '2017-05-15 13:40:00', '2017-05-15 13:40:00', '2017-05-15 13:40:00', 'VS-114', 'LARGE', 'VS-114', '9 x 11 3/4 Presentation Folders - Landscape Orientation');
INSERT INTO `qc_style` (`LAST_UPDATED_STAMP`, `LAST_UPDATED_TX_STAMP`, `CREATED_STAMP`, `CREATED_TX_STAMP`, `STYLE_ID`, `STYLE_GROUP_ID`, `STYLE_NAME`, `STYLE_DESCRIPTION`) VALUES ('2017-05-15 13:40:00', '2017-05-15 13:40:00', '2017-05-15 13:40:00', '2017-05-15 13:40:00', 'VS-167', 'LARGE', 'VS-167', '9 x 11 3/4 Presentation Folders - Rounded Pockets');
INSERT INTO `qc_style` (`LAST_UPDATED_STAMP`, `LAST_UPDATED_TX_STAMP`, `CREATED_STAMP`, `CREATED_TX_STAMP`, `STYLE_ID`, `STYLE_GROUP_ID`, `STYLE_NAME`, `STYLE_DESCRIPTION`) VALUES ('2017-05-15 13:40:00', '2017-05-15 13:40:00', '2017-05-15 13:40:00', '2017-05-15 13:40:00', 'VS-175', 'LARGE', 'VS-175', 'Name NOT AVAILABLE (8 3/4 x 12)');
INSERT INTO `qc_style` (`LAST_UPDATED_STAMP`, `LAST_UPDATED_TX_STAMP`, `CREATED_STAMP`, `CREATED_TX_STAMP`, `STYLE_ID`, `STYLE_GROUP_ID`, `STYLE_NAME`, `STYLE_DESCRIPTION`) VALUES ('2017-05-15 13:40:00', '2017-05-15 13:40:00', '2017-05-15 13:40:00', '2017-05-15 13:40:00', 'SPDAT-FD-04515', 'LARGE', 'SPDAT-FD-04515', '9 x 12 Presentation Folders - One Pocket (Left) w/ Document Attachment Tab & 1/4" Double Scored Spine');
INSERT INTO `qc_style` (`LAST_UPDATED_STAMP`, `LAST_UPDATED_TX_STAMP`, `CREATED_STAMP`, `CREATED_TX_STAMP`, `STYLE_ID`, `STYLE_GROUP_ID`, `STYLE_NAME`, `STYLE_DESCRIPTION`) VALUES ('2017-05-15 13:40:00', '2017-05-15 13:40:00', '2017-05-15 13:40:00', '2017-05-15 13:40:00', 'SPDAT-FD-06521', 'LARGE', 'SPDAT-FD-06521', '9 x 12 Presentation Folders - One Pocket (Left) w/ Document Attachment Tab & 1" Double Scored Spine');
INSERT INTO `qc_style` (`LAST_UPDATED_STAMP`, `LAST_UPDATED_TX_STAMP`, `CREATED_STAMP`, `CREATED_TX_STAMP`, `STYLE_ID`, `STYLE_GROUP_ID`, `STYLE_NAME`, `STYLE_DESCRIPTION`) VALUES ('2017-05-15 13:40:00', '2017-05-15 13:40:00', '2017-05-15 13:40:00', '2017-05-15 13:40:00', 'SPDAT-FD-06684', 'LARGE', 'SPDAT-FD-06684', '9 x 12 Presentation Folders - One Pocket (Left) w/ Document Attachment Tab & 1/2" Double Scored Spine');

INSERT INTO `qc_style` (`LAST_UPDATED_STAMP`, `LAST_UPDATED_TX_STAMP`, `CREATED_STAMP`, `CREATED_TX_STAMP`, `STYLE_ID`, `STYLE_GROUP_ID`, `STYLE_NAME`, `STYLE_DESCRIPTION`) VALUES ('2017-05-15 13:40:00', '2017-05-15 13:40:00', '2017-05-15 13:40:00', '2017-05-15 13:40:00', '3DFE-2886', 'RE', '2886', '9 7/8 x 11 3/4 Name NOT AVAILABLE');
INSERT INTO `qc_style` (`LAST_UPDATED_STAMP`, `LAST_UPDATED_TX_STAMP`, `CREATED_STAMP`, `CREATED_TX_STAMP`, `STYLE_ID`, `STYLE_GROUP_ID`, `STYLE_NAME`, `STYLE_DESCRIPTION`) VALUES ('2017-05-15 13:40:00', '2017-05-15 13:40:00', '2017-05-15 13:40:00', '2017-05-15 13:40:00', 'RE-2911', 'RE', '2911', '9 1/2 x 11 3/4 Presentation Folders - Reinforced Edges w/ 1/4" Scored Spine');
INSERT INTO `qc_style` (`LAST_UPDATED_STAMP`, `LAST_UPDATED_TX_STAMP`, `CREATED_STAMP`, `CREATED_TX_STAMP`, `STYLE_ID`, `STYLE_GROUP_ID`, `STYLE_NAME`, `STYLE_DESCRIPTION`) VALUES ('2017-05-15 13:40:00', '2017-05-15 13:40:00', '2017-05-15 13:40:00', '2017-05-15 13:40:00', 'RECF-2965', 'RE', '2965', '9 1/2 x 12 CONFORMER Folder - Reinforced Edges');
INSERT INTO `qc_style` (`LAST_UPDATED_STAMP`, `LAST_UPDATED_TX_STAMP`, `CREATED_STAMP`, `CREATED_TX_STAMP`, `STYLE_ID`, `STYLE_GROUP_ID`, `STYLE_NAME`, `STYLE_DESCRIPTION`) VALUES ('2017-05-15 13:40:00', '2017-05-15 13:40:00', '2017-05-15 13:40:00', '2017-05-15 13:40:00', 'RE-2971', 'RE', '2971', '9 1/2 x 11 3/4 Presentation Folders - Reinforced Edges');
INSERT INTO `qc_style` (`LAST_UPDATED_STAMP`, `LAST_UPDATED_TX_STAMP`, `CREATED_STAMP`, `CREATED_TX_STAMP`, `STYLE_ID`, `STYLE_GROUP_ID`, `STYLE_NAME`, `STYLE_DESCRIPTION`) VALUES ('2017-05-15 13:40:00', '2017-05-15 13:40:00', '2017-05-15 13:40:00', '2017-05-15 13:40:00', 'RE-2971-TOP', 'RE', '2971-TOP', '9 1/2 x 11 3/4 Name NOT AVAILABLE');
INSERT INTO `qc_style` (`LAST_UPDATED_STAMP`, `LAST_UPDATED_TX_STAMP`, `CREATED_STAMP`, `CREATED_TX_STAMP`, `STYLE_ID`, `STYLE_GROUP_ID`, `STYLE_NAME`, `STYLE_DESCRIPTION`) VALUES ('2017-05-15 13:40:00', '2017-05-15 13:40:00', '2017-05-15 13:40:00', '2017-05-15 13:40:00', 'RE-2972', 'RE', '2972', '9 1/2 x 11 3/4 Presentation Folders - Reinforced Edges w/ 1/2" Spine');
INSERT INTO `qc_style` (`LAST_UPDATED_STAMP`, `LAST_UPDATED_TX_STAMP`, `CREATED_STAMP`, `CREATED_TX_STAMP`, `STYLE_ID`, `STYLE_GROUP_ID`, `STYLE_NAME`, `STYLE_DESCRIPTION`) VALUES ('2017-05-15 13:40:00', '2017-05-15 13:40:00', '2017-05-15 13:40:00', '2017-05-15 13:40:00', 'RE-2974', 'RE', '2974', '9 x 12 Presentation Folders - Standard One Pocket (Right) w/ Reinforced Edges');
INSERT INTO `qc_style` (`LAST_UPDATED_STAMP`, `LAST_UPDATED_TX_STAMP`, `CREATED_STAMP`, `CREATED_TX_STAMP`, `STYLE_ID`, `STYLE_GROUP_ID`, `STYLE_NAME`, `STYLE_DESCRIPTION`) VALUES ('2017-05-15 13:40:00', '2017-05-15 13:40:00', '2017-05-15 13:40:00', '2017-05-15 13:40:00', 'FTRE-2975', 'RE', '2975', '9 3/4 x 11 3/4 Presentation Folders - Reinforced Edges w/ Full File Tab');
INSERT INTO `qc_style` (`LAST_UPDATED_STAMP`, `LAST_UPDATED_TX_STAMP`, `CREATED_STAMP`, `CREATED_TX_STAMP`, `STYLE_ID`, `STYLE_GROUP_ID`, `STYLE_NAME`, `STYLE_DESCRIPTION`) VALUES ('2017-05-15 13:40:00', '2017-05-15 13:40:00', '2017-05-15 13:40:00', '2017-05-15 13:40:00', 'FTRE-2976', 'RE', '2976', '9 3/4 x 11 3/4 Name NOT AVAILABLE');
INSERT INTO `qc_style` (`LAST_UPDATED_STAMP`, `LAST_UPDATED_TX_STAMP`, `CREATED_STAMP`, `CREATED_TX_STAMP`, `STYLE_ID`, `STYLE_GROUP_ID`, `STYLE_NAME`, `STYLE_DESCRIPTION`) VALUES ('2017-05-15 13:40:00', '2017-05-15 13:40:00', '2017-05-15 13:40:00', '2017-05-15 13:40:00', 'FTRE-2977', 'RE', '2977', '9 3/4 x 11 3/4 Name NOT AVAILABLE');
INSERT INTO `qc_style` (`LAST_UPDATED_STAMP`, `LAST_UPDATED_TX_STAMP`, `CREATED_STAMP`, `CREATED_TX_STAMP`, `STYLE_ID`, `STYLE_GROUP_ID`, `STYLE_NAME`, `STYLE_DESCRIPTION`) VALUES ('2017-05-15 13:40:00', '2017-05-15 13:40:00', '2017-05-15 13:40:00', '2017-05-15 13:40:00', 'RE-2978', 'RE', '2978', '9 1/2 x 11 3/4 School Folders - Continuous Pockets w/ 3 Hole Punch');
INSERT INTO `qc_style` (`LAST_UPDATED_STAMP`, `LAST_UPDATED_TX_STAMP`, `CREATED_STAMP`, `CREATED_TX_STAMP`, `STYLE_ID`, `STYLE_GROUP_ID`, `STYLE_NAME`, `STYLE_DESCRIPTION`) VALUES ('2017-05-15 13:40:00', '2017-05-15 13:40:00', '2017-05-15 13:40:00', '2017-05-15 13:40:00', 'RE-2988', 'RE', '2988', '9 1/2 x 11 3/4 Presentation Folders - Continuous Pocket w/ Reinforced Edges');
INSERT INTO `qc_style` (`LAST_UPDATED_STAMP`, `LAST_UPDATED_TX_STAMP`, `CREATED_STAMP`, `CREATED_TX_STAMP`, `STYLE_ID`, `STYLE_GROUP_ID`, `STYLE_NAME`, `STYLE_DESCRIPTION`) VALUES ('2017-05-15 13:40:00', '2017-05-15 13:40:00', '2017-05-15 13:40:00', '2017-05-15 13:40:00', '3DF-139', 'RE', '3DF-139', '10" x 11 3/4 Presentation Folders - 1/4" Expansion Pockets and 1" Reinforced Edges');
INSERT INTO `qc_style` (`LAST_UPDATED_STAMP`, `LAST_UPDATED_TX_STAMP`, `CREATED_STAMP`, `CREATED_TX_STAMP`, `STYLE_ID`, `STYLE_GROUP_ID`, `STYLE_NAME`, `STYLE_DESCRIPTION`) VALUES ('2017-05-15 13:40:00', '2017-05-15 13:40:00', '2017-05-15 13:40:00', '2017-05-15 13:40:00', '3DF-152', 'RE', '3DF-152', '10" x 11 3/4 Presentation Folders - 1/4" Expansion Right Pocket, Reinforced Edges, Scored Spine and File Tab');
INSERT INTO `qc_style` (`LAST_UPDATED_STAMP`, `LAST_UPDATED_TX_STAMP`, `CREATED_STAMP`, `CREATED_TX_STAMP`, `STYLE_ID`, `STYLE_GROUP_ID`, `STYLE_NAME`, `STYLE_DESCRIPTION`) VALUES ('2017-05-15 13:40:00', '2017-05-15 13:40:00', '2017-05-15 13:40:00', '2017-05-15 13:40:00', 'FT-130', 'RE', 'FT-130', '9 x 12 Presentation Folders - Full File Tab');
INSERT INTO `qc_style` (`LAST_UPDATED_STAMP`, `LAST_UPDATED_TX_STAMP`, `CREATED_STAMP`, `CREATED_TX_STAMP`, `STYLE_ID`, `STYLE_GROUP_ID`, `STYLE_NAME`, `STYLE_DESCRIPTION`) VALUES ('2017-05-15 13:40:00', '2017-05-15 13:40:00', '2017-05-15 13:40:00', '2017-05-15 13:40:00', 'SF-179', 'RE', 'SF-179', '9 1/2 x 11 3/4 Presentation Folders - Reinforced Edges');

INSERT INTO `qc_style` (`LAST_UPDATED_STAMP`, `LAST_UPDATED_TX_STAMP`, `CREATED_STAMP`, `CREATED_TX_STAMP`, `STYLE_ID`, `STYLE_GROUP_ID`, `STYLE_NAME`, `STYLE_DESCRIPTION`) VALUES ('2017-05-15 13:40:00', '2017-05-15 13:40:00', '2017-05-15 13:40:00', '2017-05-15 13:40:00', '3DF-0812', 'CAPACITY', '0812', '9 x 12 Name NOT AVAILABLE');
INSERT INTO `qc_style` (`LAST_UPDATED_STAMP`, `LAST_UPDATED_TX_STAMP`, `CREATED_STAMP`, `CREATED_TX_STAMP`, `STYLE_ID`, `STYLE_GROUP_ID`, `STYLE_NAME`, `STYLE_DESCRIPTION`) VALUES ('2017-05-15 13:40:00', '2017-05-15 13:40:00', '2017-05-15 13:40:00', '2017-05-15 13:40:00', 'CST-0836', 'CAPACITY', '0836', '9 1/2 x 12 CONFORMER Folders - Tax Folder One Pocket (Left) w/ Optional Window');
INSERT INTO `qc_style` (`LAST_UPDATED_STAMP`, `LAST_UPDATED_TX_STAMP`, `CREATED_STAMP`, `CREATED_TX_STAMP`, `STYLE_ID`, `STYLE_GROUP_ID`, `STYLE_NAME`, `STYLE_DESCRIPTION`) VALUES ('2017-05-15 13:40:00', '2017-05-15 13:40:00', '2017-05-15 13:40:00', '2017-05-15 13:40:00', '3DF-0853', 'CAPACITY', '0853', '9 1/2 x 12 Presentation Folders - 1/4" Capacity Box Right Pocket and Double Score Spine');
INSERT INTO `qc_style` (`LAST_UPDATED_STAMP`, `LAST_UPDATED_TX_STAMP`, `CREATED_STAMP`, `CREATED_TX_STAMP`, `STYLE_ID`, `STYLE_GROUP_ID`, `STYLE_NAME`, `STYLE_DESCRIPTION`) VALUES ('2017-05-15 13:40:00', '2017-05-15 13:40:00', '2017-05-15 13:40:00', '2017-05-15 13:40:00', 'C-0865', 'CAPACITY', '0865', '9 1/2 x 12 CONFORMER Folder - Standard Two Pocket');
INSERT INTO `qc_style` (`LAST_UPDATED_STAMP`, `LAST_UPDATED_TX_STAMP`, `CREATED_STAMP`, `CREATED_TX_STAMP`, `STYLE_ID`, `STYLE_GROUP_ID`, `STYLE_NAME`, `STYLE_DESCRIPTION`) VALUES ('2017-05-15 13:40:00', '2017-05-15 13:40:00', '2017-05-15 13:40:00', '2017-05-15 13:40:00', 'C-0866', 'CAPACITY', '0866', '9 1/2" x 12" CONFORMER Folders - Two Pockets w/ Pen Holder');
INSERT INTO `qc_style` (`LAST_UPDATED_STAMP`, `LAST_UPDATED_TX_STAMP`, `CREATED_STAMP`, `CREATED_TX_STAMP`, `STYLE_ID`, `STYLE_GROUP_ID`, `STYLE_NAME`, `STYLE_DESCRIPTION`) VALUES ('2017-05-15 13:40:00', '2017-05-15 13:40:00', '2017-05-15 13:40:00', '2017-05-15 13:40:00', '3DE-2872', 'CAPACITY', '2872', '9 7/8 x 11 3/4 Name NOT AVAILABLE');
INSERT INTO `qc_style` (`LAST_UPDATED_STAMP`, `LAST_UPDATED_TX_STAMP`, `CREATED_STAMP`, `CREATED_TX_STAMP`, `STYLE_ID`, `STYLE_GROUP_ID`, `STYLE_NAME`, `STYLE_DESCRIPTION`) VALUES ('2017-05-15 13:40:00', '2017-05-15 13:40:00', '2017-05-15 13:40:00', '2017-05-15 13:40:00', '3DFE-2886', 'CAPACITY', '2886', '9 7/8 x 11 3/4 Name NOT AVAILABLE');
INSERT INTO `qc_style` (`LAST_UPDATED_STAMP`, `LAST_UPDATED_TX_STAMP`, `CREATED_STAMP`, `CREATED_TX_STAMP`, `STYLE_ID`, `STYLE_GROUP_ID`, `STYLE_NAME`, `STYLE_DESCRIPTION`) VALUES ('2017-05-15 13:40:00', '2017-05-15 13:40:00', '2017-05-15 13:40:00', '2017-05-15 13:40:00', '3DF-141', 'CAPACITY', '3DF-141', '9 1/2 x 12 Presentation Folders - 1/8" Capacity Box Pockets and Double Score Spine');
INSERT INTO `qc_style` (`LAST_UPDATED_STAMP`, `LAST_UPDATED_TX_STAMP`, `CREATED_STAMP`, `CREATED_TX_STAMP`, `STYLE_ID`, `STYLE_GROUP_ID`, `STYLE_NAME`, `STYLE_DESCRIPTION`) VALUES ('2017-05-15 13:40:00', '2017-05-15 13:40:00', '2017-05-15 13:40:00', '2017-05-15 13:40:00', '3DF-149', 'CAPACITY', '3DF-149', '9 1/2 x 12 Presentation Folders - 1/4" Capacity Box Pockets and Double Score Spine');
INSERT INTO `qc_style` (`LAST_UPDATED_STAMP`, `LAST_UPDATED_TX_STAMP`, `CREATED_STAMP`, `CREATED_TX_STAMP`, `STYLE_ID`, `STYLE_GROUP_ID`, `STYLE_NAME`, `STYLE_DESCRIPTION`) VALUES ('2017-05-15 13:40:00', '2017-05-15 13:40:00', '2017-05-15 13:40:00', '2017-05-15 13:40:00', 'VS-122', 'CAPACITY', 'VS-122', '8 3/4" x 11 3/4" Presentation Folder - One Vertical Pocket and One Round Box Pocket');

INSERT INTO `qc_style` (`LAST_UPDATED_STAMP`, `LAST_UPDATED_TX_STAMP`, `CREATED_STAMP`, `CREATED_TX_STAMP`, `STYLE_ID`, `STYLE_GROUP_ID`, `STYLE_NAME`, `STYLE_DESCRIPTION`) VALUES ('2017-05-15 13:40:00', '2017-05-15 13:40:00', '2017-05-15 13:40:00', '2017-05-15 13:40:00', 'LF-1401', 'LEGAL', '1401', '9 1/2 x 14 1/2 Legal Size Folders - Two Pocket w/ Rounded Corner');
INSERT INTO `qc_style` (`LAST_UPDATED_STAMP`, `LAST_UPDATED_TX_STAMP`, `CREATED_STAMP`, `CREATED_TX_STAMP`, `STYLE_ID`, `STYLE_GROUP_ID`, `STYLE_NAME`, `STYLE_DESCRIPTION`) VALUES ('2017-05-15 13:40:00', '2017-05-15 13:40:00', '2017-05-15 13:40:00', '2017-05-15 13:40:00', 'LF-1404', 'LEGAL', '1401', '9 1/2 x 14 1/2 Legal Size Folders - One Short Pocket & Rounded Corner');
INSERT INTO `qc_style` (`LAST_UPDATED_STAMP`, `LAST_UPDATED_TX_STAMP`, `CREATED_STAMP`, `CREATED_TX_STAMP`, `STYLE_ID`, `STYLE_GROUP_ID`, `STYLE_NAME`, `STYLE_DESCRIPTION`) VALUES ('2017-05-15 13:40:00', '2017-05-15 13:40:00', '2017-05-15 13:40:00', '2017-05-15 13:40:00', 'LST-1416', 'LEGAL', '1416', '9 x 14 1/4 Legal Size Folders - One Pocket w/ Fold Down Legal Tab');
INSERT INTO `qc_style` (`LAST_UPDATED_STAMP`, `LAST_UPDATED_TX_STAMP`, `CREATED_STAMP`, `CREATED_TX_STAMP`, `STYLE_ID`, `STYLE_GROUP_ID`, `STYLE_NAME`, `STYLE_DESCRIPTION`) VALUES ('2017-05-15 13:40:00', '2017-05-15 13:40:00', '2017-05-15 13:40:00', '2017-05-15 13:40:00', 'LF-1417', 'LEGAL', '1417', '9 1/2 x 14 1/2 Name NOT AVAILABLE');
INSERT INTO `qc_style` (`LAST_UPDATED_STAMP`, `LAST_UPDATED_TX_STAMP`, `CREATED_STAMP`, `CREATED_TX_STAMP`, `STYLE_ID`, `STYLE_GROUP_ID`, `STYLE_NAME`, `STYLE_DESCRIPTION`) VALUES ('2017-05-15 13:40:00', '2017-05-15 13:40:00', '2017-05-15 13:40:00', '2017-05-15 13:40:00', 'CL-1445', 'LEGAL', '1445', '9 1/2 x 14 1/2 Legal Size CONFORMER Folders - Standard Two Pocket');
INSERT INTO `qc_style` (`LAST_UPDATED_STAMP`, `LAST_UPDATED_TX_STAMP`, `CREATED_STAMP`, `CREATED_TX_STAMP`, `STYLE_ID`, `STYLE_GROUP_ID`, `STYLE_NAME`, `STYLE_DESCRIPTION`) VALUES ('2017-05-15 13:40:00', '2017-05-15 13:40:00', '2017-05-15 13:40:00', '2017-05-15 13:40:00', 'CL1-1616', 'LEGAL', '1616', '13 7/8 x 15 Legal Size CONFORMER Portfolio - One Pocket (15" x 10.25")');
INSERT INTO `qc_style` (`LAST_UPDATED_STAMP`, `LAST_UPDATED_TX_STAMP`, `CREATED_STAMP`, `CREATED_TX_STAMP`, `STYLE_ID`, `STYLE_GROUP_ID`, `STYLE_NAME`, `STYLE_DESCRIPTION`) VALUES ('2017-05-15 13:40:00', '2017-05-15 13:40:00', '2017-05-15 13:40:00', '2017-05-15 13:40:00', '3DLE-2813', 'LEGAL', '2813', '9 7/8 x 14 1/2 Legal Size Folders - Two Pocket w/ Expansion Pockets & Reinforced Edges');
INSERT INTO `qc_style` (`LAST_UPDATED_STAMP`, `LAST_UPDATED_TX_STAMP`, `CREATED_STAMP`, `CREATED_TX_STAMP`, `STYLE_ID`, `STYLE_GROUP_ID`, `STYLE_NAME`, `STYLE_DESCRIPTION`) VALUES ('2017-05-15 13:40:00', '2017-05-15 13:40:00', '2017-05-15 13:40:00', '2017-05-15 13:40:00', 'LFT-2983', 'LEGAL', '2983', '8 1/2 x 14 Legal Size Folders - Two Pocket w/ Full Length Tab');
INSERT INTO `qc_style` (`LAST_UPDATED_STAMP`, `LAST_UPDATED_TX_STAMP`, `CREATED_STAMP`, `CREATED_TX_STAMP`, `STYLE_ID`, `STYLE_GROUP_ID`, `STYLE_NAME`, `STYLE_DESCRIPTION`) VALUES ('2017-05-15 13:40:00', '2017-05-15 13:40:00', '2017-05-15 13:40:00', '2017-05-15 13:40:00', 'LF-118', 'LEGAL', 'LF-118', '9 x 14 1/2 Legal Size Folders - Standard Two Pocket');
INSERT INTO `qc_style` (`LAST_UPDATED_STAMP`, `LAST_UPDATED_TX_STAMP`, `CREATED_STAMP`, `CREATED_TX_STAMP`, `STYLE_ID`, `STYLE_GROUP_ID`, `STYLE_NAME`, `STYLE_DESCRIPTION`) VALUES ('2017-05-15 13:40:00', '2017-05-15 13:40:00', '2017-05-15 13:40:00', '2017-05-15 13:40:00', 'LHV-1457', 'LEGAL', 'LHV-1457', '9 1/2 x 14 1/2 Legal Size Folders - One Vertical Right Pocket and One Horizontal Pocket');
INSERT INTO `qc_style` (`LAST_UPDATED_STAMP`, `LAST_UPDATED_TX_STAMP`, `CREATED_STAMP`, `CREATED_TX_STAMP`, `STYLE_ID`, `STYLE_GROUP_ID`, `STYLE_NAME`, `STYLE_DESCRIPTION`) VALUES ('2017-05-15 13:40:00', '2017-05-15 13:40:00', '2017-05-15 13:40:00', '2017-05-15 13:40:00', '3DLF-168', 'LEGAL', '3DLF-168', '10 x 14 3/8 Legal Size Folders - Two Pocket w/ Expansion Pocket, Scored Spine & File Tab');

INSERT INTO `qc_style` (`LAST_UPDATED_STAMP`, `LAST_UPDATED_TX_STAMP`, `CREATED_STAMP`, `CREATED_TX_STAMP`, `STYLE_ID`, `STYLE_GROUP_ID`, `STYLE_NAME`, `STYLE_DESCRIPTION`) VALUES ('2017-05-15 13:40:00', '2017-05-15 13:40:00', '2017-05-15 13:40:00', '2017-05-15 13:40:00', 'HFTP-6831', 'TRIPANEL', '6831', '6 x 9 Small Presentation Folders - Tripanel w/ 3 Pockets');
INSERT INTO `qc_style` (`LAST_UPDATED_STAMP`, `LAST_UPDATED_TX_STAMP`, `CREATED_STAMP`, `CREATED_TX_STAMP`, `STYLE_ID`, `STYLE_GROUP_ID`, `STYLE_NAME`, `STYLE_DESCRIPTION`) VALUES ('2017-05-15 13:40:00', '2017-05-15 13:40:00', '2017-05-15 13:40:00', '2017-05-15 13:40:00', 'HFTP-6834', 'TRIPANEL', '6834', '6 x 9 Small Presentation Folders - Tripanel w/ One Pocket (Right)');
INSERT INTO `qc_style` (`LAST_UPDATED_STAMP`, `LAST_UPDATED_TX_STAMP`, `CREATED_STAMP`, `CREATED_TX_STAMP`, `STYLE_ID`, `STYLE_GROUP_ID`, `STYLE_NAME`, `STYLE_DESCRIPTION`) VALUES ('2017-05-15 13:40:00', '2017-05-15 13:40:00', '2017-05-15 13:40:00', '2017-05-15 13:40:00', 'TP-0807', 'TRIPANEL', '0807', '9 x 12 Presentation Folders - French Tripanel w/ One Pocket (Center)');
INSERT INTO `qc_style` (`LAST_UPDATED_STAMP`, `LAST_UPDATED_TX_STAMP`, `CREATED_STAMP`, `CREATED_TX_STAMP`, `STYLE_ID`, `STYLE_GROUP_ID`, `STYLE_NAME`, `STYLE_DESCRIPTION`) VALUES ('2017-05-15 13:40:00', '2017-05-15 13:40:00', '2017-05-15 13:40:00', '2017-05-15 13:40:00', 'SFIF-0808', 'TRIPANEL', '0808', '9 x 12 Presentation Folders - Tripanel Two Pocket w/ Info Flap');
INSERT INTO `qc_style` (`LAST_UPDATED_STAMP`, `LAST_UPDATED_TX_STAMP`, `CREATED_STAMP`, `CREATED_TX_STAMP`, `STYLE_ID`, `STYLE_GROUP_ID`, `STYLE_NAME`, `STYLE_DESCRIPTION`) VALUES ('2017-05-15 13:40:00', '2017-05-15 13:40:00', '2017-05-15 13:40:00', '2017-05-15 13:40:00', 'SFTF-0855', 'TRIPANEL', '0855', '9 x 12 Presentation Folders - Two Pocket w/ Tuck Tab Flap (Right)');
INSERT INTO `qc_style` (`LAST_UPDATED_STAMP`, `LAST_UPDATED_TX_STAMP`, `CREATED_STAMP`, `CREATED_TX_STAMP`, `STYLE_ID`, `STYLE_GROUP_ID`, `STYLE_NAME`, `STYLE_DESCRIPTION`) VALUES ('2017-05-15 13:40:00', '2017-05-15 13:40:00', '2017-05-15 13:40:00', '2017-05-15 13:40:00', 'SFTF-0856', 'TRIPANEL', '0856', '9 x 12 Presentation Folders - Two Pocket w/ Tuck Tab Flap (Left)');
INSERT INTO `qc_style` (`LAST_UPDATED_STAMP`, `LAST_UPDATED_TX_STAMP`, `CREATED_STAMP`, `CREATED_TX_STAMP`, `STYLE_ID`, `STYLE_GROUP_ID`, `STYLE_NAME`, `STYLE_DESCRIPTION`) VALUES ('2017-05-15 13:40:00', '2017-05-15 13:40:00', '2017-05-15 13:40:00', '2017-05-15 13:40:00', 'LFIF-1408', 'TRIPANEL', '1408', '9 1/2 x 14 1/2 Legal Size Folders - Two Pocket Tripanel w/ Info Flap');
INSERT INTO `qc_style` (`LAST_UPDATED_STAMP`, `LAST_UPDATED_TX_STAMP`, `CREATED_STAMP`, `CREATED_TX_STAMP`, `STYLE_ID`, `STYLE_GROUP_ID`, `STYLE_NAME`, `STYLE_DESCRIPTION`) VALUES ('2017-05-15 13:40:00', '2017-05-15 13:40:00', '2017-05-15 13:40:00', '2017-05-15 13:40:00', 'TPF-3801', 'TRIPANEL', '3801', '9 x 12 Presentation Folders - Three Pocket Tripanel');
INSERT INTO `qc_style` (`LAST_UPDATED_STAMP`, `LAST_UPDATED_TX_STAMP`, `CREATED_STAMP`, `CREATED_TX_STAMP`, `STYLE_ID`, `STYLE_GROUP_ID`, `STYLE_NAME`, `STYLE_DESCRIPTION`) VALUES ('2017-05-15 13:40:00', '2017-05-15 13:40:00', '2017-05-15 13:40:00', '2017-05-15 13:40:00', 'TPF-3803', 'TRIPANEL', '3803', '9 x 12 Presentation Folders - Tripanel w/ One Pocket (Center)');
INSERT INTO `qc_style` (`LAST_UPDATED_STAMP`, `LAST_UPDATED_TX_STAMP`, `CREATED_STAMP`, `CREATED_TX_STAMP`, `STYLE_ID`, `STYLE_GROUP_ID`, `STYLE_NAME`, `STYLE_DESCRIPTION`) VALUES ('2017-05-15 13:40:00', '2017-05-15 13:40:00', '2017-05-15 13:40:00', '2017-05-15 13:40:00', 'TPF-3804', 'TRIPANEL', '3804', '9 x 12 Presentation Folders - Tripanel w/ One Pocket (Right)');
INSERT INTO `qc_style` (`LAST_UPDATED_STAMP`, `LAST_UPDATED_TX_STAMP`, `CREATED_STAMP`, `CREATED_TX_STAMP`, `STYLE_ID`, `STYLE_GROUP_ID`, `STYLE_NAME`, `STYLE_DESCRIPTION`) VALUES ('2017-05-15 13:40:00', '2017-05-15 13:40:00', '2017-05-15 13:40:00', '2017-05-15 13:40:00', 'TPF-3805', 'TRIPANEL', '3805', '9 x 12 Presentation Folders - Center Tripanel w/ Two Pockets');
INSERT INTO `qc_style` (`LAST_UPDATED_STAMP`, `LAST_UPDATED_TX_STAMP`, `CREATED_STAMP`, `CREATED_TX_STAMP`, `STYLE_ID`, `STYLE_GROUP_ID`, `STYLE_NAME`, `STYLE_DESCRIPTION`) VALUES ('2017-05-15 13:40:00', '2017-05-15 13:40:00', '2017-05-15 13:40:00', '2017-05-15 13:40:00', 'TPF-3806', 'TRIPANEL', '3806', '9 x 12 Presentation Folders - Left Tripanel w/ Two Pockets');
INSERT INTO `qc_style` (`LAST_UPDATED_STAMP`, `LAST_UPDATED_TX_STAMP`, `CREATED_STAMP`, `CREATED_TX_STAMP`, `STYLE_ID`, `STYLE_GROUP_ID`, `STYLE_NAME`, `STYLE_DESCRIPTION`) VALUES ('2017-05-15 13:40:00', '2017-05-15 13:40:00', '2017-05-15 13:40:00', '2017-05-15 13:40:00', 'TPF-3807', 'TRIPANEL', '3807', '9 x 12 Presentation Folders - Right Tripanel w/ Two Pockets');
INSERT INTO `qc_style` (`LAST_UPDATED_STAMP`, `LAST_UPDATED_TX_STAMP`, `CREATED_STAMP`, `CREATED_TX_STAMP`, `STYLE_ID`, `STYLE_GROUP_ID`, `STYLE_NAME`, `STYLE_DESCRIPTION`) VALUES ('2017-05-15 13:40:00', '2017-05-15 13:40:00', '2017-05-15 13:40:00', '2017-05-15 13:40:00', 'TPF-3808', 'TRIPANEL', '3808', '9 x 12 Presentation Folders - Three Pocket Tripanel w/ Curved Pockets');
INSERT INTO `qc_style` (`LAST_UPDATED_STAMP`, `LAST_UPDATED_TX_STAMP`, `CREATED_STAMP`, `CREATED_TX_STAMP`, `STYLE_ID`, `STYLE_GROUP_ID`, `STYLE_NAME`, `STYLE_DESCRIPTION`) VALUES ('2017-05-15 13:40:00', '2017-05-15 13:40:00', '2017-05-15 13:40:00', '2017-05-15 13:40:00', 'TPF-3832', 'TRIPANEL', '3832', '9 1/2 x 12 1/2 Presentation Folders - Three Pocket Tripanel w/ Small Left Panel');
INSERT INTO `qc_style` (`LAST_UPDATED_STAMP`, `LAST_UPDATED_TX_STAMP`, `CREATED_STAMP`, `CREATED_TX_STAMP`, `STYLE_ID`, `STYLE_GROUP_ID`, `STYLE_NAME`, `STYLE_DESCRIPTION`) VALUES ('2017-05-15 13:40:00', '2017-05-15 13:40:00', '2017-05-15 13:40:00', '2017-05-15 13:40:00', 'TPF-3833', 'TRIPANEL', '3833', '9 1/2 x 12 1/2 Presentation Folders - Three Pocket Tripanel w/ Small Right Panel');
INSERT INTO `qc_style` (`LAST_UPDATED_STAMP`, `LAST_UPDATED_TX_STAMP`, `CREATED_STAMP`, `CREATED_TX_STAMP`, `STYLE_ID`, `STYLE_GROUP_ID`, `STYLE_NAME`, `STYLE_DESCRIPTION`) VALUES ('2017-05-15 13:40:00', '2017-05-15 13:40:00', '2017-05-15 13:40:00', '2017-05-15 13:40:00', 'TPF-3851', 'TRIPANEL', '3851', '9 x 12 Name NOT AVAILABLE');
INSERT INTO `qc_style` (`LAST_UPDATED_STAMP`, `LAST_UPDATED_TX_STAMP`, `CREATED_STAMP`, `CREATED_TX_STAMP`, `STYLE_ID`, `STYLE_GROUP_ID`, `STYLE_NAME`, `STYLE_DESCRIPTION`) VALUES ('2017-05-15 13:40:00', '2017-05-15 13:40:00', '2017-05-15 13:40:00', '2017-05-15 13:40:00', '3DF-143', 'TRIPANEL', '3DF-143', '9 x 12 Presentation Folders - Three Pocket Tripanel w/ Capacity Pockets and Double Scored Spine');
INSERT INTO `qc_style` (`LAST_UPDATED_STAMP`, `LAST_UPDATED_TX_STAMP`, `CREATED_STAMP`, `CREATED_TX_STAMP`, `STYLE_ID`, `STYLE_GROUP_ID`, `STYLE_NAME`, `STYLE_DESCRIPTION`) VALUES ('2017-05-15 13:40:00', '2017-05-15 13:40:00', '2017-05-15 13:40:00', '2017-05-15 13:40:00', 'BBF-3852', 'TRIPANEL', 'BBF-3852', '8 3/4" x 11 1/4" Package Folders w/ Belly Band');
INSERT INTO `qc_style` (`LAST_UPDATED_STAMP`, `LAST_UPDATED_TX_STAMP`, `CREATED_STAMP`, `CREATED_TX_STAMP`, `STYLE_ID`, `STYLE_GROUP_ID`, `STYLE_NAME`, `STYLE_DESCRIPTION`) VALUES ('2017-05-15 13:40:00', '2017-05-15 13:40:00', '2017-05-15 13:40:00', '2017-05-15 13:40:00', 'TP-109', 'TRIPANEL', 'TP-109', '9 x 12 Name NOT AVAILABLE');
INSERT INTO `qc_style` (`LAST_UPDATED_STAMP`, `LAST_UPDATED_TX_STAMP`, `CREATED_STAMP`, `CREATED_TX_STAMP`, `STYLE_ID`, `STYLE_GROUP_ID`, `STYLE_NAME`, `STYLE_DESCRIPTION`) VALUES ('2017-05-15 13:40:00', '2017-05-15 13:40:00', '2017-05-15 13:40:00', '2017-05-15 13:40:00', 'TP-116', 'TRIPANEL', 'TP-116', '9 x 12 Name NOT AVAILABLE');
INSERT INTO `qc_style` (`LAST_UPDATED_STAMP`, `LAST_UPDATED_TX_STAMP`, `CREATED_STAMP`, `CREATED_TX_STAMP`, `STYLE_ID`, `STYLE_GROUP_ID`, `STYLE_NAME`, `STYLE_DESCRIPTION`) VALUES ('2017-05-15 13:40:00', '2017-05-15 13:40:00', '2017-05-15 13:40:00', '2017-05-15 13:40:00', 'TP-117', 'TRIPANEL', 'TP-117', '9 x 12 Presentation Folders - French Three Pocket Tripanel');
INSERT INTO `qc_style` (`LAST_UPDATED_STAMP`, `LAST_UPDATED_TX_STAMP`, `CREATED_STAMP`, `CREATED_TX_STAMP`, `STYLE_ID`, `STYLE_GROUP_ID`, `STYLE_NAME`, `STYLE_DESCRIPTION`) VALUES ('2017-05-15 13:40:00', '2017-05-15 13:40:00', '2017-05-15 13:40:00', '2017-05-15 13:40:00', 'TP-119', 'TRIPANEL', 'TP-119', '9 3/16 x 12 Presentation Folders - Three Pocket Tripanel w/ One Vertical Pocket');
INSERT INTO `qc_style` (`LAST_UPDATED_STAMP`, `LAST_UPDATED_TX_STAMP`, `CREATED_STAMP`, `CREATED_TX_STAMP`, `STYLE_ID`, `STYLE_GROUP_ID`, `STYLE_NAME`, `STYLE_DESCRIPTION`) VALUES ('2017-05-15 13:40:00', '2017-05-15 13:40:00', '2017-05-15 13:40:00', '2017-05-15 13:40:00', 'TP-172', 'TRIPANEL', 'TP-172', '9 x 12 Presentation Folders - Tripanel w/ One Curved Pocket (Right)');

INSERT INTO `qc_style` (`LAST_UPDATED_STAMP`, `LAST_UPDATED_TX_STAMP`, `CREATED_STAMP`, `CREATED_TX_STAMP`, `STYLE_ID`, `STYLE_GROUP_ID`, `STYLE_NAME`, `STYLE_DESCRIPTION`) VALUES ('2017-05-15 13:40:00', '2017-05-15 13:40:00', '2017-05-15 13:40:00', '2017-05-15 13:40:00', 'CHCEP-0910', 'CERTIFICATE', '0910 Portrait', '9 1/2 x 12 Certificate Holder - Portfolio Style w/ Portrait Orientation');
INSERT INTO `qc_style` (`LAST_UPDATED_STAMP`, `LAST_UPDATED_TX_STAMP`, `CREATED_STAMP`, `CREATED_TX_STAMP`, `STYLE_ID`, `STYLE_GROUP_ID`, `STYLE_NAME`, `STYLE_DESCRIPTION`) VALUES ('2017-05-15 13:40:00', '2017-05-15 13:40:00', '2017-05-15 13:40:00', '2017-05-15 13:40:00', 'CHCEL-0910', 'CERTIFICATE', '0910 Landscape', '12 x 9 7/16 Certificate Holder - Portfolio Style w/ Landscape Orientation');
INSERT INTO `qc_style` (`LAST_UPDATED_STAMP`, `LAST_UPDATED_TX_STAMP`, `CREATED_STAMP`, `CREATED_TX_STAMP`, `STYLE_ID`, `STYLE_GROUP_ID`, `STYLE_NAME`, `STYLE_DESCRIPTION`) VALUES ('2017-05-15 13:40:00', '2017-05-15 13:40:00', '2017-05-15 13:40:00', '2017-05-15 13:40:00', 'CHERP-0911', 'CERTIFICATE', '0911 Portrait', '9 x 12 Economy Certificate Holder - Portrait Orientation w/ Rounded Corners');
INSERT INTO `qc_style` (`LAST_UPDATED_STAMP`, `LAST_UPDATED_TX_STAMP`, `CREATED_STAMP`, `CREATED_TX_STAMP`, `STYLE_ID`, `STYLE_GROUP_ID`, `STYLE_NAME`, `STYLE_DESCRIPTION`) VALUES ('2017-05-15 13:40:00', '2017-05-15 13:40:00', '2017-05-15 13:40:00', '2017-05-15 13:40:00', 'CHERL-0911', 'CERTIFICATE', '0911 Landscape', '9 x 12 Economy Certificate Holder - Landscape Orientation w/ Rounded Corners');
INSERT INTO `qc_style` (`LAST_UPDATED_STAMP`, `LAST_UPDATED_TX_STAMP`, `CREATED_STAMP`, `CREATED_TX_STAMP`, `STYLE_ID`, `STYLE_GROUP_ID`, `STYLE_NAME`, `STYLE_DESCRIPTION`) VALUES ('2017-05-15 13:40:00', '2017-05-15 13:40:00', '2017-05-15 13:40:00', '2017-05-15 13:40:00', 'CHFP-0916', 'CERTIFICATE', '0916 Portrait', '9 1/2 x 12 Certificate Holder - Portrait Orientation w/ Fold Notch');
INSERT INTO `qc_style` (`LAST_UPDATED_STAMP`, `LAST_UPDATED_TX_STAMP`, `CREATED_STAMP`, `CREATED_TX_STAMP`, `STYLE_ID`, `STYLE_GROUP_ID`, `STYLE_NAME`, `STYLE_DESCRIPTION`) VALUES ('2017-05-15 13:40:00', '2017-05-15 13:40:00', '2017-05-15 13:40:00', '2017-05-15 13:40:00', 'CHFL-0916', 'CERTIFICATE', '0916 Landscape', '12 x 9 1/2 Certificate Holder - Landscape Orientation w/ Fold Notch');
INSERT INTO `qc_style` (`LAST_UPDATED_STAMP`, `LAST_UPDATED_TX_STAMP`, `CREATED_STAMP`, `CREATED_TX_STAMP`, `STYLE_ID`, `STYLE_GROUP_ID`, `STYLE_NAME`, `STYLE_DESCRIPTION`) VALUES ('2017-05-15 13:40:00', '2017-05-15 13:40:00', '2017-05-15 13:40:00', '2017-05-15 13:40:00', 'CHEP-183', 'CERTIFICATE', 'CHE-183 Portrait', '9 3/8 x 12 Economy Certificate Holder - Portrait Orientation (Vertical)');
INSERT INTO `qc_style` (`LAST_UPDATED_STAMP`, `LAST_UPDATED_TX_STAMP`, `CREATED_STAMP`, `CREATED_TX_STAMP`, `STYLE_ID`, `STYLE_GROUP_ID`, `STYLE_NAME`, `STYLE_DESCRIPTION`) VALUES ('2017-05-15 13:40:00', '2017-05-15 13:40:00', '2017-05-15 13:40:00', '2017-05-15 13:40:00', 'CHEL-183', 'CERTIFICATE', 'CHE-183 Landscape', '12 x 9 3/8 Economy Certificate Holder - Landscape Orientation (Horizontal)');
INSERT INTO `qc_style` (`LAST_UPDATED_STAMP`, `LAST_UPDATED_TX_STAMP`, `CREATED_STAMP`, `CREATED_TX_STAMP`, `STYLE_ID`, `STYLE_GROUP_ID`, `STYLE_NAME`, `STYLE_DESCRIPTION`) VALUES ('2017-05-15 13:40:00', '2017-05-15 13:40:00', '2017-05-15 13:40:00', '2017-05-15 13:40:00', 'CHEP-185', 'CERTIFICATE', 'CHE-185 Portrait', '9 1/2 x 12 Economy Certificate Holder - Portrait Orientation (Vertical)');
INSERT INTO `qc_style` (`LAST_UPDATED_STAMP`, `LAST_UPDATED_TX_STAMP`, `CREATED_STAMP`, `CREATED_TX_STAMP`, `STYLE_ID`, `STYLE_GROUP_ID`, `STYLE_NAME`, `STYLE_DESCRIPTION`) VALUES ('2017-05-15 13:40:00', '2017-05-15 13:40:00', '2017-05-15 13:40:00', '2017-05-15 13:40:00', 'CHEL-185', 'CERTIFICATE', 'CHE-185 Landscape', '12 x 9 1/2 Economy Certificate Holder - Landscape Orientation (Horizontal)');
INSERT INTO `qc_style` (`LAST_UPDATED_STAMP`, `LAST_UPDATED_TX_STAMP`, `CREATED_STAMP`, `CREATED_TX_STAMP`, `STYLE_ID`, `STYLE_GROUP_ID`, `STYLE_NAME`, `STYLE_DESCRIPTION`) VALUES ('2017-05-15 13:40:00', '2017-05-15 13:40:00', '2017-05-15 13:40:00', '2017-05-15 13:40:00', 'CHEP-186', 'CERTIFICATE', 'CHE-186 Portrait', '9 1/2 x 12 1/4 Certificate Holder - Portrait Orientation w/ Mounting Board (Horizontal)');
INSERT INTO `qc_style` (`LAST_UPDATED_STAMP`, `LAST_UPDATED_TX_STAMP`, `CREATED_STAMP`, `CREATED_TX_STAMP`, `STYLE_ID`, `STYLE_GROUP_ID`, `STYLE_NAME`, `STYLE_DESCRIPTION`) VALUES ('2017-05-15 13:40:00', '2017-05-15 13:40:00', '2017-05-15 13:40:00', '2017-05-15 13:40:00', 'CHEL-186', 'CERTIFICATE', 'CHE-186 Landscape', '12 1/4 x 9 1/2 Certificate Holder - Landscape Orientation w/ Mounting Board (Vertical)');
INSERT INTO `qc_style` (`LAST_UPDATED_STAMP`, `LAST_UPDATED_TX_STAMP`, `CREATED_STAMP`, `CREATED_TX_STAMP`, `STYLE_ID`, `STYLE_GROUP_ID`, `STYLE_NAME`, `STYLE_DESCRIPTION`) VALUES ('2017-05-15 13:40:00', '2017-05-15 13:40:00', '2017-05-15 13:40:00', '2017-05-15 13:40:00', 'CHEP-188', 'CERTIFICATE', 'CHE-188', '9 1/2 x 12 Certificate Holder - Portrait Orientation w/ One Pocket');
INSERT INTO `qc_style` (`LAST_UPDATED_STAMP`, `LAST_UPDATED_TX_STAMP`, `CREATED_STAMP`, `CREATED_TX_STAMP`, `STYLE_ID`, `STYLE_GROUP_ID`, `STYLE_NAME`, `STYLE_DESCRIPTION`) VALUES ('2017-05-15 13:40:00', '2017-05-15 13:40:00', '2017-05-15 13:40:00', '2017-05-15 13:40:00', 'CHEL-189', 'CERTIFICATE', 'CHE-189', '12 x 9 Certificate Holder - Landscape Orientation w/ One Pocket');

INSERT INTO `qc_style` (`LAST_UPDATED_STAMP`, `LAST_UPDATED_TX_STAMP`, `CREATED_STAMP`, `CREATED_TX_STAMP`, `STYLE_ID`, `STYLE_GROUP_ID`, `STYLE_NAME`, `STYLE_DESCRIPTION`) VALUES ('2017-05-15 13:40:00', '2017-05-15 13:40:00', '2017-05-15 13:40:00', '2017-05-15 13:40:00', 'AFF-0924-001', 'FILE', '0924-001', 'File Folder - Standard w/ Left Tab (11 3/4" x 9 1/2")');
INSERT INTO `qc_style` (`LAST_UPDATED_STAMP`, `LAST_UPDATED_TX_STAMP`, `CREATED_STAMP`, `CREATED_TX_STAMP`, `STYLE_ID`, `STYLE_GROUP_ID`, `STYLE_NAME`, `STYLE_DESCRIPTION`) VALUES ('2017-05-15 13:40:00', '2017-05-15 13:40:00', '2017-05-15 13:40:00', '2017-05-15 13:40:00', 'AFF-0924-002', 'FILE', '0924-002', 'File Folder - Standard w/ Center Tab (11 3/4" x 9 1/2")');
INSERT INTO `qc_style` (`LAST_UPDATED_STAMP`, `LAST_UPDATED_TX_STAMP`, `CREATED_STAMP`, `CREATED_TX_STAMP`, `STYLE_ID`, `STYLE_GROUP_ID`, `STYLE_NAME`, `STYLE_DESCRIPTION`) VALUES ('2017-05-15 13:40:00', '2017-05-15 13:40:00', '2017-05-15 13:40:00', '2017-05-15 13:40:00', 'AFF-0924-003', 'FILE', '0924-003', 'File Folder - Standard w/ Right Tab (11 3/4" x 9 1/2")');
INSERT INTO `qc_style` (`LAST_UPDATED_STAMP`, `LAST_UPDATED_TX_STAMP`, `CREATED_STAMP`, `CREATED_TX_STAMP`, `STYLE_ID`, `STYLE_GROUP_ID`, `STYLE_NAME`, `STYLE_DESCRIPTION`) VALUES ('2017-05-15 13:40:00', '2017-05-15 13:40:00', '2017-05-15 13:40:00', '2017-05-15 13:40:00', 'AFF-0925-001', 'FILE', '0925-001', 'File Folder - Legal Size w/ Left Tab (14 3/4" x 9 1/2")');
INSERT INTO `qc_style` (`LAST_UPDATED_STAMP`, `LAST_UPDATED_TX_STAMP`, `CREATED_STAMP`, `CREATED_TX_STAMP`, `STYLE_ID`, `STYLE_GROUP_ID`, `STYLE_NAME`, `STYLE_DESCRIPTION`) VALUES ('2017-05-15 13:40:00', '2017-05-15 13:40:00', '2017-05-15 13:40:00', '2017-05-15 13:40:00', 'AFF-0925-002', 'FILE', '0925-002', 'File Folder - Legal Size w/ Center Tab (14 3/4" x 9 1/2")');
INSERT INTO `qc_style` (`LAST_UPDATED_STAMP`, `LAST_UPDATED_TX_STAMP`, `CREATED_STAMP`, `CREATED_TX_STAMP`, `STYLE_ID`, `STYLE_GROUP_ID`, `STYLE_NAME`, `STYLE_DESCRIPTION`) VALUES ('2017-05-15 13:40:00', '2017-05-15 13:40:00', '2017-05-15 13:40:00', '2017-05-15 13:40:00', 'AFF-0925-003', 'FILE', '0925-003', 'File Folder - Legal Size w/ Right Tab (14 3/4" x 9 1/2")');
INSERT INTO `qc_style` (`LAST_UPDATED_STAMP`, `LAST_UPDATED_TX_STAMP`, `CREATED_STAMP`, `CREATED_TX_STAMP`, `STYLE_ID`, `STYLE_GROUP_ID`, `STYLE_NAME`, `STYLE_DESCRIPTION`) VALUES ('2017-05-15 13:40:00', '2017-05-15 13:40:00', '2017-05-15 13:40:00', '2017-05-15 13:40:00', 'FJ-1603', 'FILE', '1603', 'File Folder - Standard (11 3/4" x 9 1/2")');




INSERT INTO `qc_attribute_type` (`ATTRIBUTE_TYPE_ID`, `ATTRIBUTE_TYPE_NAME`, `LAST_UPDATED_STAMP`, `LAST_UPDATED_TX_STAMP`, `CREATED_STAMP`, `CREATED_TX_STAMP`) VALUES ('BASE_PRICE', 'Base Price', '2017-05-15 13:40:00', '2017-05-15 13:40:00', '2017-05-15 13:40:00', '2017-05-15 13:40:00');
INSERT INTO `qc_attribute_type` (`ATTRIBUTE_TYPE_ID`, `ATTRIBUTE_TYPE_NAME`, `LAST_UPDATED_STAMP`, `LAST_UPDATED_TX_STAMP`, `CREATED_STAMP`, `CREATED_TX_STAMP`) VALUES ('COMMON_ADD_ON_PRICE', 'Common Add-on Price', '2017-05-15 13:40:00', '2017-05-15 13:40:00', '2017-05-15 13:40:00', '2017-05-15 13:40:00');
INSERT INTO `qc_attribute_type` (`ATTRIBUTE_TYPE_ID`, `ATTRIBUTE_TYPE_NAME`, `LAST_UPDATED_STAMP`, `LAST_UPDATED_TX_STAMP`, `CREATED_STAMP`, `CREATED_TX_STAMP`) VALUES ('CATEGORY_ADD_ON_PRICE', 'Category Add-on Price', '2017-05-15 13:40:00', '2017-05-15 13:40:00', '2017-05-15 13:40:00', '2017-05-15 13:40:00');
INSERT INTO `qc_attribute_type` (`ATTRIBUTE_TYPE_ID`, `ATTRIBUTE_TYPE_NAME`, `LAST_UPDATED_STAMP`, `LAST_UPDATED_TX_STAMP`, `CREATED_STAMP`, `CREATED_TX_STAMP`) VALUES ('STYLE_ADD_ON_PRICE', 'Style Add-on Price', '2017-05-15 13:40:00', '2017-05-15 13:40:00', '2017-05-15 13:40:00', '2017-05-15 13:40:00');


INSERT INTO `qc_attribute` (`ATTRIBUTE_ID`, `ATTRIBUTE_NAME`, `ATTRIBUTE_LABEL`, `ATTRIBUTE_DESCRIPTION`, `ATTRIBUTE_TYPE_ID`, `SEQUENCE_NUM`, `LAST_UPDATED_STAMP`, `LAST_UPDATED_TX_STAMP`, `CREATED_STAMP`, `CREATED_TX_STAMP`) VALUES ('PRINT_1C', 'One Color Printing', 'Print - One PMS Color', 'One PMS Color Printing Price', 'BASE_PRICE', '0', '2017-05-15 13:40:00', '2017-05-15 13:40:00', '2017-05-15 13:40:00', '2017-05-15 13:40:00');
INSERT INTO `qc_attribute` (`ATTRIBUTE_ID`, `ATTRIBUTE_NAME`, `ATTRIBUTE_LABEL`, `ATTRIBUTE_DESCRIPTION`, `ATTRIBUTE_TYPE_ID`, `SEQUENCE_NUM`, `LAST_UPDATED_STAMP`, `LAST_UPDATED_TX_STAMP`, `CREATED_STAMP`, `CREATED_TX_STAMP`) VALUES ('PRINT_4C', 'Four Color Printing', 'Four Color Process', 'Four Color Printing Price', 'BASE_PRICE', '1', '2017-05-15 13:40:00', '2017-05-15 13:40:00', '2017-05-15 13:40:00', '2017-05-15 13:40:00');
INSERT INTO `qc_attribute` (`ATTRIBUTE_ID`, `ATTRIBUTE_NAME`, `ATTRIBUTE_LABEL`, `ATTRIBUTE_DESCRIPTION`, `ATTRIBUTE_TYPE_ID`, `SEQUENCE_NUM`, `LAST_UPDATED_STAMP`, `LAST_UPDATED_TX_STAMP`, `CREATED_STAMP`, `CREATED_TX_STAMP`) VALUES ('FOIL_STAMP_BASE', 'Foil Stamping', 'Foil Stamp', 'Foil Stamping Only Base Price', 'BASE_PRICE', '2', '2017-05-15 13:40:00', '2017-05-15 13:40:00', '2017-05-15 13:40:00', '2017-05-15 13:40:00');
INSERT INTO `qc_attribute` (`ATTRIBUTE_ID`, `ATTRIBUTE_NAME`, `ATTRIBUTE_LABEL`, `ATTRIBUTE_DESCRIPTION`, `ATTRIBUTE_TYPE_ID`, `SEQUENCE_NUM`, `LAST_UPDATED_STAMP`, `LAST_UPDATED_TX_STAMP`, `CREATED_STAMP`, `CREATED_TX_STAMP`) VALUES ('EMBOSS_BASE', 'Embossing', 'Embossing', 'Embossing Only Base Price', 'BASE_PRICE', '3', '2017-05-15 13:40:00', '2017-05-15 13:40:00', '2017-05-15 13:40:00', '2017-05-15 13:40:00');
INSERT INTO `qc_attribute` (`ATTRIBUTE_ID`, `ATTRIBUTE_NAME`, `ATTRIBUTE_LABEL`, `ATTRIBUTE_DESCRIPTION`, `ATTRIBUTE_TYPE_ID`, `SEQUENCE_NUM`, `LAST_UPDATED_STAMP`, `LAST_UPDATED_TX_STAMP`, `CREATED_STAMP`, `CREATED_TX_STAMP`) VALUES ('ADDITIONAL_COLOR_PER_SIDE', 'Additional Color Per Side', 'Additional PMS (per side)', 'Additional PMS Color Add-on Price per Side', 'CATEGORY_ADD_ON_PRICE', '4', '2017-05-15 13:40:00', '2017-05-15 13:40:00', '2017-05-15 13:40:00', '2017-05-15 13:40:00');
INSERT INTO `qc_attribute` (`ATTRIBUTE_ID`, `ATTRIBUTE_NAME`, `ATTRIBUTE_LABEL`, `ATTRIBUTE_DESCRIPTION`, `ATTRIBUTE_TYPE_ID`, `SEQUENCE_NUM`, `LAST_UPDATED_STAMP`, `LAST_UPDATED_TX_STAMP`, `CREATED_STAMP`, `CREATED_TX_STAMP`) VALUES ('HEAVY_COVERAGE_PER_SIDE', 'Heavy Coverage Per Side', 'Heavy Coverage (per side)', 'Heavy Ink Coverage Add-on Price per Side', 'CATEGORY_ADD_ON_PRICE', '5', '2017-05-15 13:40:00', '2017-05-15 13:40:00', '2017-05-15 13:40:00', '2017-05-15 13:40:00');
INSERT INTO `qc_attribute` (`ATTRIBUTE_ID`, `ATTRIBUTE_NAME`, `ATTRIBUTE_LABEL`, `ATTRIBUTE_DESCRIPTION`, `ATTRIBUTE_TYPE_ID`, `SEQUENCE_NUM`, `LAST_UPDATED_STAMP`, `LAST_UPDATED_TX_STAMP`, `CREATED_STAMP`, `CREATED_TX_STAMP`) VALUES ('PRINT_4C_2ND_SIDE', 'Four Color Printing 2nd Side', 'Four Color Process (2nd side)', 'Four Color Process Add-on Price for 2nd Side', 'CATEGORY_ADD_ON_PRICE', '6', '2017-05-15 13:40:00', '2017-05-15 13:40:00', '2017-05-15 13:40:00', '2017-05-15 13:40:00');
INSERT INTO `qc_attribute` (`ATTRIBUTE_ID`, `ATTRIBUTE_NAME`, `ATTRIBUTE_LABEL`, `ATTRIBUTE_DESCRIPTION`, `ATTRIBUTE_TYPE_ID`, `SEQUENCE_NUM`, `LAST_UPDATED_STAMP`, `LAST_UPDATED_TX_STAMP`, `CREATED_STAMP`, `CREATED_TX_STAMP`) VALUES ('FOIL_STAMP_RUN_ADD_ON', 'Foil Stamp Run', 'Foil Stamp Run', 'Adding Foil Stamping to Print Base or Adding Additional Foil Stamp Run to Foil Stamping', 'COMMON_ADD_ON_PRICE', '7', '2017-05-15 13:40:00', '2017-05-15 13:40:00', '2017-05-15 13:40:00', '2017-05-15 13:40:00');
INSERT INTO `qc_attribute` (`ATTRIBUTE_ID`, `ATTRIBUTE_NAME`, `ATTRIBUTE_LABEL`, `ATTRIBUTE_DESCRIPTION`, `ATTRIBUTE_TYPE_ID`, `SEQUENCE_NUM`, `LAST_UPDATED_STAMP`, `LAST_UPDATED_TX_STAMP`, `CREATED_STAMP`, `CREATED_TX_STAMP`) VALUES ('FOIL_STAMP_IMAGE_ADD_ON', 'Foil Stamp Image', 'Foil Stamp Image', 'Adding Additional Image Area to a Foil Stamp Run', 'COMMON_ADD_ON_PRICE', '8', '2017-05-15 13:40:00', '2017-05-15 13:40:00', '2017-05-15 13:40:00', '2017-05-15 13:40:00');
INSERT INTO `qc_attribute` (`ATTRIBUTE_ID`, `ATTRIBUTE_NAME`, `ATTRIBUTE_LABEL`, `ATTRIBUTE_DESCRIPTION`, `ATTRIBUTE_TYPE_ID`, `SEQUENCE_NUM`, `LAST_UPDATED_STAMP`, `LAST_UPDATED_TX_STAMP`, `CREATED_STAMP`, `CREATED_TX_STAMP`) VALUES ('EMBOSS_RUN_ADD_ON', 'Emboss Run', 'Emboss Run', 'Adding Embossing to Print Base or Adding Embossing to Foil Stamp Base or Adding Additional Embossing Run to Embossing', 'COMMON_ADD_ON_PRICE', '9', '2017-05-15 13:40:00', '2017-05-15 13:40:00', '2017-05-15 13:40:00', '2017-05-15 13:40:00');
INSERT INTO `qc_attribute` (`ATTRIBUTE_ID`, `ATTRIBUTE_NAME`, `ATTRIBUTE_LABEL`, `ATTRIBUTE_DESCRIPTION`, `ATTRIBUTE_TYPE_ID`, `SEQUENCE_NUM`, `LAST_UPDATED_STAMP`, `LAST_UPDATED_TX_STAMP`, `CREATED_STAMP`, `CREATED_TX_STAMP`) VALUES ('EMBOSS_IMAGE_ADD_ON', 'Emboss Image', 'Emboss Image', 'Adding Additional Image Area to an Embossing Run', 'COMMON_ADD_ON_PRICE', '10', '2017-05-15 13:40:00', '2017-05-15 13:40:00', '2017-05-15 13:40:00', '2017-05-15 13:40:00');
INSERT INTO `qc_attribute` (`ATTRIBUTE_ID`, `ATTRIBUTE_NAME`, `ATTRIBUTE_LABEL`, `ATTRIBUTE_DESCRIPTION`, `ATTRIBUTE_TYPE_ID`, `SEQUENCE_NUM`, `LAST_UPDATED_STAMP`, `LAST_UPDATED_TX_STAMP`, `CREATED_STAMP`, `CREATED_TX_STAMP`) VALUES ('GROUP_A_STOCKS', 'Group A Stocks', 'Group A Stocks', 'Group A Stocks Add-on Price', 'CATEGORY_ADD_ON_PRICE', '11', '2017-05-15 13:40:00', '2017-05-15 13:40:00', '2017-05-15 13:40:00', '2017-05-15 13:40:00');
INSERT INTO `qc_attribute` (`ATTRIBUTE_ID`, `ATTRIBUTE_NAME`, `ATTRIBUTE_LABEL`, `ATTRIBUTE_DESCRIPTION`, `ATTRIBUTE_TYPE_ID`, `SEQUENCE_NUM`, `LAST_UPDATED_STAMP`, `LAST_UPDATED_TX_STAMP`, `CREATED_STAMP`, `CREATED_TX_STAMP`) VALUES ('GROUP_B_STOCKS', 'Group B Stocks', 'Group B Stocks', 'Group B Stocks Add-on Price', 'CATEGORY_ADD_ON_PRICE', '12', '2017-05-15 13:40:00', '2017-05-15 13:40:00', '2017-05-15 13:40:00', '2017-05-15 13:40:00');
INSERT INTO `qc_attribute` (`ATTRIBUTE_ID`, `ATTRIBUTE_NAME`, `ATTRIBUTE_LABEL`, `ATTRIBUTE_DESCRIPTION`, `ATTRIBUTE_TYPE_ID`, `SEQUENCE_NUM`, `LAST_UPDATED_STAMP`, `LAST_UPDATED_TX_STAMP`, `CREATED_STAMP`, `CREATED_TX_STAMP`) VALUES ('GROUP_C_STOCKS', 'Group C Stocks', 'Group C Stocks', 'Group C Stocks Add-on Price', 'CATEGORY_ADD_ON_PRICE', '13', '2017-05-15 13:40:00', '2017-05-15 13:40:00', '2017-05-15 13:40:00', '2017-05-15 13:40:00');
INSERT INTO `qc_attribute` (`ATTRIBUTE_ID`, `ATTRIBUTE_NAME`, `ATTRIBUTE_LABEL`, `ATTRIBUTE_DESCRIPTION`, `ATTRIBUTE_TYPE_ID`, `SEQUENCE_NUM`, `LAST_UPDATED_STAMP`, `LAST_UPDATED_TX_STAMP`, `CREATED_STAMP`, `CREATED_TX_STAMP`) VALUES ('GROUP_D_STOCKS', 'Group D Stocks', 'Group D Stocks', 'Group D Stocks Add-on Price', 'CATEGORY_ADD_ON_PRICE', '14', '2017-05-15 13:40:00', '2017-05-15 13:40:00', '2017-05-15 13:40:00', '2017-05-15 13:40:00');
INSERT INTO `qc_attribute` (`ATTRIBUTE_ID`, `ATTRIBUTE_NAME`, `ATTRIBUTE_LABEL`, `ATTRIBUTE_DESCRIPTION`, `ATTRIBUTE_TYPE_ID`, `SEQUENCE_NUM`, `LAST_UPDATED_STAMP`, `LAST_UPDATED_TX_STAMP`, `CREATED_STAMP`, `CREATED_TX_STAMP`) VALUES ('ITEM_UPCHARGE', 'Item Upcharge', 'Item Upcharge', 'Style Specific Upcharge', 'STYLE_ADD_ON_PRICE', '15', '2017-05-15 13:40:00', '2017-05-15 13:40:00', '2017-05-15 13:40:00', '2017-05-15 13:40:00');
INSERT INTO `qc_attribute` (`ATTRIBUTE_ID`, `ATTRIBUTE_NAME`, `ATTRIBUTE_LABEL`, `ATTRIBUTE_DESCRIPTION`, `ATTRIBUTE_TYPE_ID`, `SEQUENCE_NUM`, `LAST_UPDATED_STAMP`, `LAST_UPDATED_TX_STAMP`, `CREATED_STAMP`, `CREATED_TX_STAMP`) VALUES ('AQUEOUS_GLOSS', 'Aqueous Coating - Gloss', 'Aqueous Coating - Gloss', 'Gloss Aqueous Coating', 'CATEGORY_ADD_ON_PRICE', '16', '2017-05-15 13:40:00', '2017-05-15 13:40:00', '2017-05-15 13:40:00', '2017-05-15 13:40:00');
INSERT INTO `qc_attribute` (`ATTRIBUTE_ID`, `ATTRIBUTE_NAME`, `ATTRIBUTE_LABEL`, `ATTRIBUTE_DESCRIPTION`, `ATTRIBUTE_TYPE_ID`, `SEQUENCE_NUM`, `LAST_UPDATED_STAMP`, `LAST_UPDATED_TX_STAMP`, `CREATED_STAMP`, `CREATED_TX_STAMP`) VALUES ('AQUEOUS_MATTE', 'Aqueous Coating - Matte', 'Aqueous Coating - Matte', 'Gloss Aqueous Coating', 'CATEGORY_ADD_ON_PRICE', '17', '2017-05-15 13:40:00', '2017-05-15 13:40:00', '2017-05-15 13:40:00', '2017-05-15 13:40:00');
INSERT INTO `qc_attribute` (`ATTRIBUTE_ID`, `ATTRIBUTE_NAME`, `ATTRIBUTE_LABEL`, `ATTRIBUTE_DESCRIPTION`, `ATTRIBUTE_TYPE_ID`, `SEQUENCE_NUM`, `LAST_UPDATED_STAMP`, `LAST_UPDATED_TX_STAMP`, `CREATED_STAMP`, `CREATED_TX_STAMP`) VALUES ('AQUEOUS_SATIN', 'Aqueous Coating - Satin', 'Aqueous Coating - Satin', 'Gloss Aqueous Coating', 'CATEGORY_ADD_ON_PRICE', '18', '2017-05-15 13:40:00', '2017-05-15 13:40:00', '2017-05-15 13:40:00', '2017-05-15 13:40:00');
INSERT INTO `qc_attribute` (`ATTRIBUTE_ID`, `ATTRIBUTE_NAME`, `ATTRIBUTE_LABEL`, `ATTRIBUTE_DESCRIPTION`, `ATTRIBUTE_TYPE_ID`, `SEQUENCE_NUM`, `LAST_UPDATED_STAMP`, `LAST_UPDATED_TX_STAMP`, `CREATED_STAMP`, `CREATED_TX_STAMP`) VALUES ('AQUEOUS_CHOICE', 'Aqueous Coating - Choice', 'Aqueous Coating - Choice', 'Gloss, Matte or Satin Aqueous Coating', 'CATEGORY_ADD_ON_PRICE', '19', '2017-05-15 13:40:00', '2017-05-15 13:40:00', '2017-05-15 13:40:00', '2017-05-15 13:40:00');
INSERT INTO `qc_attribute` (`ATTRIBUTE_ID`, `ATTRIBUTE_NAME`, `ATTRIBUTE_LABEL`, `ATTRIBUTE_DESCRIPTION`, `ATTRIBUTE_TYPE_ID`, `SEQUENCE_NUM`, `LAST_UPDATED_STAMP`, `LAST_UPDATED_TX_STAMP`, `CREATED_STAMP`, `CREATED_TX_STAMP`) VALUES ('AQUEOUS_SOFT_TOUCH', 'Aqueous Coating - Soft Touch', 'Aqueous Coating - Soft Touch', 'Soft Touch Aqueous Coating', 'CATEGORY_ADD_ON_PRICE', '20', '2017-05-15 13:40:00', '2017-05-15 13:40:00', '2017-05-15 13:40:00', '2017-05-15 13:40:00');
INSERT INTO `qc_attribute` (`ATTRIBUTE_ID`, `ATTRIBUTE_NAME`, `ATTRIBUTE_LABEL`, `ATTRIBUTE_DESCRIPTION`, `ATTRIBUTE_TYPE_ID`, `SEQUENCE_NUM`, `LAST_UPDATED_STAMP`, `LAST_UPDATED_TX_STAMP`, `CREATED_STAMP`, `CREATED_TX_STAMP`) VALUES ('UV_COATING_GLOSS', 'UV Coating - Gloss', 'UV Coating - Gloss', 'Gloss UV Coating', 'CATEGORY_ADD_ON_PRICE', '21', '2017-05-15 13:40:00', '2017-05-15 13:40:00', '2017-05-15 13:40:00', '2017-05-15 13:40:00');
INSERT INTO `qc_attribute` (`ATTRIBUTE_ID`, `ATTRIBUTE_NAME`, `ATTRIBUTE_LABEL`, `ATTRIBUTE_DESCRIPTION`, `ATTRIBUTE_TYPE_ID`, `SEQUENCE_NUM`, `LAST_UPDATED_STAMP`, `LAST_UPDATED_TX_STAMP`, `CREATED_STAMP`, `CREATED_TX_STAMP`) VALUES ('LAMINATION_OVERSIZE_GLOSS', 'Lamination - Oversize Gloss', 'Lamination - Oversize Gloss', 'Oversize Gloss Film Lamination', 'CATEGORY_ADD_ON_PRICE', '22', '2017-05-15 13:40:00', '2017-05-15 13:40:00', '2017-05-15 13:40:00', '2017-05-15 13:40:00');
INSERT INTO `qc_attribute` (`ATTRIBUTE_ID`, `ATTRIBUTE_NAME`, `ATTRIBUTE_LABEL`, `ATTRIBUTE_DESCRIPTION`, `ATTRIBUTE_TYPE_ID`, `SEQUENCE_NUM`, `LAST_UPDATED_STAMP`, `LAST_UPDATED_TX_STAMP`, `CREATED_STAMP`, `CREATED_TX_STAMP`) VALUES ('LAMINATION_OVERSIZE_MATTE', 'Lamination - Oversize Matte', 'Lamination - Oversize Gloss', 'Oversize Gloss Film Lamination', 'CATEGORY_ADD_ON_PRICE', '23', '2017-05-15 13:40:00', '2017-05-15 13:40:00', '2017-05-15 13:40:00', '2017-05-15 13:40:00');
INSERT INTO `qc_attribute` (`ATTRIBUTE_ID`, `ATTRIBUTE_NAME`, `ATTRIBUTE_LABEL`, `ATTRIBUTE_DESCRIPTION`, `ATTRIBUTE_TYPE_ID`, `SEQUENCE_NUM`, `LAST_UPDATED_STAMP`, `LAST_UPDATED_TX_STAMP`, `CREATED_STAMP`, `CREATED_TX_STAMP`) VALUES ('LAMINATION_OVERSIZE_SOFT_TOUCH', 'Lamination - Oversize Soft Touch', 'Lamination - Oversize Soft Touch', 'Oversize Soft Touch Film Lamination', 'CATEGORY_ADD_ON_PRICE', '24', '2017-05-15 13:40:00', '2017-05-15 13:40:00', '2017-05-15 13:40:00', '2017-05-15 13:40:00');
INSERT INTO `qc_attribute` (`ATTRIBUTE_ID`, `ATTRIBUTE_NAME`, `ATTRIBUTE_LABEL`, `ATTRIBUTE_DESCRIPTION`, `ATTRIBUTE_TYPE_ID`, `SEQUENCE_NUM`, `LAST_UPDATED_STAMP`, `LAST_UPDATED_TX_STAMP`, `CREATED_STAMP`, `CREATED_TX_STAMP`) VALUES ('SPINE_ATTACHMENTS', 'Spine Attachments', 'Spine Attachments', 'Spine Attachments', 'CATEGORY_ADD_ON_PRICE', '25', '2017-05-15 13:40:00', '2017-05-15 13:40:00', '2017-05-15 13:40:00', '2017-05-15 13:40:00');
INSERT INTO `qc_attribute` (`ATTRIBUTE_ID`, `ATTRIBUTE_NAME`, `ATTRIBUTE_LABEL`, `ATTRIBUTE_DESCRIPTION`, `ATTRIBUTE_TYPE_ID`, `SEQUENCE_NUM`, `LAST_UPDATED_STAMP`, `LAST_UPDATED_TX_STAMP`, `CREATED_STAMP`, `CREATED_TX_STAMP`) VALUES ('DISCOUNT_15_SQ_INCH', '15 Sq. In. Discount', '15 Sq. In. Discount', 'Discount for Foil Stamping or Embossing using Images of size up to 15 sq. in.', 'CATEGORY_ADD_ON_PRICE', '26', '2017-05-15 13:40:00', '2017-05-15 13:40:00', '2017-05-15 13:40:00', '2017-05-15 13:40:00');
INSERT INTO `qc_attribute` (`ATTRIBUTE_ID`, `ATTRIBUTE_NAME`, `ATTRIBUTE_LABEL`, `ATTRIBUTE_DESCRIPTION`, `ATTRIBUTE_TYPE_ID`, `SEQUENCE_NUM`, `LAST_UPDATED_STAMP`, `LAST_UPDATED_TX_STAMP`, `CREATED_STAMP`, `CREATED_TX_STAMP`) VALUES ('MIN_MARKUP_PERCENTAGE', 'Minimum Percentage Markup', 'Minimum Percentage Markup', 'Minimum Gross Profit Percentage Markup', 'COMMON_ADD_ON_PRICE', '27', '2017-05-15 13:40:00', '2017-05-15 13:40:00', '2017-05-15 13:40:00', '2017-05-15 13:40:00');
INSERT INTO `qc_attribute` (`ATTRIBUTE_ID`, `ATTRIBUTE_NAME`, `ATTRIBUTE_LABEL`, `ATTRIBUTE_DESCRIPTION`, `ATTRIBUTE_TYPE_ID`, `SEQUENCE_NUM`, `LAST_UPDATED_STAMP`, `LAST_UPDATED_TX_STAMP`, `CREATED_STAMP`, `CREATED_TX_STAMP`) VALUES ('MIN_MARKUP_DOLLAR', 'Minimum Dollar Markup', 'Minimum Dollar Markup', 'Minimum Gross Profit Dollar Markup', 'COMMON_ADD_ON_PRICE', '28', '2017-05-15 13:40:00', '2017-05-15 13:40:00', '2017-05-15 13:40:00', '2017-05-15 13:40:00');
INSERT INTO `qc_attribute` (`ATTRIBUTE_ID`, `ATTRIBUTE_NAME`, `ATTRIBUTE_LABEL`, `ATTRIBUTE_DESCRIPTION`, `ATTRIBUTE_TYPE_ID`, `SEQUENCE_NUM`, `LAST_UPDATED_STAMP`, `LAST_UPDATED_TX_STAMP`, `CREATED_STAMP`, `CREATED_TX_STAMP`) VALUES ('DEFAULT_MARKUP_PERCENTAGE', 'Default Percentage Markup', 'Default Percentage Markup', 'Default Gross Profit Percentage Markup', 'COMMON_ADD_ON_PRICE', '29', '2017-05-15 13:40:00', '2017-05-15 13:40:00', '2017-05-15 13:40:00', '2017-05-15 13:40:00');
INSERT INTO `qc_attribute` (`ATTRIBUTE_ID`, `ATTRIBUTE_NAME`, `ATTRIBUTE_LABEL`, `ATTRIBUTE_DESCRIPTION`, `ATTRIBUTE_TYPE_ID`, `SEQUENCE_NUM`, `LAST_UPDATED_STAMP`, `LAST_UPDATED_TX_STAMP`, `CREATED_STAMP`, `CREATED_TX_STAMP`) VALUES ('DEFAULT_MARKUP_DOLLAR', 'Default Dollar Markup', 'Default Dollar Markup', 'Default Gross Profit Dollar Markup', 'COMMON_ADD_ON_PRICE', '30', '2017-05-15 13:40:00', '2017-05-15 13:40:00', '2017-05-15 13:40:00', '2017-05-15 13:40:00');
INSERT INTO `qc_attribute` (`ATTRIBUTE_ID`, `ATTRIBUTE_NAME`, `ATTRIBUTE_LABEL`, `ATTRIBUTE_DESCRIPTION`, `ATTRIBUTE_TYPE_ID`, `SEQUENCE_NUM`, `LAST_UPDATED_STAMP`, `LAST_UPDATED_TX_STAMP`, `CREATED_STAMP`, `CREATED_TX_STAMP`) VALUES ('MAX_MARKUP_PERCENTAGE', 'Maximum Percentage Markup', 'Maximum Percentage Markup', 'Maximum Gross Profit Percentage Markup', 'COMMON_ADD_ON_PRICE', '31', '2017-05-15 13:40:00', '2017-05-15 13:40:00', '2017-05-15 13:40:00', '2017-05-15 13:40:00');
INSERT INTO `qc_attribute` (`ATTRIBUTE_ID`, `ATTRIBUTE_NAME`, `ATTRIBUTE_LABEL`, `ATTRIBUTE_DESCRIPTION`, `ATTRIBUTE_TYPE_ID`, `SEQUENCE_NUM`, `LAST_UPDATED_STAMP`, `LAST_UPDATED_TX_STAMP`, `CREATED_STAMP`, `CREATED_TX_STAMP`) VALUES ('MAX_MARKUP_DOLLAR', 'Maximum Dollar Markup', 'Maximum Dollar Markup', 'Maximum Gross Profit Dollar Markup', 'COMMON_ADD_ON_PRICE', '32', '2017-05-15 13:40:00', '2017-05-15 13:40:00', '2017-05-15 13:40:00', '2017-05-15 13:40:00');




INSERT INTO `qc_attribute_value` (`ATTRIBUTE_VALUE_ID`, `ATTRIBUTE_ID`, `STYLE_GROUP_ID`, `VENDOR_ID`, `QUANTITY_BREAK`, `VOLUME_PRICE`, `LAST_UPDATED_STAMP`, `LAST_UPDATED_TX_STAMP`, `CREATED_STAMP`, `CREATED_TX_STAMP`) VALUES ('1',  'FOIL_STAMP_RUN_ADD_ON', null, 'ADMORE', '250|500|1000|1500|2000|2500|3000|5000|7500|10000|15000|20000', '109|134|176|214|251|305|364|527|763|959|1412|1865', '2017-05-15 13:40:00', '2017-05-15 13:40:00', '2017-05-15 13:40:00', '2017-05-15 13:40:00');
INSERT INTO `qc_attribute_value` (`ATTRIBUTE_VALUE_ID`, `ATTRIBUTE_ID`, `STYLE_GROUP_ID`, `VENDOR_ID`, `QUANTITY_BREAK`, `VOLUME_PRICE`, `LAST_UPDATED_STAMP`, `LAST_UPDATED_TX_STAMP`, `CREATED_STAMP`, `CREATED_TX_STAMP`) VALUES ('2',  'FOIL_STAMP_IMAGE_ADD_ON', null, 'ADMORE', '250|500|1000|1500|2000|2500|3000|5000|7500|10000|15000|20000', '50|51|57|61|64|67|69|84|97|109|140|176', '2017-05-15 13:40:00', '2017-05-15 13:40:00', '2017-05-15 13:40:00', '2017-05-15 13:40:00');
INSERT INTO `qc_attribute_value` (`ATTRIBUTE_VALUE_ID`, `ATTRIBUTE_ID`, `STYLE_GROUP_ID`, `VENDOR_ID`, `QUANTITY_BREAK`, `VOLUME_PRICE`, `LAST_UPDATED_STAMP`, `LAST_UPDATED_TX_STAMP`, `CREATED_STAMP`, `CREATED_TX_STAMP`) VALUES ('3',  'EMBOSS_RUN_ADD_ON', null, 'ADMORE', '250|500|1000|1500|2000|2500|3000|5000|7500|10000|15000|20000', '154|170|203|241|274|323|382|545|781|977|1430|1883', '2017-05-15 13:40:00', '2017-05-15 13:40:00', '2017-05-15 13:40:00', '2017-05-15 13:40:00');
INSERT INTO `qc_attribute_value` (`ATTRIBUTE_VALUE_ID`, `ATTRIBUTE_ID`, `STYLE_GROUP_ID`, `VENDOR_ID`, `QUANTITY_BREAK`, `VOLUME_PRICE`, `LAST_UPDATED_STAMP`, `LAST_UPDATED_TX_STAMP`, `CREATED_STAMP`, `CREATED_TX_STAMP`) VALUES ('4',  'EMBOSS_IMAGE_ADD_ON', null, 'ADMORE', '250|500|1000|1500|2000|2500|3000|5000|7500|10000|15000|20000', '90|90|90|90|90|90|90|90|90|90|90|90', '2017-05-15 13:40:00', '2017-05-15 13:40:00', '2017-05-15 13:40:00', '2017-05-15 13:40:00');
INSERT INTO `qc_attribute_value` (`ATTRIBUTE_VALUE_ID`, `ATTRIBUTE_ID`, `STYLE_GROUP_ID`, `VENDOR_ID`, `QUANTITY_BREAK`, `VOLUME_PRICE`, `LAST_UPDATED_STAMP`, `LAST_UPDATED_TX_STAMP`, `CREATED_STAMP`, `CREATED_TX_STAMP`) VALUES ('73',  'DEFAULT_MARKUP_PERCENTAGE', null, 'ADMORE', '100|250|500|1000|1500|2000|2500|3000|5000|7500|10000', '63.20|58.10|58.10|47.90|47.90|47.90|47.90|47.90|47.90|47.90|42.80', '2017-05-15 13:40:00', '2017-05-15 13:40:00', '2017-05-15 13:40:00', '2017-05-15 13:40:00');
INSERT INTO `qc_attribute_value` (`ATTRIBUTE_VALUE_ID`, `ATTRIBUTE_ID`, `STYLE_GROUP_ID`, `VENDOR_ID`, `QUANTITY_BREAK`, `VOLUME_PRICE`, `LAST_UPDATED_STAMP`, `LAST_UPDATED_TX_STAMP`, `CREATED_STAMP`, `CREATED_TX_STAMP`) VALUES ('74',  'DEFAULT_MARKUP_DOLLAR', null, 'ADMORE', '100|250|500|1000|1500|2000|2500|3000|5000|7500|10000', '65|55|60|75|75|75|75|75|75|75|75', '2017-05-15 13:40:00', '2017-05-15 13:40:00', '2017-05-15 13:40:00', '2017-05-15 13:40:00');

INSERT INTO `qc_attribute_value` (`ATTRIBUTE_VALUE_ID`, `ATTRIBUTE_ID`, `STYLE_GROUP_ID`, `VENDOR_ID`, `QUANTITY_BREAK`, `VOLUME_PRICE`, `LAST_UPDATED_STAMP`, `LAST_UPDATED_TX_STAMP`, `CREATED_STAMP`, `CREATED_TX_STAMP`) VALUES ('5',  'PRINT_1C', 'STANDARD', 'ADMORE', '250|500|750|1000|1500|2000|2500|3000|4000|5000|7500|10000', '301|353|422|491|610|758|898|1040|1229|1418|1958|2385', '2017-05-15 13:40:00', '2017-05-15 13:40:00', '2017-05-15 13:40:00', '2017-05-15 13:40:00');
INSERT INTO `qc_attribute_value` (`ATTRIBUTE_VALUE_ID`, `ATTRIBUTE_ID`, `STYLE_GROUP_ID`, `VENDOR_ID`, `QUANTITY_BREAK`, `VOLUME_PRICE`, `LAST_UPDATED_STAMP`, `LAST_UPDATED_TX_STAMP`, `CREATED_STAMP`, `CREATED_TX_STAMP`) VALUES ('6',  'PRINT_4C', 'STANDARD', 'ADMORE', '250|500|750|1000|1500|2000|2500|3000|4000|5000|7500|10000', '355|440|521|602|775|929|1067|1202|1409|1616|2174|2592', '2017-05-15 13:40:00', '2017-05-15 13:40:00', '2017-05-15 13:40:00', '2017-05-15 13:40:00');
INSERT INTO `qc_attribute_value` (`ATTRIBUTE_VALUE_ID`, `ATTRIBUTE_ID`, `STYLE_GROUP_ID`, `VENDOR_ID`, `QUANTITY_BREAK`, `VOLUME_PRICE`, `LAST_UPDATED_STAMP`, `LAST_UPDATED_TX_STAMP`, `CREATED_STAMP`, `CREATED_TX_STAMP`) VALUES ('7',  'FOIL_STAMP_BASE', 'STANDARD', 'ADMORE', '250|500|750|1000|1500|2000|2500|3000|4000|5000|7500|10000', '252|344|413|482|606|788|945|1094|1308|1521|2147|2709', '2017-05-15 13:40:00', '2017-05-15 13:40:00', '2017-05-15 13:40:00', '2017-05-15 13:40:00');
INSERT INTO `qc_attribute_value` (`ATTRIBUTE_VALUE_ID`, `ATTRIBUTE_ID`, `STYLE_GROUP_ID`, `VENDOR_ID`, `QUANTITY_BREAK`, `VOLUME_PRICE`, `LAST_UPDATED_STAMP`, `LAST_UPDATED_TX_STAMP`, `CREATED_STAMP`, `CREATED_TX_STAMP`) VALUES ('8',  'EMBOSS_BASE', 'STANDARD', 'ADMORE', '250|500|750|1000|1500|2000|2500|3000|4000|5000|7500|10000', '252|344|413|482|606|788|945|1094|1308|1521|2147|2709', '2017-05-15 13:40:00', '2017-05-15 13:40:00', '2017-05-15 13:40:00', '2017-05-15 13:40:00');
INSERT INTO `qc_attribute_value` (`ATTRIBUTE_VALUE_ID`, `ATTRIBUTE_ID`, `STYLE_GROUP_ID`, `VENDOR_ID`, `QUANTITY_BREAK`, `VOLUME_PRICE`, `LAST_UPDATED_STAMP`, `LAST_UPDATED_TX_STAMP`, `CREATED_STAMP`, `CREATED_TX_STAMP`) VALUES ('9',  'ADDITIONAL_COLOR_PER_SIDE', 'STANDARD', 'ADMORE', '250|500|750|1000|1500|2000|2500|3000|4000|5000|7500|10000', '79|88|95|102|111|130|149|162|174|185|257|315', '2017-05-15 13:40:00', '2017-05-15 13:40:00', '2017-05-15 13:40:00', '2017-05-15 13:40:00');
INSERT INTO `qc_attribute_value` (`ATTRIBUTE_VALUE_ID`, `ATTRIBUTE_ID`, `STYLE_GROUP_ID`, `VENDOR_ID`, `QUANTITY_BREAK`, `VOLUME_PRICE`, `LAST_UPDATED_STAMP`, `LAST_UPDATED_TX_STAMP`, `CREATED_STAMP`, `CREATED_TX_STAMP`) VALUES ('10',  'HEAVY_COVERAGE_PER_SIDE', 'STANDARD', 'ADMORE', '250|500|750|1000|1500|2000|2500|3000|4000|5000|7500|10000', '79|88|95|102|111|130|149|162|174|185|257|315', '2017-05-15 13:40:00', '2017-05-15 13:40:00', '2017-05-15 13:40:00', '2017-05-15 13:40:00');
INSERT INTO `qc_attribute_value` (`ATTRIBUTE_VALUE_ID`, `ATTRIBUTE_ID`, `STYLE_GROUP_ID`, `VENDOR_ID`, `QUANTITY_BREAK`, `VOLUME_PRICE`, `LAST_UPDATED_STAMP`, `LAST_UPDATED_TX_STAMP`, `CREATED_STAMP`, `CREATED_TX_STAMP`) VALUES ('11',  'PRINT_4C_2ND_SIDE', 'STANDARD', 'ADMORE', '250|500|750|1000|1500|2000|2500|3000|4000|5000|7500|10000', '225|225|243|261|293|324|356|386|450|513|668|828', '2017-05-15 13:40:00', '2017-05-15 13:40:00', '2017-05-15 13:40:00', '2017-05-15 13:40:00');
INSERT INTO `qc_attribute_value` (`ATTRIBUTE_VALUE_ID`, `ATTRIBUTE_ID`, `STYLE_GROUP_ID`, `VENDOR_ID`, `QUANTITY_BREAK`, `VOLUME_PRICE`, `LAST_UPDATED_STAMP`, `LAST_UPDATED_TX_STAMP`, `CREATED_STAMP`, `CREATED_TX_STAMP`) VALUES ('12',  'GROUP_A_STOCKS', 'STANDARD', 'ADMORE', '250|500|750|1000|1500|2000|2500|3000|4000|5000|7500|10000', '26|36|50|64|90|117|142|165|215|266|385|513', '2017-05-15 13:40:00', '2017-05-15 13:40:00', '2017-05-15 13:40:00', '2017-05-15 13:40:00');
INSERT INTO `qc_attribute_value` (`ATTRIBUTE_VALUE_ID`, `ATTRIBUTE_ID`, `STYLE_GROUP_ID`, `VENDOR_ID`, `QUANTITY_BREAK`, `VOLUME_PRICE`, `LAST_UPDATED_STAMP`, `LAST_UPDATED_TX_STAMP`, `CREATED_STAMP`, `CREATED_TX_STAMP`) VALUES ('13',  'GROUP_B_STOCKS', 'STANDARD', 'ADMORE', '250|500|750|1000|1500|2000|2500|3000|4000|5000|7500|10000', '40|58|80|102|143|185|225|262|343|423|608|801', '2017-05-15 13:40:00', '2017-05-15 13:40:00', '2017-05-15 13:40:00', '2017-05-15 13:40:00');
INSERT INTO `qc_attribute_value` (`ATTRIBUTE_VALUE_ID`, `ATTRIBUTE_ID`, `STYLE_GROUP_ID`, `VENDOR_ID`, `QUANTITY_BREAK`, `VOLUME_PRICE`, `LAST_UPDATED_STAMP`, `LAST_UPDATED_TX_STAMP`, `CREATED_STAMP`, `CREATED_TX_STAMP`) VALUES ('14',  'GROUP_C_STOCKS', 'STANDARD', 'ADMORE', '250|500|750|1000|1500|2000|2500|3000|4000|5000|7500|10000', '61|88|122|155|217|283|342|397|520|644|932|1224','2017-05-15 13:40:00', '2017-05-15 13:40:00', '2017-05-15 13:40:00', '2017-05-15 13:40:00');
INSERT INTO `qc_attribute_value` (`ATTRIBUTE_VALUE_ID`, `ATTRIBUTE_ID`, `STYLE_GROUP_ID`, `VENDOR_ID`, `QUANTITY_BREAK`, `VOLUME_PRICE`, `LAST_UPDATED_STAMP`, `LAST_UPDATED_TX_STAMP`, `CREATED_STAMP`, `CREATED_TX_STAMP`) VALUES ('15',  'GROUP_D_STOCKS', 'STANDARD', 'ADMORE', '250|500|750|1000|1500|2000|2500|3000|4000|5000|7500|10000', '91|131|180|230|323|418|504|589|770|950|1377|1809', '2017-05-15 13:40:00', '2017-05-15 13:40:00', '2017-05-15 13:40:00', '2017-05-15 13:40:00');
INSERT INTO `qc_attribute_value` (`ATTRIBUTE_VALUE_ID`, `ATTRIBUTE_ID`, `STYLE_GROUP_ID`, `VENDOR_ID`, `QUANTITY_BREAK`, `VOLUME_PRICE`, `LAST_UPDATED_STAMP`, `LAST_UPDATED_TX_STAMP`, `CREATED_STAMP`, `CREATED_TX_STAMP`) VALUES ('16',  'AQUEOUS_GLOSS', 'STANDARD', 'ADMORE', '250|500|750|1000|1500|2000|2500|3000|4000|5000|7500|10000', '0|0|0|0|0|0|0|0|0|0|0|0', '2017-05-15 13:40:00', '2017-05-15 13:40:00', '2017-05-15 13:40:00', '2017-05-15 13:40:00');
INSERT INTO `qc_attribute_value` (`ATTRIBUTE_VALUE_ID`, `ATTRIBUTE_ID`, `STYLE_GROUP_ID`, `VENDOR_ID`, `QUANTITY_BREAK`, `VOLUME_PRICE`, `LAST_UPDATED_STAMP`, `LAST_UPDATED_TX_STAMP`, `CREATED_STAMP`, `CREATED_TX_STAMP`) VALUES ('17',  'AQUEOUS_MATTE', 'STANDARD', 'ADMORE', '250|500|750|1000|1500|2000|2500|3000|4000|5000|7500|10000', '0|0|0|0|0|0|0|0|0|0|0|0', '2017-05-15 13:40:00', '2017-05-15 13:40:00', '2017-05-15 13:40:00', '2017-05-15 13:40:00');
INSERT INTO `qc_attribute_value` (`ATTRIBUTE_VALUE_ID`, `ATTRIBUTE_ID`, `STYLE_GROUP_ID`, `VENDOR_ID`, `QUANTITY_BREAK`, `VOLUME_PRICE`, `LAST_UPDATED_STAMP`, `LAST_UPDATED_TX_STAMP`, `CREATED_STAMP`, `CREATED_TX_STAMP`) VALUES ('18',  'AQUEOUS_SATIN', 'STANDARD', 'ADMORE', '250|500|750|1000|1500|2000|2500|3000|4000|5000|7500|10000', '0|0|0|0|0|0|0|0|0|0|0|0', '2017-05-15 13:40:00', '2017-05-15 13:40:00', '2017-05-15 13:40:00', '2017-05-15 13:40:00');
INSERT INTO `qc_attribute_value` (`ATTRIBUTE_VALUE_ID`, `ATTRIBUTE_ID`, `STYLE_GROUP_ID`, `VENDOR_ID`, `QUANTITY_BREAK`, `VOLUME_PRICE`, `LAST_UPDATED_STAMP`, `LAST_UPDATED_TX_STAMP`, `CREATED_STAMP`, `CREATED_TX_STAMP`) VALUES ('19',  'AQUEOUS_CHOICE', 'STANDARD', 'ADMORE', '250|500|750|1000|1500|2000|2500|3000|4000|5000|7500|10000', '0|0|0|0|0|0|0|0|0|0|0|0', '2017-05-15 13:40:00', '2017-05-15 13:40:00', '2017-05-15 13:40:00', '2017-05-15 13:40:00');
INSERT INTO `qc_attribute_value` (`ATTRIBUTE_VALUE_ID`, `ATTRIBUTE_ID`, `STYLE_GROUP_ID`, `VENDOR_ID`, `QUANTITY_BREAK`, `VOLUME_PRICE`, `LAST_UPDATED_STAMP`, `LAST_UPDATED_TX_STAMP`, `CREATED_STAMP`, `CREATED_TX_STAMP`) VALUES ('20',  'AQUEOUS_SOFT_TOUCH', 'STANDARD', 'ADMORE', '250|500|750|1000|1500|2000|2500|3000|4000|5000|7500|10000', '126|141|153|164|178|193|221|240|257|275|378|459', '2017-05-15 13:40:00', '2017-05-15 13:40:00', '2017-05-15 13:40:00', '2017-05-15 13:40:00');
INSERT INTO `qc_attribute_value` (`ATTRIBUTE_VALUE_ID`, `ATTRIBUTE_ID`, `STYLE_GROUP_ID`, `VENDOR_ID`, `QUANTITY_BREAK`, `VOLUME_PRICE`, `LAST_UPDATED_STAMP`, `LAST_UPDATED_TX_STAMP`, `CREATED_STAMP`, `CREATED_TX_STAMP`) VALUES ('21',  'UV_COATING_GLOSS', 'STANDARD', 'ADMORE', '250|500|750|1000|1500|2000|2500|3000|4000|5000|7500|10000', '65|79|88|97|126|158|173|194|248|302|446|531', '2017-05-15 13:40:00', '2017-05-15 13:40:00', '2017-05-15 13:40:00', '2017-05-15 13:40:00');
INSERT INTO `qc_attribute_value` (`ATTRIBUTE_VALUE_ID`, `ATTRIBUTE_ID`, `STYLE_GROUP_ID`, `VENDOR_ID`, `QUANTITY_BREAK`, `VOLUME_PRICE`, `LAST_UPDATED_STAMP`, `LAST_UPDATED_TX_STAMP`, `CREATED_STAMP`, `CREATED_TX_STAMP`) VALUES ('22',  'LAMINATION_OVERSIZE_GLOSS', 'STANDARD', 'ADMORE', '250|500|750|1000|1500|2000|2500|3000|4000|5000|7500|10000', '82|106|140|174|231|290|358|427|560|693|1019|1359', '2017-05-15 13:40:00', '2017-05-15 13:40:00', '2017-05-15 13:40:00', '2017-05-15 13:40:00');
INSERT INTO `qc_attribute_value` (`ATTRIBUTE_VALUE_ID`, `ATTRIBUTE_ID`, `STYLE_GROUP_ID`, `VENDOR_ID`, `QUANTITY_BREAK`, `VOLUME_PRICE`, `LAST_UPDATED_STAMP`, `LAST_UPDATED_TX_STAMP`, `CREATED_STAMP`, `CREATED_TX_STAMP`) VALUES ('23',  'LAMINATION_OVERSIZE_MATTE', 'STANDARD', 'ADMORE', '250|500|750|1000|1500|2000|2500|3000|4000|5000|7500|10000', '102|161|208|255|354|450|549|651|852|1053|1553|2043', '2017-05-15 13:40:00', '2017-05-15 13:40:00', '2017-05-15 13:40:00', '2017-05-15 13:40:00');
INSERT INTO `qc_attribute_value` (`ATTRIBUTE_VALUE_ID`, `ATTRIBUTE_ID`, `STYLE_GROUP_ID`, `VENDOR_ID`, `QUANTITY_BREAK`, `VOLUME_PRICE`, `LAST_UPDATED_STAMP`, `LAST_UPDATED_TX_STAMP`, `CREATED_STAMP`, `CREATED_TX_STAMP`) VALUES ('24',  'LAMINATION_OVERSIZE_SOFT_TOUCH', 'STANDARD', 'ADMORE', '250|500|750|1000|1500|2000|2500|3000|4000|5000|7500|10000', '122|183|240|298|412|527|641|756|986|1215|1789|2367', '2017-05-15 13:40:00', '2017-05-15 13:40:00', '2017-05-15 13:40:00', '2017-05-15 13:40:00');
INSERT INTO `qc_attribute_value` (`ATTRIBUTE_VALUE_ID`, `ATTRIBUTE_ID`, `STYLE_GROUP_ID`, `VENDOR_ID`, `QUANTITY_BREAK`, `VOLUME_PRICE`, `LAST_UPDATED_STAMP`, `LAST_UPDATED_TX_STAMP`, `CREATED_STAMP`, `CREATED_TX_STAMP`) VALUES ('25',  'SPINE_ATTACHMENTS', 'STANDARD', 'ADMORE', '250|500|750|1000|1500|2000|2500|3000|4000|5000|7500|10000', '109|215|321|427|622|830|1033|1239|1646|2052|3058|3996',  '2017-05-15 13:40:00', '2017-05-15 13:40:00', '2017-05-15 13:40:00', '2017-05-15 13:40:00');
INSERT INTO `qc_attribute_value` (`ATTRIBUTE_VALUE_ID`, `ATTRIBUTE_ID`, `STYLE_GROUP_ID`, `VENDOR_ID`, `QUANTITY_BREAK`, `VOLUME_PRICE`, `LAST_UPDATED_STAMP`, `LAST_UPDATED_TX_STAMP`, `CREATED_STAMP`, `CREATED_TX_STAMP`) VALUES ('26',  'DISCOUNT_15_SQ_INCH', 'STANDARD', 'ADMORE', '250|500|750|1000|1500|2000|2500|3000|4000|5000|7500|10000', '-56|-60|-65|-68|-76|-84|-91|-99|-114|-130|-170|-209', '2017-05-15 13:40:00', '2017-05-15 13:40:00', '2017-05-15 13:40:00', '2017-05-15 13:40:00');


INSERT INTO `qc_attribute_value` (`ATTRIBUTE_VALUE_ID`, `ATTRIBUTE_ID`, `STYLE_GROUP_ID`, `VENDOR_ID`, `QUANTITY_BREAK`, `VOLUME_PRICE`, `LAST_UPDATED_STAMP`, `LAST_UPDATED_TX_STAMP`, `CREATED_STAMP`, `CREATED_TX_STAMP`) VALUES ('27',  'PRINT_1C', 'LARGE', 'ADMORE', '250|500|750|1000|1500|2000|2500|3000|4000|5000|7500|10000', '310|360|430|501|622|774|916|1058|1238|1418|1958|2385', '2017-05-15 13:40:00', '2017-05-15 13:40:00', '2017-05-15 13:40:00', '2017-05-15 13:40:00');
INSERT INTO `qc_attribute_value` (`ATTRIBUTE_VALUE_ID`, `ATTRIBUTE_ID`, `STYLE_GROUP_ID`, `VENDOR_ID`, `QUANTITY_BREAK`, `VOLUME_PRICE`, `LAST_UPDATED_STAMP`, `LAST_UPDATED_TX_STAMP`, `CREATED_STAMP`, `CREATED_TX_STAMP`) VALUES ('28',  'PRINT_4C', 'LARGE', 'ADMORE', '250|500|750|1000|1500|2000|2500|3000|4000|5000|7500|10000', '365|453|541|629|806|956|1098|1231|1433|1634|2174|2592', '2017-05-15 13:40:00', '2017-05-15 13:40:00', '2017-05-15 13:40:00', '2017-05-15 13:40:00');
INSERT INTO `qc_attribute_value` (`ATTRIBUTE_VALUE_ID`, `ATTRIBUTE_ID`, `STYLE_GROUP_ID`, `VENDOR_ID`, `QUANTITY_BREAK`, `VOLUME_PRICE`, `LAST_UPDATED_STAMP`, `LAST_UPDATED_TX_STAMP`, `CREATED_STAMP`, `CREATED_TX_STAMP`) VALUES ('29',  'FOIL_STAMP_BASE', 'LARGE', 'ADMORE', '250|500|750|1000|1500|2000|2500|3000|4000|5000|7500|10000', '260|354|426|497|624|812|974|1126|1346|1566|2214|2790', '2017-05-15 13:40:00', '2017-05-15 13:40:00', '2017-05-15 13:40:00', '2017-05-15 13:40:00');
INSERT INTO `qc_attribute_value` (`ATTRIBUTE_VALUE_ID`, `ATTRIBUTE_ID`, `STYLE_GROUP_ID`, `VENDOR_ID`, `QUANTITY_BREAK`, `VOLUME_PRICE`, `LAST_UPDATED_STAMP`, `LAST_UPDATED_TX_STAMP`, `CREATED_STAMP`, `CREATED_TX_STAMP`) VALUES ('30',  'EMBOSS_BASE', 'LARGE', 'ADMORE', '250|500|750|1000|1500|2000|2500|3000|4000|5000|7500|10000', '260|354|426|497|624|812|974|1126|1346|1566|2214|2790', '2017-05-15 13:40:00', '2017-05-15 13:40:00', '2017-05-15 13:40:00', '2017-05-15 13:40:00');
INSERT INTO `qc_attribute_value` (`ATTRIBUTE_VALUE_ID`, `ATTRIBUTE_ID`, `STYLE_GROUP_ID`, `VENDOR_ID`, `QUANTITY_BREAK`, `VOLUME_PRICE`, `LAST_UPDATED_STAMP`, `LAST_UPDATED_TX_STAMP`, `CREATED_STAMP`, `CREATED_TX_STAMP`) VALUES ('31',  'ADDITIONAL_COLOR_PER_SIDE', 'LARGE', 'ADMORE', '250|500|750|1000|1500|2000|2500|3000|4000|5000|7500|10000', '79|88|95|102|111|130|149|162|174|185|257|315', '2017-05-15 13:40:00', '2017-05-15 13:40:00', '2017-05-15 13:40:00', '2017-05-15 13:40:00');
INSERT INTO `qc_attribute_value` (`ATTRIBUTE_VALUE_ID`, `ATTRIBUTE_ID`, `STYLE_GROUP_ID`, `VENDOR_ID`, `QUANTITY_BREAK`, `VOLUME_PRICE`, `LAST_UPDATED_STAMP`, `LAST_UPDATED_TX_STAMP`, `CREATED_STAMP`, `CREATED_TX_STAMP`) VALUES ('32',  'HEAVY_COVERAGE_PER_SIDE', 'LARGE', 'ADMORE', '250|500|750|1000|1500|2000|2500|3000|4000|5000|7500|10000', '79|88|95|102|111|130|149|162|174|185|257|315', '2017-05-15 13:40:00', '2017-05-15 13:40:00', '2017-05-15 13:40:00', '2017-05-15 13:40:00');
INSERT INTO `qc_attribute_value` (`ATTRIBUTE_VALUE_ID`, `ATTRIBUTE_ID`, `STYLE_GROUP_ID`, `VENDOR_ID`, `QUANTITY_BREAK`, `VOLUME_PRICE`, `LAST_UPDATED_STAMP`, `LAST_UPDATED_TX_STAMP`, `CREATED_STAMP`, `CREATED_TX_STAMP`) VALUES ('33',  'PRINT_4C_2ND_SIDE', 'LARGE', 'ADMORE', '250|500|750|1000|1500|2000|2500|3000|4000|5000|7500|10000', '225|225|243|261|293|324|356|386|450|513|668|828', '2017-05-15 13:40:00', '2017-05-15 13:40:00', '2017-05-15 13:40:00', '2017-05-15 13:40:00');
INSERT INTO `qc_attribute_value` (`ATTRIBUTE_VALUE_ID`, `ATTRIBUTE_ID`, `STYLE_GROUP_ID`, `VENDOR_ID`, `QUANTITY_BREAK`, `VOLUME_PRICE`, `LAST_UPDATED_STAMP`, `LAST_UPDATED_TX_STAMP`, `CREATED_STAMP`, `CREATED_TX_STAMP`) VALUES ('34',  'GROUP_A_STOCKS', 'LARGE', 'ADMORE', '250|500|750|1000|1500|2000|2500|3000|4000|5000|7500|10000', '26|36|50|64|90|117|142|165|215|266|385|513', '2017-05-15 13:40:00', '2017-05-15 13:40:00', '2017-05-15 13:40:00', '2017-05-15 13:40:00');
INSERT INTO `qc_attribute_value` (`ATTRIBUTE_VALUE_ID`, `ATTRIBUTE_ID`, `STYLE_GROUP_ID`, `VENDOR_ID`, `QUANTITY_BREAK`, `VOLUME_PRICE`, `LAST_UPDATED_STAMP`, `LAST_UPDATED_TX_STAMP`, `CREATED_STAMP`, `CREATED_TX_STAMP`) VALUES ('35',  'GROUP_B_STOCKS', 'LARGE', 'ADMORE', '250|500|750|1000|1500|2000|2500|3000|4000|5000|7500|10000', '40|58|80|102|143|185|225|262|343|423|608|801', '2017-05-15 13:40:00', '2017-05-15 13:40:00', '2017-05-15 13:40:00', '2017-05-15 13:40:00');
INSERT INTO `qc_attribute_value` (`ATTRIBUTE_VALUE_ID`, `ATTRIBUTE_ID`, `STYLE_GROUP_ID`, `VENDOR_ID`, `QUANTITY_BREAK`, `VOLUME_PRICE`, `LAST_UPDATED_STAMP`, `LAST_UPDATED_TX_STAMP`, `CREATED_STAMP`, `CREATED_TX_STAMP`) VALUES ('36',  'GROUP_C_STOCKS', 'LARGE', 'ADMORE', '250|500|750|1000|1500|2000|2500|3000|4000|5000|7500|10000', '61|88|122|155|217|283|342|397|520|644|932|1224', '2017-05-15 13:40:00', '2017-05-15 13:40:00', '2017-05-15 13:40:00', '2017-05-15 13:40:00');
INSERT INTO `qc_attribute_value` (`ATTRIBUTE_VALUE_ID`, `ATTRIBUTE_ID`, `STYLE_GROUP_ID`, `VENDOR_ID`, `QUANTITY_BREAK`, `VOLUME_PRICE`, `LAST_UPDATED_STAMP`, `LAST_UPDATED_TX_STAMP`, `CREATED_STAMP`, `CREATED_TX_STAMP`) VALUES ('37',  'GROUP_D_STOCKS', 'LARGE', 'ADMORE', '250|500|750|1000|1500|2000|2500|3000|4000|5000|7500|10000', '91|131|180|230|323|418|504|589|770|950|1377|1809', '2017-05-15 13:40:00', '2017-05-15 13:40:00', '2017-05-15 13:40:00', '2017-05-15 13:40:00');
INSERT INTO `qc_attribute_value` (`ATTRIBUTE_VALUE_ID`, `ATTRIBUTE_ID`, `STYLE_GROUP_ID`, `VENDOR_ID`, `QUANTITY_BREAK`, `VOLUME_PRICE`, `LAST_UPDATED_STAMP`, `LAST_UPDATED_TX_STAMP`, `CREATED_STAMP`, `CREATED_TX_STAMP`) VALUES ('38',  'ITEM_UPCHARGE', 'LARGE', 'ADMORE', '250|500|750|1000|1500|2000|2500|3000|4000|5000|7500|10000', '52|92|122|152|227|295|353|402|532|662|965|1224', '2017-05-15 13:40:00', '2017-05-15 13:40:00', '2017-05-15 13:40:00', '2017-05-15 13:40:00');
INSERT INTO `qc_attribute_value` (`ATTRIBUTE_VALUE_ID`, `ATTRIBUTE_ID`, `STYLE_GROUP_ID`, `VENDOR_ID`, `QUANTITY_BREAK`, `VOLUME_PRICE`, `LAST_UPDATED_STAMP`, `LAST_UPDATED_TX_STAMP`, `CREATED_STAMP`, `CREATED_TX_STAMP`) VALUES ('39',  'ITEM_UPCHARGE', 'LARGE', 'ADMORE', '250|500|750|1000|1500|2000|2500|3000|4000|5000|7500|10000', '187|219|250|281|400|515|601|713|922|1130|1573|1953', '2017-05-15 13:40:00', '2017-05-15 13:40:00', '2017-05-15 13:40:00', '2017-05-15 13:40:00');
INSERT INTO `qc_attribute_value` (`ATTRIBUTE_VALUE_ID`, `ATTRIBUTE_ID`, `STYLE_GROUP_ID`, `VENDOR_ID`, `QUANTITY_BREAK`, `VOLUME_PRICE`, `LAST_UPDATED_STAMP`, `LAST_UPDATED_TX_STAMP`, `CREATED_STAMP`, `CREATED_TX_STAMP`) VALUES ('40',  'AQUEOUS_GLOSS', 'LARGE', 'ADMORE', '250|500|750|1000|1500|2000|2500|3000|4000|5000|7500|10000', '0|0|0|0|0|0|0|0|0|0|0|0', '2017-05-15 13:40:00', '2017-05-15 13:40:00', '2017-05-15 13:40:00', '2017-05-15 13:40:00');
INSERT INTO `qc_attribute_value` (`ATTRIBUTE_VALUE_ID`, `ATTRIBUTE_ID`, `STYLE_GROUP_ID`, `VENDOR_ID`, `QUANTITY_BREAK`, `VOLUME_PRICE`, `LAST_UPDATED_STAMP`, `LAST_UPDATED_TX_STAMP`, `CREATED_STAMP`, `CREATED_TX_STAMP`) VALUES ('41',  'AQUEOUS_MATTE', 'LARGE', 'ADMORE', '250|500|750|1000|1500|2000|2500|3000|4000|5000|7500|10000', '0|0|0|0|0|0|0|0|0|0|0|0', '2017-05-15 13:40:00', '2017-05-15 13:40:00', '2017-05-15 13:40:00', '2017-05-15 13:40:00');
INSERT INTO `qc_attribute_value` (`ATTRIBUTE_VALUE_ID`, `ATTRIBUTE_ID`, `STYLE_GROUP_ID`, `VENDOR_ID`, `QUANTITY_BREAK`, `VOLUME_PRICE`, `LAST_UPDATED_STAMP`, `LAST_UPDATED_TX_STAMP`, `CREATED_STAMP`, `CREATED_TX_STAMP`) VALUES ('42',  'AQUEOUS_SATIN', 'LARGE', 'ADMORE', '250|500|750|1000|1500|2000|2500|3000|4000|5000|7500|10000', '0|0|0|0|0|0|0|0|0|0|0|0', '2017-05-15 13:40:00', '2017-05-15 13:40:00', '2017-05-15 13:40:00', '2017-05-15 13:40:00');
INSERT INTO `qc_attribute_value` (`ATTRIBUTE_VALUE_ID`, `ATTRIBUTE_ID`, `STYLE_GROUP_ID`, `VENDOR_ID`, `QUANTITY_BREAK`, `VOLUME_PRICE`, `LAST_UPDATED_STAMP`, `LAST_UPDATED_TX_STAMP`, `CREATED_STAMP`, `CREATED_TX_STAMP`) VALUES ('43',  'AQUEOUS_CHOICE', 'LARGE', 'ADMORE', '250|500|750|1000|1500|2000|2500|3000|4000|5000|7500|10000', '0|0|0|0|0|0|0|0|0|0|0|0', '2017-05-15 13:40:00', '2017-05-15 13:40:00', '2017-05-15 13:40:00', '2017-05-15 13:40:00');
INSERT INTO `qc_attribute_value` (`ATTRIBUTE_VALUE_ID`, `ATTRIBUTE_ID`, `STYLE_GROUP_ID`, `VENDOR_ID`, `QUANTITY_BREAK`, `VOLUME_PRICE`, `LAST_UPDATED_STAMP`, `LAST_UPDATED_TX_STAMP`, `CREATED_STAMP`, `CREATED_TX_STAMP`) VALUES ('44',  'AQUEOUS_SOFT_TOUCH', 'LARGE', 'ADMORE', '250|500|750|1000|1500|2000|2500|3000|4000|5000|7500|10000', '126|141|153|164|178|193|221|240|257|275|378|459', '2017-05-15 13:40:00', '2017-05-15 13:40:00', '2017-05-15 13:40:00', '2017-05-15 13:40:00');
INSERT INTO `qc_attribute_value` (`ATTRIBUTE_VALUE_ID`, `ATTRIBUTE_ID`, `STYLE_GROUP_ID`, `VENDOR_ID`, `QUANTITY_BREAK`, `VOLUME_PRICE`, `LAST_UPDATED_STAMP`, `LAST_UPDATED_TX_STAMP`, `CREATED_STAMP`, `CREATED_TX_STAMP`) VALUES ('45',  'UV_COATING_GLOSS', 'LARGE', 'ADMORE', '250|500|750|1000|1500|2000|2500|3000|4000|5000|7500|10000', '65|79|88|97|126|158|173|194|248|302|446|531', '2017-05-15 13:40:00', '2017-05-15 13:40:00', '2017-05-15 13:40:00', '2017-05-15 13:40:00');
INSERT INTO `qc_attribute_value` (`ATTRIBUTE_VALUE_ID`, `ATTRIBUTE_ID`, `STYLE_GROUP_ID`, `VENDOR_ID`, `QUANTITY_BREAK`, `VOLUME_PRICE`, `LAST_UPDATED_STAMP`, `LAST_UPDATED_TX_STAMP`, `CREATED_STAMP`, `CREATED_TX_STAMP`) VALUES ('46',  'LAMINATION_OVERSIZE_GLOSS', 'LARGE', 'ADMORE', '250|500|750|1000|1500|2000|2500|3000|4000|5000|7500|10000', '82|106|140|174|231|290|358|427|560|693|1019|1359', '2017-05-15 13:40:00', '2017-05-15 13:40:00', '2017-05-15 13:40:00', '2017-05-15 13:40:00');
INSERT INTO `qc_attribute_value` (`ATTRIBUTE_VALUE_ID`, `ATTRIBUTE_ID`, `STYLE_GROUP_ID`, `VENDOR_ID`, `QUANTITY_BREAK`, `VOLUME_PRICE`, `LAST_UPDATED_STAMP`, `LAST_UPDATED_TX_STAMP`, `CREATED_STAMP`, `CREATED_TX_STAMP`) VALUES ('47',  'LAMINATION_OVERSIZE_MATTE', 'LARGE', 'ADMORE', '250|500|750|1000|1500|2000|2500|3000|4000|5000|7500|10000', '102|161|208|255|354|450|549|651|852|1053|1553|2043', '2017-05-15 13:40:00', '2017-05-15 13:40:00', '2017-05-15 13:40:00', '2017-05-15 13:40:00');
INSERT INTO `qc_attribute_value` (`ATTRIBUTE_VALUE_ID`, `ATTRIBUTE_ID`, `STYLE_GROUP_ID`, `VENDOR_ID`, `QUANTITY_BREAK`, `VOLUME_PRICE`, `LAST_UPDATED_STAMP`, `LAST_UPDATED_TX_STAMP`, `CREATED_STAMP`, `CREATED_TX_STAMP`) VALUES ('48',  'LAMINATION_OVERSIZE_SOFT_TOUCH', 'LARGE', 'ADMORE', '250|500|750|1000|1500|2000|2500|3000|4000|5000|7500|10000', '122|183|240|298|412|527|641|756|986|1215|1789|2367', '2017-05-15 13:40:00', '2017-05-15 13:40:00', '2017-05-15 13:40:00', '2017-05-15 13:40:00');
INSERT INTO `qc_attribute_value` (`ATTRIBUTE_VALUE_ID`, `ATTRIBUTE_ID`, `STYLE_GROUP_ID`, `VENDOR_ID`, `QUANTITY_BREAK`, `VOLUME_PRICE`, `LAST_UPDATED_STAMP`, `LAST_UPDATED_TX_STAMP`, `CREATED_STAMP`, `CREATED_TX_STAMP`) VALUES ('49',  'SPINE_ATTACHMENTS', 'LARGE', 'ADMORE', '250|500|750|1000|1500|2000|2500|3000|4000|5000|7500|10000', '109|215|321|427|622|830|1033|1239|1646|2052|3058|3996', '2017-05-15 13:40:00', '2017-05-15 13:40:00', '2017-05-15 13:40:00', '2017-05-15 13:40:00');
INSERT INTO `qc_attribute_value` (`ATTRIBUTE_VALUE_ID`, `ATTRIBUTE_ID`, `STYLE_GROUP_ID`, `VENDOR_ID`, `QUANTITY_BREAK`, `VOLUME_PRICE`, `LAST_UPDATED_STAMP`, `LAST_UPDATED_TX_STAMP`, `CREATED_STAMP`, `CREATED_TX_STAMP`) VALUES ('50',  'DISCOUNT_15_SQ_INCH', 'LARGE', 'ADMORE', '250|500|750|1000|1500|2000|2500|3000|4000|5000|7500|10000', '-56|-60|-65|-68|-76|-84|-91|-99|-114|-130|-170|-209', '2017-05-15 13:40:00', '2017-05-15 13:40:00', '2017-05-15 13:40:00', '2017-05-15 13:40:00');



INSERT INTO `qc_attribute_value` (`ATTRIBUTE_VALUE_ID`, `ATTRIBUTE_ID`, `STYLE_GROUP_ID`, `VENDOR_ID`, `QUANTITY_BREAK`, `VOLUME_PRICE`, `LAST_UPDATED_STAMP`, `LAST_UPDATED_TX_STAMP`, `CREATED_STAMP`, `CREATED_TX_STAMP`) VALUES ('51',  'PRINT_1C', 'LEGAL', 'ADMORE', '250|500|750|1000|1500|2000|2500|3000|4000|5000|7500|10000', '424|493|590|687|853|1058|1256|1453|1698|1944|2680|3267', '2017-05-15 13:40:00', '2017-05-15 13:40:00', '2017-05-15 13:40:00', '2017-05-15 13:40:00');
INSERT INTO `qc_attribute_value` (`ATTRIBUTE_VALUE_ID`, `ATTRIBUTE_ID`, `STYLE_GROUP_ID`, `VENDOR_ID`, `QUANTITY_BREAK`, `VOLUME_PRICE`, `LAST_UPDATED_STAMP`, `LAST_UPDATED_TX_STAMP`, `CREATED_STAMP`, `CREATED_TX_STAMP`) VALUES ('52',  'PRINT_4C', 'LEGAL', 'ADMORE', '250|500|750|1000|1500|2000|2500|3000|4000|5000|7500|10000', '500|621|742|862|1103|1309|1505|1690|1961|2232|2984|3555', '2017-05-15 13:40:00', '2017-05-15 13:40:00', '2017-05-15 13:40:00', '2017-05-15 13:40:00');
INSERT INTO `qc_attribute_value` (`ATTRIBUTE_VALUE_ID`, `ATTRIBUTE_ID`, `STYLE_GROUP_ID`, `VENDOR_ID`, `QUANTITY_BREAK`, `VOLUME_PRICE`, `LAST_UPDATED_STAMP`, `LAST_UPDATED_TX_STAMP`, `CREATED_STAMP`, `CREATED_TX_STAMP`) VALUES ('53',  'FOIL_STAMP_BASE', 'LEGAL', 'ADMORE', '250|500|750|1000|1500|2000|2500|3000|4000|5000|7500|10000', '356|485|583|680|855|1111|1334|1542|1844|2147|3031|3816', '2017-05-15 13:40:00', '2017-05-15 13:40:00', '2017-05-15 13:40:00', '2017-05-15 13:40:00');
INSERT INTO `qc_attribute_value` (`ATTRIBUTE_VALUE_ID`, `ATTRIBUTE_ID`, `STYLE_GROUP_ID`, `VENDOR_ID`, `QUANTITY_BREAK`, `VOLUME_PRICE`, `LAST_UPDATED_STAMP`, `LAST_UPDATED_TX_STAMP`, `CREATED_STAMP`, `CREATED_TX_STAMP`) VALUES ('54',  'EMBOSS_BASE', 'LEGAL', 'ADMORE', '250|500|750|1000|1500|2000|2500|3000|4000|5000|7500|10000', '356|485|583|680|855|1111|1334|1542|1844|2147|3031|3816', '2017-05-15 13:40:00', '2017-05-15 13:40:00', '2017-05-15 13:40:00', '2017-05-15 13:40:00');
INSERT INTO `qc_attribute_value` (`ATTRIBUTE_VALUE_ID`, `ATTRIBUTE_ID`, `STYLE_GROUP_ID`, `VENDOR_ID`, `QUANTITY_BREAK`, `VOLUME_PRICE`, `LAST_UPDATED_STAMP`, `LAST_UPDATED_TX_STAMP`, `CREATED_STAMP`, `CREATED_TX_STAMP`) VALUES ('55',  'ADDITIONAL_COLOR_PER_SIDE', 'LEGAL', 'ADMORE', '250|500|750|1000|1500|2000|2500|3000|4000|5000|7500|10000', '79|88|95|102|111|130|149|162|174|185|257|315', '2017-05-15 13:40:00', '2017-05-15 13:40:00', '2017-05-15 13:40:00', '2017-05-15 13:40:00');
INSERT INTO `qc_attribute_value` (`ATTRIBUTE_VALUE_ID`, `ATTRIBUTE_ID`, `STYLE_GROUP_ID`, `VENDOR_ID`, `QUANTITY_BREAK`, `VOLUME_PRICE`, `LAST_UPDATED_STAMP`, `LAST_UPDATED_TX_STAMP`, `CREATED_STAMP`, `CREATED_TX_STAMP`) VALUES ('56',  'HEAVY_COVERAGE_PER_SIDE', 'LEGAL', 'ADMORE', '250|500|750|1000|1500|2000|2500|3000|4000|5000|7500|10000', '79|88|95|102|111|130|149|162|174|185|257|315', '2017-05-15 13:40:00', '2017-05-15 13:40:00', '2017-05-15 13:40:00', '2017-05-15 13:40:00');
INSERT INTO `qc_attribute_value` (`ATTRIBUTE_VALUE_ID`, `ATTRIBUTE_ID`, `STYLE_GROUP_ID`, `VENDOR_ID`, `QUANTITY_BREAK`, `VOLUME_PRICE`, `LAST_UPDATED_STAMP`, `LAST_UPDATED_TX_STAMP`, `CREATED_STAMP`, `CREATED_TX_STAMP`) VALUES ('57',  'PRINT_4C_2ND_SIDE', 'LEGAL', 'ADMORE', '250|500|750|1000|1500|2000|2500|3000|4000|5000|7500|10000', '225|225|243|261|293|324|356|386|450|513|668|828', '2017-05-15 13:40:00', '2017-05-15 13:40:00', '2017-05-15 13:40:00', '2017-05-15 13:40:00');
INSERT INTO `qc_attribute_value` (`ATTRIBUTE_VALUE_ID`, `ATTRIBUTE_ID`, `STYLE_GROUP_ID`, `VENDOR_ID`, `QUANTITY_BREAK`, `VOLUME_PRICE`, `LAST_UPDATED_STAMP`, `LAST_UPDATED_TX_STAMP`, `CREATED_STAMP`, `CREATED_TX_STAMP`) VALUES ('58',  'GROUP_A_STOCKS', 'LEGAL', 'ADMORE', '250|500|750|1000|1500|2000|2500|3000|4000|5000|7500|10000', '26|36|50|64|90|117|142|165|215|266|385|513', '2017-05-15 13:40:00', '2017-05-15 13:40:00', '2017-05-15 13:40:00', '2017-05-15 13:40:00');
INSERT INTO `qc_attribute_value` (`ATTRIBUTE_VALUE_ID`, `ATTRIBUTE_ID`, `STYLE_GROUP_ID`, `VENDOR_ID`, `QUANTITY_BREAK`, `VOLUME_PRICE`, `LAST_UPDATED_STAMP`, `LAST_UPDATED_TX_STAMP`, `CREATED_STAMP`, `CREATED_TX_STAMP`) VALUES ('59',  'GROUP_B_STOCKS', 'LEGAL', 'ADMORE', '250|500|750|1000|1500|2000|2500|3000|4000|5000|7500|10000', '40|58|80|102|143|185|225|262|343|423|608|801', '2017-05-15 13:40:00', '2017-05-15 13:40:00', '2017-05-15 13:40:00', '2017-05-15 13:40:00');
INSERT INTO `qc_attribute_value` (`ATTRIBUTE_VALUE_ID`, `ATTRIBUTE_ID`, `STYLE_GROUP_ID`, `VENDOR_ID`, `QUANTITY_BREAK`, `VOLUME_PRICE`, `LAST_UPDATED_STAMP`, `LAST_UPDATED_TX_STAMP`, `CREATED_STAMP`, `CREATED_TX_STAMP`) VALUES ('60',  'GROUP_C_STOCKS', 'LEGAL', 'ADMORE', '250|500|750|1000|1500|2000|2500|3000|4000|5000|7500|10000', '61|88|122|155|217|283|342|397|520|644|932|1224', '2017-05-15 13:40:00', '2017-05-15 13:40:00', '2017-05-15 13:40:00', '2017-05-15 13:40:00');
INSERT INTO `qc_attribute_value` (`ATTRIBUTE_VALUE_ID`, `ATTRIBUTE_ID`, `STYLE_GROUP_ID`, `VENDOR_ID`, `QUANTITY_BREAK`, `VOLUME_PRICE`, `LAST_UPDATED_STAMP`, `LAST_UPDATED_TX_STAMP`, `CREATED_STAMP`, `CREATED_TX_STAMP`) VALUES ('61',  'GROUP_D_STOCKS', 'LEGAL', 'ADMORE', '250|500|750|1000|1500|2000|2500|3000|4000|5000|7500|10000', '91|131|180|230|323|418|504|589|770|950|1377|1809', '2017-05-15 13:40:00', '2017-05-15 13:40:00', '2017-05-15 13:40:00', '2017-05-15 13:40:00');
INSERT INTO `qc_attribute_value` (`ATTRIBUTE_VALUE_ID`, `ATTRIBUTE_ID`, `STYLE_GROUP_ID`, `VENDOR_ID`, `QUANTITY_BREAK`, `VOLUME_PRICE`, `LAST_UPDATED_STAMP`, `LAST_UPDATED_TX_STAMP`, `CREATED_STAMP`, `CREATED_TX_STAMP`) VALUES ('62',  'ITEM_UPCHARGE', 'LEGAL', 'ADMORE', '250|500|750|1000|1500|2000|2500|3000|4000|5000|7500|10000', '43|52|73|94|139|176|196|207|232|257|300|349', '2017-05-15 13:40:00', '2017-05-15 13:40:00', '2017-05-15 13:40:00', '2017-05-15 13:40:00');
INSERT INTO `qc_attribute_value` (`ATTRIBUTE_VALUE_ID`, `ATTRIBUTE_ID`, `STYLE_GROUP_ID`, `VENDOR_ID`, `QUANTITY_BREAK`, `VOLUME_PRICE`, `LAST_UPDATED_STAMP`, `LAST_UPDATED_TX_STAMP`, `CREATED_STAMP`, `CREATED_TX_STAMP`) VALUES ('63',  'AQUEOUS_GLOSS', 'LEGAL', 'ADMORE', '250|500|750|1000|1500|2000|2500|3000|4000|5000|7500|10000', '0|0|0|0|0|0|0|0|0|0|0|0', '2017-05-15 13:40:00', '2017-05-15 13:40:00', '2017-05-15 13:40:00', '2017-05-15 13:40:00');
INSERT INTO `qc_attribute_value` (`ATTRIBUTE_VALUE_ID`, `ATTRIBUTE_ID`, `STYLE_GROUP_ID`, `VENDOR_ID`, `QUANTITY_BREAK`, `VOLUME_PRICE`, `LAST_UPDATED_STAMP`, `LAST_UPDATED_TX_STAMP`, `CREATED_STAMP`, `CREATED_TX_STAMP`) VALUES ('64',  'AQUEOUS_MATTE', 'LEGAL', 'ADMORE', '250|500|750|1000|1500|2000|2500|3000|4000|5000|7500|10000', '0|0|0|0|0|0|0|0|0|0|0|0', '2017-05-15 13:40:00', '2017-05-15 13:40:00', '2017-05-15 13:40:00', '2017-05-15 13:40:00');
INSERT INTO `qc_attribute_value` (`ATTRIBUTE_VALUE_ID`, `ATTRIBUTE_ID`, `STYLE_GROUP_ID`, `VENDOR_ID`, `QUANTITY_BREAK`, `VOLUME_PRICE`, `LAST_UPDATED_STAMP`, `LAST_UPDATED_TX_STAMP`, `CREATED_STAMP`, `CREATED_TX_STAMP`) VALUES ('65',  'AQUEOUS_SATIN', 'LEGAL', 'ADMORE', '250|500|750|1000|1500|2000|2500|3000|4000|5000|7500|10000', '0|0|0|0|0|0|0|0|0|0|0|0', '2017-05-15 13:40:00', '2017-05-15 13:40:00', '2017-05-15 13:40:00', '2017-05-15 13:40:00');
INSERT INTO `qc_attribute_value` (`ATTRIBUTE_VALUE_ID`, `ATTRIBUTE_ID`, `STYLE_GROUP_ID`, `VENDOR_ID`, `QUANTITY_BREAK`, `VOLUME_PRICE`, `LAST_UPDATED_STAMP`, `LAST_UPDATED_TX_STAMP`, `CREATED_STAMP`, `CREATED_TX_STAMP`) VALUES ('66',  'AQUEOUS_CHOICE', 'LEGAL', 'ADMORE', '250|500|750|1000|1500|2000|2500|3000|4000|5000|7500|10000', '0|0|0|0|0|0|0|0|0|0|0|0', '2017-05-15 13:40:00', '2017-05-15 13:40:00', '2017-05-15 13:40:00', '2017-05-15 13:40:00');
INSERT INTO `qc_attribute_value` (`ATTRIBUTE_VALUE_ID`, `ATTRIBUTE_ID`, `STYLE_GROUP_ID`, `VENDOR_ID`, `QUANTITY_BREAK`, `VOLUME_PRICE`, `LAST_UPDATED_STAMP`, `LAST_UPDATED_TX_STAMP`, `CREATED_STAMP`, `CREATED_TX_STAMP`) VALUES ('67',  'AQUEOUS_SOFT_TOUCH', 'LEGAL', 'ADMORE', '250|500|750|1000|1500|2000|2500|3000|4000|5000|7500|10000', '123|137|149|159|173|187|214|234|251|268|368|443', '2017-05-15 13:40:00', '2017-05-15 13:40:00', '2017-05-15 13:40:00', '2017-05-15 13:40:00');
INSERT INTO `qc_attribute_value` (`ATTRIBUTE_VALUE_ID`, `ATTRIBUTE_ID`, `STYLE_GROUP_ID`, `VENDOR_ID`, `QUANTITY_BREAK`, `VOLUME_PRICE`, `LAST_UPDATED_STAMP`, `LAST_UPDATED_TX_STAMP`, `CREATED_STAMP`, `CREATED_TX_STAMP`) VALUES ('68',  'UV_COATING_GLOSS', 'LEGAL', 'ADMORE', '250|500|750|1000|1500|2000|2500|3000|4000|5000|7500|10000', '63|77|86|95|122|153|168|189|241|293|432|513', '2017-05-15 13:40:00', '2017-05-15 13:40:00', '2017-05-15 13:40:00', '2017-05-15 13:40:00');
INSERT INTO `qc_attribute_value` (`ATTRIBUTE_VALUE_ID`, `ATTRIBUTE_ID`, `STYLE_GROUP_ID`, `VENDOR_ID`, `QUANTITY_BREAK`, `VOLUME_PRICE`, `LAST_UPDATED_STAMP`, `LAST_UPDATED_TX_STAMP`, `CREATED_STAMP`, `CREATED_TX_STAMP`) VALUES ('69',  'LAMINATION_OVERSIZE_GLOSS', 'LEGAL', 'ADMORE', '250|500|750|1000|1500|2000|2500|3000|4000|5000|7500|10000', '83|110|148|185|249|316|392|468|618|768|1136|1512', '2017-05-15 13:40:00', '2017-05-15 13:40:00', '2017-05-15 13:40:00', '2017-05-15 13:40:00');
INSERT INTO `qc_attribute_value` (`ATTRIBUTE_VALUE_ID`, `ATTRIBUTE_ID`, `STYLE_GROUP_ID`, `VENDOR_ID`, `QUANTITY_BREAK`, `VOLUME_PRICE`, `LAST_UPDATED_STAMP`, `LAST_UPDATED_TX_STAMP`, `CREATED_STAMP`, `CREATED_TX_STAMP`) VALUES ('70',  'LAMINATION_OVERSIZE_MATTE', 'LEGAL', 'ADMORE', '250|500|750|1000|1500|2000|2500|3000|4000|5000|7500|10000', '107|175|230|285|401|515|632|750|987|1224|1815|2396', '2017-05-15 13:40:00', '2017-05-15 13:40:00', '2017-05-15 13:40:00', '2017-05-15 13:40:00');
INSERT INTO `qc_attribute_value` (`ATTRIBUTE_VALUE_ID`, `ATTRIBUTE_ID`, `STYLE_GROUP_ID`, `VENDOR_ID`, `QUANTITY_BREAK`, `VOLUME_PRICE`, `LAST_UPDATED_STAMP`, `LAST_UPDATED_TX_STAMP`, `CREATED_STAMP`, `CREATED_TX_STAMP`) VALUES ('71',  'LAMINATION_OVERSIZE_SOFT_TOUCH', 'LEGAL', 'ADMORE', '250|500|750|1000|1500|2000|2500|3000|4000|5000|7500|10000', '131|198|271|343|482|620|759|897|1175|1451|2144|2837', '2017-05-15 13:40:00', '2017-05-15 13:40:00', '2017-05-15 13:40:00', '2017-05-15 13:40:00');
INSERT INTO `qc_attribute_value` (`ATTRIBUTE_VALUE_ID`, `ATTRIBUTE_ID`, `STYLE_GROUP_ID`, `VENDOR_ID`, `QUANTITY_BREAK`, `VOLUME_PRICE`, `LAST_UPDATED_STAMP`, `LAST_UPDATED_TX_STAMP`, `CREATED_STAMP`, `CREATED_TX_STAMP`) VALUES ('72',  'DISCOUNT_15_SQ_INCH', 'LEGAL', 'ADMORE', '250|500|750|1000|1500|2000|2500|3000|4000|5000|7500|10000', '-56|-60|-65|-68|-76|-84|-91|-99|-114|-130|-170|-209', '2017-05-15 13:40:00', '2017-05-15 13:40:00', '2017-05-15 13:40:00', '2017-05-15 13:40:00');




INSERT INTO `qc_style_attribute_value` (`STYLE_ID`, `ATTRIBUTE_VALUE_ID`, `LAST_UPDATED_STAMP`, `LAST_UPDATED_TX_STAMP`, `CREATED_STAMP`, `CREATED_TX_STAMP`) VALUES ('LS1-0806', '38', '2017-05-15 13:40:00', '2017-05-15 13:40:00', '2017-05-15 13:40:00', '2017-05-15 13:40:00');
INSERT INTO `qc_style_attribute_value` (`STYLE_ID`, `ATTRIBUTE_VALUE_ID`, `LAST_UPDATED_STAMP`, `LAST_UPDATED_TX_STAMP`, `CREATED_STAMP`, `CREATED_TX_STAMP`) VALUES ('SFIF-0808', '38', '2017-05-15 13:40:00', '2017-05-15 13:40:00', '2017-05-15 13:40:00', '2017-05-15 13:40:00');
INSERT INTO `qc_style_attribute_value` (`STYLE_ID`, `ATTRIBUTE_VALUE_ID`, `LAST_UPDATED_STAMP`, `LAST_UPDATED_TX_STAMP`, `CREATED_STAMP`, `CREATED_TX_STAMP`) VALUES ('VSRP-0830', '38', '2017-05-15 13:40:00', '2017-05-15 13:40:00', '2017-05-15 13:40:00', '2017-05-15 13:40:00');
INSERT INTO `qc_style_attribute_value` (`STYLE_ID`, `ATTRIBUTE_VALUE_ID`, `LAST_UPDATED_STAMP`, `LAST_UPDATED_TX_STAMP`, `CREATED_STAMP`, `CREATED_TX_STAMP`) VALUES ('VH-0832', '38', '2017-05-15 13:40:00', '2017-05-15 13:40:00', '2017-05-15 13:40:00', '2017-05-15 13:40:00');
INSERT INTO `qc_style_attribute_value` (`STYLE_ID`, `ATTRIBUTE_VALUE_ID`, `LAST_UPDATED_STAMP`, `LAST_UPDATED_TX_STAMP`, `CREATED_STAMP`, `CREATED_TX_STAMP`) VALUES ('SFTF-0855', '38', '2017-05-15 13:40:00', '2017-05-15 13:40:00', '2017-05-15 13:40:00', '2017-05-15 13:40:00');
INSERT INTO `qc_style_attribute_value` (`STYLE_ID`, `ATTRIBUTE_VALUE_ID`, `LAST_UPDATED_STAMP`, `LAST_UPDATED_TX_STAMP`, `CREATED_STAMP`, `CREATED_TX_STAMP`) VALUES ('AP-0861', '38', '2017-05-15 13:40:00', '2017-05-15 13:40:00', '2017-05-15 13:40:00', '2017-05-15 13:40:00');
INSERT INTO `qc_style_attribute_value` (`STYLE_ID`, `ATTRIBUTE_VALUE_ID`, `LAST_UPDATED_STAMP`, `LAST_UPDATED_TX_STAMP`, `CREATED_STAMP`, `CREATED_TX_STAMP`) VALUES ('WP-0880', '38', '2017-05-15 13:40:00', '2017-05-15 13:40:00', '2017-05-15 13:40:00', '2017-05-15 13:40:00');
INSERT INTO `qc_style_attribute_value` (`STYLE_ID`, `ATTRIBUTE_VALUE_ID`, `LAST_UPDATED_STAMP`, `LAST_UPDATED_TX_STAMP`, `CREATED_STAMP`, `CREATED_TX_STAMP`) VALUES ('SF-0882', '38', '2017-05-15 13:40:00', '2017-05-15 13:40:00', '2017-05-15 13:40:00', '2017-05-15 13:40:00');
INSERT INTO `qc_style_attribute_value` (`STYLE_ID`, `ATTRIBUTE_VALUE_ID`, `LAST_UPDATED_STAMP`, `LAST_UPDATED_TX_STAMP`, `CREATED_STAMP`, `CREATED_TX_STAMP`) VALUES ('HV-0857', '39', '2017-05-15 13:40:00', '2017-05-15 13:40:00', '2017-05-15 13:40:00', '2017-05-15 13:40:00');
INSERT INTO `qc_style_attribute_value` (`STYLE_ID`, `ATTRIBUTE_VALUE_ID`, `LAST_UPDATED_STAMP`, `LAST_UPDATED_TX_STAMP`, `CREATED_STAMP`, `CREATED_TX_STAMP`) VALUES ('HV-0859', '39', '2017-05-15 13:40:00', '2017-05-15 13:40:00', '2017-05-15 13:40:00', '2017-05-15 13:40:00');
INSERT INTO `qc_style_attribute_value` (`STYLE_ID`, `ATTRIBUTE_VALUE_ID`, `LAST_UPDATED_STAMP`, `LAST_UPDATED_TX_STAMP`, `CREATED_STAMP`, `CREATED_TX_STAMP`) VALUES ('3DLE-2813', '62', '2017-05-15 13:40:00', '2017-05-15 13:40:00', '2017-05-15 13:40:00', '2017-05-15 13:40:00');
















































































