-- INSERT INTO `SEQUENCE_VALUE_ITEM` (`SEQ_NAME`, `SEQ_ID`) VALUES ('DirectMailingSavedJob', '1');
INSERT INTO `SEQUENCE_VALUE_ITEM` (`SEQ_NAME`, `SEQ_ID`) VALUES ('DirectMailingJobData', '1');

delete FROM direct_mailing_content;
-- delete FROM direct_mailing_saved_job;
delete FROM direct_mailing_job_data;


INSERT INTO `direct_mailing_option` (`OPTION_ID`, `OPTION_VALUE`, `OPTION_TYPE`, `LAST_UPDATED_STAMP`, `LAST_UPDATED_TX_STAMP`, `CREATED_STAMP`, `CREATED_TX_STAMP`) VALUES (1, 'Address on Separate Page', 'LAYOUT_OPTIONS', '2018-05-10 12:00:00', '2018-05-10 12:00:00', '2018-05-10 12:00:00', '2018-05-10 12:00:00');
INSERT INTO `direct_mailing_option` (`OPTION_ID`, `OPTION_VALUE`, `OPTION_TYPE`, `LAST_UPDATED_STAMP`, `LAST_UPDATED_TX_STAMP`, `CREATED_STAMP`, `CREATED_TX_STAMP`) VALUES (2, 'Address on First Page', 'LAYOUT_OPTIONS', '2018-05-10 12:00:00', '2018-05-10 12:00:00', '2018-05-10 12:00:00', '2018-05-10 12:00:00');
INSERT INTO `direct_mailing_option` (`OPTION_ID`, `OPTION_VALUE`, `OPTION_TYPE`, `LAST_UPDATED_STAMP`, `LAST_UPDATED_TX_STAMP`, `CREATED_STAMP`, `CREATED_TX_STAMP`) VALUES (3, 'Picture and Address First Page', 'LAYOUT_OPTIONS', '2018-05-10 12:00:00', '2018-05-10 12:00:00', '2018-05-10 12:00:00', '2018-05-10 12:00:00');
INSERT INTO `direct_mailing_option` (`OPTION_ID`, `OPTION_VALUE`, `OPTION_TYPE`, `LAST_UPDATED_STAMP`, `LAST_UPDATED_TX_STAMP`, `CREATED_STAMP`, `CREATED_TX_STAMP`) VALUES (4, 'Address Back Page', 'LAYOUT_OPTIONS', '2018-05-10 12:00:00', '2018-05-10 12:00:00', '2018-05-10 12:00:00', '2018-05-10 12:00:00');
INSERT INTO `direct_mailing_option` (`OPTION_ID`, `OPTION_VALUE`, `OPTION_TYPE`, `LAST_UPDATED_STAMP`, `LAST_UPDATED_TX_STAMP`, `CREATED_STAMP`, `CREATED_TX_STAMP`) VALUES (5, 'Next Day', 'PRODUCTION_TIME_OPTIONS', '2018-05-10 12:00:00', '2018-05-10 12:00:00', '2018-05-10 12:00:00', '2018-05-10 12:00:00');
INSERT INTO `direct_mailing_option` (`OPTION_ID`, `OPTION_VALUE`, `OPTION_TYPE`, `LAST_UPDATED_STAMP`, `LAST_UPDATED_TX_STAMP`, `CREATED_STAMP`, `CREATED_TX_STAMP`) VALUES (6, 'Best Fit', 'ENVELOPE_OPTIONS', '2018-05-10 12:00:00', '2018-05-10 12:00:00', '2018-05-10 12:00:00', '2018-05-10 12:00:00');
INSERT INTO `direct_mailing_option` (`OPTION_ID`, `OPTION_VALUE`, `OPTION_TYPE`, `LAST_UPDATED_STAMP`, `LAST_UPDATED_TX_STAMP`, `CREATED_STAMP`, `CREATED_TX_STAMP`) VALUES (7, '#10 Double Window', 'ENVELOPE_OPTIONS', '2018-05-10 12:00:00', '2018-05-10 12:00:00', '2018-05-10 12:00:00', '2018-05-10 12:00:00');
INSERT INTO `direct_mailing_option` (`OPTION_ID`, `OPTION_VALUE`, `OPTION_TYPE`, `LAST_UPDATED_STAMP`, `LAST_UPDATED_TX_STAMP`, `CREATED_STAMP`, `CREATED_TX_STAMP`) VALUES (8, '#10 Open Window Envelope', 'ENVELOPE_OPTIONS', '2018-05-10 12:00:00', '2018-05-10 12:00:00', '2018-05-10 12:00:00', '2018-05-10 12:00:00');
INSERT INTO `direct_mailing_option` (`OPTION_ID`, `OPTION_VALUE`, `OPTION_TYPE`, `LAST_UPDATED_STAMP`, `LAST_UPDATED_TX_STAMP`, `CREATED_STAMP`, `CREATED_TX_STAMP`) VALUES (9, '6 x 9.5 Open Window', 'ENVELOPE_OPTIONS', '2018-05-10 12:00:00', '2018-05-10 12:00:00', '2018-05-10 12:00:00', '2018-05-10 12:00:00');
INSERT INTO `direct_mailing_option` (`OPTION_ID`, `OPTION_VALUE`, `OPTION_TYPE`, `LAST_UPDATED_STAMP`, `LAST_UPDATED_TX_STAMP`, `CREATED_STAMP`, `CREATED_TX_STAMP`) VALUES (10, '6 x 9.5 Double Window', 'ENVELOPE_OPTIONS', '2018-05-10 12:00:00', '2018-05-10 12:00:00', '2018-05-10 12:00:00', '2018-05-10 12:00:00');
INSERT INTO `direct_mailing_option` (`OPTION_ID`, `OPTION_VALUE`, `OPTION_TYPE`, `LAST_UPDATED_STAMP`, `LAST_UPDATED_TX_STAMP`, `CREATED_STAMP`, `CREATED_TX_STAMP`) VALUES (11, 'Flat Envelope', 'ENVELOPE_OPTIONS', '2018-05-10 12:00:00', '2018-05-10 12:00:00', '2018-05-10 12:00:00', '2018-05-10 12:00:00');
INSERT INTO `direct_mailing_option` (`OPTION_ID`, `OPTION_VALUE`, `OPTION_TYPE`, `LAST_UPDATED_STAMP`, `LAST_UPDATED_TX_STAMP`, `CREATED_STAMP`, `CREATED_TX_STAMP`) VALUES (12, 'Full Color', 'PRINT_COLOR_OPTIONS', '2018-05-10 12:00:00', '2018-05-10 12:00:00', '2018-05-10 12:00:00', '2018-05-10 12:00:00');
INSERT INTO `direct_mailing_option` (`OPTION_ID`, `OPTION_VALUE`, `OPTION_TYPE`, `LAST_UPDATED_STAMP`, `LAST_UPDATED_TX_STAMP`, `CREATED_STAMP`, `CREATED_TX_STAMP`) VALUES (13, 'Black and White', 'PRINT_COLOR_OPTIONS', '2018-05-10 12:00:00', '2018-05-10 12:00:00', '2018-05-10 12:00:00', '2018-05-10 12:00:00');
INSERT INTO `direct_mailing_option` (`OPTION_ID`, `OPTION_VALUE`, `OPTION_TYPE`, `LAST_UPDATED_STAMP`, `LAST_UPDATED_TX_STAMP`, `CREATED_STAMP`, `CREATED_TX_STAMP`) VALUES (14, 'White 24#', 'PAPER_COLOR_OPTIONS', '2018-05-10 12:00:00', '2018-05-10 12:00:00', '2018-05-10 12:00:00', '2018-05-10 12:00:00');
INSERT INTO `direct_mailing_option` (`OPTION_ID`, `OPTION_VALUE`, `OPTION_TYPE`, `LAST_UPDATED_STAMP`, `LAST_UPDATED_TX_STAMP`, `CREATED_STAMP`, `CREATED_TX_STAMP`) VALUES (15, 'Off-White 28#', 'PAPER_COLOR_OPTIONS', '2018-05-10 12:00:00', '2018-05-10 12:00:00', '2018-05-10 12:00:00', '2018-05-10 12:00:00');
INSERT INTO `direct_mailing_option` (`OPTION_ID`, `OPTION_VALUE`, `OPTION_TYPE`, `LAST_UPDATED_STAMP`, `LAST_UPDATED_TX_STAMP`, `CREATED_STAMP`, `CREATED_TX_STAMP`) VALUES (16, 'Canary 24#', 'PAPER_COLOR_OPTIONS', '2018-05-10 12:00:00', '2018-05-10 12:00:00', '2018-05-10 12:00:00', '2018-05-10 12:00:00');
INSERT INTO `direct_mailing_option` (`OPTION_ID`, `OPTION_VALUE`, `OPTION_TYPE`, `LAST_UPDATED_STAMP`, `LAST_UPDATED_TX_STAMP`, `CREATED_STAMP`, `CREATED_TX_STAMP`) VALUES (17, 'White 28#', 'PAPER_COLOR_OPTIONS', '2018-05-10 12:00:00', '2018-05-10 12:00:00', '2018-05-10 12:00:00', '2018-05-10 12:00:00');
INSERT INTO `direct_mailing_option` (`OPTION_ID`, `OPTION_VALUE`, `OPTION_TYPE`, `LAST_UPDATED_STAMP`, `LAST_UPDATED_TX_STAMP`, `CREATED_STAMP`, `CREATED_TX_STAMP`) VALUES (18, 'White 28# Matte', 'PAPER_COLOR_OPTIONS', '2018-05-10 12:00:00', '2018-05-10 12:00:00', '2018-05-10 12:00:00', '2018-05-10 12:00:00');
INSERT INTO `direct_mailing_option` (`OPTION_ID`, `OPTION_VALUE`, `OPTION_TYPE`, `LAST_UPDATED_STAMP`, `LAST_UPDATED_TX_STAMP`, `CREATED_STAMP`, `CREATED_TX_STAMP`) VALUES (19, 'Printing One side', 'PRINT_OPTIONS', '2018-05-10 12:00:00', '2018-05-10 12:00:00', '2018-05-10 12:00:00', '2018-05-10 12:00:00');
INSERT INTO `direct_mailing_option` (`OPTION_ID`, `OPTION_VALUE`, `OPTION_TYPE`, `LAST_UPDATED_STAMP`, `LAST_UPDATED_TX_STAMP`, `CREATED_STAMP`, `CREATED_TX_STAMP`) VALUES (20, 'Printing both sides', 'PRINT_OPTIONS', '2018-05-10 12:00:00', '2018-05-10 12:00:00', '2018-05-10 12:00:00', '2018-05-10 12:00:00');
INSERT INTO `direct_mailing_option` (`OPTION_ID`, `OPTION_VALUE`, `OPTION_TYPE`, `LAST_UPDATED_STAMP`, `LAST_UPDATED_TX_STAMP`, `CREATED_STAMP`, `CREATED_TX_STAMP`) VALUES (21, 'First Class', 'MAIL_CLASS_OPTIONS', '2018-05-10 12:00:00', '2018-05-10 12:00:00', '2018-05-10 12:00:00', '2018-05-10 12:00:00');
INSERT INTO `direct_mailing_option` (`OPTION_ID`, `OPTION_VALUE`, `OPTION_TYPE`, `LAST_UPDATED_STAMP`, `LAST_UPDATED_TX_STAMP`, `CREATED_STAMP`, `CREATED_TX_STAMP`) VALUES (22, 'Standard', 'MAIL_CLASS_OPTIONS', '2018-05-10 12:00:00', '2018-05-10 12:00:00', '2018-05-10 12:00:00', '2018-05-10 12:00:00');
INSERT INTO `direct_mailing_option` (`OPTION_ID`, `OPTION_VALUE`, `OPTION_TYPE`, `LAST_UPDATED_STAMP`, `LAST_UPDATED_TX_STAMP`, `CREATED_STAMP`, `CREATED_TX_STAMP`) VALUES (23, 'First Class Live Stamp', 'MAIL_CLASS_OPTIONS', '2018-05-10 12:00:00', '2018-05-10 12:00:00', '2018-05-10 12:00:00', '2018-05-10 12:00:00');
INSERT INTO `direct_mailing_option` (`OPTION_ID`, `OPTION_VALUE`, `OPTION_TYPE`, `LAST_UPDATED_STAMP`, `LAST_UPDATED_TX_STAMP`, `CREATED_STAMP`, `CREATED_TX_STAMP`) VALUES (24, 'First Class Specialty Stamp', 'MAIL_CLASS_OPTIONS', '2018-05-10 12:00:00', '2018-05-10 12:00:00', '2018-05-10 12:00:00', '2018-05-10 12:00:00');
INSERT INTO `direct_mailing_option` (`OPTION_ID`, `OPTION_VALUE`, `OPTION_TYPE`, `LAST_UPDATED_STAMP`, `LAST_UPDATED_TX_STAMP`, `CREATED_STAMP`, `CREATED_TX_STAMP`) VALUES (25, 'First Class No Move Update', 'MAIL_CLASS_OPTIONS', '2018-05-10 12:00:00', '2018-05-10 12:00:00', '2018-05-10 12:00:00', '2018-05-10 12:00:00');
INSERT INTO `direct_mailing_option` (`OPTION_ID`, `OPTION_VALUE`, `OPTION_TYPE`, `LAST_UPDATED_STAMP`, `LAST_UPDATED_TX_STAMP`, `CREATED_STAMP`, `CREATED_TX_STAMP`) VALUES (26, '', 'MAX_PAGES', '2018-05-10 12:00:00', '2018-05-10 12:00:00', '2018-05-10 12:00:00', '2018-05-10 12:00:00');
INSERT INTO `direct_mailing_option` (`OPTION_ID`, `OPTION_VALUE`, `OPTION_TYPE`, `LAST_UPDATED_STAMP`, `LAST_UPDATED_TX_STAMP`, `CREATED_STAMP`, `CREATED_TX_STAMP`) VALUES (27, '', 'DOCUMENT_CLASS', '2018-05-10 12:00:00', '2018-05-10 12:00:00', '2018-05-10 12:00:00', '2018-05-10 12:00:00');
INSERT INTO `direct_mailing_option` (`OPTION_ID`, `OPTION_VALUE`, `OPTION_TYPE`, `LAST_UPDATED_STAMP`, `LAST_UPDATED_TX_STAMP`, `CREATED_STAMP`, `CREATED_TX_STAMP`) VALUES (28, 'Notecard -Single Sided', 'LAYOUT_OPTIONS', '2018-05-10 12:00:00', '2018-05-10 12:00:00', '2018-05-10 12:00:00', '2018-05-10 12:00:00');
INSERT INTO `direct_mailing_option` (`OPTION_ID`, `OPTION_VALUE`, `OPTION_TYPE`, `LAST_UPDATED_STAMP`, `LAST_UPDATED_TX_STAMP`, `CREATED_STAMP`, `CREATED_TX_STAMP`) VALUES (29, 'Notecard - Folded', 'LAYOUT_OPTIONS', '2018-05-10 12:00:00', '2018-05-10 12:00:00', '2018-05-10 12:00:00', '2018-05-10 12:00:00');
INSERT INTO `direct_mailing_option` (`OPTION_ID`, `OPTION_VALUE`, `OPTION_TYPE`, `LAST_UPDATED_STAMP`, `LAST_UPDATED_TX_STAMP`, `CREATED_STAMP`, `CREATED_TX_STAMP`) VALUES (30, 'A2 White Open Window', 'ENVELOPE_OPTIONS', '2018-05-10 12:00:00', '2018-05-10 12:00:00', '2018-05-10 12:00:00', '2018-05-10 12:00:00');
INSERT INTO `direct_mailing_option` (`OPTION_ID`, `OPTION_VALUE`, `OPTION_TYPE`, `LAST_UPDATED_STAMP`, `LAST_UPDATED_TX_STAMP`, `CREATED_STAMP`, `CREATED_TX_STAMP`) VALUES (31, '120# White Uncoated', 'PAPER_COLOR_OPTIONS', '2018-05-10 12:00:00', '2018-05-10 12:00:00', '2018-05-10 12:00:00', '2018-05-10 12:00:00');



INSERT INTO `direct_mailing_product_option` (`PRODUCT_OPTION_ID`, `PRODUCT_ID`, `LEVEL1_OPTION_ID`, `SEQUENCE_NUM`, `LEVEL2_OPTION_ID`, `LEVEL3_OPTION_ID`, `LEVEL4_OPTION_ID`, `OPTION_VALUE`, `LAST_UPDATED_STAMP`, `LAST_UPDATED_TX_STAMP`, `CREATED_STAMP`, `CREATED_TX_STAMP`) VALUES (1, 'C2M-L85X11', 1, 0, null, null, null, null, '2018-05-10 12:00:00', '2018-05-10 12:00:00', '2018-05-10 12:00:00', '2018-05-10 12:00:00');
INSERT INTO `direct_mailing_product_option` (`PRODUCT_OPTION_ID`, `PRODUCT_ID`, `LEVEL1_OPTION_ID`, `SEQUENCE_NUM`, `LEVEL2_OPTION_ID`, `LEVEL3_OPTION_ID`, `LEVEL4_OPTION_ID`, `OPTION_VALUE`, `LAST_UPDATED_STAMP`, `LAST_UPDATED_TX_STAMP`, `CREATED_STAMP`, `CREATED_TX_STAMP`) VALUES (2, 'C2M-L85X11', 1, 0, 5, null, null, null, '2018-05-10 12:00:00', '2018-05-10 12:00:00', '2018-05-10 12:00:00', '2018-05-10 12:00:00');
INSERT INTO `direct_mailing_product_option` (`PRODUCT_OPTION_ID`, `PRODUCT_ID`, `LEVEL1_OPTION_ID`, `SEQUENCE_NUM`, `LEVEL2_OPTION_ID`, `LEVEL3_OPTION_ID`, `LEVEL4_OPTION_ID`, `OPTION_VALUE`, `LAST_UPDATED_STAMP`, `LAST_UPDATED_TX_STAMP`, `CREATED_STAMP`, `CREATED_TX_STAMP`) VALUES (3, 'C2M-L85X11', 1, 0, 6, null, null, null, '2018-05-10 12:00:00', '2018-05-10 12:00:00', '2018-05-10 12:00:00', '2018-05-10 12:00:00');
INSERT INTO `direct_mailing_product_option` (`PRODUCT_OPTION_ID`, `PRODUCT_ID`, `LEVEL1_OPTION_ID`, `SEQUENCE_NUM`, `LEVEL2_OPTION_ID`, `LEVEL3_OPTION_ID`, `LEVEL4_OPTION_ID`, `OPTION_VALUE`, `LAST_UPDATED_STAMP`, `LAST_UPDATED_TX_STAMP`, `CREATED_STAMP`, `CREATED_TX_STAMP`) VALUES (4, 'C2M-L85X11', 1, 0, 6, 12, null, null, '2018-05-10 12:00:00', '2018-05-10 12:00:00', '2018-05-10 12:00:00', '2018-05-10 12:00:00');
INSERT INTO `direct_mailing_product_option` (`PRODUCT_OPTION_ID`, `PRODUCT_ID`, `LEVEL1_OPTION_ID`, `SEQUENCE_NUM`, `LEVEL2_OPTION_ID`, `LEVEL3_OPTION_ID`, `LEVEL4_OPTION_ID`, `OPTION_VALUE`, `LAST_UPDATED_STAMP`, `LAST_UPDATED_TX_STAMP`, `CREATED_STAMP`, `CREATED_TX_STAMP`) VALUES (5, 'C2M-L85X11', 1, 0, 6, 12, 14, null, '2018-05-10 12:00:00', '2018-05-10 12:00:00', '2018-05-10 12:00:00', '2018-05-10 12:00:00');
INSERT INTO `direct_mailing_product_option` (`PRODUCT_OPTION_ID`, `PRODUCT_ID`, `LEVEL1_OPTION_ID`, `SEQUENCE_NUM`, `LEVEL2_OPTION_ID`, `LEVEL3_OPTION_ID`, `LEVEL4_OPTION_ID`, `OPTION_VALUE`, `LAST_UPDATED_STAMP`, `LAST_UPDATED_TX_STAMP`, `CREATED_STAMP`, `CREATED_TX_STAMP`) VALUES (6, 'C2M-L85X11', 1, 1, 6, 12, 17, null, '2018-05-10 12:00:00', '2018-05-10 12:00:00', '2018-05-10 12:00:00', '2018-05-10 12:00:00');
INSERT INTO `direct_mailing_product_option` (`PRODUCT_OPTION_ID`, `PRODUCT_ID`, `LEVEL1_OPTION_ID`, `SEQUENCE_NUM`, `LEVEL2_OPTION_ID`, `LEVEL3_OPTION_ID`, `LEVEL4_OPTION_ID`, `OPTION_VALUE`, `LAST_UPDATED_STAMP`, `LAST_UPDATED_TX_STAMP`, `CREATED_STAMP`, `CREATED_TX_STAMP`) VALUES (7, 'C2M-L85X11', 1, 1, 6, 13, null, null, '2018-05-10 12:00:00', '2018-05-10 12:00:00', '2018-05-10 12:00:00', '2018-05-10 12:00:00');
INSERT INTO `direct_mailing_product_option` (`PRODUCT_OPTION_ID`, `PRODUCT_ID`, `LEVEL1_OPTION_ID`, `SEQUENCE_NUM`, `LEVEL2_OPTION_ID`, `LEVEL3_OPTION_ID`, `LEVEL4_OPTION_ID`, `OPTION_VALUE`, `LAST_UPDATED_STAMP`, `LAST_UPDATED_TX_STAMP`, `CREATED_STAMP`, `CREATED_TX_STAMP`) VALUES (8, 'C2M-L85X11', 1, 0, 6, 13, 14, null, '2018-05-10 12:00:00', '2018-05-10 12:00:00', '2018-05-10 12:00:00', '2018-05-10 12:00:00');
INSERT INTO `direct_mailing_product_option` (`PRODUCT_OPTION_ID`, `PRODUCT_ID`, `LEVEL1_OPTION_ID`, `SEQUENCE_NUM`, `LEVEL2_OPTION_ID`, `LEVEL3_OPTION_ID`, `LEVEL4_OPTION_ID`, `OPTION_VALUE`, `LAST_UPDATED_STAMP`, `LAST_UPDATED_TX_STAMP`, `CREATED_STAMP`, `CREATED_TX_STAMP`) VALUES (9, 'C2M-L85X11', 1, 1, 6, 13, 15, null, '2018-05-10 12:00:00', '2018-05-10 12:00:00', '2018-05-10 12:00:00', '2018-05-10 12:00:00');
INSERT INTO `direct_mailing_product_option` (`PRODUCT_OPTION_ID`, `PRODUCT_ID`, `LEVEL1_OPTION_ID`, `SEQUENCE_NUM`, `LEVEL2_OPTION_ID`, `LEVEL3_OPTION_ID`, `LEVEL4_OPTION_ID`, `OPTION_VALUE`, `LAST_UPDATED_STAMP`, `LAST_UPDATED_TX_STAMP`, `CREATED_STAMP`, `CREATED_TX_STAMP`) VALUES (10, 'C2M-L85X11', 1, 2, 6, 13, 16, null, '2018-05-10 12:00:00', '2018-05-10 12:00:00', '2018-05-10 12:00:00', '2018-05-10 12:00:00');
INSERT INTO `direct_mailing_product_option` (`PRODUCT_OPTION_ID`, `PRODUCT_ID`, `LEVEL1_OPTION_ID`, `SEQUENCE_NUM`, `LEVEL2_OPTION_ID`, `LEVEL3_OPTION_ID`, `LEVEL4_OPTION_ID`, `OPTION_VALUE`, `LAST_UPDATED_STAMP`, `LAST_UPDATED_TX_STAMP`, `CREATED_STAMP`, `CREATED_TX_STAMP`) VALUES (11, 'C2M-L85X11', 1, 3, 6, 13, 17, null, '2018-05-10 12:00:00', '2018-05-10 12:00:00', '2018-05-10 12:00:00', '2018-05-10 12:00:00');
INSERT INTO `direct_mailing_product_option` (`PRODUCT_OPTION_ID`, `PRODUCT_ID`, `LEVEL1_OPTION_ID`, `SEQUENCE_NUM`, `LEVEL2_OPTION_ID`, `LEVEL3_OPTION_ID`, `LEVEL4_OPTION_ID`, `OPTION_VALUE`, `LAST_UPDATED_STAMP`, `LAST_UPDATED_TX_STAMP`, `CREATED_STAMP`, `CREATED_TX_STAMP`) VALUES (12, 'C2M-L85X11', 1, 0, 6, 19, null, null, '2018-05-10 12:00:00', '2018-05-10 12:00:00', '2018-05-10 12:00:00', '2018-05-10 12:00:00');
INSERT INTO `direct_mailing_product_option` (`PRODUCT_OPTION_ID`, `PRODUCT_ID`, `LEVEL1_OPTION_ID`, `SEQUENCE_NUM`, `LEVEL2_OPTION_ID`, `LEVEL3_OPTION_ID`, `LEVEL4_OPTION_ID`, `OPTION_VALUE`, `LAST_UPDATED_STAMP`, `LAST_UPDATED_TX_STAMP`, `CREATED_STAMP`, `CREATED_TX_STAMP`) VALUES (13, 'C2M-L85X11', 1, -1, 6, 19, 26, '47', '2018-05-10 12:00:00', '2018-05-10 12:00:00', '2018-05-10 12:00:00', '2018-05-10 12:00:00');
INSERT INTO `direct_mailing_product_option` (`PRODUCT_OPTION_ID`, `PRODUCT_ID`, `LEVEL1_OPTION_ID`, `SEQUENCE_NUM`, `LEVEL2_OPTION_ID`, `LEVEL3_OPTION_ID`, `LEVEL4_OPTION_ID`, `OPTION_VALUE`, `LAST_UPDATED_STAMP`, `LAST_UPDATED_TX_STAMP`, `CREATED_STAMP`, `CREATED_TX_STAMP`) VALUES (14, 'C2M-L85X11', 1, 1, 6, 20, null, null, '2018-05-10 12:00:00', '2018-05-10 12:00:00', '2018-05-10 12:00:00', '2018-05-10 12:00:00');
INSERT INTO `direct_mailing_product_option` (`PRODUCT_OPTION_ID`, `PRODUCT_ID`, `LEVEL1_OPTION_ID`, `SEQUENCE_NUM`, `LEVEL2_OPTION_ID`, `LEVEL3_OPTION_ID`, `LEVEL4_OPTION_ID`, `OPTION_VALUE`, `LAST_UPDATED_STAMP`, `LAST_UPDATED_TX_STAMP`, `CREATED_STAMP`, `CREATED_TX_STAMP`) VALUES (15, 'C2M-L85X11', 1, -1, 6, 20, 26, '94', '2018-05-10 12:00:00', '2018-05-10 12:00:00', '2018-05-10 12:00:00', '2018-05-10 12:00:00');
INSERT INTO `direct_mailing_product_option` (`PRODUCT_OPTION_ID`, `PRODUCT_ID`, `LEVEL1_OPTION_ID`, `SEQUENCE_NUM`, `LEVEL2_OPTION_ID`, `LEVEL3_OPTION_ID`, `LEVEL4_OPTION_ID`, `OPTION_VALUE`, `LAST_UPDATED_STAMP`, `LAST_UPDATED_TX_STAMP`, `CREATED_STAMP`, `CREATED_TX_STAMP`) VALUES (16, 'C2M-L85X11', 1, 0, 6, 21, null, null, '2018-05-10 12:00:00', '2018-05-10 12:00:00', '2018-05-10 12:00:00', '2018-05-10 12:00:00');
INSERT INTO `direct_mailing_product_option` (`PRODUCT_OPTION_ID`, `PRODUCT_ID`, `LEVEL1_OPTION_ID`, `SEQUENCE_NUM`, `LEVEL2_OPTION_ID`, `LEVEL3_OPTION_ID`, `LEVEL4_OPTION_ID`, `OPTION_VALUE`, `LAST_UPDATED_STAMP`, `LAST_UPDATED_TX_STAMP`, `CREATED_STAMP`, `CREATED_TX_STAMP`) VALUES (17, 'C2M-L85X11', 1, 1, 6, 22, null, null, '2018-05-10 12:00:00', '2018-05-10 12:00:00', '2018-05-10 12:00:00', '2018-05-10 12:00:00');
INSERT INTO `direct_mailing_product_option` (`PRODUCT_OPTION_ID`, `PRODUCT_ID`, `LEVEL1_OPTION_ID`, `SEQUENCE_NUM`, `LEVEL2_OPTION_ID`, `LEVEL3_OPTION_ID`, `LEVEL4_OPTION_ID`, `OPTION_VALUE`, `LAST_UPDATED_STAMP`, `LAST_UPDATED_TX_STAMP`, `CREATED_STAMP`, `CREATED_TX_STAMP`) VALUES (18, 'C2M-L85X11', 1, 2, 6, 23, null, null, '2018-05-10 12:00:00', '2018-05-10 12:00:00', '2018-05-10 12:00:00', '2018-05-10 12:00:00');
INSERT INTO `direct_mailing_product_option` (`PRODUCT_OPTION_ID`, `PRODUCT_ID`, `LEVEL1_OPTION_ID`, `SEQUENCE_NUM`, `LEVEL2_OPTION_ID`, `LEVEL3_OPTION_ID`, `LEVEL4_OPTION_ID`, `OPTION_VALUE`, `LAST_UPDATED_STAMP`, `LAST_UPDATED_TX_STAMP`, `CREATED_STAMP`, `CREATED_TX_STAMP`) VALUES (19, 'C2M-L85X11', 1, 3, 6, 24, null, null, '2018-05-10 12:00:00', '2018-05-10 12:00:00', '2018-05-10 12:00:00', '2018-05-10 12:00:00');
INSERT INTO `direct_mailing_product_option` (`PRODUCT_OPTION_ID`, `PRODUCT_ID`, `LEVEL1_OPTION_ID`, `SEQUENCE_NUM`, `LEVEL2_OPTION_ID`, `LEVEL3_OPTION_ID`, `LEVEL4_OPTION_ID`, `OPTION_VALUE`, `LAST_UPDATED_STAMP`, `LAST_UPDATED_TX_STAMP`, `CREATED_STAMP`, `CREATED_TX_STAMP`) VALUES (20, 'C2M-L85X11', 1, 4, 6, 25, null, null, '2018-05-10 12:00:00', '2018-05-10 12:00:00', '2018-05-10 12:00:00', '2018-05-10 12:00:00');
INSERT INTO `direct_mailing_product_option` (`PRODUCT_OPTION_ID`, `PRODUCT_ID`, `LEVEL1_OPTION_ID`, `SEQUENCE_NUM`, `LEVEL2_OPTION_ID`, `LEVEL3_OPTION_ID`, `LEVEL4_OPTION_ID`, `OPTION_VALUE`, `LAST_UPDATED_STAMP`, `LAST_UPDATED_TX_STAMP`, `CREATED_STAMP`, `CREATED_TX_STAMP`) VALUES (21, 'C2M-L85X11', 1, 1, 7, null, null, null, '2018-05-10 12:00:00', '2018-05-10 12:00:00', '2018-05-10 12:00:00', '2018-05-10 12:00:00');
INSERT INTO `direct_mailing_product_option` (`PRODUCT_OPTION_ID`, `PRODUCT_ID`, `LEVEL1_OPTION_ID`, `SEQUENCE_NUM`, `LEVEL2_OPTION_ID`, `LEVEL3_OPTION_ID`, `LEVEL4_OPTION_ID`, `OPTION_VALUE`, `LAST_UPDATED_STAMP`, `LAST_UPDATED_TX_STAMP`, `CREATED_STAMP`, `CREATED_TX_STAMP`) VALUES (22, 'C2M-L85X11', 1, 0, 7, 12, null, null, '2018-05-10 12:00:00', '2018-05-10 12:00:00', '2018-05-10 12:00:00', '2018-05-10 12:00:00');
INSERT INTO `direct_mailing_product_option` (`PRODUCT_OPTION_ID`, `PRODUCT_ID`, `LEVEL1_OPTION_ID`, `SEQUENCE_NUM`, `LEVEL2_OPTION_ID`, `LEVEL3_OPTION_ID`, `LEVEL4_OPTION_ID`, `OPTION_VALUE`, `LAST_UPDATED_STAMP`, `LAST_UPDATED_TX_STAMP`, `CREATED_STAMP`, `CREATED_TX_STAMP`) VALUES (23, 'C2M-L85X11', 1, 0, 7, 12, 14, null, '2018-05-10 12:00:00', '2018-05-10 12:00:00', '2018-05-10 12:00:00', '2018-05-10 12:00:00');
INSERT INTO `direct_mailing_product_option` (`PRODUCT_OPTION_ID`, `PRODUCT_ID`, `LEVEL1_OPTION_ID`, `SEQUENCE_NUM`, `LEVEL2_OPTION_ID`, `LEVEL3_OPTION_ID`, `LEVEL4_OPTION_ID`, `OPTION_VALUE`, `LAST_UPDATED_STAMP`, `LAST_UPDATED_TX_STAMP`, `CREATED_STAMP`, `CREATED_TX_STAMP`) VALUES (24, 'C2M-L85X11', 1, 1, 7, 12, 17, null, '2018-05-10 12:00:00', '2018-05-10 12:00:00', '2018-05-10 12:00:00', '2018-05-10 12:00:00');
INSERT INTO `direct_mailing_product_option` (`PRODUCT_OPTION_ID`, `PRODUCT_ID`, `LEVEL1_OPTION_ID`, `SEQUENCE_NUM`, `LEVEL2_OPTION_ID`, `LEVEL3_OPTION_ID`, `LEVEL4_OPTION_ID`, `OPTION_VALUE`, `LAST_UPDATED_STAMP`, `LAST_UPDATED_TX_STAMP`, `CREATED_STAMP`, `CREATED_TX_STAMP`) VALUES (25, 'C2M-L85X11', 1, 1, 7, 13, null, null, '2018-05-10 12:00:00', '2018-05-10 12:00:00', '2018-05-10 12:00:00', '2018-05-10 12:00:00');
INSERT INTO `direct_mailing_product_option` (`PRODUCT_OPTION_ID`, `PRODUCT_ID`, `LEVEL1_OPTION_ID`, `SEQUENCE_NUM`, `LEVEL2_OPTION_ID`, `LEVEL3_OPTION_ID`, `LEVEL4_OPTION_ID`, `OPTION_VALUE`, `LAST_UPDATED_STAMP`, `LAST_UPDATED_TX_STAMP`, `CREATED_STAMP`, `CREATED_TX_STAMP`) VALUES (26, 'C2M-L85X11', 1, 0, 7, 13, 14, null, '2018-05-10 12:00:00', '2018-05-10 12:00:00', '2018-05-10 12:00:00', '2018-05-10 12:00:00');
INSERT INTO `direct_mailing_product_option` (`PRODUCT_OPTION_ID`, `PRODUCT_ID`, `LEVEL1_OPTION_ID`, `SEQUENCE_NUM`, `LEVEL2_OPTION_ID`, `LEVEL3_OPTION_ID`, `LEVEL4_OPTION_ID`, `OPTION_VALUE`, `LAST_UPDATED_STAMP`, `LAST_UPDATED_TX_STAMP`, `CREATED_STAMP`, `CREATED_TX_STAMP`) VALUES (27, 'C2M-L85X11', 1, 1, 7, 13, 15, null, '2018-05-10 12:00:00', '2018-05-10 12:00:00', '2018-05-10 12:00:00', '2018-05-10 12:00:00');
INSERT INTO `direct_mailing_product_option` (`PRODUCT_OPTION_ID`, `PRODUCT_ID`, `LEVEL1_OPTION_ID`, `SEQUENCE_NUM`, `LEVEL2_OPTION_ID`, `LEVEL3_OPTION_ID`, `LEVEL4_OPTION_ID`, `OPTION_VALUE`, `LAST_UPDATED_STAMP`, `LAST_UPDATED_TX_STAMP`, `CREATED_STAMP`, `CREATED_TX_STAMP`) VALUES (28, 'C2M-L85X11', 1, 2, 7, 13, 16, null, '2018-05-10 12:00:00', '2018-05-10 12:00:00', '2018-05-10 12:00:00', '2018-05-10 12:00:00');
INSERT INTO `direct_mailing_product_option` (`PRODUCT_OPTION_ID`, `PRODUCT_ID`, `LEVEL1_OPTION_ID`, `SEQUENCE_NUM`, `LEVEL2_OPTION_ID`, `LEVEL3_OPTION_ID`, `LEVEL4_OPTION_ID`, `OPTION_VALUE`, `LAST_UPDATED_STAMP`, `LAST_UPDATED_TX_STAMP`, `CREATED_STAMP`, `CREATED_TX_STAMP`) VALUES (29, 'C2M-L85X11', 1, 3, 7, 13, 17, null, '2018-05-10 12:00:00', '2018-05-10 12:00:00', '2018-05-10 12:00:00', '2018-05-10 12:00:00');
INSERT INTO `direct_mailing_product_option` (`PRODUCT_OPTION_ID`, `PRODUCT_ID`, `LEVEL1_OPTION_ID`, `SEQUENCE_NUM`, `LEVEL2_OPTION_ID`, `LEVEL3_OPTION_ID`, `LEVEL4_OPTION_ID`, `OPTION_VALUE`, `LAST_UPDATED_STAMP`, `LAST_UPDATED_TX_STAMP`, `CREATED_STAMP`, `CREATED_TX_STAMP`) VALUES (30, 'C2M-L85X11', 1, 0, 7, 19, null, null, '2018-05-10 12:00:00', '2018-05-10 12:00:00', '2018-05-10 12:00:00', '2018-05-10 12:00:00');
INSERT INTO `direct_mailing_product_option` (`PRODUCT_OPTION_ID`, `PRODUCT_ID`, `LEVEL1_OPTION_ID`, `SEQUENCE_NUM`, `LEVEL2_OPTION_ID`, `LEVEL3_OPTION_ID`, `LEVEL4_OPTION_ID`, `OPTION_VALUE`, `LAST_UPDATED_STAMP`, `LAST_UPDATED_TX_STAMP`, `CREATED_STAMP`, `CREATED_TX_STAMP`) VALUES (31, 'C2M-L85X11', 1, -1, 7, 19, 26, '5', '2018-05-10 12:00:00', '2018-05-10 12:00:00', '2018-05-10 12:00:00', '2018-05-10 12:00:00');
INSERT INTO `direct_mailing_product_option` (`PRODUCT_OPTION_ID`, `PRODUCT_ID`, `LEVEL1_OPTION_ID`, `SEQUENCE_NUM`, `LEVEL2_OPTION_ID`, `LEVEL3_OPTION_ID`, `LEVEL4_OPTION_ID`, `OPTION_VALUE`, `LAST_UPDATED_STAMP`, `LAST_UPDATED_TX_STAMP`, `CREATED_STAMP`, `CREATED_TX_STAMP`) VALUES (32, 'C2M-L85X11', 1, 1, 7, 20, null, null, '2018-05-10 12:00:00', '2018-05-10 12:00:00', '2018-05-10 12:00:00', '2018-05-10 12:00:00');
INSERT INTO `direct_mailing_product_option` (`PRODUCT_OPTION_ID`, `PRODUCT_ID`, `LEVEL1_OPTION_ID`, `SEQUENCE_NUM`, `LEVEL2_OPTION_ID`, `LEVEL3_OPTION_ID`, `LEVEL4_OPTION_ID`, `OPTION_VALUE`, `LAST_UPDATED_STAMP`, `LAST_UPDATED_TX_STAMP`, `CREATED_STAMP`, `CREATED_TX_STAMP`) VALUES (33, 'C2M-L85X11', 1, -1, 7, 20, 26, '10', '2018-05-10 12:00:00', '2018-05-10 12:00:00', '2018-05-10 12:00:00', '2018-05-10 12:00:00');
INSERT INTO `direct_mailing_product_option` (`PRODUCT_OPTION_ID`, `PRODUCT_ID`, `LEVEL1_OPTION_ID`, `SEQUENCE_NUM`, `LEVEL2_OPTION_ID`, `LEVEL3_OPTION_ID`, `LEVEL4_OPTION_ID`, `OPTION_VALUE`, `LAST_UPDATED_STAMP`, `LAST_UPDATED_TX_STAMP`, `CREATED_STAMP`, `CREATED_TX_STAMP`) VALUES (34, 'C2M-L85X11', 1, 0, 7, 21, null, null, '2018-05-10 12:00:00', '2018-05-10 12:00:00', '2018-05-10 12:00:00', '2018-05-10 12:00:00');
INSERT INTO `direct_mailing_product_option` (`PRODUCT_OPTION_ID`, `PRODUCT_ID`, `LEVEL1_OPTION_ID`, `SEQUENCE_NUM`, `LEVEL2_OPTION_ID`, `LEVEL3_OPTION_ID`, `LEVEL4_OPTION_ID`, `OPTION_VALUE`, `LAST_UPDATED_STAMP`, `LAST_UPDATED_TX_STAMP`, `CREATED_STAMP`, `CREATED_TX_STAMP`) VALUES (35, 'C2M-L85X11', 1, 1, 7, 22, null, null, '2018-05-10 12:00:00', '2018-05-10 12:00:00', '2018-05-10 12:00:00', '2018-05-10 12:00:00');
INSERT INTO `direct_mailing_product_option` (`PRODUCT_OPTION_ID`, `PRODUCT_ID`, `LEVEL1_OPTION_ID`, `SEQUENCE_NUM`, `LEVEL2_OPTION_ID`, `LEVEL3_OPTION_ID`, `LEVEL4_OPTION_ID`, `OPTION_VALUE`, `LAST_UPDATED_STAMP`, `LAST_UPDATED_TX_STAMP`, `CREATED_STAMP`, `CREATED_TX_STAMP`) VALUES (36, 'C2M-L85X11', 1, 2, 7, 23, null, null, '2018-05-10 12:00:00', '2018-05-10 12:00:00', '2018-05-10 12:00:00', '2018-05-10 12:00:00');
INSERT INTO `direct_mailing_product_option` (`PRODUCT_OPTION_ID`, `PRODUCT_ID`, `LEVEL1_OPTION_ID`, `SEQUENCE_NUM`, `LEVEL2_OPTION_ID`, `LEVEL3_OPTION_ID`, `LEVEL4_OPTION_ID`, `OPTION_VALUE`, `LAST_UPDATED_STAMP`, `LAST_UPDATED_TX_STAMP`, `CREATED_STAMP`, `CREATED_TX_STAMP`) VALUES (37, 'C2M-L85X11', 1, 3, 7, 24, null, null, '2018-05-10 12:00:00', '2018-05-10 12:00:00', '2018-05-10 12:00:00', '2018-05-10 12:00:00');
INSERT INTO `direct_mailing_product_option` (`PRODUCT_OPTION_ID`, `PRODUCT_ID`, `LEVEL1_OPTION_ID`, `SEQUENCE_NUM`, `LEVEL2_OPTION_ID`, `LEVEL3_OPTION_ID`, `LEVEL4_OPTION_ID`, `OPTION_VALUE`, `LAST_UPDATED_STAMP`, `LAST_UPDATED_TX_STAMP`, `CREATED_STAMP`, `CREATED_TX_STAMP`) VALUES (38, 'C2M-L85X11', 1, 4, 7, 25, null, null, '2018-05-10 12:00:00', '2018-05-10 12:00:00', '2018-05-10 12:00:00', '2018-05-10 12:00:00');
INSERT INTO `direct_mailing_product_option` (`PRODUCT_OPTION_ID`, `PRODUCT_ID`, `LEVEL1_OPTION_ID`, `SEQUENCE_NUM`, `LEVEL2_OPTION_ID`, `LEVEL3_OPTION_ID`, `LEVEL4_OPTION_ID`, `OPTION_VALUE`, `LAST_UPDATED_STAMP`, `LAST_UPDATED_TX_STAMP`, `CREATED_STAMP`, `CREATED_TX_STAMP`) VALUES (39, 'C2M-L85X11', 1, 2, 10, null, null, null, '2018-05-10 12:00:00', '2018-05-10 12:00:00', '2018-05-10 12:00:00', '2018-05-10 12:00:00');
INSERT INTO `direct_mailing_product_option` (`PRODUCT_OPTION_ID`, `PRODUCT_ID`, `LEVEL1_OPTION_ID`, `SEQUENCE_NUM`, `LEVEL2_OPTION_ID`, `LEVEL3_OPTION_ID`, `LEVEL4_OPTION_ID`, `OPTION_VALUE`, `LAST_UPDATED_STAMP`, `LAST_UPDATED_TX_STAMP`, `CREATED_STAMP`, `CREATED_TX_STAMP`) VALUES (40, 'C2M-L85X11', 1, 0, 10, 12, null, null, '2018-05-10 12:00:00', '2018-05-10 12:00:00', '2018-05-10 12:00:00', '2018-05-10 12:00:00');
INSERT INTO `direct_mailing_product_option` (`PRODUCT_OPTION_ID`, `PRODUCT_ID`, `LEVEL1_OPTION_ID`, `SEQUENCE_NUM`, `LEVEL2_OPTION_ID`, `LEVEL3_OPTION_ID`, `LEVEL4_OPTION_ID`, `OPTION_VALUE`, `LAST_UPDATED_STAMP`, `LAST_UPDATED_TX_STAMP`, `CREATED_STAMP`, `CREATED_TX_STAMP`) VALUES (41, 'C2M-L85X11', 1, 0, 10, 12, 14, null, '2018-05-10 12:00:00', '2018-05-10 12:00:00', '2018-05-10 12:00:00', '2018-05-10 12:00:00');
INSERT INTO `direct_mailing_product_option` (`PRODUCT_OPTION_ID`, `PRODUCT_ID`, `LEVEL1_OPTION_ID`, `SEQUENCE_NUM`, `LEVEL2_OPTION_ID`, `LEVEL3_OPTION_ID`, `LEVEL4_OPTION_ID`, `OPTION_VALUE`, `LAST_UPDATED_STAMP`, `LAST_UPDATED_TX_STAMP`, `CREATED_STAMP`, `CREATED_TX_STAMP`) VALUES (42, 'C2M-L85X11', 1, 1, 10, 12, 17, null, '2018-05-10 12:00:00', '2018-05-10 12:00:00', '2018-05-10 12:00:00', '2018-05-10 12:00:00');
INSERT INTO `direct_mailing_product_option` (`PRODUCT_OPTION_ID`, `PRODUCT_ID`, `LEVEL1_OPTION_ID`, `SEQUENCE_NUM`, `LEVEL2_OPTION_ID`, `LEVEL3_OPTION_ID`, `LEVEL4_OPTION_ID`, `OPTION_VALUE`, `LAST_UPDATED_STAMP`, `LAST_UPDATED_TX_STAMP`, `CREATED_STAMP`, `CREATED_TX_STAMP`) VALUES (43, 'C2M-L85X11', 1, 1, 10, 13, null, null, '2018-05-10 12:00:00', '2018-05-10 12:00:00', '2018-05-10 12:00:00', '2018-05-10 12:00:00');
INSERT INTO `direct_mailing_product_option` (`PRODUCT_OPTION_ID`, `PRODUCT_ID`, `LEVEL1_OPTION_ID`, `SEQUENCE_NUM`, `LEVEL2_OPTION_ID`, `LEVEL3_OPTION_ID`, `LEVEL4_OPTION_ID`, `OPTION_VALUE`, `LAST_UPDATED_STAMP`, `LAST_UPDATED_TX_STAMP`, `CREATED_STAMP`, `CREATED_TX_STAMP`) VALUES (44, 'C2M-L85X11', 1, 0, 10, 13, 14, null, '2018-05-10 12:00:00', '2018-05-10 12:00:00', '2018-05-10 12:00:00', '2018-05-10 12:00:00');
INSERT INTO `direct_mailing_product_option` (`PRODUCT_OPTION_ID`, `PRODUCT_ID`, `LEVEL1_OPTION_ID`, `SEQUENCE_NUM`, `LEVEL2_OPTION_ID`, `LEVEL3_OPTION_ID`, `LEVEL4_OPTION_ID`, `OPTION_VALUE`, `LAST_UPDATED_STAMP`, `LAST_UPDATED_TX_STAMP`, `CREATED_STAMP`, `CREATED_TX_STAMP`) VALUES (45, 'C2M-L85X11', 1, 1, 10, 13, 15, null, '2018-05-10 12:00:00', '2018-05-10 12:00:00', '2018-05-10 12:00:00', '2018-05-10 12:00:00');
INSERT INTO `direct_mailing_product_option` (`PRODUCT_OPTION_ID`, `PRODUCT_ID`, `LEVEL1_OPTION_ID`, `SEQUENCE_NUM`, `LEVEL2_OPTION_ID`, `LEVEL3_OPTION_ID`, `LEVEL4_OPTION_ID`, `OPTION_VALUE`, `LAST_UPDATED_STAMP`, `LAST_UPDATED_TX_STAMP`, `CREATED_STAMP`, `CREATED_TX_STAMP`) VALUES (46, 'C2M-L85X11', 1, 2, 10, 13, 16, null, '2018-05-10 12:00:00', '2018-05-10 12:00:00', '2018-05-10 12:00:00', '2018-05-10 12:00:00');
INSERT INTO `direct_mailing_product_option` (`PRODUCT_OPTION_ID`, `PRODUCT_ID`, `LEVEL1_OPTION_ID`, `SEQUENCE_NUM`, `LEVEL2_OPTION_ID`, `LEVEL3_OPTION_ID`, `LEVEL4_OPTION_ID`, `OPTION_VALUE`, `LAST_UPDATED_STAMP`, `LAST_UPDATED_TX_STAMP`, `CREATED_STAMP`, `CREATED_TX_STAMP`) VALUES (47, 'C2M-L85X11', 1, 3, 10, 13, 17, null, '2018-05-10 12:00:00', '2018-05-10 12:00:00', '2018-05-10 12:00:00', '2018-05-10 12:00:00');
INSERT INTO `direct_mailing_product_option` (`PRODUCT_OPTION_ID`, `PRODUCT_ID`, `LEVEL1_OPTION_ID`, `SEQUENCE_NUM`, `LEVEL2_OPTION_ID`, `LEVEL3_OPTION_ID`, `LEVEL4_OPTION_ID`, `OPTION_VALUE`, `LAST_UPDATED_STAMP`, `LAST_UPDATED_TX_STAMP`, `CREATED_STAMP`, `CREATED_TX_STAMP`) VALUES (48, 'C2M-L85X11', 1, 0, 10, 19, null, null, '2018-05-10 12:00:00', '2018-05-10 12:00:00', '2018-05-10 12:00:00', '2018-05-10 12:00:00');
INSERT INTO `direct_mailing_product_option` (`PRODUCT_OPTION_ID`, `PRODUCT_ID`, `LEVEL1_OPTION_ID`, `SEQUENCE_NUM`, `LEVEL2_OPTION_ID`, `LEVEL3_OPTION_ID`, `LEVEL4_OPTION_ID`, `OPTION_VALUE`, `LAST_UPDATED_STAMP`, `LAST_UPDATED_TX_STAMP`, `CREATED_STAMP`, `CREATED_TX_STAMP`) VALUES (49, 'C2M-L85X11', 1, -1, 10, 19, 26, '6', '2018-05-10 12:00:00', '2018-05-10 12:00:00', '2018-05-10 12:00:00', '2018-05-10 12:00:00');
INSERT INTO `direct_mailing_product_option` (`PRODUCT_OPTION_ID`, `PRODUCT_ID`, `LEVEL1_OPTION_ID`, `SEQUENCE_NUM`, `LEVEL2_OPTION_ID`, `LEVEL3_OPTION_ID`, `LEVEL4_OPTION_ID`, `OPTION_VALUE`, `LAST_UPDATED_STAMP`, `LAST_UPDATED_TX_STAMP`, `CREATED_STAMP`, `CREATED_TX_STAMP`) VALUES (50, 'C2M-L85X11', 1, 1, 10, 20, null, null, '2018-05-10 12:00:00', '2018-05-10 12:00:00', '2018-05-10 12:00:00', '2018-05-10 12:00:00');
INSERT INTO `direct_mailing_product_option` (`PRODUCT_OPTION_ID`, `PRODUCT_ID`, `LEVEL1_OPTION_ID`, `SEQUENCE_NUM`, `LEVEL2_OPTION_ID`, `LEVEL3_OPTION_ID`, `LEVEL4_OPTION_ID`, `OPTION_VALUE`, `LAST_UPDATED_STAMP`, `LAST_UPDATED_TX_STAMP`, `CREATED_STAMP`, `CREATED_TX_STAMP`) VALUES (51, 'C2M-L85X11', 1, -1, 10, 20, 26, '12', '2018-05-10 12:00:00', '2018-05-10 12:00:00', '2018-05-10 12:00:00', '2018-05-10 12:00:00');
INSERT INTO `direct_mailing_product_option` (`PRODUCT_OPTION_ID`, `PRODUCT_ID`, `LEVEL1_OPTION_ID`, `SEQUENCE_NUM`, `LEVEL2_OPTION_ID`, `LEVEL3_OPTION_ID`, `LEVEL4_OPTION_ID`, `OPTION_VALUE`, `LAST_UPDATED_STAMP`, `LAST_UPDATED_TX_STAMP`, `CREATED_STAMP`, `CREATED_TX_STAMP`) VALUES (52, 'C2M-L85X11', 1, 0, 10, 21, null, null, '2018-05-10 12:00:00', '2018-05-10 12:00:00', '2018-05-10 12:00:00', '2018-05-10 12:00:00');
INSERT INTO `direct_mailing_product_option` (`PRODUCT_OPTION_ID`, `PRODUCT_ID`, `LEVEL1_OPTION_ID`, `SEQUENCE_NUM`, `LEVEL2_OPTION_ID`, `LEVEL3_OPTION_ID`, `LEVEL4_OPTION_ID`, `OPTION_VALUE`, `LAST_UPDATED_STAMP`, `LAST_UPDATED_TX_STAMP`, `CREATED_STAMP`, `CREATED_TX_STAMP`) VALUES (53, 'C2M-L85X11', 1, 1, 10, 22, null, null, '2018-05-10 12:00:00', '2018-05-10 12:00:00', '2018-05-10 12:00:00', '2018-05-10 12:00:00');
INSERT INTO `direct_mailing_product_option` (`PRODUCT_OPTION_ID`, `PRODUCT_ID`, `LEVEL1_OPTION_ID`, `SEQUENCE_NUM`, `LEVEL2_OPTION_ID`, `LEVEL3_OPTION_ID`, `LEVEL4_OPTION_ID`, `OPTION_VALUE`, `LAST_UPDATED_STAMP`, `LAST_UPDATED_TX_STAMP`, `CREATED_STAMP`, `CREATED_TX_STAMP`) VALUES (54, 'C2M-L85X11', 1, 2, 10, 23, null, null, '2018-05-10 12:00:00', '2018-05-10 12:00:00', '2018-05-10 12:00:00', '2018-05-10 12:00:00');
INSERT INTO `direct_mailing_product_option` (`PRODUCT_OPTION_ID`, `PRODUCT_ID`, `LEVEL1_OPTION_ID`, `SEQUENCE_NUM`, `LEVEL2_OPTION_ID`, `LEVEL3_OPTION_ID`, `LEVEL4_OPTION_ID`, `OPTION_VALUE`, `LAST_UPDATED_STAMP`, `LAST_UPDATED_TX_STAMP`, `CREATED_STAMP`, `CREATED_TX_STAMP`) VALUES (55, 'C2M-L85X11', 1, 3, 10, 24, null, null, '2018-05-10 12:00:00', '2018-05-10 12:00:00', '2018-05-10 12:00:00', '2018-05-10 12:00:00');
INSERT INTO `direct_mailing_product_option` (`PRODUCT_OPTION_ID`, `PRODUCT_ID`, `LEVEL1_OPTION_ID`, `SEQUENCE_NUM`, `LEVEL2_OPTION_ID`, `LEVEL3_OPTION_ID`, `LEVEL4_OPTION_ID`, `OPTION_VALUE`, `LAST_UPDATED_STAMP`, `LAST_UPDATED_TX_STAMP`, `CREATED_STAMP`, `CREATED_TX_STAMP`) VALUES (56, 'C2M-L85X11', 1, 4, 10, 25, null, null, '2018-05-10 12:00:00', '2018-05-10 12:00:00', '2018-05-10 12:00:00', '2018-05-10 12:00:00');
INSERT INTO `direct_mailing_product_option` (`PRODUCT_OPTION_ID`, `PRODUCT_ID`, `LEVEL1_OPTION_ID`, `SEQUENCE_NUM`, `LEVEL2_OPTION_ID`, `LEVEL3_OPTION_ID`, `LEVEL4_OPTION_ID`, `OPTION_VALUE`, `LAST_UPDATED_STAMP`, `LAST_UPDATED_TX_STAMP`, `CREATED_STAMP`, `CREATED_TX_STAMP`) VALUES (57, 'C2M-L85X11', 1, 3, 11, null, null, null, '2018-05-10 12:00:00', '2018-05-10 12:00:00', '2018-05-10 12:00:00', '2018-05-10 12:00:00');
INSERT INTO `direct_mailing_product_option` (`PRODUCT_OPTION_ID`, `PRODUCT_ID`, `LEVEL1_OPTION_ID`, `SEQUENCE_NUM`, `LEVEL2_OPTION_ID`, `LEVEL3_OPTION_ID`, `LEVEL4_OPTION_ID`, `OPTION_VALUE`, `LAST_UPDATED_STAMP`, `LAST_UPDATED_TX_STAMP`, `CREATED_STAMP`, `CREATED_TX_STAMP`) VALUES (58, 'C2M-L85X11', 1, 0, 11, 12, null, null, '2018-05-10 12:00:00', '2018-05-10 12:00:00', '2018-05-10 12:00:00', '2018-05-10 12:00:00');
INSERT INTO `direct_mailing_product_option` (`PRODUCT_OPTION_ID`, `PRODUCT_ID`, `LEVEL1_OPTION_ID`, `SEQUENCE_NUM`, `LEVEL2_OPTION_ID`, `LEVEL3_OPTION_ID`, `LEVEL4_OPTION_ID`, `OPTION_VALUE`, `LAST_UPDATED_STAMP`, `LAST_UPDATED_TX_STAMP`, `CREATED_STAMP`, `CREATED_TX_STAMP`) VALUES (59, 'C2M-L85X11', 1, 0, 11, 12, 14, null, '2018-05-10 12:00:00', '2018-05-10 12:00:00', '2018-05-10 12:00:00', '2018-05-10 12:00:00');
INSERT INTO `direct_mailing_product_option` (`PRODUCT_OPTION_ID`, `PRODUCT_ID`, `LEVEL1_OPTION_ID`, `SEQUENCE_NUM`, `LEVEL2_OPTION_ID`, `LEVEL3_OPTION_ID`, `LEVEL4_OPTION_ID`, `OPTION_VALUE`, `LAST_UPDATED_STAMP`, `LAST_UPDATED_TX_STAMP`, `CREATED_STAMP`, `CREATED_TX_STAMP`) VALUES (60, 'C2M-L85X11', 1, 1, 11, 12, 17, null, '2018-05-10 12:00:00', '2018-05-10 12:00:00', '2018-05-10 12:00:00', '2018-05-10 12:00:00');
INSERT INTO `direct_mailing_product_option` (`PRODUCT_OPTION_ID`, `PRODUCT_ID`, `LEVEL1_OPTION_ID`, `SEQUENCE_NUM`, `LEVEL2_OPTION_ID`, `LEVEL3_OPTION_ID`, `LEVEL4_OPTION_ID`, `OPTION_VALUE`, `LAST_UPDATED_STAMP`, `LAST_UPDATED_TX_STAMP`, `CREATED_STAMP`, `CREATED_TX_STAMP`) VALUES (61, 'C2M-L85X11', 1, 1, 11, 13, null, null, '2018-05-10 12:00:00', '2018-05-10 12:00:00', '2018-05-10 12:00:00', '2018-05-10 12:00:00');
INSERT INTO `direct_mailing_product_option` (`PRODUCT_OPTION_ID`, `PRODUCT_ID`, `LEVEL1_OPTION_ID`, `SEQUENCE_NUM`, `LEVEL2_OPTION_ID`, `LEVEL3_OPTION_ID`, `LEVEL4_OPTION_ID`, `OPTION_VALUE`, `LAST_UPDATED_STAMP`, `LAST_UPDATED_TX_STAMP`, `CREATED_STAMP`, `CREATED_TX_STAMP`) VALUES (62, 'C2M-L85X11', 1, 0, 11, 13, 14, null, '2018-05-10 12:00:00', '2018-05-10 12:00:00', '2018-05-10 12:00:00', '2018-05-10 12:00:00');
INSERT INTO `direct_mailing_product_option` (`PRODUCT_OPTION_ID`, `PRODUCT_ID`, `LEVEL1_OPTION_ID`, `SEQUENCE_NUM`, `LEVEL2_OPTION_ID`, `LEVEL3_OPTION_ID`, `LEVEL4_OPTION_ID`, `OPTION_VALUE`, `LAST_UPDATED_STAMP`, `LAST_UPDATED_TX_STAMP`, `CREATED_STAMP`, `CREATED_TX_STAMP`) VALUES (63, 'C2M-L85X11', 1, 1, 11, 13, 15, null, '2018-05-10 12:00:00', '2018-05-10 12:00:00', '2018-05-10 12:00:00', '2018-05-10 12:00:00');
INSERT INTO `direct_mailing_product_option` (`PRODUCT_OPTION_ID`, `PRODUCT_ID`, `LEVEL1_OPTION_ID`, `SEQUENCE_NUM`, `LEVEL2_OPTION_ID`, `LEVEL3_OPTION_ID`, `LEVEL4_OPTION_ID`, `OPTION_VALUE`, `LAST_UPDATED_STAMP`, `LAST_UPDATED_TX_STAMP`, `CREATED_STAMP`, `CREATED_TX_STAMP`) VALUES (64, 'C2M-L85X11', 1, 2, 11, 13, 16, null, '2018-05-10 12:00:00', '2018-05-10 12:00:00', '2018-05-10 12:00:00', '2018-05-10 12:00:00');
INSERT INTO `direct_mailing_product_option` (`PRODUCT_OPTION_ID`, `PRODUCT_ID`, `LEVEL1_OPTION_ID`, `SEQUENCE_NUM`, `LEVEL2_OPTION_ID`, `LEVEL3_OPTION_ID`, `LEVEL4_OPTION_ID`, `OPTION_VALUE`, `LAST_UPDATED_STAMP`, `LAST_UPDATED_TX_STAMP`, `CREATED_STAMP`, `CREATED_TX_STAMP`) VALUES (65, 'C2M-L85X11', 1, 3, 11, 13, 17, null, '2018-05-10 12:00:00', '2018-05-10 12:00:00', '2018-05-10 12:00:00', '2018-05-10 12:00:00');
INSERT INTO `direct_mailing_product_option` (`PRODUCT_OPTION_ID`, `PRODUCT_ID`, `LEVEL1_OPTION_ID`, `SEQUENCE_NUM`, `LEVEL2_OPTION_ID`, `LEVEL3_OPTION_ID`, `LEVEL4_OPTION_ID`, `OPTION_VALUE`, `LAST_UPDATED_STAMP`, `LAST_UPDATED_TX_STAMP`, `CREATED_STAMP`, `CREATED_TX_STAMP`) VALUES (66, 'C2M-L85X11', 1, 0, 11, 19, null, null, '2018-05-10 12:00:00', '2018-05-10 12:00:00', '2018-05-10 12:00:00', '2018-05-10 12:00:00');
INSERT INTO `direct_mailing_product_option` (`PRODUCT_OPTION_ID`, `PRODUCT_ID`, `LEVEL1_OPTION_ID`, `SEQUENCE_NUM`, `LEVEL2_OPTION_ID`, `LEVEL3_OPTION_ID`, `LEVEL4_OPTION_ID`, `OPTION_VALUE`, `LAST_UPDATED_STAMP`, `LAST_UPDATED_TX_STAMP`, `CREATED_STAMP`, `CREATED_TX_STAMP`) VALUES (67, 'C2M-L85X11', 1, -1, 11, 19, 26, '6', '2018-05-10 12:00:00', '2018-05-10 12:00:00', '2018-05-10 12:00:00', '2018-05-10 12:00:00');
INSERT INTO `direct_mailing_product_option` (`PRODUCT_OPTION_ID`, `PRODUCT_ID`, `LEVEL1_OPTION_ID`, `SEQUENCE_NUM`, `LEVEL2_OPTION_ID`, `LEVEL3_OPTION_ID`, `LEVEL4_OPTION_ID`, `OPTION_VALUE`, `LAST_UPDATED_STAMP`, `LAST_UPDATED_TX_STAMP`, `CREATED_STAMP`, `CREATED_TX_STAMP`) VALUES (68, 'C2M-L85X11', 1, 1, 11, 20, null, null, '2018-05-10 12:00:00', '2018-05-10 12:00:00', '2018-05-10 12:00:00', '2018-05-10 12:00:00');
INSERT INTO `direct_mailing_product_option` (`PRODUCT_OPTION_ID`, `PRODUCT_ID`, `LEVEL1_OPTION_ID`, `SEQUENCE_NUM`, `LEVEL2_OPTION_ID`, `LEVEL3_OPTION_ID`, `LEVEL4_OPTION_ID`, `OPTION_VALUE`, `LAST_UPDATED_STAMP`, `LAST_UPDATED_TX_STAMP`, `CREATED_STAMP`, `CREATED_TX_STAMP`) VALUES (69, 'C2M-L85X11', 1, -1, 11, 20, 26, '12', '2018-05-10 12:00:00', '2018-05-10 12:00:00', '2018-05-10 12:00:00', '2018-05-10 12:00:00');
INSERT INTO `direct_mailing_product_option` (`PRODUCT_OPTION_ID`, `PRODUCT_ID`, `LEVEL1_OPTION_ID`, `SEQUENCE_NUM`, `LEVEL2_OPTION_ID`, `LEVEL3_OPTION_ID`, `LEVEL4_OPTION_ID`, `OPTION_VALUE`, `LAST_UPDATED_STAMP`, `LAST_UPDATED_TX_STAMP`, `CREATED_STAMP`, `CREATED_TX_STAMP`) VALUES (70, 'C2M-L85X11', 1, 0, 11, 21, null, null, '2018-05-10 12:00:00', '2018-05-10 12:00:00', '2018-05-10 12:00:00', '2018-05-10 12:00:00');
INSERT INTO `direct_mailing_product_option` (`PRODUCT_OPTION_ID`, `PRODUCT_ID`, `LEVEL1_OPTION_ID`, `SEQUENCE_NUM`, `LEVEL2_OPTION_ID`, `LEVEL3_OPTION_ID`, `LEVEL4_OPTION_ID`, `OPTION_VALUE`, `LAST_UPDATED_STAMP`, `LAST_UPDATED_TX_STAMP`, `CREATED_STAMP`, `CREATED_TX_STAMP`) VALUES (71, 'C2M-L85X11', 1, 1, 11, 22, null, null, '2018-05-10 12:00:00', '2018-05-10 12:00:00', '2018-05-10 12:00:00', '2018-05-10 12:00:00');
INSERT INTO `direct_mailing_product_option` (`PRODUCT_OPTION_ID`, `PRODUCT_ID`, `LEVEL1_OPTION_ID`, `SEQUENCE_NUM`, `LEVEL2_OPTION_ID`, `LEVEL3_OPTION_ID`, `LEVEL4_OPTION_ID`, `OPTION_VALUE`, `LAST_UPDATED_STAMP`, `LAST_UPDATED_TX_STAMP`, `CREATED_STAMP`, `CREATED_TX_STAMP`) VALUES (72, 'C2M-L85X11', 1, 4, 11, 25, null, null, '2018-05-10 12:00:00', '2018-05-10 12:00:00', '2018-05-10 12:00:00', '2018-05-10 12:00:00');
INSERT INTO `direct_mailing_product_option` (`PRODUCT_OPTION_ID`, `PRODUCT_ID`, `LEVEL1_OPTION_ID`, `SEQUENCE_NUM`, `LEVEL2_OPTION_ID`, `LEVEL3_OPTION_ID`, `LEVEL4_OPTION_ID`, `OPTION_VALUE`, `LAST_UPDATED_STAMP`, `LAST_UPDATED_TX_STAMP`, `CREATED_STAMP`, `CREATED_TX_STAMP`) VALUES (73, 'C2M-L85X11', 2, 1, null, null, null, null, '2018-05-10 12:00:00', '2018-05-10 12:00:00', '2018-05-10 12:00:00', '2018-05-10 12:00:00');
INSERT INTO `direct_mailing_product_option` (`PRODUCT_OPTION_ID`, `PRODUCT_ID`, `LEVEL1_OPTION_ID`, `SEQUENCE_NUM`, `LEVEL2_OPTION_ID`, `LEVEL3_OPTION_ID`, `LEVEL4_OPTION_ID`, `OPTION_VALUE`, `LAST_UPDATED_STAMP`, `LAST_UPDATED_TX_STAMP`, `CREATED_STAMP`, `CREATED_TX_STAMP`) VALUES (74, 'C2M-L85X11', 2, 0, 5, null, null, null, '2018-05-10 12:00:00', '2018-05-10 12:00:00', '2018-05-10 12:00:00', '2018-05-10 12:00:00');
INSERT INTO `direct_mailing_product_option` (`PRODUCT_OPTION_ID`, `PRODUCT_ID`, `LEVEL1_OPTION_ID`, `SEQUENCE_NUM`, `LEVEL2_OPTION_ID`, `LEVEL3_OPTION_ID`, `LEVEL4_OPTION_ID`, `OPTION_VALUE`, `LAST_UPDATED_STAMP`, `LAST_UPDATED_TX_STAMP`, `CREATED_STAMP`, `CREATED_TX_STAMP`) VALUES (75, 'C2M-L85X11', 2, 0, 6, null, null, null, '2018-05-10 12:00:00', '2018-05-10 12:00:00', '2018-05-10 12:00:00', '2018-05-10 12:00:00');
INSERT INTO `direct_mailing_product_option` (`PRODUCT_OPTION_ID`, `PRODUCT_ID`, `LEVEL1_OPTION_ID`, `SEQUENCE_NUM`, `LEVEL2_OPTION_ID`, `LEVEL3_OPTION_ID`, `LEVEL4_OPTION_ID`, `OPTION_VALUE`, `LAST_UPDATED_STAMP`, `LAST_UPDATED_TX_STAMP`, `CREATED_STAMP`, `CREATED_TX_STAMP`) VALUES (76, 'C2M-L85X11', 2, 0, 6, 12, null, null, '2018-05-10 12:00:00', '2018-05-10 12:00:00', '2018-05-10 12:00:00', '2018-05-10 12:00:00');
INSERT INTO `direct_mailing_product_option` (`PRODUCT_OPTION_ID`, `PRODUCT_ID`, `LEVEL1_OPTION_ID`, `SEQUENCE_NUM`, `LEVEL2_OPTION_ID`, `LEVEL3_OPTION_ID`, `LEVEL4_OPTION_ID`, `OPTION_VALUE`, `LAST_UPDATED_STAMP`, `LAST_UPDATED_TX_STAMP`, `CREATED_STAMP`, `CREATED_TX_STAMP`) VALUES (77, 'C2M-L85X11', 2, 0, 6, 12, 14, null, '2018-05-10 12:00:00', '2018-05-10 12:00:00', '2018-05-10 12:00:00', '2018-05-10 12:00:00');
INSERT INTO `direct_mailing_product_option` (`PRODUCT_OPTION_ID`, `PRODUCT_ID`, `LEVEL1_OPTION_ID`, `SEQUENCE_NUM`, `LEVEL2_OPTION_ID`, `LEVEL3_OPTION_ID`, `LEVEL4_OPTION_ID`, `OPTION_VALUE`, `LAST_UPDATED_STAMP`, `LAST_UPDATED_TX_STAMP`, `CREATED_STAMP`, `CREATED_TX_STAMP`) VALUES (78, 'C2M-L85X11', 2, 1, 6, 12, 17, null, '2018-05-10 12:00:00', '2018-05-10 12:00:00', '2018-05-10 12:00:00', '2018-05-10 12:00:00');
INSERT INTO `direct_mailing_product_option` (`PRODUCT_OPTION_ID`, `PRODUCT_ID`, `LEVEL1_OPTION_ID`, `SEQUENCE_NUM`, `LEVEL2_OPTION_ID`, `LEVEL3_OPTION_ID`, `LEVEL4_OPTION_ID`, `OPTION_VALUE`, `LAST_UPDATED_STAMP`, `LAST_UPDATED_TX_STAMP`, `CREATED_STAMP`, `CREATED_TX_STAMP`) VALUES (79, 'C2M-L85X11', 2, 1, 6, 13, null, null, '2018-05-10 12:00:00', '2018-05-10 12:00:00', '2018-05-10 12:00:00', '2018-05-10 12:00:00');
INSERT INTO `direct_mailing_product_option` (`PRODUCT_OPTION_ID`, `PRODUCT_ID`, `LEVEL1_OPTION_ID`, `SEQUENCE_NUM`, `LEVEL2_OPTION_ID`, `LEVEL3_OPTION_ID`, `LEVEL4_OPTION_ID`, `OPTION_VALUE`, `LAST_UPDATED_STAMP`, `LAST_UPDATED_TX_STAMP`, `CREATED_STAMP`, `CREATED_TX_STAMP`) VALUES (80, 'C2M-L85X11', 2, 0, 6, 13, 14, null, '2018-05-10 12:00:00', '2018-05-10 12:00:00', '2018-05-10 12:00:00', '2018-05-10 12:00:00');
INSERT INTO `direct_mailing_product_option` (`PRODUCT_OPTION_ID`, `PRODUCT_ID`, `LEVEL1_OPTION_ID`, `SEQUENCE_NUM`, `LEVEL2_OPTION_ID`, `LEVEL3_OPTION_ID`, `LEVEL4_OPTION_ID`, `OPTION_VALUE`, `LAST_UPDATED_STAMP`, `LAST_UPDATED_TX_STAMP`, `CREATED_STAMP`, `CREATED_TX_STAMP`) VALUES (81, 'C2M-L85X11', 2, 1, 6, 13, 15, null, '2018-05-10 12:00:00', '2018-05-10 12:00:00', '2018-05-10 12:00:00', '2018-05-10 12:00:00');
INSERT INTO `direct_mailing_product_option` (`PRODUCT_OPTION_ID`, `PRODUCT_ID`, `LEVEL1_OPTION_ID`, `SEQUENCE_NUM`, `LEVEL2_OPTION_ID`, `LEVEL3_OPTION_ID`, `LEVEL4_OPTION_ID`, `OPTION_VALUE`, `LAST_UPDATED_STAMP`, `LAST_UPDATED_TX_STAMP`, `CREATED_STAMP`, `CREATED_TX_STAMP`) VALUES (82, 'C2M-L85X11', 2, 2, 6, 13, 16, null, '2018-05-10 12:00:00', '2018-05-10 12:00:00', '2018-05-10 12:00:00', '2018-05-10 12:00:00');
INSERT INTO `direct_mailing_product_option` (`PRODUCT_OPTION_ID`, `PRODUCT_ID`, `LEVEL1_OPTION_ID`, `SEQUENCE_NUM`, `LEVEL2_OPTION_ID`, `LEVEL3_OPTION_ID`, `LEVEL4_OPTION_ID`, `OPTION_VALUE`, `LAST_UPDATED_STAMP`, `LAST_UPDATED_TX_STAMP`, `CREATED_STAMP`, `CREATED_TX_STAMP`) VALUES (83, 'C2M-L85X11', 2, 3, 6, 13, 17, null, '2018-05-10 12:00:00', '2018-05-10 12:00:00', '2018-05-10 12:00:00', '2018-05-10 12:00:00');
INSERT INTO `direct_mailing_product_option` (`PRODUCT_OPTION_ID`, `PRODUCT_ID`, `LEVEL1_OPTION_ID`, `SEQUENCE_NUM`, `LEVEL2_OPTION_ID`, `LEVEL3_OPTION_ID`, `LEVEL4_OPTION_ID`, `OPTION_VALUE`, `LAST_UPDATED_STAMP`, `LAST_UPDATED_TX_STAMP`, `CREATED_STAMP`, `CREATED_TX_STAMP`) VALUES (84, 'C2M-L85X11', 2, 0, 6, 19, null, null, '2018-05-10 12:00:00', '2018-05-10 12:00:00', '2018-05-10 12:00:00', '2018-05-10 12:00:00');
INSERT INTO `direct_mailing_product_option` (`PRODUCT_OPTION_ID`, `PRODUCT_ID`, `LEVEL1_OPTION_ID`, `SEQUENCE_NUM`, `LEVEL2_OPTION_ID`, `LEVEL3_OPTION_ID`, `LEVEL4_OPTION_ID`, `OPTION_VALUE`, `LAST_UPDATED_STAMP`, `LAST_UPDATED_TX_STAMP`, `CREATED_STAMP`, `CREATED_TX_STAMP`) VALUES (85, 'C2M-L85X11', 2, -1, 6, 19, 26, '48', '2018-05-10 12:00:00', '2018-05-10 12:00:00', '2018-05-10 12:00:00', '2018-05-10 12:00:00');
INSERT INTO `direct_mailing_product_option` (`PRODUCT_OPTION_ID`, `PRODUCT_ID`, `LEVEL1_OPTION_ID`, `SEQUENCE_NUM`, `LEVEL2_OPTION_ID`, `LEVEL3_OPTION_ID`, `LEVEL4_OPTION_ID`, `OPTION_VALUE`, `LAST_UPDATED_STAMP`, `LAST_UPDATED_TX_STAMP`, `CREATED_STAMP`, `CREATED_TX_STAMP`) VALUES (86, 'C2M-L85X11', 2, 1, 6, 20, null, null, '2018-05-10 12:00:00', '2018-05-10 12:00:00', '2018-05-10 12:00:00', '2018-05-10 12:00:00');
INSERT INTO `direct_mailing_product_option` (`PRODUCT_OPTION_ID`, `PRODUCT_ID`, `LEVEL1_OPTION_ID`, `SEQUENCE_NUM`, `LEVEL2_OPTION_ID`, `LEVEL3_OPTION_ID`, `LEVEL4_OPTION_ID`, `OPTION_VALUE`, `LAST_UPDATED_STAMP`, `LAST_UPDATED_TX_STAMP`, `CREATED_STAMP`, `CREATED_TX_STAMP`) VALUES (87, 'C2M-L85X11', 2, -1, 6, 20, 26, '96', '2018-05-10 12:00:00', '2018-05-10 12:00:00', '2018-05-10 12:00:00', '2018-05-10 12:00:00');
INSERT INTO `direct_mailing_product_option` (`PRODUCT_OPTION_ID`, `PRODUCT_ID`, `LEVEL1_OPTION_ID`, `SEQUENCE_NUM`, `LEVEL2_OPTION_ID`, `LEVEL3_OPTION_ID`, `LEVEL4_OPTION_ID`, `OPTION_VALUE`, `LAST_UPDATED_STAMP`, `LAST_UPDATED_TX_STAMP`, `CREATED_STAMP`, `CREATED_TX_STAMP`) VALUES (88, 'C2M-L85X11', 2, 0, 6, 21, null, null, '2018-05-10 12:00:00', '2018-05-10 12:00:00', '2018-05-10 12:00:00', '2018-05-10 12:00:00');
INSERT INTO `direct_mailing_product_option` (`PRODUCT_OPTION_ID`, `PRODUCT_ID`, `LEVEL1_OPTION_ID`, `SEQUENCE_NUM`, `LEVEL2_OPTION_ID`, `LEVEL3_OPTION_ID`, `LEVEL4_OPTION_ID`, `OPTION_VALUE`, `LAST_UPDATED_STAMP`, `LAST_UPDATED_TX_STAMP`, `CREATED_STAMP`, `CREATED_TX_STAMP`) VALUES (89, 'C2M-L85X11', 2, 1, 6, 22, null, null, '2018-05-10 12:00:00', '2018-05-10 12:00:00', '2018-05-10 12:00:00', '2018-05-10 12:00:00');
INSERT INTO `direct_mailing_product_option` (`PRODUCT_OPTION_ID`, `PRODUCT_ID`, `LEVEL1_OPTION_ID`, `SEQUENCE_NUM`, `LEVEL2_OPTION_ID`, `LEVEL3_OPTION_ID`, `LEVEL4_OPTION_ID`, `OPTION_VALUE`, `LAST_UPDATED_STAMP`, `LAST_UPDATED_TX_STAMP`, `CREATED_STAMP`, `CREATED_TX_STAMP`) VALUES (90, 'C2M-L85X11', 2, 2, 6, 23, null, null, '2018-05-10 12:00:00', '2018-05-10 12:00:00', '2018-05-10 12:00:00', '2018-05-10 12:00:00');
INSERT INTO `direct_mailing_product_option` (`PRODUCT_OPTION_ID`, `PRODUCT_ID`, `LEVEL1_OPTION_ID`, `SEQUENCE_NUM`, `LEVEL2_OPTION_ID`, `LEVEL3_OPTION_ID`, `LEVEL4_OPTION_ID`, `OPTION_VALUE`, `LAST_UPDATED_STAMP`, `LAST_UPDATED_TX_STAMP`, `CREATED_STAMP`, `CREATED_TX_STAMP`) VALUES (91, 'C2M-L85X11', 2, 3, 6, 24, null, null, '2018-05-10 12:00:00', '2018-05-10 12:00:00', '2018-05-10 12:00:00', '2018-05-10 12:00:00');
INSERT INTO `direct_mailing_product_option` (`PRODUCT_OPTION_ID`, `PRODUCT_ID`, `LEVEL1_OPTION_ID`, `SEQUENCE_NUM`, `LEVEL2_OPTION_ID`, `LEVEL3_OPTION_ID`, `LEVEL4_OPTION_ID`, `OPTION_VALUE`, `LAST_UPDATED_STAMP`, `LAST_UPDATED_TX_STAMP`, `CREATED_STAMP`, `CREATED_TX_STAMP`) VALUES (92, 'C2M-L85X11', 2, 1, 7, null, null, null, '2018-05-10 12:00:00', '2018-05-10 12:00:00', '2018-05-10 12:00:00', '2018-05-10 12:00:00');
INSERT INTO `direct_mailing_product_option` (`PRODUCT_OPTION_ID`, `PRODUCT_ID`, `LEVEL1_OPTION_ID`, `SEQUENCE_NUM`, `LEVEL2_OPTION_ID`, `LEVEL3_OPTION_ID`, `LEVEL4_OPTION_ID`, `OPTION_VALUE`, `LAST_UPDATED_STAMP`, `LAST_UPDATED_TX_STAMP`, `CREATED_STAMP`, `CREATED_TX_STAMP`) VALUES (93, 'C2M-L85X11', 2, 0, 7, 12, null, null, '2018-05-10 12:00:00', '2018-05-10 12:00:00', '2018-05-10 12:00:00', '2018-05-10 12:00:00');
INSERT INTO `direct_mailing_product_option` (`PRODUCT_OPTION_ID`, `PRODUCT_ID`, `LEVEL1_OPTION_ID`, `SEQUENCE_NUM`, `LEVEL2_OPTION_ID`, `LEVEL3_OPTION_ID`, `LEVEL4_OPTION_ID`, `OPTION_VALUE`, `LAST_UPDATED_STAMP`, `LAST_UPDATED_TX_STAMP`, `CREATED_STAMP`, `CREATED_TX_STAMP`) VALUES (94, 'C2M-L85X11', 2, 0, 7, 12, 14, null, '2018-05-10 12:00:00', '2018-05-10 12:00:00', '2018-05-10 12:00:00', '2018-05-10 12:00:00');
INSERT INTO `direct_mailing_product_option` (`PRODUCT_OPTION_ID`, `PRODUCT_ID`, `LEVEL1_OPTION_ID`, `SEQUENCE_NUM`, `LEVEL2_OPTION_ID`, `LEVEL3_OPTION_ID`, `LEVEL4_OPTION_ID`, `OPTION_VALUE`, `LAST_UPDATED_STAMP`, `LAST_UPDATED_TX_STAMP`, `CREATED_STAMP`, `CREATED_TX_STAMP`) VALUES (95, 'C2M-L85X11', 2, 1, 7, 12, 17, null, '2018-05-10 12:00:00', '2018-05-10 12:00:00', '2018-05-10 12:00:00', '2018-05-10 12:00:00');
INSERT INTO `direct_mailing_product_option` (`PRODUCT_OPTION_ID`, `PRODUCT_ID`, `LEVEL1_OPTION_ID`, `SEQUENCE_NUM`, `LEVEL2_OPTION_ID`, `LEVEL3_OPTION_ID`, `LEVEL4_OPTION_ID`, `OPTION_VALUE`, `LAST_UPDATED_STAMP`, `LAST_UPDATED_TX_STAMP`, `CREATED_STAMP`, `CREATED_TX_STAMP`) VALUES (96, 'C2M-L85X11', 2, 1, 7, 13, null, null, '2018-05-10 12:00:00', '2018-05-10 12:00:00', '2018-05-10 12:00:00', '2018-05-10 12:00:00');
INSERT INTO `direct_mailing_product_option` (`PRODUCT_OPTION_ID`, `PRODUCT_ID`, `LEVEL1_OPTION_ID`, `SEQUENCE_NUM`, `LEVEL2_OPTION_ID`, `LEVEL3_OPTION_ID`, `LEVEL4_OPTION_ID`, `OPTION_VALUE`, `LAST_UPDATED_STAMP`, `LAST_UPDATED_TX_STAMP`, `CREATED_STAMP`, `CREATED_TX_STAMP`) VALUES (97, 'C2M-L85X11', 2, 0, 7, 13, 14, null, '2018-05-10 12:00:00', '2018-05-10 12:00:00', '2018-05-10 12:00:00', '2018-05-10 12:00:00');
INSERT INTO `direct_mailing_product_option` (`PRODUCT_OPTION_ID`, `PRODUCT_ID`, `LEVEL1_OPTION_ID`, `SEQUENCE_NUM`, `LEVEL2_OPTION_ID`, `LEVEL3_OPTION_ID`, `LEVEL4_OPTION_ID`, `OPTION_VALUE`, `LAST_UPDATED_STAMP`, `LAST_UPDATED_TX_STAMP`, `CREATED_STAMP`, `CREATED_TX_STAMP`) VALUES (98, 'C2M-L85X11', 2, 1, 7, 13, 15, null, '2018-05-10 12:00:00', '2018-05-10 12:00:00', '2018-05-10 12:00:00', '2018-05-10 12:00:00');
INSERT INTO `direct_mailing_product_option` (`PRODUCT_OPTION_ID`, `PRODUCT_ID`, `LEVEL1_OPTION_ID`, `SEQUENCE_NUM`, `LEVEL2_OPTION_ID`, `LEVEL3_OPTION_ID`, `LEVEL4_OPTION_ID`, `OPTION_VALUE`, `LAST_UPDATED_STAMP`, `LAST_UPDATED_TX_STAMP`, `CREATED_STAMP`, `CREATED_TX_STAMP`) VALUES (99, 'C2M-L85X11', 2, 2, 7, 13, 16, null, '2018-05-10 12:00:00', '2018-05-10 12:00:00', '2018-05-10 12:00:00', '2018-05-10 12:00:00');
INSERT INTO `direct_mailing_product_option` (`PRODUCT_OPTION_ID`, `PRODUCT_ID`, `LEVEL1_OPTION_ID`, `SEQUENCE_NUM`, `LEVEL2_OPTION_ID`, `LEVEL3_OPTION_ID`, `LEVEL4_OPTION_ID`, `OPTION_VALUE`, `LAST_UPDATED_STAMP`, `LAST_UPDATED_TX_STAMP`, `CREATED_STAMP`, `CREATED_TX_STAMP`) VALUES (100, 'C2M-L85X11', 2, 3, 7, 13, 17, null, '2018-05-10 12:00:00', '2018-05-10 12:00:00', '2018-05-10 12:00:00', '2018-05-10 12:00:00');
INSERT INTO `direct_mailing_product_option` (`PRODUCT_OPTION_ID`, `PRODUCT_ID`, `LEVEL1_OPTION_ID`, `SEQUENCE_NUM`, `LEVEL2_OPTION_ID`, `LEVEL3_OPTION_ID`, `LEVEL4_OPTION_ID`, `OPTION_VALUE`, `LAST_UPDATED_STAMP`, `LAST_UPDATED_TX_STAMP`, `CREATED_STAMP`, `CREATED_TX_STAMP`) VALUES (101, 'C2M-L85X11', 2, 0, 7, 19, null, null, '2018-05-10 12:00:00', '2018-05-10 12:00:00', '2018-05-10 12:00:00', '2018-05-10 12:00:00');
INSERT INTO `direct_mailing_product_option` (`PRODUCT_OPTION_ID`, `PRODUCT_ID`, `LEVEL1_OPTION_ID`, `SEQUENCE_NUM`, `LEVEL2_OPTION_ID`, `LEVEL3_OPTION_ID`, `LEVEL4_OPTION_ID`, `OPTION_VALUE`, `LAST_UPDATED_STAMP`, `LAST_UPDATED_TX_STAMP`, `CREATED_STAMP`, `CREATED_TX_STAMP`) VALUES (102, 'C2M-L85X11', 2, -1, 7, 19, 26, '6', '2018-05-10 12:00:00', '2018-05-10 12:00:00', '2018-05-10 12:00:00', '2018-05-10 12:00:00');
INSERT INTO `direct_mailing_product_option` (`PRODUCT_OPTION_ID`, `PRODUCT_ID`, `LEVEL1_OPTION_ID`, `SEQUENCE_NUM`, `LEVEL2_OPTION_ID`, `LEVEL3_OPTION_ID`, `LEVEL4_OPTION_ID`, `OPTION_VALUE`, `LAST_UPDATED_STAMP`, `LAST_UPDATED_TX_STAMP`, `CREATED_STAMP`, `CREATED_TX_STAMP`) VALUES (103, 'C2M-L85X11', 2, 1, 7, 20, null, null, '2018-05-10 12:00:00', '2018-05-10 12:00:00', '2018-05-10 12:00:00', '2018-05-10 12:00:00');
INSERT INTO `direct_mailing_product_option` (`PRODUCT_OPTION_ID`, `PRODUCT_ID`, `LEVEL1_OPTION_ID`, `SEQUENCE_NUM`, `LEVEL2_OPTION_ID`, `LEVEL3_OPTION_ID`, `LEVEL4_OPTION_ID`, `OPTION_VALUE`, `LAST_UPDATED_STAMP`, `LAST_UPDATED_TX_STAMP`, `CREATED_STAMP`, `CREATED_TX_STAMP`) VALUES (104, 'C2M-L85X11', 2, -1, 7, 20, 26, '12', '2018-05-10 12:00:00', '2018-05-10 12:00:00', '2018-05-10 12:00:00', '2018-05-10 12:00:00');
INSERT INTO `direct_mailing_product_option` (`PRODUCT_OPTION_ID`, `PRODUCT_ID`, `LEVEL1_OPTION_ID`, `SEQUENCE_NUM`, `LEVEL2_OPTION_ID`, `LEVEL3_OPTION_ID`, `LEVEL4_OPTION_ID`, `OPTION_VALUE`, `LAST_UPDATED_STAMP`, `LAST_UPDATED_TX_STAMP`, `CREATED_STAMP`, `CREATED_TX_STAMP`) VALUES (105, 'C2M-L85X11', 2, 0, 7, 21, null, null, '2018-05-10 12:00:00', '2018-05-10 12:00:00', '2018-05-10 12:00:00', '2018-05-10 12:00:00');
INSERT INTO `direct_mailing_product_option` (`PRODUCT_OPTION_ID`, `PRODUCT_ID`, `LEVEL1_OPTION_ID`, `SEQUENCE_NUM`, `LEVEL2_OPTION_ID`, `LEVEL3_OPTION_ID`, `LEVEL4_OPTION_ID`, `OPTION_VALUE`, `LAST_UPDATED_STAMP`, `LAST_UPDATED_TX_STAMP`, `CREATED_STAMP`, `CREATED_TX_STAMP`) VALUES (106, 'C2M-L85X11', 2, 1, 7, 22, null, null, '2018-05-10 12:00:00', '2018-05-10 12:00:00', '2018-05-10 12:00:00', '2018-05-10 12:00:00');
INSERT INTO `direct_mailing_product_option` (`PRODUCT_OPTION_ID`, `PRODUCT_ID`, `LEVEL1_OPTION_ID`, `SEQUENCE_NUM`, `LEVEL2_OPTION_ID`, `LEVEL3_OPTION_ID`, `LEVEL4_OPTION_ID`, `OPTION_VALUE`, `LAST_UPDATED_STAMP`, `LAST_UPDATED_TX_STAMP`, `CREATED_STAMP`, `CREATED_TX_STAMP`) VALUES (107, 'C2M-L85X11', 2, 2, 7, 23, null, null, '2018-05-10 12:00:00', '2018-05-10 12:00:00', '2018-05-10 12:00:00', '2018-05-10 12:00:00');
INSERT INTO `direct_mailing_product_option` (`PRODUCT_OPTION_ID`, `PRODUCT_ID`, `LEVEL1_OPTION_ID`, `SEQUENCE_NUM`, `LEVEL2_OPTION_ID`, `LEVEL3_OPTION_ID`, `LEVEL4_OPTION_ID`, `OPTION_VALUE`, `LAST_UPDATED_STAMP`, `LAST_UPDATED_TX_STAMP`, `CREATED_STAMP`, `CREATED_TX_STAMP`) VALUES (108, 'C2M-L85X11', 2, 3, 7, 24, null, null, '2018-05-10 12:00:00', '2018-05-10 12:00:00', '2018-05-10 12:00:00', '2018-05-10 12:00:00');
INSERT INTO `direct_mailing_product_option` (`PRODUCT_OPTION_ID`, `PRODUCT_ID`, `LEVEL1_OPTION_ID`, `SEQUENCE_NUM`, `LEVEL2_OPTION_ID`, `LEVEL3_OPTION_ID`, `LEVEL4_OPTION_ID`, `OPTION_VALUE`, `LAST_UPDATED_STAMP`, `LAST_UPDATED_TX_STAMP`, `CREATED_STAMP`, `CREATED_TX_STAMP`) VALUES (109, 'C2M-L85X11', 2, 2, 10, null, null, null, '2018-05-10 12:00:00', '2018-05-10 12:00:00', '2018-05-10 12:00:00', '2018-05-10 12:00:00');
INSERT INTO `direct_mailing_product_option` (`PRODUCT_OPTION_ID`, `PRODUCT_ID`, `LEVEL1_OPTION_ID`, `SEQUENCE_NUM`, `LEVEL2_OPTION_ID`, `LEVEL3_OPTION_ID`, `LEVEL4_OPTION_ID`, `OPTION_VALUE`, `LAST_UPDATED_STAMP`, `LAST_UPDATED_TX_STAMP`, `CREATED_STAMP`, `CREATED_TX_STAMP`) VALUES (110, 'C2M-L85X11', 2, 0, 10, 12, null, null, '2018-05-10 12:00:00', '2018-05-10 12:00:00', '2018-05-10 12:00:00', '2018-05-10 12:00:00');
INSERT INTO `direct_mailing_product_option` (`PRODUCT_OPTION_ID`, `PRODUCT_ID`, `LEVEL1_OPTION_ID`, `SEQUENCE_NUM`, `LEVEL2_OPTION_ID`, `LEVEL3_OPTION_ID`, `LEVEL4_OPTION_ID`, `OPTION_VALUE`, `LAST_UPDATED_STAMP`, `LAST_UPDATED_TX_STAMP`, `CREATED_STAMP`, `CREATED_TX_STAMP`) VALUES (111, 'C2M-L85X11', 2, 0, 10, 12, 14, null, '2018-05-10 12:00:00', '2018-05-10 12:00:00', '2018-05-10 12:00:00', '2018-05-10 12:00:00');
INSERT INTO `direct_mailing_product_option` (`PRODUCT_OPTION_ID`, `PRODUCT_ID`, `LEVEL1_OPTION_ID`, `SEQUENCE_NUM`, `LEVEL2_OPTION_ID`, `LEVEL3_OPTION_ID`, `LEVEL4_OPTION_ID`, `OPTION_VALUE`, `LAST_UPDATED_STAMP`, `LAST_UPDATED_TX_STAMP`, `CREATED_STAMP`, `CREATED_TX_STAMP`) VALUES (112, 'C2M-L85X11', 2, 1, 10, 12, 17, null, '2018-05-10 12:00:00', '2018-05-10 12:00:00', '2018-05-10 12:00:00', '2018-05-10 12:00:00');
INSERT INTO `direct_mailing_product_option` (`PRODUCT_OPTION_ID`, `PRODUCT_ID`, `LEVEL1_OPTION_ID`, `SEQUENCE_NUM`, `LEVEL2_OPTION_ID`, `LEVEL3_OPTION_ID`, `LEVEL4_OPTION_ID`, `OPTION_VALUE`, `LAST_UPDATED_STAMP`, `LAST_UPDATED_TX_STAMP`, `CREATED_STAMP`, `CREATED_TX_STAMP`) VALUES (113, 'C2M-L85X11', 2, 1, 10, 13, null, null, '2018-05-10 12:00:00', '2018-05-10 12:00:00', '2018-05-10 12:00:00', '2018-05-10 12:00:00');
INSERT INTO `direct_mailing_product_option` (`PRODUCT_OPTION_ID`, `PRODUCT_ID`, `LEVEL1_OPTION_ID`, `SEQUENCE_NUM`, `LEVEL2_OPTION_ID`, `LEVEL3_OPTION_ID`, `LEVEL4_OPTION_ID`, `OPTION_VALUE`, `LAST_UPDATED_STAMP`, `LAST_UPDATED_TX_STAMP`, `CREATED_STAMP`, `CREATED_TX_STAMP`) VALUES (114, 'C2M-L85X11', 2, 0, 10, 13, 14, null, '2018-05-10 12:00:00', '2018-05-10 12:00:00', '2018-05-10 12:00:00', '2018-05-10 12:00:00');
INSERT INTO `direct_mailing_product_option` (`PRODUCT_OPTION_ID`, `PRODUCT_ID`, `LEVEL1_OPTION_ID`, `SEQUENCE_NUM`, `LEVEL2_OPTION_ID`, `LEVEL3_OPTION_ID`, `LEVEL4_OPTION_ID`, `OPTION_VALUE`, `LAST_UPDATED_STAMP`, `LAST_UPDATED_TX_STAMP`, `CREATED_STAMP`, `CREATED_TX_STAMP`) VALUES (115, 'C2M-L85X11', 2, 1, 10, 13, 15, null, '2018-05-10 12:00:00', '2018-05-10 12:00:00', '2018-05-10 12:00:00', '2018-05-10 12:00:00');
INSERT INTO `direct_mailing_product_option` (`PRODUCT_OPTION_ID`, `PRODUCT_ID`, `LEVEL1_OPTION_ID`, `SEQUENCE_NUM`, `LEVEL2_OPTION_ID`, `LEVEL3_OPTION_ID`, `LEVEL4_OPTION_ID`, `OPTION_VALUE`, `LAST_UPDATED_STAMP`, `LAST_UPDATED_TX_STAMP`, `CREATED_STAMP`, `CREATED_TX_STAMP`) VALUES (116, 'C2M-L85X11', 2, 2, 10, 13, 16, null, '2018-05-10 12:00:00', '2018-05-10 12:00:00', '2018-05-10 12:00:00', '2018-05-10 12:00:00');
INSERT INTO `direct_mailing_product_option` (`PRODUCT_OPTION_ID`, `PRODUCT_ID`, `LEVEL1_OPTION_ID`, `SEQUENCE_NUM`, `LEVEL2_OPTION_ID`, `LEVEL3_OPTION_ID`, `LEVEL4_OPTION_ID`, `OPTION_VALUE`, `LAST_UPDATED_STAMP`, `LAST_UPDATED_TX_STAMP`, `CREATED_STAMP`, `CREATED_TX_STAMP`) VALUES (117, 'C2M-L85X11', 2, 3, 10, 13, 17, null, '2018-05-10 12:00:00', '2018-05-10 12:00:00', '2018-05-10 12:00:00', '2018-05-10 12:00:00');
INSERT INTO `direct_mailing_product_option` (`PRODUCT_OPTION_ID`, `PRODUCT_ID`, `LEVEL1_OPTION_ID`, `SEQUENCE_NUM`, `LEVEL2_OPTION_ID`, `LEVEL3_OPTION_ID`, `LEVEL4_OPTION_ID`, `OPTION_VALUE`, `LAST_UPDATED_STAMP`, `LAST_UPDATED_TX_STAMP`, `CREATED_STAMP`, `CREATED_TX_STAMP`) VALUES (118, 'C2M-L85X11', 2, 0, 10, 19, null, null, '2018-05-10 12:00:00', '2018-05-10 12:00:00', '2018-05-10 12:00:00', '2018-05-10 12:00:00');
INSERT INTO `direct_mailing_product_option` (`PRODUCT_OPTION_ID`, `PRODUCT_ID`, `LEVEL1_OPTION_ID`, `SEQUENCE_NUM`, `LEVEL2_OPTION_ID`, `LEVEL3_OPTION_ID`, `LEVEL4_OPTION_ID`, `OPTION_VALUE`, `LAST_UPDATED_STAMP`, `LAST_UPDATED_TX_STAMP`, `CREATED_STAMP`, `CREATED_TX_STAMP`) VALUES (119, 'C2M-L85X11', 2, -1, 10, 19, 26, '7', '2018-05-10 12:00:00', '2018-05-10 12:00:00', '2018-05-10 12:00:00', '2018-05-10 12:00:00');
INSERT INTO `direct_mailing_product_option` (`PRODUCT_OPTION_ID`, `PRODUCT_ID`, `LEVEL1_OPTION_ID`, `SEQUENCE_NUM`, `LEVEL2_OPTION_ID`, `LEVEL3_OPTION_ID`, `LEVEL4_OPTION_ID`, `OPTION_VALUE`, `LAST_UPDATED_STAMP`, `LAST_UPDATED_TX_STAMP`, `CREATED_STAMP`, `CREATED_TX_STAMP`) VALUES (120, 'C2M-L85X11', 2, 1, 10, 20, null, null, '2018-05-10 12:00:00', '2018-05-10 12:00:00', '2018-05-10 12:00:00', '2018-05-10 12:00:00');
INSERT INTO `direct_mailing_product_option` (`PRODUCT_OPTION_ID`, `PRODUCT_ID`, `LEVEL1_OPTION_ID`, `SEQUENCE_NUM`, `LEVEL2_OPTION_ID`, `LEVEL3_OPTION_ID`, `LEVEL4_OPTION_ID`, `OPTION_VALUE`, `LAST_UPDATED_STAMP`, `LAST_UPDATED_TX_STAMP`, `CREATED_STAMP`, `CREATED_TX_STAMP`) VALUES (121, 'C2M-L85X11', 2, -1, 10, 20, 26, '14', '2018-05-10 12:00:00', '2018-05-10 12:00:00', '2018-05-10 12:00:00', '2018-05-10 12:00:00');
INSERT INTO `direct_mailing_product_option` (`PRODUCT_OPTION_ID`, `PRODUCT_ID`, `LEVEL1_OPTION_ID`, `SEQUENCE_NUM`, `LEVEL2_OPTION_ID`, `LEVEL3_OPTION_ID`, `LEVEL4_OPTION_ID`, `OPTION_VALUE`, `LAST_UPDATED_STAMP`, `LAST_UPDATED_TX_STAMP`, `CREATED_STAMP`, `CREATED_TX_STAMP`) VALUES (122, 'C2M-L85X11', 2, 0, 10, 21, null, null, '2018-05-10 12:00:00', '2018-05-10 12:00:00', '2018-05-10 12:00:00', '2018-05-10 12:00:00');
INSERT INTO `direct_mailing_product_option` (`PRODUCT_OPTION_ID`, `PRODUCT_ID`, `LEVEL1_OPTION_ID`, `SEQUENCE_NUM`, `LEVEL2_OPTION_ID`, `LEVEL3_OPTION_ID`, `LEVEL4_OPTION_ID`, `OPTION_VALUE`, `LAST_UPDATED_STAMP`, `LAST_UPDATED_TX_STAMP`, `CREATED_STAMP`, `CREATED_TX_STAMP`) VALUES (123, 'C2M-L85X11', 2, 1, 10, 22, null, null, '2018-05-10 12:00:00', '2018-05-10 12:00:00', '2018-05-10 12:00:00', '2018-05-10 12:00:00');
INSERT INTO `direct_mailing_product_option` (`PRODUCT_OPTION_ID`, `PRODUCT_ID`, `LEVEL1_OPTION_ID`, `SEQUENCE_NUM`, `LEVEL2_OPTION_ID`, `LEVEL3_OPTION_ID`, `LEVEL4_OPTION_ID`, `OPTION_VALUE`, `LAST_UPDATED_STAMP`, `LAST_UPDATED_TX_STAMP`, `CREATED_STAMP`, `CREATED_TX_STAMP`) VALUES (124, 'C2M-L85X11', 2, 2, 10, 23, null, null, '2018-05-10 12:00:00', '2018-05-10 12:00:00', '2018-05-10 12:00:00', '2018-05-10 12:00:00');
INSERT INTO `direct_mailing_product_option` (`PRODUCT_OPTION_ID`, `PRODUCT_ID`, `LEVEL1_OPTION_ID`, `SEQUENCE_NUM`, `LEVEL2_OPTION_ID`, `LEVEL3_OPTION_ID`, `LEVEL4_OPTION_ID`, `OPTION_VALUE`, `LAST_UPDATED_STAMP`, `LAST_UPDATED_TX_STAMP`, `CREATED_STAMP`, `CREATED_TX_STAMP`) VALUES (125, 'C2M-L85X11', 2, 3, 10, 24, null, null, '2018-05-10 12:00:00', '2018-05-10 12:00:00', '2018-05-10 12:00:00', '2018-05-10 12:00:00');
INSERT INTO `direct_mailing_product_option` (`PRODUCT_OPTION_ID`, `PRODUCT_ID`, `LEVEL1_OPTION_ID`, `SEQUENCE_NUM`, `LEVEL2_OPTION_ID`, `LEVEL3_OPTION_ID`, `LEVEL4_OPTION_ID`, `OPTION_VALUE`, `LAST_UPDATED_STAMP`, `LAST_UPDATED_TX_STAMP`, `CREATED_STAMP`, `CREATED_TX_STAMP`) VALUES (126, 'C2M-L85X11', 2, 3, 11, null, null, null, '2018-05-10 12:00:00', '2018-05-10 12:00:00', '2018-05-10 12:00:00', '2018-05-10 12:00:00');
INSERT INTO `direct_mailing_product_option` (`PRODUCT_OPTION_ID`, `PRODUCT_ID`, `LEVEL1_OPTION_ID`, `SEQUENCE_NUM`, `LEVEL2_OPTION_ID`, `LEVEL3_OPTION_ID`, `LEVEL4_OPTION_ID`, `OPTION_VALUE`, `LAST_UPDATED_STAMP`, `LAST_UPDATED_TX_STAMP`, `CREATED_STAMP`, `CREATED_TX_STAMP`) VALUES (127, 'C2M-L85X11', 2, 0, 11, 12, null, null, '2018-05-10 12:00:00', '2018-05-10 12:00:00', '2018-05-10 12:00:00', '2018-05-10 12:00:00');
INSERT INTO `direct_mailing_product_option` (`PRODUCT_OPTION_ID`, `PRODUCT_ID`, `LEVEL1_OPTION_ID`, `SEQUENCE_NUM`, `LEVEL2_OPTION_ID`, `LEVEL3_OPTION_ID`, `LEVEL4_OPTION_ID`, `OPTION_VALUE`, `LAST_UPDATED_STAMP`, `LAST_UPDATED_TX_STAMP`, `CREATED_STAMP`, `CREATED_TX_STAMP`) VALUES (128, 'C2M-L85X11', 2, 0, 11, 12, 14, null, '2018-05-10 12:00:00', '2018-05-10 12:00:00', '2018-05-10 12:00:00', '2018-05-10 12:00:00');
INSERT INTO `direct_mailing_product_option` (`PRODUCT_OPTION_ID`, `PRODUCT_ID`, `LEVEL1_OPTION_ID`, `SEQUENCE_NUM`, `LEVEL2_OPTION_ID`, `LEVEL3_OPTION_ID`, `LEVEL4_OPTION_ID`, `OPTION_VALUE`, `LAST_UPDATED_STAMP`, `LAST_UPDATED_TX_STAMP`, `CREATED_STAMP`, `CREATED_TX_STAMP`) VALUES (129, 'C2M-L85X11', 2, 1, 11, 12, 17, null, '2018-05-10 12:00:00', '2018-05-10 12:00:00', '2018-05-10 12:00:00', '2018-05-10 12:00:00');
INSERT INTO `direct_mailing_product_option` (`PRODUCT_OPTION_ID`, `PRODUCT_ID`, `LEVEL1_OPTION_ID`, `SEQUENCE_NUM`, `LEVEL2_OPTION_ID`, `LEVEL3_OPTION_ID`, `LEVEL4_OPTION_ID`, `OPTION_VALUE`, `LAST_UPDATED_STAMP`, `LAST_UPDATED_TX_STAMP`, `CREATED_STAMP`, `CREATED_TX_STAMP`) VALUES (130, 'C2M-L85X11', 2, 1, 11, 13, null, null, '2018-05-10 12:00:00', '2018-05-10 12:00:00', '2018-05-10 12:00:00', '2018-05-10 12:00:00');
INSERT INTO `direct_mailing_product_option` (`PRODUCT_OPTION_ID`, `PRODUCT_ID`, `LEVEL1_OPTION_ID`, `SEQUENCE_NUM`, `LEVEL2_OPTION_ID`, `LEVEL3_OPTION_ID`, `LEVEL4_OPTION_ID`, `OPTION_VALUE`, `LAST_UPDATED_STAMP`, `LAST_UPDATED_TX_STAMP`, `CREATED_STAMP`, `CREATED_TX_STAMP`) VALUES (131, 'C2M-L85X11', 2, 0, 11, 13, 14, null, '2018-05-10 12:00:00', '2018-05-10 12:00:00', '2018-05-10 12:00:00', '2018-05-10 12:00:00');
INSERT INTO `direct_mailing_product_option` (`PRODUCT_OPTION_ID`, `PRODUCT_ID`, `LEVEL1_OPTION_ID`, `SEQUENCE_NUM`, `LEVEL2_OPTION_ID`, `LEVEL3_OPTION_ID`, `LEVEL4_OPTION_ID`, `OPTION_VALUE`, `LAST_UPDATED_STAMP`, `LAST_UPDATED_TX_STAMP`, `CREATED_STAMP`, `CREATED_TX_STAMP`) VALUES (132, 'C2M-L85X11', 2, 1, 11, 13, 15, null, '2018-05-10 12:00:00', '2018-05-10 12:00:00', '2018-05-10 12:00:00', '2018-05-10 12:00:00');
INSERT INTO `direct_mailing_product_option` (`PRODUCT_OPTION_ID`, `PRODUCT_ID`, `LEVEL1_OPTION_ID`, `SEQUENCE_NUM`, `LEVEL2_OPTION_ID`, `LEVEL3_OPTION_ID`, `LEVEL4_OPTION_ID`, `OPTION_VALUE`, `LAST_UPDATED_STAMP`, `LAST_UPDATED_TX_STAMP`, `CREATED_STAMP`, `CREATED_TX_STAMP`) VALUES (133, 'C2M-L85X11', 2, 2, 11, 13, 16, null, '2018-05-10 12:00:00', '2018-05-10 12:00:00', '2018-05-10 12:00:00', '2018-05-10 12:00:00');
INSERT INTO `direct_mailing_product_option` (`PRODUCT_OPTION_ID`, `PRODUCT_ID`, `LEVEL1_OPTION_ID`, `SEQUENCE_NUM`, `LEVEL2_OPTION_ID`, `LEVEL3_OPTION_ID`, `LEVEL4_OPTION_ID`, `OPTION_VALUE`, `LAST_UPDATED_STAMP`, `LAST_UPDATED_TX_STAMP`, `CREATED_STAMP`, `CREATED_TX_STAMP`) VALUES (134, 'C2M-L85X11', 2, 3, 11, 13, 17, null, '2018-05-10 12:00:00', '2018-05-10 12:00:00', '2018-05-10 12:00:00', '2018-05-10 12:00:00');
INSERT INTO `direct_mailing_product_option` (`PRODUCT_OPTION_ID`, `PRODUCT_ID`, `LEVEL1_OPTION_ID`, `SEQUENCE_NUM`, `LEVEL2_OPTION_ID`, `LEVEL3_OPTION_ID`, `LEVEL4_OPTION_ID`, `OPTION_VALUE`, `LAST_UPDATED_STAMP`, `LAST_UPDATED_TX_STAMP`, `CREATED_STAMP`, `CREATED_TX_STAMP`) VALUES (135, 'C2M-L85X11', 2, 0, 11, 19, null, null, '2018-05-10 12:00:00', '2018-05-10 12:00:00', '2018-05-10 12:00:00', '2018-05-10 12:00:00');
INSERT INTO `direct_mailing_product_option` (`PRODUCT_OPTION_ID`, `PRODUCT_ID`, `LEVEL1_OPTION_ID`, `SEQUENCE_NUM`, `LEVEL2_OPTION_ID`, `LEVEL3_OPTION_ID`, `LEVEL4_OPTION_ID`, `OPTION_VALUE`, `LAST_UPDATED_STAMP`, `LAST_UPDATED_TX_STAMP`, `CREATED_STAMP`, `CREATED_TX_STAMP`) VALUES (136, 'C2M-L85X11', 2, -1, 11, 19, 26, '48', '2018-05-10 12:00:00', '2018-05-10 12:00:00', '2018-05-10 12:00:00', '2018-05-10 12:00:00');
INSERT INTO `direct_mailing_product_option` (`PRODUCT_OPTION_ID`, `PRODUCT_ID`, `LEVEL1_OPTION_ID`, `SEQUENCE_NUM`, `LEVEL2_OPTION_ID`, `LEVEL3_OPTION_ID`, `LEVEL4_OPTION_ID`, `OPTION_VALUE`, `LAST_UPDATED_STAMP`, `LAST_UPDATED_TX_STAMP`, `CREATED_STAMP`, `CREATED_TX_STAMP`) VALUES (137, 'C2M-L85X11', 2, 1, 11, 20, null, null, '2018-05-10 12:00:00', '2018-05-10 12:00:00', '2018-05-10 12:00:00', '2018-05-10 12:00:00');
INSERT INTO `direct_mailing_product_option` (`PRODUCT_OPTION_ID`, `PRODUCT_ID`, `LEVEL1_OPTION_ID`, `SEQUENCE_NUM`, `LEVEL2_OPTION_ID`, `LEVEL3_OPTION_ID`, `LEVEL4_OPTION_ID`, `OPTION_VALUE`, `LAST_UPDATED_STAMP`, `LAST_UPDATED_TX_STAMP`, `CREATED_STAMP`, `CREATED_TX_STAMP`) VALUES (138, 'C2M-L85X11', 2, -1, 11, 20, 26, '96', '2018-05-10 12:00:00', '2018-05-10 12:00:00', '2018-05-10 12:00:00', '2018-05-10 12:00:00');
INSERT INTO `direct_mailing_product_option` (`PRODUCT_OPTION_ID`, `PRODUCT_ID`, `LEVEL1_OPTION_ID`, `SEQUENCE_NUM`, `LEVEL2_OPTION_ID`, `LEVEL3_OPTION_ID`, `LEVEL4_OPTION_ID`, `OPTION_VALUE`, `LAST_UPDATED_STAMP`, `LAST_UPDATED_TX_STAMP`, `CREATED_STAMP`, `CREATED_TX_STAMP`) VALUES (139, 'C2M-L85X11', 2, 0, 11, 21, null, null, '2018-05-10 12:00:00', '2018-05-10 12:00:00', '2018-05-10 12:00:00', '2018-05-10 12:00:00');
INSERT INTO `direct_mailing_product_option` (`PRODUCT_OPTION_ID`, `PRODUCT_ID`, `LEVEL1_OPTION_ID`, `SEQUENCE_NUM`, `LEVEL2_OPTION_ID`, `LEVEL3_OPTION_ID`, `LEVEL4_OPTION_ID`, `OPTION_VALUE`, `LAST_UPDATED_STAMP`, `LAST_UPDATED_TX_STAMP`, `CREATED_STAMP`, `CREATED_TX_STAMP`) VALUES (140, 'C2M-L85X11', 2, 1, 11, 22, null, null, '2018-05-10 12:00:00', '2018-05-10 12:00:00', '2018-05-10 12:00:00', '2018-05-10 12:00:00');
INSERT INTO `direct_mailing_product_option` (`PRODUCT_OPTION_ID`, `PRODUCT_ID`, `LEVEL1_OPTION_ID`, `SEQUENCE_NUM`, `LEVEL2_OPTION_ID`, `LEVEL3_OPTION_ID`, `LEVEL4_OPTION_ID`, `OPTION_VALUE`, `LAST_UPDATED_STAMP`, `LAST_UPDATED_TX_STAMP`, `CREATED_STAMP`, `CREATED_TX_STAMP`) VALUES (141, 'C2M-L85X11', 3, 2, null, null, null, null, '2018-05-10 12:00:00', '2018-05-10 12:00:00', '2018-05-10 12:00:00', '2018-05-10 12:00:00');
INSERT INTO `direct_mailing_product_option` (`PRODUCT_OPTION_ID`, `PRODUCT_ID`, `LEVEL1_OPTION_ID`, `SEQUENCE_NUM`, `LEVEL2_OPTION_ID`, `LEVEL3_OPTION_ID`, `LEVEL4_OPTION_ID`, `OPTION_VALUE`, `LAST_UPDATED_STAMP`, `LAST_UPDATED_TX_STAMP`, `CREATED_STAMP`, `CREATED_TX_STAMP`) VALUES (142, 'C2M-L85X11', 3, 0, 5, null, null, null, '2018-05-10 12:00:00', '2018-05-10 12:00:00', '2018-05-10 12:00:00', '2018-05-10 12:00:00');
INSERT INTO `direct_mailing_product_option` (`PRODUCT_OPTION_ID`, `PRODUCT_ID`, `LEVEL1_OPTION_ID`, `SEQUENCE_NUM`, `LEVEL2_OPTION_ID`, `LEVEL3_OPTION_ID`, `LEVEL4_OPTION_ID`, `OPTION_VALUE`, `LAST_UPDATED_STAMP`, `LAST_UPDATED_TX_STAMP`, `CREATED_STAMP`, `CREATED_TX_STAMP`) VALUES (143, 'C2M-L85X11', 3, 0, 6, null, null, null, '2018-05-10 12:00:00', '2018-05-10 12:00:00', '2018-05-10 12:00:00', '2018-05-10 12:00:00');
INSERT INTO `direct_mailing_product_option` (`PRODUCT_OPTION_ID`, `PRODUCT_ID`, `LEVEL1_OPTION_ID`, `SEQUENCE_NUM`, `LEVEL2_OPTION_ID`, `LEVEL3_OPTION_ID`, `LEVEL4_OPTION_ID`, `OPTION_VALUE`, `LAST_UPDATED_STAMP`, `LAST_UPDATED_TX_STAMP`, `CREATED_STAMP`, `CREATED_TX_STAMP`) VALUES (144, 'C2M-L85X11', 3, 0, 6, 12, null, null, '2018-05-10 12:00:00', '2018-05-10 12:00:00', '2018-05-10 12:00:00', '2018-05-10 12:00:00');
INSERT INTO `direct_mailing_product_option` (`PRODUCT_OPTION_ID`, `PRODUCT_ID`, `LEVEL1_OPTION_ID`, `SEQUENCE_NUM`, `LEVEL2_OPTION_ID`, `LEVEL3_OPTION_ID`, `LEVEL4_OPTION_ID`, `OPTION_VALUE`, `LAST_UPDATED_STAMP`, `LAST_UPDATED_TX_STAMP`, `CREATED_STAMP`, `CREATED_TX_STAMP`) VALUES (145, 'C2M-L85X11', 3, 0, 6, 12, 18, null, '2018-05-10 12:00:00', '2018-05-10 12:00:00', '2018-05-10 12:00:00', '2018-05-10 12:00:00');
INSERT INTO `direct_mailing_product_option` (`PRODUCT_OPTION_ID`, `PRODUCT_ID`, `LEVEL1_OPTION_ID`, `SEQUENCE_NUM`, `LEVEL2_OPTION_ID`, `LEVEL3_OPTION_ID`, `LEVEL4_OPTION_ID`, `OPTION_VALUE`, `LAST_UPDATED_STAMP`, `LAST_UPDATED_TX_STAMP`, `CREATED_STAMP`, `CREATED_TX_STAMP`) VALUES (146, 'C2M-L85X11', 3, 0, 6, 19, null, null, '2018-05-10 12:00:00', '2018-05-10 12:00:00', '2018-05-10 12:00:00', '2018-05-10 12:00:00');
INSERT INTO `direct_mailing_product_option` (`PRODUCT_OPTION_ID`, `PRODUCT_ID`, `LEVEL1_OPTION_ID`, `SEQUENCE_NUM`, `LEVEL2_OPTION_ID`, `LEVEL3_OPTION_ID`, `LEVEL4_OPTION_ID`, `OPTION_VALUE`, `LAST_UPDATED_STAMP`, `LAST_UPDATED_TX_STAMP`, `CREATED_STAMP`, `CREATED_TX_STAMP`) VALUES (147, 'C2M-L85X11', 3, -1, 6, 19, 26, '7', '2018-05-10 12:00:00', '2018-05-10 12:00:00', '2018-05-10 12:00:00', '2018-05-10 12:00:00');
INSERT INTO `direct_mailing_product_option` (`PRODUCT_OPTION_ID`, `PRODUCT_ID`, `LEVEL1_OPTION_ID`, `SEQUENCE_NUM`, `LEVEL2_OPTION_ID`, `LEVEL3_OPTION_ID`, `LEVEL4_OPTION_ID`, `OPTION_VALUE`, `LAST_UPDATED_STAMP`, `LAST_UPDATED_TX_STAMP`, `CREATED_STAMP`, `CREATED_TX_STAMP`) VALUES (148, 'C2M-L85X11', 3, 1, 6, 20, null, null, '2018-05-10 12:00:00', '2018-05-10 12:00:00', '2018-05-10 12:00:00', '2018-05-10 12:00:00');
INSERT INTO `direct_mailing_product_option` (`PRODUCT_OPTION_ID`, `PRODUCT_ID`, `LEVEL1_OPTION_ID`, `SEQUENCE_NUM`, `LEVEL2_OPTION_ID`, `LEVEL3_OPTION_ID`, `LEVEL4_OPTION_ID`, `OPTION_VALUE`, `LAST_UPDATED_STAMP`, `LAST_UPDATED_TX_STAMP`, `CREATED_STAMP`, `CREATED_TX_STAMP`) VALUES (149, 'C2M-L85X11', 3, -1, 6, 20, 26, '14', '2018-05-10 12:00:00', '2018-05-10 12:00:00', '2018-05-10 12:00:00', '2018-05-10 12:00:00');
INSERT INTO `direct_mailing_product_option` (`PRODUCT_OPTION_ID`, `PRODUCT_ID`, `LEVEL1_OPTION_ID`, `SEQUENCE_NUM`, `LEVEL2_OPTION_ID`, `LEVEL3_OPTION_ID`, `LEVEL4_OPTION_ID`, `OPTION_VALUE`, `LAST_UPDATED_STAMP`, `LAST_UPDATED_TX_STAMP`, `CREATED_STAMP`, `CREATED_TX_STAMP`) VALUES (150, 'C2M-L85X11', 3, 0, 6, 21, null, null, '2018-05-10 12:00:00', '2018-05-10 12:00:00', '2018-05-10 12:00:00', '2018-05-10 12:00:00');
INSERT INTO `direct_mailing_product_option` (`PRODUCT_OPTION_ID`, `PRODUCT_ID`, `LEVEL1_OPTION_ID`, `SEQUENCE_NUM`, `LEVEL2_OPTION_ID`, `LEVEL3_OPTION_ID`, `LEVEL4_OPTION_ID`, `OPTION_VALUE`, `LAST_UPDATED_STAMP`, `LAST_UPDATED_TX_STAMP`, `CREATED_STAMP`, `CREATED_TX_STAMP`) VALUES (151, 'C2M-L85X11', 3, 1, 6, 22, null, null, '2018-05-10 12:00:00', '2018-05-10 12:00:00', '2018-05-10 12:00:00', '2018-05-10 12:00:00');
INSERT INTO `direct_mailing_product_option` (`PRODUCT_OPTION_ID`, `PRODUCT_ID`, `LEVEL1_OPTION_ID`, `SEQUENCE_NUM`, `LEVEL2_OPTION_ID`, `LEVEL3_OPTION_ID`, `LEVEL4_OPTION_ID`, `OPTION_VALUE`, `LAST_UPDATED_STAMP`, `LAST_UPDATED_TX_STAMP`, `CREATED_STAMP`, `CREATED_TX_STAMP`) VALUES (152, 'C2M-L85X11', 3, 2, 6, 23, null, null, '2018-05-10 12:00:00', '2018-05-10 12:00:00', '2018-05-10 12:00:00', '2018-05-10 12:00:00');
INSERT INTO `direct_mailing_product_option` (`PRODUCT_OPTION_ID`, `PRODUCT_ID`, `LEVEL1_OPTION_ID`, `SEQUENCE_NUM`, `LEVEL2_OPTION_ID`, `LEVEL3_OPTION_ID`, `LEVEL4_OPTION_ID`, `OPTION_VALUE`, `LAST_UPDATED_STAMP`, `LAST_UPDATED_TX_STAMP`, `CREATED_STAMP`, `CREATED_TX_STAMP`) VALUES (153, 'C2M-L85X11', 3, 3, 6, 24, null, null, '2018-05-10 12:00:00', '2018-05-10 12:00:00', '2018-05-10 12:00:00', '2018-05-10 12:00:00');
INSERT INTO `direct_mailing_product_option` (`PRODUCT_OPTION_ID`, `PRODUCT_ID`, `LEVEL1_OPTION_ID`, `SEQUENCE_NUM`, `LEVEL2_OPTION_ID`, `LEVEL3_OPTION_ID`, `LEVEL4_OPTION_ID`, `OPTION_VALUE`, `LAST_UPDATED_STAMP`, `LAST_UPDATED_TX_STAMP`, `CREATED_STAMP`, `CREATED_TX_STAMP`) VALUES (154, 'C2M-L85X11', 3, 1, 8, null, null, null, '2018-05-10 12:00:00', '2018-05-10 12:00:00', '2018-05-10 12:00:00', '2018-05-10 12:00:00');
INSERT INTO `direct_mailing_product_option` (`PRODUCT_OPTION_ID`, `PRODUCT_ID`, `LEVEL1_OPTION_ID`, `SEQUENCE_NUM`, `LEVEL2_OPTION_ID`, `LEVEL3_OPTION_ID`, `LEVEL4_OPTION_ID`, `OPTION_VALUE`, `LAST_UPDATED_STAMP`, `LAST_UPDATED_TX_STAMP`, `CREATED_STAMP`, `CREATED_TX_STAMP`) VALUES (155, 'C2M-L85X11', 3, 0, 8, 12, null, null, '2018-05-10 12:00:00', '2018-05-10 12:00:00', '2018-05-10 12:00:00', '2018-05-10 12:00:00');
INSERT INTO `direct_mailing_product_option` (`PRODUCT_OPTION_ID`, `PRODUCT_ID`, `LEVEL1_OPTION_ID`, `SEQUENCE_NUM`, `LEVEL2_OPTION_ID`, `LEVEL3_OPTION_ID`, `LEVEL4_OPTION_ID`, `OPTION_VALUE`, `LAST_UPDATED_STAMP`, `LAST_UPDATED_TX_STAMP`, `CREATED_STAMP`, `CREATED_TX_STAMP`) VALUES (156, 'C2M-L85X11', 3, 0, 8, 12, 14, null, '2018-05-10 12:00:00', '2018-05-10 12:00:00', '2018-05-10 12:00:00', '2018-05-10 12:00:00');
INSERT INTO `direct_mailing_product_option` (`PRODUCT_OPTION_ID`, `PRODUCT_ID`, `LEVEL1_OPTION_ID`, `SEQUENCE_NUM`, `LEVEL2_OPTION_ID`, `LEVEL3_OPTION_ID`, `LEVEL4_OPTION_ID`, `OPTION_VALUE`, `LAST_UPDATED_STAMP`, `LAST_UPDATED_TX_STAMP`, `CREATED_STAMP`, `CREATED_TX_STAMP`) VALUES (157, 'C2M-L85X11', 3, 1, 8, 12, 17, null, '2018-05-10 12:00:00', '2018-05-10 12:00:00', '2018-05-10 12:00:00', '2018-05-10 12:00:00');
INSERT INTO `direct_mailing_product_option` (`PRODUCT_OPTION_ID`, `PRODUCT_ID`, `LEVEL1_OPTION_ID`, `SEQUENCE_NUM`, `LEVEL2_OPTION_ID`, `LEVEL3_OPTION_ID`, `LEVEL4_OPTION_ID`, `OPTION_VALUE`, `LAST_UPDATED_STAMP`, `LAST_UPDATED_TX_STAMP`, `CREATED_STAMP`, `CREATED_TX_STAMP`) VALUES (158, 'C2M-L85X11', 3, 1, 8, 13, null, null, '2018-05-10 12:00:00', '2018-05-10 12:00:00', '2018-05-10 12:00:00', '2018-05-10 12:00:00');
INSERT INTO `direct_mailing_product_option` (`PRODUCT_OPTION_ID`, `PRODUCT_ID`, `LEVEL1_OPTION_ID`, `SEQUENCE_NUM`, `LEVEL2_OPTION_ID`, `LEVEL3_OPTION_ID`, `LEVEL4_OPTION_ID`, `OPTION_VALUE`, `LAST_UPDATED_STAMP`, `LAST_UPDATED_TX_STAMP`, `CREATED_STAMP`, `CREATED_TX_STAMP`) VALUES (159, 'C2M-L85X11', 3, 0, 8, 13, 14, null, '2018-05-10 12:00:00', '2018-05-10 12:00:00', '2018-05-10 12:00:00', '2018-05-10 12:00:00');
INSERT INTO `direct_mailing_product_option` (`PRODUCT_OPTION_ID`, `PRODUCT_ID`, `LEVEL1_OPTION_ID`, `SEQUENCE_NUM`, `LEVEL2_OPTION_ID`, `LEVEL3_OPTION_ID`, `LEVEL4_OPTION_ID`, `OPTION_VALUE`, `LAST_UPDATED_STAMP`, `LAST_UPDATED_TX_STAMP`, `CREATED_STAMP`, `CREATED_TX_STAMP`) VALUES (160, 'C2M-L85X11', 3, 1, 8, 13, 15, null, '2018-05-10 12:00:00', '2018-05-10 12:00:00', '2018-05-10 12:00:00', '2018-05-10 12:00:00');
INSERT INTO `direct_mailing_product_option` (`PRODUCT_OPTION_ID`, `PRODUCT_ID`, `LEVEL1_OPTION_ID`, `SEQUENCE_NUM`, `LEVEL2_OPTION_ID`, `LEVEL3_OPTION_ID`, `LEVEL4_OPTION_ID`, `OPTION_VALUE`, `LAST_UPDATED_STAMP`, `LAST_UPDATED_TX_STAMP`, `CREATED_STAMP`, `CREATED_TX_STAMP`) VALUES (161, 'C2M-L85X11', 3, 2, 8, 13, 16, null, '2018-05-10 12:00:00', '2018-05-10 12:00:00', '2018-05-10 12:00:00', '2018-05-10 12:00:00');
INSERT INTO `direct_mailing_product_option` (`PRODUCT_OPTION_ID`, `PRODUCT_ID`, `LEVEL1_OPTION_ID`, `SEQUENCE_NUM`, `LEVEL2_OPTION_ID`, `LEVEL3_OPTION_ID`, `LEVEL4_OPTION_ID`, `OPTION_VALUE`, `LAST_UPDATED_STAMP`, `LAST_UPDATED_TX_STAMP`, `CREATED_STAMP`, `CREATED_TX_STAMP`) VALUES (162, 'C2M-L85X11', 3, 3, 8, 13, 17, null, '2018-05-10 12:00:00', '2018-05-10 12:00:00', '2018-05-10 12:00:00', '2018-05-10 12:00:00');
INSERT INTO `direct_mailing_product_option` (`PRODUCT_OPTION_ID`, `PRODUCT_ID`, `LEVEL1_OPTION_ID`, `SEQUENCE_NUM`, `LEVEL2_OPTION_ID`, `LEVEL3_OPTION_ID`, `LEVEL4_OPTION_ID`, `OPTION_VALUE`, `LAST_UPDATED_STAMP`, `LAST_UPDATED_TX_STAMP`, `CREATED_STAMP`, `CREATED_TX_STAMP`) VALUES (163, 'C2M-L85X11', 3, 0, 8, 19, null, null, '2018-05-10 12:00:00', '2018-05-10 12:00:00', '2018-05-10 12:00:00', '2018-05-10 12:00:00');
INSERT INTO `direct_mailing_product_option` (`PRODUCT_OPTION_ID`, `PRODUCT_ID`, `LEVEL1_OPTION_ID`, `SEQUENCE_NUM`, `LEVEL2_OPTION_ID`, `LEVEL3_OPTION_ID`, `LEVEL4_OPTION_ID`, `OPTION_VALUE`, `LAST_UPDATED_STAMP`, `LAST_UPDATED_TX_STAMP`, `CREATED_STAMP`, `CREATED_TX_STAMP`) VALUES (164, 'C2M-L85X11', 3, -1, 8, 19, 26, '6', '2018-05-10 12:00:00', '2018-05-10 12:00:00', '2018-05-10 12:00:00', '2018-05-10 12:00:00');
INSERT INTO `direct_mailing_product_option` (`PRODUCT_OPTION_ID`, `PRODUCT_ID`, `LEVEL1_OPTION_ID`, `SEQUENCE_NUM`, `LEVEL2_OPTION_ID`, `LEVEL3_OPTION_ID`, `LEVEL4_OPTION_ID`, `OPTION_VALUE`, `LAST_UPDATED_STAMP`, `LAST_UPDATED_TX_STAMP`, `CREATED_STAMP`, `CREATED_TX_STAMP`) VALUES (165, 'C2M-L85X11', 3, 1, 8, 20, null, null, '2018-05-10 12:00:00', '2018-05-10 12:00:00', '2018-05-10 12:00:00', '2018-05-10 12:00:00');
INSERT INTO `direct_mailing_product_option` (`PRODUCT_OPTION_ID`, `PRODUCT_ID`, `LEVEL1_OPTION_ID`, `SEQUENCE_NUM`, `LEVEL2_OPTION_ID`, `LEVEL3_OPTION_ID`, `LEVEL4_OPTION_ID`, `OPTION_VALUE`, `LAST_UPDATED_STAMP`, `LAST_UPDATED_TX_STAMP`, `CREATED_STAMP`, `CREATED_TX_STAMP`) VALUES (166, 'C2M-L85X11', 3, -1, 8, 20, 26, '12', '2018-05-10 12:00:00', '2018-05-10 12:00:00', '2018-05-10 12:00:00', '2018-05-10 12:00:00');
INSERT INTO `direct_mailing_product_option` (`PRODUCT_OPTION_ID`, `PRODUCT_ID`, `LEVEL1_OPTION_ID`, `SEQUENCE_NUM`, `LEVEL2_OPTION_ID`, `LEVEL3_OPTION_ID`, `LEVEL4_OPTION_ID`, `OPTION_VALUE`, `LAST_UPDATED_STAMP`, `LAST_UPDATED_TX_STAMP`, `CREATED_STAMP`, `CREATED_TX_STAMP`) VALUES (167, 'C2M-L85X11', 3, 0, 8, 21, null, null, '2018-05-10 12:00:00', '2018-05-10 12:00:00', '2018-05-10 12:00:00', '2018-05-10 12:00:00');
INSERT INTO `direct_mailing_product_option` (`PRODUCT_OPTION_ID`, `PRODUCT_ID`, `LEVEL1_OPTION_ID`, `SEQUENCE_NUM`, `LEVEL2_OPTION_ID`, `LEVEL3_OPTION_ID`, `LEVEL4_OPTION_ID`, `OPTION_VALUE`, `LAST_UPDATED_STAMP`, `LAST_UPDATED_TX_STAMP`, `CREATED_STAMP`, `CREATED_TX_STAMP`) VALUES (168, 'C2M-L85X11', 3, 1, 8, 22, null, null, '2018-05-10 12:00:00', '2018-05-10 12:00:00', '2018-05-10 12:00:00', '2018-05-10 12:00:00');
INSERT INTO `direct_mailing_product_option` (`PRODUCT_OPTION_ID`, `PRODUCT_ID`, `LEVEL1_OPTION_ID`, `SEQUENCE_NUM`, `LEVEL2_OPTION_ID`, `LEVEL3_OPTION_ID`, `LEVEL4_OPTION_ID`, `OPTION_VALUE`, `LAST_UPDATED_STAMP`, `LAST_UPDATED_TX_STAMP`, `CREATED_STAMP`, `CREATED_TX_STAMP`) VALUES (169, 'C2M-L85X11', 3, 2, 8, 23, null, null, '2018-05-10 12:00:00', '2018-05-10 12:00:00', '2018-05-10 12:00:00', '2018-05-10 12:00:00');
INSERT INTO `direct_mailing_product_option` (`PRODUCT_OPTION_ID`, `PRODUCT_ID`, `LEVEL1_OPTION_ID`, `SEQUENCE_NUM`, `LEVEL2_OPTION_ID`, `LEVEL3_OPTION_ID`, `LEVEL4_OPTION_ID`, `OPTION_VALUE`, `LAST_UPDATED_STAMP`, `LAST_UPDATED_TX_STAMP`, `CREATED_STAMP`, `CREATED_TX_STAMP`) VALUES (170, 'C2M-L85X11', 3, 3, 8, 24, null, null, '2018-05-10 12:00:00', '2018-05-10 12:00:00', '2018-05-10 12:00:00', '2018-05-10 12:00:00');
INSERT INTO `direct_mailing_product_option` (`PRODUCT_OPTION_ID`, `PRODUCT_ID`, `LEVEL1_OPTION_ID`, `SEQUENCE_NUM`, `LEVEL2_OPTION_ID`, `LEVEL3_OPTION_ID`, `LEVEL4_OPTION_ID`, `OPTION_VALUE`, `LAST_UPDATED_STAMP`, `LAST_UPDATED_TX_STAMP`, `CREATED_STAMP`, `CREATED_TX_STAMP`) VALUES (171, 'C2M-L85X11', 3, 2, 9, null, null, null, '2018-05-10 12:00:00', '2018-05-10 12:00:00', '2018-05-10 12:00:00', '2018-05-10 12:00:00');
INSERT INTO `direct_mailing_product_option` (`PRODUCT_OPTION_ID`, `PRODUCT_ID`, `LEVEL1_OPTION_ID`, `SEQUENCE_NUM`, `LEVEL2_OPTION_ID`, `LEVEL3_OPTION_ID`, `LEVEL4_OPTION_ID`, `OPTION_VALUE`, `LAST_UPDATED_STAMP`, `LAST_UPDATED_TX_STAMP`, `CREATED_STAMP`, `CREATED_TX_STAMP`) VALUES (172, 'C2M-L85X11', 3, 0, 9, 12, null, null, '2018-05-10 12:00:00', '2018-05-10 12:00:00', '2018-05-10 12:00:00', '2018-05-10 12:00:00');
INSERT INTO `direct_mailing_product_option` (`PRODUCT_OPTION_ID`, `PRODUCT_ID`, `LEVEL1_OPTION_ID`, `SEQUENCE_NUM`, `LEVEL2_OPTION_ID`, `LEVEL3_OPTION_ID`, `LEVEL4_OPTION_ID`, `OPTION_VALUE`, `LAST_UPDATED_STAMP`, `LAST_UPDATED_TX_STAMP`, `CREATED_STAMP`, `CREATED_TX_STAMP`) VALUES (173, 'C2M-L85X11', 3, 0, 9, 12, 14, null, '2018-05-10 12:00:00', '2018-05-10 12:00:00', '2018-05-10 12:00:00', '2018-05-10 12:00:00');
INSERT INTO `direct_mailing_product_option` (`PRODUCT_OPTION_ID`, `PRODUCT_ID`, `LEVEL1_OPTION_ID`, `SEQUENCE_NUM`, `LEVEL2_OPTION_ID`, `LEVEL3_OPTION_ID`, `LEVEL4_OPTION_ID`, `OPTION_VALUE`, `LAST_UPDATED_STAMP`, `LAST_UPDATED_TX_STAMP`, `CREATED_STAMP`, `CREATED_TX_STAMP`) VALUES (174, 'C2M-L85X11', 3, 1, 9, 12, 17, null, '2018-05-10 12:00:00', '2018-05-10 12:00:00', '2018-05-10 12:00:00', '2018-05-10 12:00:00');
INSERT INTO `direct_mailing_product_option` (`PRODUCT_OPTION_ID`, `PRODUCT_ID`, `LEVEL1_OPTION_ID`, `SEQUENCE_NUM`, `LEVEL2_OPTION_ID`, `LEVEL3_OPTION_ID`, `LEVEL4_OPTION_ID`, `OPTION_VALUE`, `LAST_UPDATED_STAMP`, `LAST_UPDATED_TX_STAMP`, `CREATED_STAMP`, `CREATED_TX_STAMP`) VALUES (175, 'C2M-L85X11', 3, 1, 9, 13, null, null, '2018-05-10 12:00:00', '2018-05-10 12:00:00', '2018-05-10 12:00:00', '2018-05-10 12:00:00');
INSERT INTO `direct_mailing_product_option` (`PRODUCT_OPTION_ID`, `PRODUCT_ID`, `LEVEL1_OPTION_ID`, `SEQUENCE_NUM`, `LEVEL2_OPTION_ID`, `LEVEL3_OPTION_ID`, `LEVEL4_OPTION_ID`, `OPTION_VALUE`, `LAST_UPDATED_STAMP`, `LAST_UPDATED_TX_STAMP`, `CREATED_STAMP`, `CREATED_TX_STAMP`) VALUES (176, 'C2M-L85X11', 3, 0, 9, 13, 14, null, '2018-05-10 12:00:00', '2018-05-10 12:00:00', '2018-05-10 12:00:00', '2018-05-10 12:00:00');
INSERT INTO `direct_mailing_product_option` (`PRODUCT_OPTION_ID`, `PRODUCT_ID`, `LEVEL1_OPTION_ID`, `SEQUENCE_NUM`, `LEVEL2_OPTION_ID`, `LEVEL3_OPTION_ID`, `LEVEL4_OPTION_ID`, `OPTION_VALUE`, `LAST_UPDATED_STAMP`, `LAST_UPDATED_TX_STAMP`, `CREATED_STAMP`, `CREATED_TX_STAMP`) VALUES (177, 'C2M-L85X11', 3, 1, 9, 13, 15, null, '2018-05-10 12:00:00', '2018-05-10 12:00:00', '2018-05-10 12:00:00', '2018-05-10 12:00:00');
INSERT INTO `direct_mailing_product_option` (`PRODUCT_OPTION_ID`, `PRODUCT_ID`, `LEVEL1_OPTION_ID`, `SEQUENCE_NUM`, `LEVEL2_OPTION_ID`, `LEVEL3_OPTION_ID`, `LEVEL4_OPTION_ID`, `OPTION_VALUE`, `LAST_UPDATED_STAMP`, `LAST_UPDATED_TX_STAMP`, `CREATED_STAMP`, `CREATED_TX_STAMP`) VALUES (178, 'C2M-L85X11', 3, 2, 9, 13, 16, null, '2018-05-10 12:00:00', '2018-05-10 12:00:00', '2018-05-10 12:00:00', '2018-05-10 12:00:00');
INSERT INTO `direct_mailing_product_option` (`PRODUCT_OPTION_ID`, `PRODUCT_ID`, `LEVEL1_OPTION_ID`, `SEQUENCE_NUM`, `LEVEL2_OPTION_ID`, `LEVEL3_OPTION_ID`, `LEVEL4_OPTION_ID`, `OPTION_VALUE`, `LAST_UPDATED_STAMP`, `LAST_UPDATED_TX_STAMP`, `CREATED_STAMP`, `CREATED_TX_STAMP`) VALUES (179, 'C2M-L85X11', 3, 3, 9, 13, 17, null, '2018-05-10 12:00:00', '2018-05-10 12:00:00', '2018-05-10 12:00:00', '2018-05-10 12:00:00');
INSERT INTO `direct_mailing_product_option` (`PRODUCT_OPTION_ID`, `PRODUCT_ID`, `LEVEL1_OPTION_ID`, `SEQUENCE_NUM`, `LEVEL2_OPTION_ID`, `LEVEL3_OPTION_ID`, `LEVEL4_OPTION_ID`, `OPTION_VALUE`, `LAST_UPDATED_STAMP`, `LAST_UPDATED_TX_STAMP`, `CREATED_STAMP`, `CREATED_TX_STAMP`) VALUES (180, 'C2M-L85X11', 3, 0, 9, 19, null, null, '2018-05-10 12:00:00', '2018-05-10 12:00:00', '2018-05-10 12:00:00', '2018-05-10 12:00:00');
INSERT INTO `direct_mailing_product_option` (`PRODUCT_OPTION_ID`, `PRODUCT_ID`, `LEVEL1_OPTION_ID`, `SEQUENCE_NUM`, `LEVEL2_OPTION_ID`, `LEVEL3_OPTION_ID`, `LEVEL4_OPTION_ID`, `OPTION_VALUE`, `LAST_UPDATED_STAMP`, `LAST_UPDATED_TX_STAMP`, `CREATED_STAMP`, `CREATED_TX_STAMP`) VALUES (181, 'C2M-L85X11', 3, -1, 9, 19, 26, '7', '2018-05-10 12:00:00', '2018-05-10 12:00:00', '2018-05-10 12:00:00', '2018-05-10 12:00:00');
INSERT INTO `direct_mailing_product_option` (`PRODUCT_OPTION_ID`, `PRODUCT_ID`, `LEVEL1_OPTION_ID`, `SEQUENCE_NUM`, `LEVEL2_OPTION_ID`, `LEVEL3_OPTION_ID`, `LEVEL4_OPTION_ID`, `OPTION_VALUE`, `LAST_UPDATED_STAMP`, `LAST_UPDATED_TX_STAMP`, `CREATED_STAMP`, `CREATED_TX_STAMP`) VALUES (182, 'C2M-L85X11', 3, 1, 9, 20, null, null, '2018-05-10 12:00:00', '2018-05-10 12:00:00', '2018-05-10 12:00:00', '2018-05-10 12:00:00');
INSERT INTO `direct_mailing_product_option` (`PRODUCT_OPTION_ID`, `PRODUCT_ID`, `LEVEL1_OPTION_ID`, `SEQUENCE_NUM`, `LEVEL2_OPTION_ID`, `LEVEL3_OPTION_ID`, `LEVEL4_OPTION_ID`, `OPTION_VALUE`, `LAST_UPDATED_STAMP`, `LAST_UPDATED_TX_STAMP`, `CREATED_STAMP`, `CREATED_TX_STAMP`) VALUES (183, 'C2M-L85X11', 3, -1, 9, 20, 26, '14', '2018-05-10 12:00:00', '2018-05-10 12:00:00', '2018-05-10 12:00:00', '2018-05-10 12:00:00');
INSERT INTO `direct_mailing_product_option` (`PRODUCT_OPTION_ID`, `PRODUCT_ID`, `LEVEL1_OPTION_ID`, `SEQUENCE_NUM`, `LEVEL2_OPTION_ID`, `LEVEL3_OPTION_ID`, `LEVEL4_OPTION_ID`, `OPTION_VALUE`, `LAST_UPDATED_STAMP`, `LAST_UPDATED_TX_STAMP`, `CREATED_STAMP`, `CREATED_TX_STAMP`) VALUES (184, 'C2M-L85X11', 3, 0, 9, 21, null, null, '2018-05-10 12:00:00', '2018-05-10 12:00:00', '2018-05-10 12:00:00', '2018-05-10 12:00:00');
INSERT INTO `direct_mailing_product_option` (`PRODUCT_OPTION_ID`, `PRODUCT_ID`, `LEVEL1_OPTION_ID`, `SEQUENCE_NUM`, `LEVEL2_OPTION_ID`, `LEVEL3_OPTION_ID`, `LEVEL4_OPTION_ID`, `OPTION_VALUE`, `LAST_UPDATED_STAMP`, `LAST_UPDATED_TX_STAMP`, `CREATED_STAMP`, `CREATED_TX_STAMP`) VALUES (185, 'C2M-L85X11', 3, 1, 9, 22, null, null, '2018-05-10 12:00:00', '2018-05-10 12:00:00', '2018-05-10 12:00:00', '2018-05-10 12:00:00');
INSERT INTO `direct_mailing_product_option` (`PRODUCT_OPTION_ID`, `PRODUCT_ID`, `LEVEL1_OPTION_ID`, `SEQUENCE_NUM`, `LEVEL2_OPTION_ID`, `LEVEL3_OPTION_ID`, `LEVEL4_OPTION_ID`, `OPTION_VALUE`, `LAST_UPDATED_STAMP`, `LAST_UPDATED_TX_STAMP`, `CREATED_STAMP`, `CREATED_TX_STAMP`) VALUES (186, 'C2M-L85X11', 3, 2, 9, 23, null, null, '2018-05-10 12:00:00', '2018-05-10 12:00:00', '2018-05-10 12:00:00', '2018-05-10 12:00:00');
INSERT INTO `direct_mailing_product_option` (`PRODUCT_OPTION_ID`, `PRODUCT_ID`, `LEVEL1_OPTION_ID`, `SEQUENCE_NUM`, `LEVEL2_OPTION_ID`, `LEVEL3_OPTION_ID`, `LEVEL4_OPTION_ID`, `OPTION_VALUE`, `LAST_UPDATED_STAMP`, `LAST_UPDATED_TX_STAMP`, `CREATED_STAMP`, `CREATED_TX_STAMP`) VALUES (187, 'C2M-L85X11', 3, 3, 9, 24, null, null, '2018-05-10 12:00:00', '2018-05-10 12:00:00', '2018-05-10 12:00:00', '2018-05-10 12:00:00');
INSERT INTO `direct_mailing_product_option` (`PRODUCT_OPTION_ID`, `PRODUCT_ID`, `LEVEL1_OPTION_ID`, `SEQUENCE_NUM`, `LEVEL2_OPTION_ID`, `LEVEL3_OPTION_ID`, `LEVEL4_OPTION_ID`, `OPTION_VALUE`, `LAST_UPDATED_STAMP`, `LAST_UPDATED_TX_STAMP`, `CREATED_STAMP`, `CREATED_TX_STAMP`) VALUES (188, 'C2M-L85X11', 4, 3, null, null, null, null, '2018-05-10 12:00:00', '2018-05-10 12:00:00', '2018-05-10 12:00:00', '2018-05-10 12:00:00');
INSERT INTO `direct_mailing_product_option` (`PRODUCT_OPTION_ID`, `PRODUCT_ID`, `LEVEL1_OPTION_ID`, `SEQUENCE_NUM`, `LEVEL2_OPTION_ID`, `LEVEL3_OPTION_ID`, `LEVEL4_OPTION_ID`, `OPTION_VALUE`, `LAST_UPDATED_STAMP`, `LAST_UPDATED_TX_STAMP`, `CREATED_STAMP`, `CREATED_TX_STAMP`) VALUES (189, 'C2M-L85X11', 4, 0, 5, null, null, null, '2018-05-10 12:00:00', '2018-05-10 12:00:00', '2018-05-10 12:00:00', '2018-05-10 12:00:00');
INSERT INTO `direct_mailing_product_option` (`PRODUCT_OPTION_ID`, `PRODUCT_ID`, `LEVEL1_OPTION_ID`, `SEQUENCE_NUM`, `LEVEL2_OPTION_ID`, `LEVEL3_OPTION_ID`, `LEVEL4_OPTION_ID`, `OPTION_VALUE`, `LAST_UPDATED_STAMP`, `LAST_UPDATED_TX_STAMP`, `CREATED_STAMP`, `CREATED_TX_STAMP`) VALUES (190, 'C2M-L85X11', 4, 0, 6, null, null, null, '2018-05-10 12:00:00', '2018-05-10 12:00:00', '2018-05-10 12:00:00', '2018-05-10 12:00:00');
INSERT INTO `direct_mailing_product_option` (`PRODUCT_OPTION_ID`, `PRODUCT_ID`, `LEVEL1_OPTION_ID`, `SEQUENCE_NUM`, `LEVEL2_OPTION_ID`, `LEVEL3_OPTION_ID`, `LEVEL4_OPTION_ID`, `OPTION_VALUE`, `LAST_UPDATED_STAMP`, `LAST_UPDATED_TX_STAMP`, `CREATED_STAMP`, `CREATED_TX_STAMP`) VALUES (191, 'C2M-L85X11', 4, 0, 6, 12, null, null, '2018-05-10 12:00:00', '2018-05-10 12:00:00', '2018-05-10 12:00:00', '2018-05-10 12:00:00');
INSERT INTO `direct_mailing_product_option` (`PRODUCT_OPTION_ID`, `PRODUCT_ID`, `LEVEL1_OPTION_ID`, `SEQUENCE_NUM`, `LEVEL2_OPTION_ID`, `LEVEL3_OPTION_ID`, `LEVEL4_OPTION_ID`, `OPTION_VALUE`, `LAST_UPDATED_STAMP`, `LAST_UPDATED_TX_STAMP`, `CREATED_STAMP`, `CREATED_TX_STAMP`) VALUES (192, 'C2M-L85X11', 4, 0, 6, 12, 14, null, '2018-05-10 12:00:00', '2018-05-10 12:00:00', '2018-05-10 12:00:00', '2018-05-10 12:00:00');
INSERT INTO `direct_mailing_product_option` (`PRODUCT_OPTION_ID`, `PRODUCT_ID`, `LEVEL1_OPTION_ID`, `SEQUENCE_NUM`, `LEVEL2_OPTION_ID`, `LEVEL3_OPTION_ID`, `LEVEL4_OPTION_ID`, `OPTION_VALUE`, `LAST_UPDATED_STAMP`, `LAST_UPDATED_TX_STAMP`, `CREATED_STAMP`, `CREATED_TX_STAMP`) VALUES (193, 'C2M-L85X11', 4, 1, 6, 12, 17, null, '2018-05-10 12:00:00', '2018-05-10 12:00:00', '2018-05-10 12:00:00', '2018-05-10 12:00:00');
INSERT INTO `direct_mailing_product_option` (`PRODUCT_OPTION_ID`, `PRODUCT_ID`, `LEVEL1_OPTION_ID`, `SEQUENCE_NUM`, `LEVEL2_OPTION_ID`, `LEVEL3_OPTION_ID`, `LEVEL4_OPTION_ID`, `OPTION_VALUE`, `LAST_UPDATED_STAMP`, `LAST_UPDATED_TX_STAMP`, `CREATED_STAMP`, `CREATED_TX_STAMP`) VALUES (194, 'C2M-L85X11', 4, 1, 6, 13, null, null, '2018-05-10 12:00:00', '2018-05-10 12:00:00', '2018-05-10 12:00:00', '2018-05-10 12:00:00');
INSERT INTO `direct_mailing_product_option` (`PRODUCT_OPTION_ID`, `PRODUCT_ID`, `LEVEL1_OPTION_ID`, `SEQUENCE_NUM`, `LEVEL2_OPTION_ID`, `LEVEL3_OPTION_ID`, `LEVEL4_OPTION_ID`, `OPTION_VALUE`, `LAST_UPDATED_STAMP`, `LAST_UPDATED_TX_STAMP`, `CREATED_STAMP`, `CREATED_TX_STAMP`) VALUES (195, 'C2M-L85X11', 4, 0, 6, 13, 14, null, '2018-05-10 12:00:00', '2018-05-10 12:00:00', '2018-05-10 12:00:00', '2018-05-10 12:00:00');
INSERT INTO `direct_mailing_product_option` (`PRODUCT_OPTION_ID`, `PRODUCT_ID`, `LEVEL1_OPTION_ID`, `SEQUENCE_NUM`, `LEVEL2_OPTION_ID`, `LEVEL3_OPTION_ID`, `LEVEL4_OPTION_ID`, `OPTION_VALUE`, `LAST_UPDATED_STAMP`, `LAST_UPDATED_TX_STAMP`, `CREATED_STAMP`, `CREATED_TX_STAMP`) VALUES (196, 'C2M-L85X11', 4, 1, 6, 13, 15, null, '2018-05-10 12:00:00', '2018-05-10 12:00:00', '2018-05-10 12:00:00', '2018-05-10 12:00:00');
INSERT INTO `direct_mailing_product_option` (`PRODUCT_OPTION_ID`, `PRODUCT_ID`, `LEVEL1_OPTION_ID`, `SEQUENCE_NUM`, `LEVEL2_OPTION_ID`, `LEVEL3_OPTION_ID`, `LEVEL4_OPTION_ID`, `OPTION_VALUE`, `LAST_UPDATED_STAMP`, `LAST_UPDATED_TX_STAMP`, `CREATED_STAMP`, `CREATED_TX_STAMP`) VALUES (197, 'C2M-L85X11', 4, 2, 6, 13, 16, null, '2018-05-10 12:00:00', '2018-05-10 12:00:00', '2018-05-10 12:00:00', '2018-05-10 12:00:00');
INSERT INTO `direct_mailing_product_option` (`PRODUCT_OPTION_ID`, `PRODUCT_ID`, `LEVEL1_OPTION_ID`, `SEQUENCE_NUM`, `LEVEL2_OPTION_ID`, `LEVEL3_OPTION_ID`, `LEVEL4_OPTION_ID`, `OPTION_VALUE`, `LAST_UPDATED_STAMP`, `LAST_UPDATED_TX_STAMP`, `CREATED_STAMP`, `CREATED_TX_STAMP`) VALUES (198, 'C2M-L85X11', 4, 3, 6, 13, 17, null, '2018-05-10 12:00:00', '2018-05-10 12:00:00', '2018-05-10 12:00:00', '2018-05-10 12:00:00');
INSERT INTO `direct_mailing_product_option` (`PRODUCT_OPTION_ID`, `PRODUCT_ID`, `LEVEL1_OPTION_ID`, `SEQUENCE_NUM`, `LEVEL2_OPTION_ID`, `LEVEL3_OPTION_ID`, `LEVEL4_OPTION_ID`, `OPTION_VALUE`, `LAST_UPDATED_STAMP`, `LAST_UPDATED_TX_STAMP`, `CREATED_STAMP`, `CREATED_TX_STAMP`) VALUES (199, 'C2M-L85X11', 4, 1, 6, 20, null, null, '2018-05-10 12:00:00', '2018-05-10 12:00:00', '2018-05-10 12:00:00', '2018-05-10 12:00:00');
INSERT INTO `direct_mailing_product_option` (`PRODUCT_OPTION_ID`, `PRODUCT_ID`, `LEVEL1_OPTION_ID`, `SEQUENCE_NUM`, `LEVEL2_OPTION_ID`, `LEVEL3_OPTION_ID`, `LEVEL4_OPTION_ID`, `OPTION_VALUE`, `LAST_UPDATED_STAMP`, `LAST_UPDATED_TX_STAMP`, `CREATED_STAMP`, `CREATED_TX_STAMP`) VALUES (200, 'C2M-L85X11', 4, -1, 6, 20, 26, '96', '2018-05-10 12:00:00', '2018-05-10 12:00:00', '2018-05-10 12:00:00', '2018-05-10 12:00:00');
INSERT INTO `direct_mailing_product_option` (`PRODUCT_OPTION_ID`, `PRODUCT_ID`, `LEVEL1_OPTION_ID`, `SEQUENCE_NUM`, `LEVEL2_OPTION_ID`, `LEVEL3_OPTION_ID`, `LEVEL4_OPTION_ID`, `OPTION_VALUE`, `LAST_UPDATED_STAMP`, `LAST_UPDATED_TX_STAMP`, `CREATED_STAMP`, `CREATED_TX_STAMP`) VALUES (201, 'C2M-L85X11', 4, 0, 6, 21, null, null, '2018-05-10 12:00:00', '2018-05-10 12:00:00', '2018-05-10 12:00:00', '2018-05-10 12:00:00');
INSERT INTO `direct_mailing_product_option` (`PRODUCT_OPTION_ID`, `PRODUCT_ID`, `LEVEL1_OPTION_ID`, `SEQUENCE_NUM`, `LEVEL2_OPTION_ID`, `LEVEL3_OPTION_ID`, `LEVEL4_OPTION_ID`, `OPTION_VALUE`, `LAST_UPDATED_STAMP`, `LAST_UPDATED_TX_STAMP`, `CREATED_STAMP`, `CREATED_TX_STAMP`) VALUES (202, 'C2M-L85X11', 4, 1, 6, 22, null, null, '2018-05-10 12:00:00', '2018-05-10 12:00:00', '2018-05-10 12:00:00', '2018-05-10 12:00:00');
INSERT INTO `direct_mailing_product_option` (`PRODUCT_OPTION_ID`, `PRODUCT_ID`, `LEVEL1_OPTION_ID`, `SEQUENCE_NUM`, `LEVEL2_OPTION_ID`, `LEVEL3_OPTION_ID`, `LEVEL4_OPTION_ID`, `OPTION_VALUE`, `LAST_UPDATED_STAMP`, `LAST_UPDATED_TX_STAMP`, `CREATED_STAMP`, `CREATED_TX_STAMP`) VALUES (203, 'C2M-L85X11', 4, 2, 6, 23, null, null, '2018-05-10 12:00:00', '2018-05-10 12:00:00', '2018-05-10 12:00:00', '2018-05-10 12:00:00');
INSERT INTO `direct_mailing_product_option` (`PRODUCT_OPTION_ID`, `PRODUCT_ID`, `LEVEL1_OPTION_ID`, `SEQUENCE_NUM`, `LEVEL2_OPTION_ID`, `LEVEL3_OPTION_ID`, `LEVEL4_OPTION_ID`, `OPTION_VALUE`, `LAST_UPDATED_STAMP`, `LAST_UPDATED_TX_STAMP`, `CREATED_STAMP`, `CREATED_TX_STAMP`) VALUES (204, 'C2M-L85X11', 4, 3, 6, 24, null, null, '2018-05-10 12:00:00', '2018-05-10 12:00:00', '2018-05-10 12:00:00', '2018-05-10 12:00:00');
INSERT INTO `direct_mailing_product_option` (`PRODUCT_OPTION_ID`, `PRODUCT_ID`, `LEVEL1_OPTION_ID`, `SEQUENCE_NUM`, `LEVEL2_OPTION_ID`, `LEVEL3_OPTION_ID`, `LEVEL4_OPTION_ID`, `OPTION_VALUE`, `LAST_UPDATED_STAMP`, `LAST_UPDATED_TX_STAMP`, `CREATED_STAMP`, `CREATED_TX_STAMP`) VALUES (205, 'C2M-L85X11', 4, 1, 7, null, null, null, '2018-05-10 12:00:00', '2018-05-10 12:00:00', '2018-05-10 12:00:00', '2018-05-10 12:00:00');
INSERT INTO `direct_mailing_product_option` (`PRODUCT_OPTION_ID`, `PRODUCT_ID`, `LEVEL1_OPTION_ID`, `SEQUENCE_NUM`, `LEVEL2_OPTION_ID`, `LEVEL3_OPTION_ID`, `LEVEL4_OPTION_ID`, `OPTION_VALUE`, `LAST_UPDATED_STAMP`, `LAST_UPDATED_TX_STAMP`, `CREATED_STAMP`, `CREATED_TX_STAMP`) VALUES (206, 'C2M-L85X11', 4, 0, 7, 12, null, null, '2018-05-10 12:00:00', '2018-05-10 12:00:00', '2018-05-10 12:00:00', '2018-05-10 12:00:00');
INSERT INTO `direct_mailing_product_option` (`PRODUCT_OPTION_ID`, `PRODUCT_ID`, `LEVEL1_OPTION_ID`, `SEQUENCE_NUM`, `LEVEL2_OPTION_ID`, `LEVEL3_OPTION_ID`, `LEVEL4_OPTION_ID`, `OPTION_VALUE`, `LAST_UPDATED_STAMP`, `LAST_UPDATED_TX_STAMP`, `CREATED_STAMP`, `CREATED_TX_STAMP`) VALUES (207, 'C2M-L85X11', 4, 0, 7, 12, 14, null, '2018-05-10 12:00:00', '2018-05-10 12:00:00', '2018-05-10 12:00:00', '2018-05-10 12:00:00');
INSERT INTO `direct_mailing_product_option` (`PRODUCT_OPTION_ID`, `PRODUCT_ID`, `LEVEL1_OPTION_ID`, `SEQUENCE_NUM`, `LEVEL2_OPTION_ID`, `LEVEL3_OPTION_ID`, `LEVEL4_OPTION_ID`, `OPTION_VALUE`, `LAST_UPDATED_STAMP`, `LAST_UPDATED_TX_STAMP`, `CREATED_STAMP`, `CREATED_TX_STAMP`) VALUES (208, 'C2M-L85X11', 4, 1, 7, 12, 17, null, '2018-05-10 12:00:00', '2018-05-10 12:00:00', '2018-05-10 12:00:00', '2018-05-10 12:00:00');
INSERT INTO `direct_mailing_product_option` (`PRODUCT_OPTION_ID`, `PRODUCT_ID`, `LEVEL1_OPTION_ID`, `SEQUENCE_NUM`, `LEVEL2_OPTION_ID`, `LEVEL3_OPTION_ID`, `LEVEL4_OPTION_ID`, `OPTION_VALUE`, `LAST_UPDATED_STAMP`, `LAST_UPDATED_TX_STAMP`, `CREATED_STAMP`, `CREATED_TX_STAMP`) VALUES (209, 'C2M-L85X11', 4, 1, 7, 13, null, null, '2018-05-10 12:00:00', '2018-05-10 12:00:00', '2018-05-10 12:00:00', '2018-05-10 12:00:00');
INSERT INTO `direct_mailing_product_option` (`PRODUCT_OPTION_ID`, `PRODUCT_ID`, `LEVEL1_OPTION_ID`, `SEQUENCE_NUM`, `LEVEL2_OPTION_ID`, `LEVEL3_OPTION_ID`, `LEVEL4_OPTION_ID`, `OPTION_VALUE`, `LAST_UPDATED_STAMP`, `LAST_UPDATED_TX_STAMP`, `CREATED_STAMP`, `CREATED_TX_STAMP`) VALUES (210, 'C2M-L85X11', 4, 0, 7, 13, 14, null, '2018-05-10 12:00:00', '2018-05-10 12:00:00', '2018-05-10 12:00:00', '2018-05-10 12:00:00');
INSERT INTO `direct_mailing_product_option` (`PRODUCT_OPTION_ID`, `PRODUCT_ID`, `LEVEL1_OPTION_ID`, `SEQUENCE_NUM`, `LEVEL2_OPTION_ID`, `LEVEL3_OPTION_ID`, `LEVEL4_OPTION_ID`, `OPTION_VALUE`, `LAST_UPDATED_STAMP`, `LAST_UPDATED_TX_STAMP`, `CREATED_STAMP`, `CREATED_TX_STAMP`) VALUES (211, 'C2M-L85X11', 4, 1, 7, 13, 15, null, '2018-05-10 12:00:00', '2018-05-10 12:00:00', '2018-05-10 12:00:00', '2018-05-10 12:00:00');
INSERT INTO `direct_mailing_product_option` (`PRODUCT_OPTION_ID`, `PRODUCT_ID`, `LEVEL1_OPTION_ID`, `SEQUENCE_NUM`, `LEVEL2_OPTION_ID`, `LEVEL3_OPTION_ID`, `LEVEL4_OPTION_ID`, `OPTION_VALUE`, `LAST_UPDATED_STAMP`, `LAST_UPDATED_TX_STAMP`, `CREATED_STAMP`, `CREATED_TX_STAMP`) VALUES (212, 'C2M-L85X11', 4, 2, 7, 13, 16, null, '2018-05-10 12:00:00', '2018-05-10 12:00:00', '2018-05-10 12:00:00', '2018-05-10 12:00:00');
INSERT INTO `direct_mailing_product_option` (`PRODUCT_OPTION_ID`, `PRODUCT_ID`, `LEVEL1_OPTION_ID`, `SEQUENCE_NUM`, `LEVEL2_OPTION_ID`, `LEVEL3_OPTION_ID`, `LEVEL4_OPTION_ID`, `OPTION_VALUE`, `LAST_UPDATED_STAMP`, `LAST_UPDATED_TX_STAMP`, `CREATED_STAMP`, `CREATED_TX_STAMP`) VALUES (213, 'C2M-L85X11', 4, 3, 7, 13, 17, null, '2018-05-10 12:00:00', '2018-05-10 12:00:00', '2018-05-10 12:00:00', '2018-05-10 12:00:00');
INSERT INTO `direct_mailing_product_option` (`PRODUCT_OPTION_ID`, `PRODUCT_ID`, `LEVEL1_OPTION_ID`, `SEQUENCE_NUM`, `LEVEL2_OPTION_ID`, `LEVEL3_OPTION_ID`, `LEVEL4_OPTION_ID`, `OPTION_VALUE`, `LAST_UPDATED_STAMP`, `LAST_UPDATED_TX_STAMP`, `CREATED_STAMP`, `CREATED_TX_STAMP`) VALUES (214, 'C2M-L85X11', 4, 1, 7, 20, null, null, '2018-05-10 12:00:00', '2018-05-10 12:00:00', '2018-05-10 12:00:00', '2018-05-10 12:00:00');
INSERT INTO `direct_mailing_product_option` (`PRODUCT_OPTION_ID`, `PRODUCT_ID`, `LEVEL1_OPTION_ID`, `SEQUENCE_NUM`, `LEVEL2_OPTION_ID`, `LEVEL3_OPTION_ID`, `LEVEL4_OPTION_ID`, `OPTION_VALUE`, `LAST_UPDATED_STAMP`, `LAST_UPDATED_TX_STAMP`, `CREATED_STAMP`, `CREATED_TX_STAMP`) VALUES (215, 'C2M-L85X11', 4, -1, 7, 20, 26, '12', '2018-05-10 12:00:00', '2018-05-10 12:00:00', '2018-05-10 12:00:00', '2018-05-10 12:00:00');
INSERT INTO `direct_mailing_product_option` (`PRODUCT_OPTION_ID`, `PRODUCT_ID`, `LEVEL1_OPTION_ID`, `SEQUENCE_NUM`, `LEVEL2_OPTION_ID`, `LEVEL3_OPTION_ID`, `LEVEL4_OPTION_ID`, `OPTION_VALUE`, `LAST_UPDATED_STAMP`, `LAST_UPDATED_TX_STAMP`, `CREATED_STAMP`, `CREATED_TX_STAMP`) VALUES (216, 'C2M-L85X11', 4, 0, 7, 21, null, null, '2018-05-10 12:00:00', '2018-05-10 12:00:00', '2018-05-10 12:00:00', '2018-05-10 12:00:00');
INSERT INTO `direct_mailing_product_option` (`PRODUCT_OPTION_ID`, `PRODUCT_ID`, `LEVEL1_OPTION_ID`, `SEQUENCE_NUM`, `LEVEL2_OPTION_ID`, `LEVEL3_OPTION_ID`, `LEVEL4_OPTION_ID`, `OPTION_VALUE`, `LAST_UPDATED_STAMP`, `LAST_UPDATED_TX_STAMP`, `CREATED_STAMP`, `CREATED_TX_STAMP`) VALUES (217, 'C2M-L85X11', 4, 1, 7, 22, null, null, '2018-05-10 12:00:00', '2018-05-10 12:00:00', '2018-05-10 12:00:00', '2018-05-10 12:00:00');
INSERT INTO `direct_mailing_product_option` (`PRODUCT_OPTION_ID`, `PRODUCT_ID`, `LEVEL1_OPTION_ID`, `SEQUENCE_NUM`, `LEVEL2_OPTION_ID`, `LEVEL3_OPTION_ID`, `LEVEL4_OPTION_ID`, `OPTION_VALUE`, `LAST_UPDATED_STAMP`, `LAST_UPDATED_TX_STAMP`, `CREATED_STAMP`, `CREATED_TX_STAMP`) VALUES (218, 'C2M-L85X11', 4, 2, 7, 23, null, null, '2018-05-10 12:00:00', '2018-05-10 12:00:00', '2018-05-10 12:00:00', '2018-05-10 12:00:00');
INSERT INTO `direct_mailing_product_option` (`PRODUCT_OPTION_ID`, `PRODUCT_ID`, `LEVEL1_OPTION_ID`, `SEQUENCE_NUM`, `LEVEL2_OPTION_ID`, `LEVEL3_OPTION_ID`, `LEVEL4_OPTION_ID`, `OPTION_VALUE`, `LAST_UPDATED_STAMP`, `LAST_UPDATED_TX_STAMP`, `CREATED_STAMP`, `CREATED_TX_STAMP`) VALUES (219, 'C2M-L85X11', 4, 3, 7, 24, null, null, '2018-05-10 12:00:00', '2018-05-10 12:00:00', '2018-05-10 12:00:00', '2018-05-10 12:00:00');
INSERT INTO `direct_mailing_product_option` (`PRODUCT_OPTION_ID`, `PRODUCT_ID`, `LEVEL1_OPTION_ID`, `SEQUENCE_NUM`, `LEVEL2_OPTION_ID`, `LEVEL3_OPTION_ID`, `LEVEL4_OPTION_ID`, `OPTION_VALUE`, `LAST_UPDATED_STAMP`, `LAST_UPDATED_TX_STAMP`, `CREATED_STAMP`, `CREATED_TX_STAMP`) VALUES (220, 'C2M-L85X11', 4, 2, 10, null, null, null, '2018-05-10 12:00:00', '2018-05-10 12:00:00', '2018-05-10 12:00:00', '2018-05-10 12:00:00');
INSERT INTO `direct_mailing_product_option` (`PRODUCT_OPTION_ID`, `PRODUCT_ID`, `LEVEL1_OPTION_ID`, `SEQUENCE_NUM`, `LEVEL2_OPTION_ID`, `LEVEL3_OPTION_ID`, `LEVEL4_OPTION_ID`, `OPTION_VALUE`, `LAST_UPDATED_STAMP`, `LAST_UPDATED_TX_STAMP`, `CREATED_STAMP`, `CREATED_TX_STAMP`) VALUES (221, 'C2M-L85X11', 4, 0, 10, 12, null, null, '2018-05-10 12:00:00', '2018-05-10 12:00:00', '2018-05-10 12:00:00', '2018-05-10 12:00:00');
INSERT INTO `direct_mailing_product_option` (`PRODUCT_OPTION_ID`, `PRODUCT_ID`, `LEVEL1_OPTION_ID`, `SEQUENCE_NUM`, `LEVEL2_OPTION_ID`, `LEVEL3_OPTION_ID`, `LEVEL4_OPTION_ID`, `OPTION_VALUE`, `LAST_UPDATED_STAMP`, `LAST_UPDATED_TX_STAMP`, `CREATED_STAMP`, `CREATED_TX_STAMP`) VALUES (222, 'C2M-L85X11', 4, 0, 10, 12, 14, null, '2018-05-10 12:00:00', '2018-05-10 12:00:00', '2018-05-10 12:00:00', '2018-05-10 12:00:00');
INSERT INTO `direct_mailing_product_option` (`PRODUCT_OPTION_ID`, `PRODUCT_ID`, `LEVEL1_OPTION_ID`, `SEQUENCE_NUM`, `LEVEL2_OPTION_ID`, `LEVEL3_OPTION_ID`, `LEVEL4_OPTION_ID`, `OPTION_VALUE`, `LAST_UPDATED_STAMP`, `LAST_UPDATED_TX_STAMP`, `CREATED_STAMP`, `CREATED_TX_STAMP`) VALUES (223, 'C2M-L85X11', 4, 1, 10, 12, 17, null, '2018-05-10 12:00:00', '2018-05-10 12:00:00', '2018-05-10 12:00:00', '2018-05-10 12:00:00');
INSERT INTO `direct_mailing_product_option` (`PRODUCT_OPTION_ID`, `PRODUCT_ID`, `LEVEL1_OPTION_ID`, `SEQUENCE_NUM`, `LEVEL2_OPTION_ID`, `LEVEL3_OPTION_ID`, `LEVEL4_OPTION_ID`, `OPTION_VALUE`, `LAST_UPDATED_STAMP`, `LAST_UPDATED_TX_STAMP`, `CREATED_STAMP`, `CREATED_TX_STAMP`) VALUES (224, 'C2M-L85X11', 4, 1, 10, 13, null, null, '2018-05-10 12:00:00', '2018-05-10 12:00:00', '2018-05-10 12:00:00', '2018-05-10 12:00:00');
INSERT INTO `direct_mailing_product_option` (`PRODUCT_OPTION_ID`, `PRODUCT_ID`, `LEVEL1_OPTION_ID`, `SEQUENCE_NUM`, `LEVEL2_OPTION_ID`, `LEVEL3_OPTION_ID`, `LEVEL4_OPTION_ID`, `OPTION_VALUE`, `LAST_UPDATED_STAMP`, `LAST_UPDATED_TX_STAMP`, `CREATED_STAMP`, `CREATED_TX_STAMP`) VALUES (225, 'C2M-L85X11', 4, 0, 10, 13, 14, null, '2018-05-10 12:00:00', '2018-05-10 12:00:00', '2018-05-10 12:00:00', '2018-05-10 12:00:00');
INSERT INTO `direct_mailing_product_option` (`PRODUCT_OPTION_ID`, `PRODUCT_ID`, `LEVEL1_OPTION_ID`, `SEQUENCE_NUM`, `LEVEL2_OPTION_ID`, `LEVEL3_OPTION_ID`, `LEVEL4_OPTION_ID`, `OPTION_VALUE`, `LAST_UPDATED_STAMP`, `LAST_UPDATED_TX_STAMP`, `CREATED_STAMP`, `CREATED_TX_STAMP`) VALUES (226, 'C2M-L85X11', 4, 1, 10, 13, 15, null, '2018-05-10 12:00:00', '2018-05-10 12:00:00', '2018-05-10 12:00:00', '2018-05-10 12:00:00');
INSERT INTO `direct_mailing_product_option` (`PRODUCT_OPTION_ID`, `PRODUCT_ID`, `LEVEL1_OPTION_ID`, `SEQUENCE_NUM`, `LEVEL2_OPTION_ID`, `LEVEL3_OPTION_ID`, `LEVEL4_OPTION_ID`, `OPTION_VALUE`, `LAST_UPDATED_STAMP`, `LAST_UPDATED_TX_STAMP`, `CREATED_STAMP`, `CREATED_TX_STAMP`) VALUES (227, 'C2M-L85X11', 4, 2, 10, 13, 16, null, '2018-05-10 12:00:00', '2018-05-10 12:00:00', '2018-05-10 12:00:00', '2018-05-10 12:00:00');
INSERT INTO `direct_mailing_product_option` (`PRODUCT_OPTION_ID`, `PRODUCT_ID`, `LEVEL1_OPTION_ID`, `SEQUENCE_NUM`, `LEVEL2_OPTION_ID`, `LEVEL3_OPTION_ID`, `LEVEL4_OPTION_ID`, `OPTION_VALUE`, `LAST_UPDATED_STAMP`, `LAST_UPDATED_TX_STAMP`, `CREATED_STAMP`, `CREATED_TX_STAMP`) VALUES (228, 'C2M-L85X11', 4, 3, 10, 13, 17, null, '2018-05-10 12:00:00', '2018-05-10 12:00:00', '2018-05-10 12:00:00', '2018-05-10 12:00:00');
INSERT INTO `direct_mailing_product_option` (`PRODUCT_OPTION_ID`, `PRODUCT_ID`, `LEVEL1_OPTION_ID`, `SEQUENCE_NUM`, `LEVEL2_OPTION_ID`, `LEVEL3_OPTION_ID`, `LEVEL4_OPTION_ID`, `OPTION_VALUE`, `LAST_UPDATED_STAMP`, `LAST_UPDATED_TX_STAMP`, `CREATED_STAMP`, `CREATED_TX_STAMP`) VALUES (229, 'C2M-L85X11', 4, 1, 10, 20, null, null, '2018-05-10 12:00:00', '2018-05-10 12:00:00', '2018-05-10 12:00:00', '2018-05-10 12:00:00');
INSERT INTO `direct_mailing_product_option` (`PRODUCT_OPTION_ID`, `PRODUCT_ID`, `LEVEL1_OPTION_ID`, `SEQUENCE_NUM`, `LEVEL2_OPTION_ID`, `LEVEL3_OPTION_ID`, `LEVEL4_OPTION_ID`, `OPTION_VALUE`, `LAST_UPDATED_STAMP`, `LAST_UPDATED_TX_STAMP`, `CREATED_STAMP`, `CREATED_TX_STAMP`) VALUES (230, 'C2M-L85X11', 4, -1, 10, 20, 26, '14', '2018-05-10 12:00:00', '2018-05-10 12:00:00', '2018-05-10 12:00:00', '2018-05-10 12:00:00');
INSERT INTO `direct_mailing_product_option` (`PRODUCT_OPTION_ID`, `PRODUCT_ID`, `LEVEL1_OPTION_ID`, `SEQUENCE_NUM`, `LEVEL2_OPTION_ID`, `LEVEL3_OPTION_ID`, `LEVEL4_OPTION_ID`, `OPTION_VALUE`, `LAST_UPDATED_STAMP`, `LAST_UPDATED_TX_STAMP`, `CREATED_STAMP`, `CREATED_TX_STAMP`) VALUES (231, 'C2M-L85X11', 4, 0, 10, 21, null, null, '2018-05-10 12:00:00', '2018-05-10 12:00:00', '2018-05-10 12:00:00', '2018-05-10 12:00:00');
INSERT INTO `direct_mailing_product_option` (`PRODUCT_OPTION_ID`, `PRODUCT_ID`, `LEVEL1_OPTION_ID`, `SEQUENCE_NUM`, `LEVEL2_OPTION_ID`, `LEVEL3_OPTION_ID`, `LEVEL4_OPTION_ID`, `OPTION_VALUE`, `LAST_UPDATED_STAMP`, `LAST_UPDATED_TX_STAMP`, `CREATED_STAMP`, `CREATED_TX_STAMP`) VALUES (232, 'C2M-L85X11', 4, 1, 10, 22, null, null, '2018-05-10 12:00:00', '2018-05-10 12:00:00', '2018-05-10 12:00:00', '2018-05-10 12:00:00');
INSERT INTO `direct_mailing_product_option` (`PRODUCT_OPTION_ID`, `PRODUCT_ID`, `LEVEL1_OPTION_ID`, `SEQUENCE_NUM`, `LEVEL2_OPTION_ID`, `LEVEL3_OPTION_ID`, `LEVEL4_OPTION_ID`, `OPTION_VALUE`, `LAST_UPDATED_STAMP`, `LAST_UPDATED_TX_STAMP`, `CREATED_STAMP`, `CREATED_TX_STAMP`) VALUES (233, 'C2M-L85X11', 4, 2, 10, 23, null, null, '2018-05-10 12:00:00', '2018-05-10 12:00:00', '2018-05-10 12:00:00', '2018-05-10 12:00:00');
INSERT INTO `direct_mailing_product_option` (`PRODUCT_OPTION_ID`, `PRODUCT_ID`, `LEVEL1_OPTION_ID`, `SEQUENCE_NUM`, `LEVEL2_OPTION_ID`, `LEVEL3_OPTION_ID`, `LEVEL4_OPTION_ID`, `OPTION_VALUE`, `LAST_UPDATED_STAMP`, `LAST_UPDATED_TX_STAMP`, `CREATED_STAMP`, `CREATED_TX_STAMP`) VALUES (234, 'C2M-L85X11', 4, 3, 10, 24, null, null, '2018-05-10 12:00:00', '2018-05-10 12:00:00', '2018-05-10 12:00:00', '2018-05-10 12:00:00');
INSERT INTO `direct_mailing_product_option` (`PRODUCT_OPTION_ID`, `PRODUCT_ID`, `LEVEL1_OPTION_ID`, `SEQUENCE_NUM`, `LEVEL2_OPTION_ID`, `LEVEL3_OPTION_ID`, `LEVEL4_OPTION_ID`, `OPTION_VALUE`, `LAST_UPDATED_STAMP`, `LAST_UPDATED_TX_STAMP`, `CREATED_STAMP`, `CREATED_TX_STAMP`) VALUES (235, 'C2M-L85X11', 4, 3, 11, null, null, null, '2018-05-10 12:00:00', '2018-05-10 12:00:00', '2018-05-10 12:00:00', '2018-05-10 12:00:00');
INSERT INTO `direct_mailing_product_option` (`PRODUCT_OPTION_ID`, `PRODUCT_ID`, `LEVEL1_OPTION_ID`, `SEQUENCE_NUM`, `LEVEL2_OPTION_ID`, `LEVEL3_OPTION_ID`, `LEVEL4_OPTION_ID`, `OPTION_VALUE`, `LAST_UPDATED_STAMP`, `LAST_UPDATED_TX_STAMP`, `CREATED_STAMP`, `CREATED_TX_STAMP`) VALUES (236, 'C2M-L85X11', 4, 0, 11, 12, null, null, '2018-05-10 12:00:00', '2018-05-10 12:00:00', '2018-05-10 12:00:00', '2018-05-10 12:00:00');
INSERT INTO `direct_mailing_product_option` (`PRODUCT_OPTION_ID`, `PRODUCT_ID`, `LEVEL1_OPTION_ID`, `SEQUENCE_NUM`, `LEVEL2_OPTION_ID`, `LEVEL3_OPTION_ID`, `LEVEL4_OPTION_ID`, `OPTION_VALUE`, `LAST_UPDATED_STAMP`, `LAST_UPDATED_TX_STAMP`, `CREATED_STAMP`, `CREATED_TX_STAMP`) VALUES (237, 'C2M-L85X11', 4, 0, 11, 12, 14, null, '2018-05-10 12:00:00', '2018-05-10 12:00:00', '2018-05-10 12:00:00', '2018-05-10 12:00:00');
INSERT INTO `direct_mailing_product_option` (`PRODUCT_OPTION_ID`, `PRODUCT_ID`, `LEVEL1_OPTION_ID`, `SEQUENCE_NUM`, `LEVEL2_OPTION_ID`, `LEVEL3_OPTION_ID`, `LEVEL4_OPTION_ID`, `OPTION_VALUE`, `LAST_UPDATED_STAMP`, `LAST_UPDATED_TX_STAMP`, `CREATED_STAMP`, `CREATED_TX_STAMP`) VALUES (238, 'C2M-L85X11', 4, 1, 11, 12, 17, null, '2018-05-10 12:00:00', '2018-05-10 12:00:00', '2018-05-10 12:00:00', '2018-05-10 12:00:00');
INSERT INTO `direct_mailing_product_option` (`PRODUCT_OPTION_ID`, `PRODUCT_ID`, `LEVEL1_OPTION_ID`, `SEQUENCE_NUM`, `LEVEL2_OPTION_ID`, `LEVEL3_OPTION_ID`, `LEVEL4_OPTION_ID`, `OPTION_VALUE`, `LAST_UPDATED_STAMP`, `LAST_UPDATED_TX_STAMP`, `CREATED_STAMP`, `CREATED_TX_STAMP`) VALUES (239, 'C2M-L85X11', 4, 1, 11, 13, null, null, '2018-05-10 12:00:00', '2018-05-10 12:00:00', '2018-05-10 12:00:00', '2018-05-10 12:00:00');
INSERT INTO `direct_mailing_product_option` (`PRODUCT_OPTION_ID`, `PRODUCT_ID`, `LEVEL1_OPTION_ID`, `SEQUENCE_NUM`, `LEVEL2_OPTION_ID`, `LEVEL3_OPTION_ID`, `LEVEL4_OPTION_ID`, `OPTION_VALUE`, `LAST_UPDATED_STAMP`, `LAST_UPDATED_TX_STAMP`, `CREATED_STAMP`, `CREATED_TX_STAMP`) VALUES (240, 'C2M-L85X11', 4, 0, 11, 13, 14, null, '2018-05-10 12:00:00', '2018-05-10 12:00:00', '2018-05-10 12:00:00', '2018-05-10 12:00:00');
INSERT INTO `direct_mailing_product_option` (`PRODUCT_OPTION_ID`, `PRODUCT_ID`, `LEVEL1_OPTION_ID`, `SEQUENCE_NUM`, `LEVEL2_OPTION_ID`, `LEVEL3_OPTION_ID`, `LEVEL4_OPTION_ID`, `OPTION_VALUE`, `LAST_UPDATED_STAMP`, `LAST_UPDATED_TX_STAMP`, `CREATED_STAMP`, `CREATED_TX_STAMP`) VALUES (241, 'C2M-L85X11', 4, 1, 11, 13, 15, null, '2018-05-10 12:00:00', '2018-05-10 12:00:00', '2018-05-10 12:00:00', '2018-05-10 12:00:00');
INSERT INTO `direct_mailing_product_option` (`PRODUCT_OPTION_ID`, `PRODUCT_ID`, `LEVEL1_OPTION_ID`, `SEQUENCE_NUM`, `LEVEL2_OPTION_ID`, `LEVEL3_OPTION_ID`, `LEVEL4_OPTION_ID`, `OPTION_VALUE`, `LAST_UPDATED_STAMP`, `LAST_UPDATED_TX_STAMP`, `CREATED_STAMP`, `CREATED_TX_STAMP`) VALUES (242, 'C2M-L85X11', 4, 2, 11, 13, 16, null, '2018-05-10 12:00:00', '2018-05-10 12:00:00', '2018-05-10 12:00:00', '2018-05-10 12:00:00');
INSERT INTO `direct_mailing_product_option` (`PRODUCT_OPTION_ID`, `PRODUCT_ID`, `LEVEL1_OPTION_ID`, `SEQUENCE_NUM`, `LEVEL2_OPTION_ID`, `LEVEL3_OPTION_ID`, `LEVEL4_OPTION_ID`, `OPTION_VALUE`, `LAST_UPDATED_STAMP`, `LAST_UPDATED_TX_STAMP`, `CREATED_STAMP`, `CREATED_TX_STAMP`) VALUES (243, 'C2M-L85X11', 4, 3, 11, 13, 17, null, '2018-05-10 12:00:00', '2018-05-10 12:00:00', '2018-05-10 12:00:00', '2018-05-10 12:00:00');
INSERT INTO `direct_mailing_product_option` (`PRODUCT_OPTION_ID`, `PRODUCT_ID`, `LEVEL1_OPTION_ID`, `SEQUENCE_NUM`, `LEVEL2_OPTION_ID`, `LEVEL3_OPTION_ID`, `LEVEL4_OPTION_ID`, `OPTION_VALUE`, `LAST_UPDATED_STAMP`, `LAST_UPDATED_TX_STAMP`, `CREATED_STAMP`, `CREATED_TX_STAMP`) VALUES (244, 'C2M-L85X11', 4, 1, 11, 20, null, null, '2018-05-10 12:00:00', '2018-05-10 12:00:00', '2018-05-10 12:00:00', '2018-05-10 12:00:00');
INSERT INTO `direct_mailing_product_option` (`PRODUCT_OPTION_ID`, `PRODUCT_ID`, `LEVEL1_OPTION_ID`, `SEQUENCE_NUM`, `LEVEL2_OPTION_ID`, `LEVEL3_OPTION_ID`, `LEVEL4_OPTION_ID`, `OPTION_VALUE`, `LAST_UPDATED_STAMP`, `LAST_UPDATED_TX_STAMP`, `CREATED_STAMP`, `CREATED_TX_STAMP`) VALUES (245, 'C2M-L85X11', 4, -1, 11, 20, 26, '96', '2018-05-10 12:00:00', '2018-05-10 12:00:00', '2018-05-10 12:00:00', '2018-05-10 12:00:00');
INSERT INTO `direct_mailing_product_option` (`PRODUCT_OPTION_ID`, `PRODUCT_ID`, `LEVEL1_OPTION_ID`, `SEQUENCE_NUM`, `LEVEL2_OPTION_ID`, `LEVEL3_OPTION_ID`, `LEVEL4_OPTION_ID`, `OPTION_VALUE`, `LAST_UPDATED_STAMP`, `LAST_UPDATED_TX_STAMP`, `CREATED_STAMP`, `CREATED_TX_STAMP`) VALUES (246, 'C2M-L85X11', 4, 0, 11, 21, null, null, '2018-05-10 12:00:00', '2018-05-10 12:00:00', '2018-05-10 12:00:00', '2018-05-10 12:00:00');
INSERT INTO `direct_mailing_product_option` (`PRODUCT_OPTION_ID`, `PRODUCT_ID`, `LEVEL1_OPTION_ID`, `SEQUENCE_NUM`, `LEVEL2_OPTION_ID`, `LEVEL3_OPTION_ID`, `LEVEL4_OPTION_ID`, `OPTION_VALUE`, `LAST_UPDATED_STAMP`, `LAST_UPDATED_TX_STAMP`, `CREATED_STAMP`, `CREATED_TX_STAMP`) VALUES (247, 'C2M-L85X11', 4, 1, 11, 22, null, null, '2018-05-10 12:00:00', '2018-05-10 12:00:00', '2018-05-10 12:00:00', '2018-05-10 12:00:00');
INSERT INTO `direct_mailing_product_option` (`PRODUCT_OPTION_ID`, `PRODUCT_ID`, `LEVEL1_OPTION_ID`, `SEQUENCE_NUM`, `LEVEL2_OPTION_ID`, `LEVEL3_OPTION_ID`, `LEVEL4_OPTION_ID`, `OPTION_VALUE`, `LAST_UPDATED_STAMP`, `LAST_UPDATED_TX_STAMP`, `CREATED_STAMP`, `CREATED_TX_STAMP`) VALUES (248, 'C2M-L85X11', 27, -1, null, null, null, 'Letter 8.5 x 11', '2018-05-10 12:00:00', '2018-05-10 12:00:00', '2018-05-10 12:00:00', '2018-05-10 12:00:00');


INSERT INTO `direct_mailing_product_option` (`PRODUCT_OPTION_ID`, `PRODUCT_ID`, `LEVEL1_OPTION_ID`, `SEQUENCE_NUM`, `LEVEL2_OPTION_ID`, `LEVEL3_OPTION_ID`, `LEVEL4_OPTION_ID`, `OPTION_VALUE`, `LAST_UPDATED_STAMP`, `LAST_UPDATED_TX_STAMP`, `CREATED_STAMP`, `CREATED_TX_STAMP`) VALUES (249, 'C2M-N425X55', 28, 0, null, null, null, null, '2018-05-10 12:00:00', '2018-05-10 12:00:00', '2018-05-10 12:00:00', '2018-05-10 12:00:00');
INSERT INTO `direct_mailing_product_option` (`PRODUCT_OPTION_ID`, `PRODUCT_ID`, `LEVEL1_OPTION_ID`, `SEQUENCE_NUM`, `LEVEL2_OPTION_ID`, `LEVEL3_OPTION_ID`, `LEVEL4_OPTION_ID`, `OPTION_VALUE`, `LAST_UPDATED_STAMP`, `LAST_UPDATED_TX_STAMP`, `CREATED_STAMP`, `CREATED_TX_STAMP`) VALUES (250, 'C2M-N425X55', 28, 0, 5, null, null, null, '2018-05-10 12:00:00', '2018-05-10 12:00:00', '2018-05-10 12:00:00', '2018-05-10 12:00:00');
INSERT INTO `direct_mailing_product_option` (`PRODUCT_OPTION_ID`, `PRODUCT_ID`, `LEVEL1_OPTION_ID`, `SEQUENCE_NUM`, `LEVEL2_OPTION_ID`, `LEVEL3_OPTION_ID`, `LEVEL4_OPTION_ID`, `OPTION_VALUE`, `LAST_UPDATED_STAMP`, `LAST_UPDATED_TX_STAMP`, `CREATED_STAMP`, `CREATED_TX_STAMP`) VALUES (251, 'C2M-N425X55', 28, 0, 30, null, null, null, '2018-05-10 12:00:00', '2018-05-10 12:00:00', '2018-05-10 12:00:00', '2018-05-10 12:00:00');
INSERT INTO `direct_mailing_product_option` (`PRODUCT_OPTION_ID`, `PRODUCT_ID`, `LEVEL1_OPTION_ID`, `SEQUENCE_NUM`, `LEVEL2_OPTION_ID`, `LEVEL3_OPTION_ID`, `LEVEL4_OPTION_ID`, `OPTION_VALUE`, `LAST_UPDATED_STAMP`, `LAST_UPDATED_TX_STAMP`, `CREATED_STAMP`, `CREATED_TX_STAMP`) VALUES (252, 'C2M-N425X55', 28, 0, 30, 12, null, null, '2018-05-10 12:00:00', '2018-05-10 12:00:00', '2018-05-10 12:00:00', '2018-05-10 12:00:00');
INSERT INTO `direct_mailing_product_option` (`PRODUCT_OPTION_ID`, `PRODUCT_ID`, `LEVEL1_OPTION_ID`, `SEQUENCE_NUM`, `LEVEL2_OPTION_ID`, `LEVEL3_OPTION_ID`, `LEVEL4_OPTION_ID`, `OPTION_VALUE`, `LAST_UPDATED_STAMP`, `LAST_UPDATED_TX_STAMP`, `CREATED_STAMP`, `CREATED_TX_STAMP`) VALUES (253, 'C2M-N425X55', 28, 1, 30, 13, null, null, '2018-05-10 12:00:00', '2018-05-10 12:00:00', '2018-05-10 12:00:00', '2018-05-10 12:00:00');
INSERT INTO `direct_mailing_product_option` (`PRODUCT_OPTION_ID`, `PRODUCT_ID`, `LEVEL1_OPTION_ID`, `SEQUENCE_NUM`, `LEVEL2_OPTION_ID`, `LEVEL3_OPTION_ID`, `LEVEL4_OPTION_ID`, `OPTION_VALUE`, `LAST_UPDATED_STAMP`, `LAST_UPDATED_TX_STAMP`, `CREATED_STAMP`, `CREATED_TX_STAMP`) VALUES (254, 'C2M-N425X55', 28, 0, 30, 12, 31, null, '2018-05-10 12:00:00', '2018-05-10 12:00:00', '2018-05-10 12:00:00', '2018-05-10 12:00:00');
INSERT INTO `direct_mailing_product_option` (`PRODUCT_OPTION_ID`, `PRODUCT_ID`, `LEVEL1_OPTION_ID`, `SEQUENCE_NUM`, `LEVEL2_OPTION_ID`, `LEVEL3_OPTION_ID`, `LEVEL4_OPTION_ID`, `OPTION_VALUE`, `LAST_UPDATED_STAMP`, `LAST_UPDATED_TX_STAMP`, `CREATED_STAMP`, `CREATED_TX_STAMP`) VALUES (255, 'C2M-N425X55', 28, 0, 30, 13, 31, null, '2018-05-10 12:00:00', '2018-05-10 12:00:00', '2018-05-10 12:00:00', '2018-05-10 12:00:00');
INSERT INTO `direct_mailing_product_option` (`PRODUCT_OPTION_ID`, `PRODUCT_ID`, `LEVEL1_OPTION_ID`, `SEQUENCE_NUM`, `LEVEL2_OPTION_ID`, `LEVEL3_OPTION_ID`, `LEVEL4_OPTION_ID`, `OPTION_VALUE`, `LAST_UPDATED_STAMP`, `LAST_UPDATED_TX_STAMP`, `CREATED_STAMP`, `CREATED_TX_STAMP`) VALUES (256, 'C2M-N425X55', 28, 0, 30, 20, null, null, '2018-05-10 12:00:00', '2018-05-10 12:00:00', '2018-05-10 12:00:00', '2018-05-10 12:00:00');
INSERT INTO `direct_mailing_product_option` (`PRODUCT_OPTION_ID`, `PRODUCT_ID`, `LEVEL1_OPTION_ID`, `SEQUENCE_NUM`, `LEVEL2_OPTION_ID`, `LEVEL3_OPTION_ID`, `LEVEL4_OPTION_ID`, `OPTION_VALUE`, `LAST_UPDATED_STAMP`, `LAST_UPDATED_TX_STAMP`, `CREATED_STAMP`, `CREATED_TX_STAMP`) VALUES (257, 'C2M-N425X55', 28, -1, 30, 20, 26, '1', '2018-05-10 12:00:00', '2018-05-10 12:00:00', '2018-05-10 12:00:00', '2018-05-10 12:00:00');
INSERT INTO `direct_mailing_product_option` (`PRODUCT_OPTION_ID`, `PRODUCT_ID`, `LEVEL1_OPTION_ID`, `SEQUENCE_NUM`, `LEVEL2_OPTION_ID`, `LEVEL3_OPTION_ID`, `LEVEL4_OPTION_ID`, `OPTION_VALUE`, `LAST_UPDATED_STAMP`, `LAST_UPDATED_TX_STAMP`, `CREATED_STAMP`, `CREATED_TX_STAMP`) VALUES (258, 'C2M-N425X55', 28, 0, 30, 21, null, null, '2018-05-10 12:00:00', '2018-05-10 12:00:00', '2018-05-10 12:00:00', '2018-05-10 12:00:00');
INSERT INTO `direct_mailing_product_option` (`PRODUCT_OPTION_ID`, `PRODUCT_ID`, `LEVEL1_OPTION_ID`, `SEQUENCE_NUM`, `LEVEL2_OPTION_ID`, `LEVEL3_OPTION_ID`, `LEVEL4_OPTION_ID`, `OPTION_VALUE`, `LAST_UPDATED_STAMP`, `LAST_UPDATED_TX_STAMP`, `CREATED_STAMP`, `CREATED_TX_STAMP`) VALUES (259, 'C2M-N425X55', 28, 1, 30, 23, null, null, '2018-05-10 12:00:00', '2018-05-10 12:00:00', '2018-05-10 12:00:00', '2018-05-10 12:00:00');
INSERT INTO `direct_mailing_product_option` (`PRODUCT_OPTION_ID`, `PRODUCT_ID`, `LEVEL1_OPTION_ID`, `SEQUENCE_NUM`, `LEVEL2_OPTION_ID`, `LEVEL3_OPTION_ID`, `LEVEL4_OPTION_ID`, `OPTION_VALUE`, `LAST_UPDATED_STAMP`, `LAST_UPDATED_TX_STAMP`, `CREATED_STAMP`, `CREATED_TX_STAMP`) VALUES (260, 'C2M-N425X55', 28, 2, 30, 24, null, null, '2018-05-10 12:00:00', '2018-05-10 12:00:00', '2018-05-10 12:00:00', '2018-05-10 12:00:00');
INSERT INTO `direct_mailing_product_option` (`PRODUCT_OPTION_ID`, `PRODUCT_ID`, `LEVEL1_OPTION_ID`, `SEQUENCE_NUM`, `LEVEL2_OPTION_ID`, `LEVEL3_OPTION_ID`, `LEVEL4_OPTION_ID`, `OPTION_VALUE`, `LAST_UPDATED_STAMP`, `LAST_UPDATED_TX_STAMP`, `CREATED_STAMP`, `CREATED_TX_STAMP`) VALUES (261, 'C2M-N425X55', 27, -1, null, null, null, 'Notecard 4.25 x 5.5', '2018-05-10 12:00:00', '2018-05-10 12:00:00', '2018-05-10 12:00:00', '2018-05-10 12:00:00');

INSERT INTO `direct_mailing_product_option` (`PRODUCT_OPTION_ID`, `PRODUCT_ID`, `LEVEL1_OPTION_ID`, `SEQUENCE_NUM`, `LEVEL2_OPTION_ID`, `LEVEL3_OPTION_ID`, `LEVEL4_OPTION_ID`, `OPTION_VALUE`, `LAST_UPDATED_STAMP`, `LAST_UPDATED_TX_STAMP`, `CREATED_STAMP`, `CREATED_TX_STAMP`) VALUES (262, 'C2M-FN425X55', 29, 0, null, null, null, null, '2018-05-10 12:00:00', '2018-05-10 12:00:00', '2018-05-10 12:00:00', '2018-05-10 12:00:00');
INSERT INTO `direct_mailing_product_option` (`PRODUCT_OPTION_ID`, `PRODUCT_ID`, `LEVEL1_OPTION_ID`, `SEQUENCE_NUM`, `LEVEL2_OPTION_ID`, `LEVEL3_OPTION_ID`, `LEVEL4_OPTION_ID`, `OPTION_VALUE`, `LAST_UPDATED_STAMP`, `LAST_UPDATED_TX_STAMP`, `CREATED_STAMP`, `CREATED_TX_STAMP`) VALUES (263, 'C2M-FN425X55', 29, 0, 5, null, null, null, '2018-05-10 12:00:00', '2018-05-10 12:00:00', '2018-05-10 12:00:00', '2018-05-10 12:00:00');
INSERT INTO `direct_mailing_product_option` (`PRODUCT_OPTION_ID`, `PRODUCT_ID`, `LEVEL1_OPTION_ID`, `SEQUENCE_NUM`, `LEVEL2_OPTION_ID`, `LEVEL3_OPTION_ID`, `LEVEL4_OPTION_ID`, `OPTION_VALUE`, `LAST_UPDATED_STAMP`, `LAST_UPDATED_TX_STAMP`, `CREATED_STAMP`, `CREATED_TX_STAMP`) VALUES (264, 'C2M-FN425X55', 29, 0, 30, null, null, null, '2018-05-10 12:00:00', '2018-05-10 12:00:00', '2018-05-10 12:00:00', '2018-05-10 12:00:00');
INSERT INTO `direct_mailing_product_option` (`PRODUCT_OPTION_ID`, `PRODUCT_ID`, `LEVEL1_OPTION_ID`, `SEQUENCE_NUM`, `LEVEL2_OPTION_ID`, `LEVEL3_OPTION_ID`, `LEVEL4_OPTION_ID`, `OPTION_VALUE`, `LAST_UPDATED_STAMP`, `LAST_UPDATED_TX_STAMP`, `CREATED_STAMP`, `CREATED_TX_STAMP`) VALUES (265, 'C2M-FN425X55', 29, 0, 30, 12, null, null, '2018-05-10 12:00:00', '2018-05-10 12:00:00', '2018-05-10 12:00:00', '2018-05-10 12:00:00');
INSERT INTO `direct_mailing_product_option` (`PRODUCT_OPTION_ID`, `PRODUCT_ID`, `LEVEL1_OPTION_ID`, `SEQUENCE_NUM`, `LEVEL2_OPTION_ID`, `LEVEL3_OPTION_ID`, `LEVEL4_OPTION_ID`, `OPTION_VALUE`, `LAST_UPDATED_STAMP`, `LAST_UPDATED_TX_STAMP`, `CREATED_STAMP`, `CREATED_TX_STAMP`) VALUES (266, 'C2M-FN425X55', 29, 1, 30, 13, null, null, '2018-05-10 12:00:00', '2018-05-10 12:00:00', '2018-05-10 12:00:00', '2018-05-10 12:00:00');
INSERT INTO `direct_mailing_product_option` (`PRODUCT_OPTION_ID`, `PRODUCT_ID`, `LEVEL1_OPTION_ID`, `SEQUENCE_NUM`, `LEVEL2_OPTION_ID`, `LEVEL3_OPTION_ID`, `LEVEL4_OPTION_ID`, `OPTION_VALUE`, `LAST_UPDATED_STAMP`, `LAST_UPDATED_TX_STAMP`, `CREATED_STAMP`, `CREATED_TX_STAMP`) VALUES (267, 'C2M-FN425X55', 29, 0, 30, 12, 31, null, '2018-05-10 12:00:00', '2018-05-10 12:00:00', '2018-05-10 12:00:00', '2018-05-10 12:00:00');
INSERT INTO `direct_mailing_product_option` (`PRODUCT_OPTION_ID`, `PRODUCT_ID`, `LEVEL1_OPTION_ID`, `SEQUENCE_NUM`, `LEVEL2_OPTION_ID`, `LEVEL3_OPTION_ID`, `LEVEL4_OPTION_ID`, `OPTION_VALUE`, `LAST_UPDATED_STAMP`, `LAST_UPDATED_TX_STAMP`, `CREATED_STAMP`, `CREATED_TX_STAMP`) VALUES (268, 'C2M-FN425X55', 29, 0, 30, 13, 31, null, '2018-05-10 12:00:00', '2018-05-10 12:00:00', '2018-05-10 12:00:00', '2018-05-10 12:00:00');
INSERT INTO `direct_mailing_product_option` (`PRODUCT_OPTION_ID`, `PRODUCT_ID`, `LEVEL1_OPTION_ID`, `SEQUENCE_NUM`, `LEVEL2_OPTION_ID`, `LEVEL3_OPTION_ID`, `LEVEL4_OPTION_ID`, `OPTION_VALUE`, `LAST_UPDATED_STAMP`, `LAST_UPDATED_TX_STAMP`, `CREATED_STAMP`, `CREATED_TX_STAMP`) VALUES (269, 'C2M-FN425X55', 29, 0, 30, 20, null, null, '2018-05-10 12:00:00', '2018-05-10 12:00:00', '2018-05-10 12:00:00', '2018-05-10 12:00:00');
INSERT INTO `direct_mailing_product_option` (`PRODUCT_OPTION_ID`, `PRODUCT_ID`, `LEVEL1_OPTION_ID`, `SEQUENCE_NUM`, `LEVEL2_OPTION_ID`, `LEVEL3_OPTION_ID`, `LEVEL4_OPTION_ID`, `OPTION_VALUE`, `LAST_UPDATED_STAMP`, `LAST_UPDATED_TX_STAMP`, `CREATED_STAMP`, `CREATED_TX_STAMP`) VALUES (270, 'C2M-FN425X55', 29, -1, 30, 20, 26, '1', '2018-05-10 12:00:00', '2018-05-10 12:00:00', '2018-05-10 12:00:00', '2018-05-10 12:00:00');
INSERT INTO `direct_mailing_product_option` (`PRODUCT_OPTION_ID`, `PRODUCT_ID`, `LEVEL1_OPTION_ID`, `SEQUENCE_NUM`, `LEVEL2_OPTION_ID`, `LEVEL3_OPTION_ID`, `LEVEL4_OPTION_ID`, `OPTION_VALUE`, `LAST_UPDATED_STAMP`, `LAST_UPDATED_TX_STAMP`, `CREATED_STAMP`, `CREATED_TX_STAMP`) VALUES (271, 'C2M-FN425X55', 29, 0, 30, 21, null, null, '2018-05-10 12:00:00', '2018-05-10 12:00:00', '2018-05-10 12:00:00', '2018-05-10 12:00:00');
INSERT INTO `direct_mailing_product_option` (`PRODUCT_OPTION_ID`, `PRODUCT_ID`, `LEVEL1_OPTION_ID`, `SEQUENCE_NUM`, `LEVEL2_OPTION_ID`, `LEVEL3_OPTION_ID`, `LEVEL4_OPTION_ID`, `OPTION_VALUE`, `LAST_UPDATED_STAMP`, `LAST_UPDATED_TX_STAMP`, `CREATED_STAMP`, `CREATED_TX_STAMP`) VALUES (272, 'C2M-FN425X55', 29, 1, 30, 23, null, null, '2018-05-10 12:00:00', '2018-05-10 12:00:00', '2018-05-10 12:00:00', '2018-05-10 12:00:00');
INSERT INTO `direct_mailing_product_option` (`PRODUCT_OPTION_ID`, `PRODUCT_ID`, `LEVEL1_OPTION_ID`, `SEQUENCE_NUM`, `LEVEL2_OPTION_ID`, `LEVEL3_OPTION_ID`, `LEVEL4_OPTION_ID`, `OPTION_VALUE`, `LAST_UPDATED_STAMP`, `LAST_UPDATED_TX_STAMP`, `CREATED_STAMP`, `CREATED_TX_STAMP`) VALUES (273, 'C2M-FN425X55', 29, 2, 30, 24, null, null, '2018-05-10 12:00:00', '2018-05-10 12:00:00', '2018-05-10 12:00:00', '2018-05-10 12:00:00');
INSERT INTO `direct_mailing_product_option` (`PRODUCT_OPTION_ID`, `PRODUCT_ID`, `LEVEL1_OPTION_ID`, `SEQUENCE_NUM`, `LEVEL2_OPTION_ID`, `LEVEL3_OPTION_ID`, `LEVEL4_OPTION_ID`, `OPTION_VALUE`, `LAST_UPDATED_STAMP`, `LAST_UPDATED_TX_STAMP`, `CREATED_STAMP`, `CREATED_TX_STAMP`) VALUES (274, 'C2M-FN425X55', 27, -1, null, null, null, 'Note Card - Folded 4.25 x 5.5', '2018-05-10 12:00:00', '2018-05-10 12:00:00', '2018-05-10 12:00:00', '2018-05-10 12:00:00');

