

INSERT INTO `pe_vendor` (`VENDOR_ID`, `VENDOR_NAME`, `LAST_UPDATED_STAMP`, `LAST_UPDATED_TX_STAMP`, `CREATED_STAMP`, `CREATED_TX_STAMP`) VALUES ('COMMON', 'COMMON', '2017-12-20 12:00:00', '2017-12-20 12:00:00', '2017-12-20 12:00:00', '2017-12-20 12:00:00');
INSERT INTO `pe_vendor` (`VENDOR_ID`, `VENDOR_NAME`, `LAST_UPDATED_STAMP`, `LAST_UPDATED_TX_STAMP`, `CREATED_STAMP`, `CREATED_TX_STAMP`) VALUES ('V_ADMORE', 'Admore', '2017-12-20 12:00:00', '2017-12-20 12:00:00', '2017-12-20 12:00:00', '2017-12-20 12:00:00');
INSERT INTO `pe_vendor` (`VENDOR_ID`, `VENDOR_NAME`, `LAST_UPDATED_STAMP`, `LAST_UPDATED_TX_STAMP`, `CREATED_STAMP`, `CREATED_TX_STAMP`) VALUES ('V_POCKET_FOLDERS_FAST', 'Pocket Folders Fast', '2018-03-15 12:00:00', '2018-03-15 12:00:00', '2018-03-15 12:00:00', '2018-03-15 12:00:00');

INSERT INTO `pe_vendor_product` (`VENDOR_PRODUCT_ID`, `VENDOR_ID`, `PRODUCT_NAME`, `LAST_UPDATED_STAMP`, `LAST_UPDATED_TX_STAMP`, `CREATED_STAMP`, `CREATED_TX_STAMP`) VALUES ('SF-101', 'V_ADMORE', 'SF-101', '2017-12-20 12:00:00', '2017-12-20 12:00:00', '2017-12-20 12:00:00', '2017-12-20 12:00:00');
INSERT INTO `pe_vendor_product` (`VENDOR_PRODUCT_ID`, `VENDOR_ID`, `PRODUCT_NAME`, `LAST_UPDATED_STAMP`, `LAST_UPDATED_TX_STAMP`, `CREATED_STAMP`, `CREATED_TX_STAMP`) VALUES ('RP-0863', 'V_ADMORE', 'RP-0863', '2017-12-20 12:00:00', '2017-12-20 12:00:00', '2017-12-20 12:00:00', '2017-12-20 12:00:00');
INSERT INTO `pe_vendor_product` (`VENDOR_PRODUCT_ID`, `VENDOR_ID`, `PRODUCT_NAME`, `LAST_UPDATED_STAMP`, `LAST_UPDATED_TX_STAMP`, `CREATED_STAMP`, `CREATED_TX_STAMP`) VALUES ('WP-0880', 'V_ADMORE', 'WP-0880', '2017-12-20 12:00:00', '2017-12-20 12:00:00', '2017-12-20 12:00:00', '2017-12-20 12:00:00');
INSERT INTO `pe_vendor_product` (`VENDOR_PRODUCT_ID`, `VENDOR_ID`, `PRODUCT_NAME`, `LAST_UPDATED_STAMP`, `LAST_UPDATED_TX_STAMP`, `CREATED_STAMP`, `CREATED_TX_STAMP`) VALUES ('AP-0861', 'V_ADMORE', 'AP-0861', '2017-12-20 12:00:00', '2017-12-20 12:00:00', '2017-12-20 12:00:00', '2017-12-20 12:00:00');
INSERT INTO `pe_vendor_product` (`VENDOR_PRODUCT_ID`, `VENDOR_ID`, `PRODUCT_NAME`, `LAST_UPDATED_STAMP`, `LAST_UPDATED_TX_STAMP`, `CREATED_STAMP`, `CREATED_TX_STAMP`) VALUES ('SF-0882', 'V_ADMORE', 'SF-0882', '2017-12-20 12:00:00', '2017-12-20 12:00:00', '2017-12-20 12:00:00', '2017-12-20 12:00:00');
INSERT INTO `pe_vendor_product` (`VENDOR_PRODUCT_ID`, `VENDOR_ID`, `PRODUCT_NAME`, `LAST_UPDATED_STAMP`, `LAST_UPDATED_TX_STAMP`, `CREATED_STAMP`, `CREATED_TX_STAMP`) VALUES ('VSRP-0830', 'V_ADMORE', 'VSRP-0830', '2017-12-20 12:00:00', '2017-12-20 12:00:00', '2017-12-20 12:00:00', '2017-12-20 12:00:00');
INSERT INTO `pe_vendor_product` (`VENDOR_PRODUCT_ID`, `VENDOR_ID`, `PRODUCT_NAME`, `LAST_UPDATED_STAMP`, `LAST_UPDATED_TX_STAMP`, `CREATED_STAMP`, `CREATED_TX_STAMP`) VALUES ('CHEL-183', 'V_ADMORE', 'CHEL-183', '2017-12-20 12:00:00', '2017-12-20 12:00:00', '2017-12-20 12:00:00', '2017-12-20 12:00:00');
INSERT INTO `pe_vendor_product` (`VENDOR_PRODUCT_ID`, `VENDOR_ID`, `PRODUCT_NAME`, `LAST_UPDATED_STAMP`, `LAST_UPDATED_TX_STAMP`, `CREATED_STAMP`, `CREATED_TX_STAMP`) VALUES ('CHEL-185', 'V_ADMORE', 'CHEL-185', '2017-12-20 12:00:00', '2017-12-20 12:00:00', '2017-12-20 12:00:00', '2017-12-20 12:00:00');
INSERT INTO `pe_vendor_product` (`VENDOR_PRODUCT_ID`, `VENDOR_ID`, `PRODUCT_NAME`, `LAST_UPDATED_STAMP`, `LAST_UPDATED_TX_STAMP`, `CREATED_STAMP`, `CREATED_TX_STAMP`) VALUES ('CHEP-183', 'V_ADMORE', 'CHEP-183', '2017-12-20 12:00:00', '2017-12-20 12:00:00', '2017-12-20 12:00:00', '2017-12-20 12:00:00');
INSERT INTO `pe_vendor_product` (`VENDOR_PRODUCT_ID`, `VENDOR_ID`, `PRODUCT_NAME`, `LAST_UPDATED_STAMP`, `LAST_UPDATED_TX_STAMP`, `CREATED_STAMP`, `CREATED_TX_STAMP`) VALUES ('CHEP-185', 'V_ADMORE', 'CHEP-185', '2017-12-20 12:00:00', '2017-12-20 12:00:00', '2017-12-20 12:00:00', '2017-12-20 12:00:00');
INSERT INTO `pe_vendor_product` (`VENDOR_PRODUCT_ID`, `VENDOR_ID`, `PRODUCT_NAME`, `LAST_UPDATED_STAMP`, `LAST_UPDATED_TX_STAMP`, `CREATED_STAMP`, `CREATED_TX_STAMP`) VALUES ('CHEL-186', 'V_ADMORE', 'CHEL-186', '2017-12-20 12:00:00', '2017-12-20 12:00:00', '2017-12-20 12:00:00', '2017-12-20 12:00:00');
INSERT INTO `pe_vendor_product` (`VENDOR_PRODUCT_ID`, `VENDOR_ID`, `PRODUCT_NAME`, `LAST_UPDATED_STAMP`, `LAST_UPDATED_TX_STAMP`, `CREATED_STAMP`, `CREATED_TX_STAMP`) VALUES ('CHEP-186', 'V_ADMORE', 'CHEP-186', '2017-12-20 12:00:00', '2017-12-20 12:00:00', '2017-12-20 12:00:00', '2017-12-20 12:00:00');
INSERT INTO `pe_vendor_product` (`VENDOR_PRODUCT_ID`, `VENDOR_ID`, `PRODUCT_NAME`, `LAST_UPDATED_STAMP`, `LAST_UPDATED_TX_STAMP`, `CREATED_STAMP`, `CREATED_TX_STAMP`) VALUES ('CHCEL-0910', 'V_ADMORE', 'CHCEL-0910', '2017-12-20 12:00:00', '2017-12-20 12:00:00', '2017-12-20 12:00:00', '2017-12-20 12:00:00');
INSERT INTO `pe_vendor_product` (`VENDOR_PRODUCT_ID`, `VENDOR_ID`, `PRODUCT_NAME`, `LAST_UPDATED_STAMP`, `LAST_UPDATED_TX_STAMP`, `CREATED_STAMP`, `CREATED_TX_STAMP`) VALUES ('CHCEP-0910', 'V_ADMORE', 'CHCEP-0910', '2017-12-20 12:00:00', '2017-12-20 12:00:00', '2017-12-20 12:00:00', '2017-12-20 12:00:00');
INSERT INTO `pe_vendor_product` (`VENDOR_PRODUCT_ID`, `VENDOR_ID`, `PRODUCT_NAME`, `LAST_UPDATED_STAMP`, `LAST_UPDATED_TX_STAMP`, `CREATED_STAMP`, `CREATED_TX_STAMP`) VALUES ('CHERL-0911', 'V_ADMORE', 'CHERL-0911', '2017-12-20 12:00:00', '2017-12-20 12:00:00', '2017-12-20 12:00:00', '2017-12-20 12:00:00');
INSERT INTO `pe_vendor_product` (`VENDOR_PRODUCT_ID`, `VENDOR_ID`, `PRODUCT_NAME`, `LAST_UPDATED_STAMP`, `LAST_UPDATED_TX_STAMP`, `CREATED_STAMP`, `CREATED_TX_STAMP`) VALUES ('CHERP-0911', 'V_ADMORE', 'CHERP-0911', '2017-12-20 12:00:00', '2017-12-20 12:00:00', '2017-12-20 12:00:00', '2017-12-20 12:00:00');
INSERT INTO `pe_vendor_product` (`VENDOR_PRODUCT_ID`, `VENDOR_ID`, `PRODUCT_NAME`, `LAST_UPDATED_STAMP`, `LAST_UPDATED_TX_STAMP`, `CREATED_STAMP`, `CREATED_TX_STAMP`) VALUES ('CHEL-189', 'V_ADMORE', 'CHEL-189', '2017-12-20 12:00:00', '2017-12-20 12:00:00', '2017-12-20 12:00:00', '2017-12-20 12:00:00');
INSERT INTO `pe_vendor_product` (`VENDOR_PRODUCT_ID`, `VENDOR_ID`, `PRODUCT_NAME`, `LAST_UPDATED_STAMP`, `LAST_UPDATED_TX_STAMP`, `CREATED_STAMP`, `CREATED_TX_STAMP`) VALUES ('CHEP-188', 'V_ADMORE', 'CHEP-188', '2017-12-20 12:00:00', '2017-12-20 12:00:00', '2017-12-20 12:00:00', '2017-12-20 12:00:00');


INSERT INTO `pe_related_vendor_product` (`VIRTUAL_PRODUCT_ID`, `VENDOR_ID`, `VENDOR_PRODUCT_ID`, `LAST_UPDATED_STAMP`, `LAST_UPDATED_TX_STAMP`, `CREATED_STAMP`, `CREATED_TX_STAMP`) VALUES ('SF-101', 'V_ADMORE', 'SF-101', '2017-12-20 12:00:00', '2017-12-20 12:00:00', '2017-12-20 12:00:00', '2017-12-20 12:00:00');
INSERT INTO `pe_related_vendor_product` (`VIRTUAL_PRODUCT_ID`, `VENDOR_ID`, `VENDOR_PRODUCT_ID`, `LAST_UPDATED_STAMP`, `LAST_UPDATED_TX_STAMP`, `CREATED_STAMP`, `CREATED_TX_STAMP`) VALUES ('RP-0863', 'V_ADMORE', 'RP-0863', '2017-12-20 12:00:00', '2017-12-20 12:00:00', '2017-12-20 12:00:00', '2017-12-20 12:00:00');
INSERT INTO `pe_related_vendor_product` (`VIRTUAL_PRODUCT_ID`, `VENDOR_ID`, `VENDOR_PRODUCT_ID`, `LAST_UPDATED_STAMP`, `LAST_UPDATED_TX_STAMP`, `CREATED_STAMP`, `CREATED_TX_STAMP`) VALUES ('WP-0880', 'V_ADMORE', 'WP-0880', '2017-12-20 12:00:00', '2017-12-20 12:00:00', '2017-12-20 12:00:00', '2017-12-20 12:00:00');
INSERT INTO `pe_related_vendor_product` (`VIRTUAL_PRODUCT_ID`, `VENDOR_ID`, `VENDOR_PRODUCT_ID`, `LAST_UPDATED_STAMP`, `LAST_UPDATED_TX_STAMP`, `CREATED_STAMP`, `CREATED_TX_STAMP`) VALUES ('AP-0861', 'V_ADMORE', 'AP-0861', '2017-12-20 12:00:00', '2017-12-20 12:00:00', '2017-12-20 12:00:00', '2017-12-20 12:00:00');
INSERT INTO `pe_related_vendor_product` (`VIRTUAL_PRODUCT_ID`, `VENDOR_ID`, `VENDOR_PRODUCT_ID`, `LAST_UPDATED_STAMP`, `LAST_UPDATED_TX_STAMP`, `CREATED_STAMP`, `CREATED_TX_STAMP`) VALUES ('SF-0882', 'V_ADMORE', 'SF-0882', '2017-12-20 12:00:00', '2017-12-20 12:00:00', '2017-12-20 12:00:00', '2017-12-20 12:00:00');
INSERT INTO `pe_related_vendor_product` (`VIRTUAL_PRODUCT_ID`, `VENDOR_ID`, `VENDOR_PRODUCT_ID`, `LAST_UPDATED_STAMP`, `LAST_UPDATED_TX_STAMP`, `CREATED_STAMP`, `CREATED_TX_STAMP`) VALUES ('VSRP-0830', 'V_ADMORE', 'VSRP-0830', '2017-12-20 12:00:00', '2017-12-20 12:00:00', '2017-12-20 12:00:00', '2017-12-20 12:00:00');
INSERT INTO `pe_related_vendor_product` (`VIRTUAL_PRODUCT_ID`, `VENDOR_ID`, `VENDOR_PRODUCT_ID`, `LAST_UPDATED_STAMP`, `LAST_UPDATED_TX_STAMP`, `CREATED_STAMP`, `CREATED_TX_STAMP`) VALUES ('CHEL-183', 'V_ADMORE', 'CHEL-183', '2017-12-20 12:00:00', '2017-12-20 12:00:00', '2017-12-20 12:00:00', '2017-12-20 12:00:00');
INSERT INTO `pe_related_vendor_product` (`VIRTUAL_PRODUCT_ID`, `VENDOR_ID`, `VENDOR_PRODUCT_ID`, `LAST_UPDATED_STAMP`, `LAST_UPDATED_TX_STAMP`, `CREATED_STAMP`, `CREATED_TX_STAMP`) VALUES ('CHEL-185', 'V_ADMORE', 'CHEL-185', '2017-12-20 12:00:00', '2017-12-20 12:00:00', '2017-12-20 12:00:00', '2017-12-20 12:00:00');
INSERT INTO `pe_related_vendor_product` (`VIRTUAL_PRODUCT_ID`, `VENDOR_ID`, `VENDOR_PRODUCT_ID`, `LAST_UPDATED_STAMP`, `LAST_UPDATED_TX_STAMP`, `CREATED_STAMP`, `CREATED_TX_STAMP`) VALUES ('CHEP-183', 'V_ADMORE', 'CHEP-183', '2017-12-20 12:00:00', '2017-12-20 12:00:00', '2017-12-20 12:00:00', '2017-12-20 12:00:00');
INSERT INTO `pe_related_vendor_product` (`VIRTUAL_PRODUCT_ID`, `VENDOR_ID`, `VENDOR_PRODUCT_ID`, `LAST_UPDATED_STAMP`, `LAST_UPDATED_TX_STAMP`, `CREATED_STAMP`, `CREATED_TX_STAMP`) VALUES ('CHEP-185', 'V_ADMORE', 'CHEP-185', '2017-12-20 12:00:00', '2017-12-20 12:00:00', '2017-12-20 12:00:00', '2017-12-20 12:00:00');
INSERT INTO `pe_related_vendor_product` (`VIRTUAL_PRODUCT_ID`, `VENDOR_ID`, `VENDOR_PRODUCT_ID`, `LAST_UPDATED_STAMP`, `LAST_UPDATED_TX_STAMP`, `CREATED_STAMP`, `CREATED_TX_STAMP`) VALUES ('CHEL-186', 'V_ADMORE', 'CHEL-186', '2017-12-20 12:00:00', '2017-12-20 12:00:00', '2017-12-20 12:00:00', '2017-12-20 12:00:00');
INSERT INTO `pe_related_vendor_product` (`VIRTUAL_PRODUCT_ID`, `VENDOR_ID`, `VENDOR_PRODUCT_ID`, `LAST_UPDATED_STAMP`, `LAST_UPDATED_TX_STAMP`, `CREATED_STAMP`, `CREATED_TX_STAMP`) VALUES ('CHEP-186', 'V_ADMORE', 'CHEP-186', '2017-12-20 12:00:00', '2017-12-20 12:00:00', '2017-12-20 12:00:00', '2017-12-20 12:00:00');
INSERT INTO `pe_related_vendor_product` (`VIRTUAL_PRODUCT_ID`, `VENDOR_ID`, `VENDOR_PRODUCT_ID`, `LAST_UPDATED_STAMP`, `LAST_UPDATED_TX_STAMP`, `CREATED_STAMP`, `CREATED_TX_STAMP`) VALUES ('CHCEL-0910', 'V_ADMORE', 'CHCEL-0910', '2017-12-20 12:00:00', '2017-12-20 12:00:00', '2017-12-20 12:00:00', '2017-12-20 12:00:00');
INSERT INTO `pe_related_vendor_product` (`VIRTUAL_PRODUCT_ID`, `VENDOR_ID`, `VENDOR_PRODUCT_ID`, `LAST_UPDATED_STAMP`, `LAST_UPDATED_TX_STAMP`, `CREATED_STAMP`, `CREATED_TX_STAMP`) VALUES ('CHCEP-0910', 'V_ADMORE', 'CHCEP-0910', '2017-12-20 12:00:00', '2017-12-20 12:00:00', '2017-12-20 12:00:00', '2017-12-20 12:00:00');
INSERT INTO `pe_related_vendor_product` (`VIRTUAL_PRODUCT_ID`, `VENDOR_ID`, `VENDOR_PRODUCT_ID`, `LAST_UPDATED_STAMP`, `LAST_UPDATED_TX_STAMP`, `CREATED_STAMP`, `CREATED_TX_STAMP`) VALUES ('CHERL-0911', 'V_ADMORE', 'CHERL-0911', '2017-12-20 12:00:00', '2017-12-20 12:00:00', '2017-12-20 12:00:00', '2017-12-20 12:00:00');
INSERT INTO `pe_related_vendor_product` (`VIRTUAL_PRODUCT_ID`, `VENDOR_ID`, `VENDOR_PRODUCT_ID`, `LAST_UPDATED_STAMP`, `LAST_UPDATED_TX_STAMP`, `CREATED_STAMP`, `CREATED_TX_STAMP`) VALUES ('CHERP-0911', 'V_ADMORE', 'CHERP-0911', '2017-12-20 12:00:00', '2017-12-20 12:00:00', '2017-12-20 12:00:00', '2017-12-20 12:00:00');
INSERT INTO `pe_related_vendor_product` (`VIRTUAL_PRODUCT_ID`, `VENDOR_ID`, `VENDOR_PRODUCT_ID`, `LAST_UPDATED_STAMP`, `LAST_UPDATED_TX_STAMP`, `CREATED_STAMP`, `CREATED_TX_STAMP`) VALUES ('CHEL-189', 'V_ADMORE', 'CHEL-189', '2017-12-20 12:00:00', '2017-12-20 12:00:00', '2017-12-20 12:00:00', '2017-12-20 12:00:00');
INSERT INTO `pe_related_vendor_product` (`VIRTUAL_PRODUCT_ID`, `VENDOR_ID`, `VENDOR_PRODUCT_ID`, `LAST_UPDATED_STAMP`, `LAST_UPDATED_TX_STAMP`, `CREATED_STAMP`, `CREATED_TX_STAMP`) VALUES ('CHEP-188', 'V_ADMORE', 'CHEP-188', '2017-12-20 12:00:00', '2017-12-20 12:00:00', '2017-12-20 12:00:00', '2017-12-20 12:00:00');


INSERT INTO `pe_attribute` (`ATTRIBUTE_ID`, `LAST_UPDATED_STAMP`, `LAST_UPDATED_TX_STAMP`, `CREATED_STAMP`, `CREATED_TX_STAMP`) VALUES ('MARKUP_PERCENTAGE', '2017-12-20 12:00:00', '2017-12-20 12:00:00', '2017-12-20 12:00:00', '2017-12-20 12:00:00');
INSERT INTO `pe_attribute` (`ATTRIBUTE_ID`, `LAST_UPDATED_STAMP`, `LAST_UPDATED_TX_STAMP`, `CREATED_STAMP`, `CREATED_TX_STAMP`) VALUES ('MARKUP_DOLLAR', '2017-12-20 12:00:00', '2017-12-20 12:00:00', '2017-12-20 12:00:00', '2017-12-20 12:00:00');
INSERT INTO `pe_attribute` (`ATTRIBUTE_ID`, `LAST_UPDATED_STAMP`, `LAST_UPDATED_TX_STAMP`, `CREATED_STAMP`, `CREATED_TX_STAMP`) VALUES ('PLAIN', '2017-12-20 12:00:00', '2017-12-20 12:00:00', '2017-12-20 12:00:00', '2017-12-20 12:00:00');
INSERT INTO `pe_attribute` (`ATTRIBUTE_ID`, `LAST_UPDATED_STAMP`, `LAST_UPDATED_TX_STAMP`, `CREATED_STAMP`, `CREATED_TX_STAMP`) VALUES ('PRINT_1C', '2017-12-20 12:00:00', '2017-12-20 12:00:00', '2017-12-20 12:00:00', '2017-12-20 12:00:00');
INSERT INTO `pe_attribute` (`ATTRIBUTE_ID`, `LAST_UPDATED_STAMP`, `LAST_UPDATED_TX_STAMP`, `CREATED_STAMP`, `CREATED_TX_STAMP`) VALUES ('PRINT_4C', '2017-12-20 12:00:00', '2017-12-20 12:00:00', '2017-12-20 12:00:00', '2017-12-20 12:00:00');
INSERT INTO `pe_attribute` (`ATTRIBUTE_ID`, `LAST_UPDATED_STAMP`, `LAST_UPDATED_TX_STAMP`, `CREATED_STAMP`, `CREATED_TX_STAMP`) VALUES ('FOIL_STAMP_BASE', '2017-12-20 12:00:00', '2017-12-20 12:00:00', '2017-12-20 12:00:00', '2017-12-20 12:00:00');
INSERT INTO `pe_attribute` (`ATTRIBUTE_ID`, `LAST_UPDATED_STAMP`, `LAST_UPDATED_TX_STAMP`, `CREATED_STAMP`, `CREATED_TX_STAMP`) VALUES ('EMBOSS_BASE', '2017-12-20 12:00:00', '2017-12-20 12:00:00', '2017-12-20 12:00:00', '2017-12-20 12:00:00');
INSERT INTO `pe_attribute` (`ATTRIBUTE_ID`, `LAST_UPDATED_STAMP`, `LAST_UPDATED_TX_STAMP`, `CREATED_STAMP`, `CREATED_TX_STAMP`) VALUES ('ADDITIONAL_COLOR_PER_SIDE', '2017-12-20 12:00:00', '2017-12-20 12:00:00', '2017-12-20 12:00:00', '2017-12-20 12:00:00');
INSERT INTO `pe_attribute` (`ATTRIBUTE_ID`, `LAST_UPDATED_STAMP`, `LAST_UPDATED_TX_STAMP`, `CREATED_STAMP`, `CREATED_TX_STAMP`) VALUES ('HEAVY_COVERAGE_PER_SIDE', '2017-12-20 12:00:00', '2017-12-20 12:00:00', '2017-12-20 12:00:00', '2017-12-20 12:00:00');
INSERT INTO `pe_attribute` (`ATTRIBUTE_ID`, `LAST_UPDATED_STAMP`, `LAST_UPDATED_TX_STAMP`, `CREATED_STAMP`, `CREATED_TX_STAMP`) VALUES ('PRINT_4C_2ND_SIDE', '2017-12-20 12:00:00', '2017-12-20 12:00:00', '2017-12-20 12:00:00', '2017-12-20 12:00:00');
INSERT INTO `pe_attribute` (`ATTRIBUTE_ID`, `LAST_UPDATED_STAMP`, `LAST_UPDATED_TX_STAMP`, `CREATED_STAMP`, `CREATED_TX_STAMP`) VALUES ('GROUP_A_STOCKS', '2017-12-20 12:00:00', '2017-12-20 12:00:00', '2017-12-20 12:00:00', '2017-12-20 12:00:00');
INSERT INTO `pe_attribute` (`ATTRIBUTE_ID`, `LAST_UPDATED_STAMP`, `LAST_UPDATED_TX_STAMP`, `CREATED_STAMP`, `CREATED_TX_STAMP`) VALUES ('GROUP_B_STOCKS', '2017-12-20 12:00:00', '2017-12-20 12:00:00', '2017-12-20 12:00:00', '2017-12-20 12:00:00');
INSERT INTO `pe_attribute` (`ATTRIBUTE_ID`, `LAST_UPDATED_STAMP`, `LAST_UPDATED_TX_STAMP`, `CREATED_STAMP`, `CREATED_TX_STAMP`) VALUES ('GROUP_C_STOCKS', '2017-12-20 12:00:00', '2017-12-20 12:00:00', '2017-12-20 12:00:00', '2017-12-20 12:00:00');
INSERT INTO `pe_attribute` (`ATTRIBUTE_ID`, `LAST_UPDATED_STAMP`, `LAST_UPDATED_TX_STAMP`, `CREATED_STAMP`, `CREATED_TX_STAMP`) VALUES ('GROUP_D_STOCKS', '2017-12-20 12:00:00', '2017-12-20 12:00:00', '2017-12-20 12:00:00', '2017-12-20 12:00:00');
INSERT INTO `pe_attribute` (`ATTRIBUTE_ID`, `LAST_UPDATED_STAMP`, `LAST_UPDATED_TX_STAMP`, `CREATED_STAMP`, `CREATED_TX_STAMP`) VALUES ('AQUEOUS_CHOICE', '2017-12-20 12:00:00', '2017-12-20 12:00:00', '2017-12-20 12:00:00', '2017-12-20 12:00:00');
INSERT INTO `pe_attribute` (`ATTRIBUTE_ID`, `LAST_UPDATED_STAMP`, `LAST_UPDATED_TX_STAMP`, `CREATED_STAMP`, `CREATED_TX_STAMP`) VALUES ('AQUEOUS_GLOSS', '2017-12-20 12:00:00', '2017-12-20 12:00:00', '2017-12-20 12:00:00', '2017-12-20 12:00:00');
INSERT INTO `pe_attribute` (`ATTRIBUTE_ID`, `LAST_UPDATED_STAMP`, `LAST_UPDATED_TX_STAMP`, `CREATED_STAMP`, `CREATED_TX_STAMP`) VALUES ('AQUEOUS_MATTE', '2017-12-20 12:00:00', '2017-12-20 12:00:00', '2017-12-20 12:00:00', '2017-12-20 12:00:00');
INSERT INTO `pe_attribute` (`ATTRIBUTE_ID`, `LAST_UPDATED_STAMP`, `LAST_UPDATED_TX_STAMP`, `CREATED_STAMP`, `CREATED_TX_STAMP`) VALUES ('AQUEOUS_SATIN', '2017-12-20 12:00:00', '2017-12-20 12:00:00', '2017-12-20 12:00:00', '2017-12-20 12:00:00');
INSERT INTO `pe_attribute` (`ATTRIBUTE_ID`, `LAST_UPDATED_STAMP`, `LAST_UPDATED_TX_STAMP`, `CREATED_STAMP`, `CREATED_TX_STAMP`) VALUES ('AQUEOUS_SOFT_TOUCH', '2017-12-20 12:00:00', '2017-12-20 12:00:00', '2017-12-20 12:00:00', '2017-12-20 12:00:00');
INSERT INTO `pe_attribute` (`ATTRIBUTE_ID`, `LAST_UPDATED_STAMP`, `LAST_UPDATED_TX_STAMP`, `CREATED_STAMP`, `CREATED_TX_STAMP`) VALUES ('UV_COATING_GLOSS', '2017-12-20 12:00:00', '2017-12-20 12:00:00', '2017-12-20 12:00:00', '2017-12-20 12:00:00');
INSERT INTO `pe_attribute` (`ATTRIBUTE_ID`, `LAST_UPDATED_STAMP`, `LAST_UPDATED_TX_STAMP`, `CREATED_STAMP`, `CREATED_TX_STAMP`) VALUES ('LAMINATION_GLOSS', '2017-12-20 12:00:00', '2017-12-20 12:00:00', '2017-12-20 12:00:00', '2017-12-20 12:00:00');
INSERT INTO `pe_attribute` (`ATTRIBUTE_ID`, `LAST_UPDATED_STAMP`, `LAST_UPDATED_TX_STAMP`, `CREATED_STAMP`, `CREATED_TX_STAMP`) VALUES ('LAMINATION_MATTE', '2017-12-20 12:00:00', '2017-12-20 12:00:00', '2017-12-20 12:00:00', '2017-12-20 12:00:00');
INSERT INTO `pe_attribute` (`ATTRIBUTE_ID`, `LAST_UPDATED_STAMP`, `LAST_UPDATED_TX_STAMP`, `CREATED_STAMP`, `CREATED_TX_STAMP`) VALUES ('LAMINATION_SOFT_TOUCH', '2017-12-20 12:00:00', '2017-12-20 12:00:00', '2017-12-20 12:00:00', '2017-12-20 12:00:00');
INSERT INTO `pe_attribute` (`ATTRIBUTE_ID`, `LAST_UPDATED_STAMP`, `LAST_UPDATED_TX_STAMP`, `CREATED_STAMP`, `CREATED_TX_STAMP`) VALUES ('SPINE_ATTACHMENTS', '2017-12-20 12:00:00', '2017-12-20 12:00:00', '2017-12-20 12:00:00', '2017-12-20 12:00:00');
INSERT INTO `pe_attribute` (`ATTRIBUTE_ID`, `LAST_UPDATED_STAMP`, `LAST_UPDATED_TX_STAMP`, `CREATED_STAMP`, `CREATED_TX_STAMP`) VALUES ('DISCOUNT_15_SQ_INCH', '2017-12-20 12:00:00', '2017-12-20 12:00:00', '2017-12-20 12:00:00', '2017-12-20 12:00:00');
INSERT INTO `pe_attribute` (`ATTRIBUTE_ID`, `LAST_UPDATED_STAMP`, `LAST_UPDATED_TX_STAMP`, `CREATED_STAMP`, `CREATED_TX_STAMP`) VALUES ('FOIL_STAMP_RUN_ADD_ON', '2017-12-20 12:00:00', '2017-12-20 12:00:00', '2017-12-20 12:00:00', '2017-12-20 12:00:00');
INSERT INTO `pe_attribute` (`ATTRIBUTE_ID`, `LAST_UPDATED_STAMP`, `LAST_UPDATED_TX_STAMP`, `CREATED_STAMP`, `CREATED_TX_STAMP`) VALUES ('FOIL_STAMP_IMAGE_ADD_ON', '2017-12-20 12:00:00', '2017-12-20 12:00:00', '2017-12-20 12:00:00', '2017-12-20 12:00:00');
INSERT INTO `pe_attribute` (`ATTRIBUTE_ID`, `LAST_UPDATED_STAMP`, `LAST_UPDATED_TX_STAMP`, `CREATED_STAMP`, `CREATED_TX_STAMP`) VALUES ('EMBOSS_RUN_ADD_ON', '2017-12-20 12:00:00', '2017-12-20 12:00:00', '2017-12-20 12:00:00', '2017-12-20 12:00:00');
INSERT INTO `pe_attribute` (`ATTRIBUTE_ID`, `LAST_UPDATED_STAMP`, `LAST_UPDATED_TX_STAMP`, `CREATED_STAMP`, `CREATED_TX_STAMP`) VALUES ('EMBOSS_IMAGE_ADD_ON', '2017-12-20 12:00:00', '2017-12-20 12:00:00', '2017-12-20 12:00:00', '2017-12-20 12:00:00');
INSERT INTO `pe_attribute` (`ATTRIBUTE_ID`, `LAST_UPDATED_STAMP`, `LAST_UPDATED_TX_STAMP`, `CREATED_STAMP`, `CREATED_TX_STAMP`) VALUES ('ADD_ON_RUN_DISC_PERCENT', '2017-12-20 12:00:00', '2017-12-20 12:00:00', '2017-12-20 12:00:00', '2017-12-20 12:00:00');
INSERT INTO `pe_attribute` (`ATTRIBUTE_ID`, `LAST_UPDATED_STAMP`, `LAST_UPDATED_TX_STAMP`, `CREATED_STAMP`, `CREATED_TX_STAMP`) VALUES ('TANG_STRIP', '2018-02-09 17:09:39', '2018-02-09 17:09:39', '2018-02-09 17:09:39', '2018-02-09 17:09:39');
INSERT INTO `pe_attribute` (`ATTRIBUTE_ID`, `LAST_UPDATED_STAMP`, `LAST_UPDATED_TX_STAMP`, `CREATED_STAMP`, `CREATED_TX_STAMP`) VALUES ('UPCHARGE', '2018-02-09 17:09:39', '2018-02-09 17:09:39', '2018-02-09 17:09:39', '2018-02-09 17:09:39');


INSERT INTO `pe_attribute_value` (`ATTRIBUTE_VALUE_ID`, `VENDOR_PRODUCT_ID`, `VENDOR_ID`, `ATTRIBUTE_ID`, `QUANTITY_BREAK`, `VOLUME_PRICE`, `LAST_UPDATED_STAMP`, `LAST_UPDATED_TX_STAMP`, `CREATED_STAMP`, `CREATED_TX_STAMP`) VALUES (1,  null, null, 'MARKUP_PERCENTAGE', '100|250|500|1000|1500|2000|2500|3000|5000|7500|10000', '63.20|58.10|58.10|47.90|47.90|47.90|47.90|47.90|47.90|47.90|42.80', '2017-12-20 12:00:00', '2017-12-20 12:00:00', '2017-12-20 12:00:00', '2017-12-20 12:00:00');
INSERT INTO `pe_attribute_value` (`ATTRIBUTE_VALUE_ID`, `VENDOR_PRODUCT_ID`, `VENDOR_ID`, `ATTRIBUTE_ID`, `QUANTITY_BREAK`, `VOLUME_PRICE`, `LAST_UPDATED_STAMP`, `LAST_UPDATED_TX_STAMP`, `CREATED_STAMP`, `CREATED_TX_STAMP`) VALUES (2,  null, null, 'MARKUP_DOLLAR', '100|250|500|1000|1500|2000|2500|3000|5000|7500|10000', '65.00|55.00|60.00|75.00|75.00|75.00|75.00|75.00|75.00|75.00|75.00', '2017-12-20 12:00:00', '2017-12-20 12:00:00', '2017-12-20 12:00:00', '2017-12-20 12:00:00');
INSERT INTO `pe_attribute_value` (`ATTRIBUTE_VALUE_ID`, `VENDOR_PRODUCT_ID`, `VENDOR_ID`, `ATTRIBUTE_ID`, `QUANTITY_BREAK`, `VOLUME_PRICE`, `LAST_UPDATED_STAMP`, `LAST_UPDATED_TX_STAMP`, `CREATED_STAMP`, `CREATED_TX_STAMP`) VALUES (3,  'SF-101', 'V_ADMORE', 'PLAIN', '250|500|750|1000|1500|2000|2500|3000|4000|5000|7500|10000', '0.00|0.00|0.00|0.00|0.00|0.00|0.00|0.00|0.00|0.00|0.00|0.00', '2017-12-20 12:00:00', '2017-12-20 12:00:00', '2017-12-20 12:00:00', '2017-12-20 12:00:00');
INSERT INTO `pe_attribute_value` (`ATTRIBUTE_VALUE_ID`, `VENDOR_PRODUCT_ID`, `VENDOR_ID`, `ATTRIBUTE_ID`, `QUANTITY_BREAK`, `VOLUME_PRICE`, `LAST_UPDATED_STAMP`, `LAST_UPDATED_TX_STAMP`, `CREATED_STAMP`, `CREATED_TX_STAMP`) VALUES (4,  'SF-101', 'V_ADMORE', 'PRINT_1C', '250|500|750|1000|1500|2000|2500|3000|4000|5000|7500|10000', '301.00|353.00|422.00|491.00|610.00|758.00|898.00|1040.00|1229.00|1418.00|1958.00|2385.00', '2017-12-20 12:00:00', '2017-12-20 12:00:00', '2017-12-20 12:00:00', '2017-12-20 12:00:00');
INSERT INTO `pe_attribute_value` (`ATTRIBUTE_VALUE_ID`, `VENDOR_PRODUCT_ID`, `VENDOR_ID`, `ATTRIBUTE_ID`, `QUANTITY_BREAK`, `VOLUME_PRICE`, `LAST_UPDATED_STAMP`, `LAST_UPDATED_TX_STAMP`, `CREATED_STAMP`, `CREATED_TX_STAMP`) VALUES (5,  'SF-101', 'V_ADMORE', 'PRINT_4C', '250|500|750|1000|1500|2000|2500|3000|4000|5000|7500|10000', '355.00|440.00|521.00|602.00|775.00|929.00|1067.00|1202.00|1409.00|1616.00|2174.00|2592.00', '2017-12-20 12:00:00', '2017-12-20 12:00:00', '2017-12-20 12:00:00', '2017-12-20 12:00:00');
INSERT INTO `pe_attribute_value` (`ATTRIBUTE_VALUE_ID`, `VENDOR_PRODUCT_ID`, `VENDOR_ID`, `ATTRIBUTE_ID`, `QUANTITY_BREAK`, `VOLUME_PRICE`, `LAST_UPDATED_STAMP`, `LAST_UPDATED_TX_STAMP`, `CREATED_STAMP`, `CREATED_TX_STAMP`) VALUES (6,  'SF-101', 'V_ADMORE', 'FOIL_STAMP_BASE', '250|500|750|1000|1500|2000|2500|3000|4000|5000|7500|10000', '252.00|344.00|413.00|482.00|606.00|788.00|945.00|1094.00|1308.00|1521.00|2147.00|2709.00', '2017-12-20 12:00:00', '2017-12-20 12:00:00', '2017-12-20 12:00:00', '2017-12-20 12:00:00');
INSERT INTO `pe_attribute_value` (`ATTRIBUTE_VALUE_ID`, `VENDOR_PRODUCT_ID`, `VENDOR_ID`, `ATTRIBUTE_ID`, `QUANTITY_BREAK`, `VOLUME_PRICE`, `LAST_UPDATED_STAMP`, `LAST_UPDATED_TX_STAMP`, `CREATED_STAMP`, `CREATED_TX_STAMP`) VALUES (7,  'SF-101', 'V_ADMORE', 'EMBOSS_BASE', '250|500|750|1000|1500|2000|2500|3000|4000|5000|7500|10000', '252.00|344.00|413.00|482.00|606.00|788.00|945.00|1094.00|1308.00|1521.00|2147.00|2709.00', '2017-12-20 12:00:00', '2017-12-20 12:00:00', '2017-12-20 12:00:00', '2017-12-20 12:00:00');
INSERT INTO `pe_attribute_value` (`ATTRIBUTE_VALUE_ID`, `VENDOR_PRODUCT_ID`, `VENDOR_ID`, `ATTRIBUTE_ID`, `QUANTITY_BREAK`, `VOLUME_PRICE`, `LAST_UPDATED_STAMP`, `LAST_UPDATED_TX_STAMP`, `CREATED_STAMP`, `CREATED_TX_STAMP`) VALUES (8,  'SF-101', 'V_ADMORE', 'ADDITIONAL_COLOR_PER_SIDE', '250|500|750|1000|1500|2000|2500|3000|4000|5000|7500|10000', '79.00|88.00|95.00|102.00|111.00|130.00|149.00|162.00|174.00|185.00|257.00|315.00', '2017-12-20 12:00:00', '2017-12-20 12:00:00', '2017-12-20 12:00:00', '2017-12-20 12:00:00');
INSERT INTO `pe_attribute_value` (`ATTRIBUTE_VALUE_ID`, `VENDOR_PRODUCT_ID`, `VENDOR_ID`, `ATTRIBUTE_ID`, `QUANTITY_BREAK`, `VOLUME_PRICE`, `LAST_UPDATED_STAMP`, `LAST_UPDATED_TX_STAMP`, `CREATED_STAMP`, `CREATED_TX_STAMP`) VALUES (9,  'SF-101', 'V_ADMORE', 'HEAVY_COVERAGE_PER_SIDE', '250|500|750|1000|1500|2000|2500|3000|4000|5000|7500|10000', '79.00|88.00|95.00|102.00|111.00|130.00|149.00|162.00|174.00|185.00|257.00|315.00', '2017-12-20 12:00:00', '2017-12-20 12:00:00', '2017-12-20 12:00:00', '2017-12-20 12:00:00');
INSERT INTO `pe_attribute_value` (`ATTRIBUTE_VALUE_ID`, `VENDOR_PRODUCT_ID`, `VENDOR_ID`, `ATTRIBUTE_ID`, `QUANTITY_BREAK`, `VOLUME_PRICE`, `LAST_UPDATED_STAMP`, `LAST_UPDATED_TX_STAMP`, `CREATED_STAMP`, `CREATED_TX_STAMP`) VALUES (10,  'SF-101', 'V_ADMORE', 'PRINT_4C_2ND_SIDE', '250|500|750|1000|1500|2000|2500|3000|4000|5000|7500|10000', '225.00|225.00|243.00|261.00|293.00|324.00|356.00|386.00|450.00|513.00|668.00|828.00', '2017-12-20 12:00:00', '2017-12-20 12:00:00', '2017-12-20 12:00:00', '2017-12-20 12:00:00');
INSERT INTO `pe_attribute_value` (`ATTRIBUTE_VALUE_ID`, `VENDOR_PRODUCT_ID`, `VENDOR_ID`, `ATTRIBUTE_ID`, `QUANTITY_BREAK`, `VOLUME_PRICE`, `LAST_UPDATED_STAMP`, `LAST_UPDATED_TX_STAMP`, `CREATED_STAMP`, `CREATED_TX_STAMP`) VALUES (11,  'SF-101', 'V_ADMORE', 'GROUP_A_STOCKS', '250|500|750|1000|1500|2000|2500|3000|4000|5000|7500|10000', '26.00|36.00|50.00|64.00|90.00|117.00|142.00|165.00|215.00|266.00|385.00|513.00', '2017-12-20 12:00:00', '2017-12-20 12:00:00', '2017-12-20 12:00:00', '2017-12-20 12:00:00');
INSERT INTO `pe_attribute_value` (`ATTRIBUTE_VALUE_ID`, `VENDOR_PRODUCT_ID`, `VENDOR_ID`, `ATTRIBUTE_ID`, `QUANTITY_BREAK`, `VOLUME_PRICE`, `LAST_UPDATED_STAMP`, `LAST_UPDATED_TX_STAMP`, `CREATED_STAMP`, `CREATED_TX_STAMP`) VALUES (12,  'SF-101', 'V_ADMORE', 'GROUP_B_STOCKS', '250|500|750|1000|1500|2000|2500|3000|4000|5000|7500|10000', '40.00|58.00|80.00|102.00|143.00|185.00|225.00|262.00|343.00|423.00|608.00|801.00', '2017-12-20 12:00:00', '2017-12-20 12:00:00', '2017-12-20 12:00:00', '2017-12-20 12:00:00');
INSERT INTO `pe_attribute_value` (`ATTRIBUTE_VALUE_ID`, `VENDOR_PRODUCT_ID`, `VENDOR_ID`, `ATTRIBUTE_ID`, `QUANTITY_BREAK`, `VOLUME_PRICE`, `LAST_UPDATED_STAMP`, `LAST_UPDATED_TX_STAMP`, `CREATED_STAMP`, `CREATED_TX_STAMP`) VALUES (13,  'SF-101', 'V_ADMORE', 'GROUP_C_STOCKS', '250|500|750|1000|1500|2000|2500|3000|4000|5000|7500|10000', '61.00|88.00|122.00|155.00|217.00|283.00|342.00|397.00|520.00|644.00|932.00|1224.00', '2017-12-20 12:00:00', '2017-12-20 12:00:00', '2017-12-20 12:00:00', '2017-12-20 12:00:00');
INSERT INTO `pe_attribute_value` (`ATTRIBUTE_VALUE_ID`, `VENDOR_PRODUCT_ID`, `VENDOR_ID`, `ATTRIBUTE_ID`, `QUANTITY_BREAK`, `VOLUME_PRICE`, `LAST_UPDATED_STAMP`, `LAST_UPDATED_TX_STAMP`, `CREATED_STAMP`, `CREATED_TX_STAMP`) VALUES (14,  'SF-101', 'V_ADMORE', 'GROUP_D_STOCKS', '250|500|750|1000|1500|2000|2500|3000|4000|5000|7500|10000', '91.00|131.00|180.00|230.00|323.00|418.00|504.00|589.00|770.00|950.00|1377.00|1809.00', '2017-12-20 12:00:00', '2017-12-20 12:00:00', '2017-12-20 12:00:00', '2017-12-20 12:00:00');
INSERT INTO `pe_attribute_value` (`ATTRIBUTE_VALUE_ID`, `VENDOR_PRODUCT_ID`, `VENDOR_ID`, `ATTRIBUTE_ID`, `QUANTITY_BREAK`, `VOLUME_PRICE`, `LAST_UPDATED_STAMP`, `LAST_UPDATED_TX_STAMP`, `CREATED_STAMP`, `CREATED_TX_STAMP`) VALUES (15,  'SF-101', 'V_ADMORE', 'AQUEOUS_CHOICE', '250|500|750|1000|1500|2000|2500|3000|4000|5000|7500|10000', '0.00|0.00|0.00|0.00|0.00|0.00|0.00|0.00|0.00|0.00|0.00|0.00', '2017-12-20 12:00:00', '2017-12-20 12:00:00', '2017-12-20 12:00:00', '2017-12-20 12:00:00');
INSERT INTO `pe_attribute_value` (`ATTRIBUTE_VALUE_ID`, `VENDOR_PRODUCT_ID`, `VENDOR_ID`, `ATTRIBUTE_ID`, `QUANTITY_BREAK`, `VOLUME_PRICE`, `LAST_UPDATED_STAMP`, `LAST_UPDATED_TX_STAMP`, `CREATED_STAMP`, `CREATED_TX_STAMP`) VALUES (16,  'SF-101', 'V_ADMORE', 'AQUEOUS_GLOSS', '250|500|750|1000|1500|2000|2500|3000|4000|5000|7500|10000', '0.00|0.00|0.00|0.00|0.00|0.00|0.00|0.00|0.00|0.00|0.00|0.00', '2017-12-20 12:00:00', '2017-12-20 12:00:00', '2017-12-20 12:00:00', '2017-12-20 12:00:00');
INSERT INTO `pe_attribute_value` (`ATTRIBUTE_VALUE_ID`, `VENDOR_PRODUCT_ID`, `VENDOR_ID`, `ATTRIBUTE_ID`, `QUANTITY_BREAK`, `VOLUME_PRICE`, `LAST_UPDATED_STAMP`, `LAST_UPDATED_TX_STAMP`, `CREATED_STAMP`, `CREATED_TX_STAMP`) VALUES (17,  'SF-101', 'V_ADMORE', 'AQUEOUS_MATTE', '250|500|750|1000|1500|2000|2500|3000|4000|5000|7500|10000', '0.00|0.00|0.00|0.00|0.00|0.00|0.00|0.00|0.00|0.00|0.00|0.00', '2017-12-20 12:00:00', '2017-12-20 12:00:00', '2017-12-20 12:00:00', '2017-12-20 12:00:00');
INSERT INTO `pe_attribute_value` (`ATTRIBUTE_VALUE_ID`, `VENDOR_PRODUCT_ID`, `VENDOR_ID`, `ATTRIBUTE_ID`, `QUANTITY_BREAK`, `VOLUME_PRICE`, `LAST_UPDATED_STAMP`, `LAST_UPDATED_TX_STAMP`, `CREATED_STAMP`, `CREATED_TX_STAMP`) VALUES (18,  'SF-101', 'V_ADMORE', 'AQUEOUS_SATIN', '250|500|750|1000|1500|2000|2500|3000|4000|5000|7500|10000', '0.00|0.00|0.00|0.00|0.00|0.00|0.00|0.00|0.00|0.00|0.00|0.00', '2017-12-20 12:00:00', '2017-12-20 12:00:00', '2017-12-20 12:00:00', '2017-12-20 12:00:00');
INSERT INTO `pe_attribute_value` (`ATTRIBUTE_VALUE_ID`, `VENDOR_PRODUCT_ID`, `VENDOR_ID`, `ATTRIBUTE_ID`, `QUANTITY_BREAK`, `VOLUME_PRICE`, `LAST_UPDATED_STAMP`, `LAST_UPDATED_TX_STAMP`, `CREATED_STAMP`, `CREATED_TX_STAMP`) VALUES (19,  'SF-101', 'V_ADMORE', 'AQUEOUS_SOFT_TOUCH', '250|500|750|1000|1500|2000|2500|3000|4000|5000|7500|10000', '126.00|141.00|153.00|164.00|178.00|193.00|221.00|240.00|257.00|275.00|378.00|459.00', '2017-12-20 12:00:00', '2017-12-20 12:00:00', '2017-12-20 12:00:00', '2017-12-20 12:00:00');
INSERT INTO `pe_attribute_value` (`ATTRIBUTE_VALUE_ID`, `VENDOR_PRODUCT_ID`, `VENDOR_ID`, `ATTRIBUTE_ID`, `QUANTITY_BREAK`, `VOLUME_PRICE`, `LAST_UPDATED_STAMP`, `LAST_UPDATED_TX_STAMP`, `CREATED_STAMP`, `CREATED_TX_STAMP`) VALUES (20,  'SF-101', 'V_ADMORE', 'UV_COATING_GLOSS', '250|500|750|1000|1500|2000|2500|3000|4000|5000|7500|10000', '65.00|79.00|88.00|97.00|126.00|158.00|173.00|194.00|248.00|302.00|446.00|531.00', '2017-12-20 12:00:00', '2017-12-20 12:00:00', '2017-12-20 12:00:00', '2017-12-20 12:00:00');
INSERT INTO `pe_attribute_value` (`ATTRIBUTE_VALUE_ID`, `VENDOR_PRODUCT_ID`, `VENDOR_ID`, `ATTRIBUTE_ID`, `QUANTITY_BREAK`, `VOLUME_PRICE`, `LAST_UPDATED_STAMP`, `LAST_UPDATED_TX_STAMP`, `CREATED_STAMP`, `CREATED_TX_STAMP`) VALUES (21,  'SF-101', 'V_ADMORE', 'LAMINATION_GLOSS', '250|500|750|1000|1500|2000|2500|3000|4000|5000|7500|10000', '82.00|106.00|140.00|174.00|231.00|290.00|358.00|427.00|560.00|693.00|1019.00|1359.00', '2017-12-20 12:00:00', '2017-12-20 12:00:00', '2017-12-20 12:00:00', '2017-12-20 12:00:00');
INSERT INTO `pe_attribute_value` (`ATTRIBUTE_VALUE_ID`, `VENDOR_PRODUCT_ID`, `VENDOR_ID`, `ATTRIBUTE_ID`, `QUANTITY_BREAK`, `VOLUME_PRICE`, `LAST_UPDATED_STAMP`, `LAST_UPDATED_TX_STAMP`, `CREATED_STAMP`, `CREATED_TX_STAMP`) VALUES (22,  'SF-101', 'V_ADMORE', 'LAMINATION_MATTE', '250|500|750|1000|1500|2000|2500|3000|4000|5000|7500|10000', '102.00|161.00|208.00|255.00|354.00|450.00|549.00|651.00|852.00|1053.00|1553.00|2043.00', '2017-12-20 12:00:00', '2017-12-20 12:00:00', '2017-12-20 12:00:00', '2017-12-20 12:00:00');
INSERT INTO `pe_attribute_value` (`ATTRIBUTE_VALUE_ID`, `VENDOR_PRODUCT_ID`, `VENDOR_ID`, `ATTRIBUTE_ID`, `QUANTITY_BREAK`, `VOLUME_PRICE`, `LAST_UPDATED_STAMP`, `LAST_UPDATED_TX_STAMP`, `CREATED_STAMP`, `CREATED_TX_STAMP`) VALUES (23,  'SF-101', 'V_ADMORE', 'LAMINATION_SOFT_TOUCH', '250|500|750|1000|1500|2000|2500|3000|4000|5000|7500|10000', '122.00|183.00|240.00|298.00|412.00|527.00|641.00|756.00|986.00|1215.00|1789.00|2367.00', '2017-12-20 12:00:00', '2017-12-20 12:00:00', '2017-12-20 12:00:00', '2017-12-20 12:00:00');
INSERT INTO `pe_attribute_value` (`ATTRIBUTE_VALUE_ID`, `VENDOR_PRODUCT_ID`, `VENDOR_ID`, `ATTRIBUTE_ID`, `QUANTITY_BREAK`, `VOLUME_PRICE`, `LAST_UPDATED_STAMP`, `LAST_UPDATED_TX_STAMP`, `CREATED_STAMP`, `CREATED_TX_STAMP`) VALUES (24,  'SF-101', 'V_ADMORE', 'SPINE_ATTACHMENTS', '250|500|750|1000|1500|2000|2500|3000|4000|5000|7500|10000', '109.00|215.00|321.00|427.00|622.00|830.00|1033.00|1239.00|1646.00|2052.00|3058.00|3996.00', '2017-12-20 12:00:00', '2017-12-20 12:00:00', '2017-12-20 12:00:00', '2017-12-20 12:00:00');
INSERT INTO `pe_attribute_value` (`ATTRIBUTE_VALUE_ID`, `VENDOR_PRODUCT_ID`, `VENDOR_ID`, `ATTRIBUTE_ID`, `QUANTITY_BREAK`, `VOLUME_PRICE`, `LAST_UPDATED_STAMP`, `LAST_UPDATED_TX_STAMP`, `CREATED_STAMP`, `CREATED_TX_STAMP`) VALUES (25,  'SF-101', 'V_ADMORE', 'DISCOUNT_15_SQ_INCH', '250|500|750|1000|1500|2000|2500|3000|4000|5000|7500|10000', '-56.00|-60.00|-65.00|-68.00|-76.00|-84.00|-91.00|-99.00|-114.00|-130.00|-170.00|-209.00', '2017-12-20 12:00:00', '2017-12-20 12:00:00', '2017-12-20 12:00:00', '2017-12-20 12:00:00');
INSERT INTO `pe_attribute_value` (`ATTRIBUTE_VALUE_ID`, `VENDOR_PRODUCT_ID`, `VENDOR_ID`, `ATTRIBUTE_ID`, `QUANTITY_BREAK`, `VOLUME_PRICE`, `LAST_UPDATED_STAMP`, `LAST_UPDATED_TX_STAMP`, `CREATED_STAMP`, `CREATED_TX_STAMP`) VALUES (26,  'SF-101', 'V_ADMORE', 'FOIL_STAMP_RUN_ADD_ON', '250|500|1000|1500|2000|2500|3000|5000|7500|10000|15000|20000', '121.00|149.00|195.00|238.00|279.00|339.00|404.00|585.00|848.00|1066.00|1569.00|2072.00', '2017-12-20 12:00:00', '2017-12-20 12:00:00', '2017-12-20 12:00:00', '2017-12-20 12:00:00');
INSERT INTO `pe_attribute_value` (`ATTRIBUTE_VALUE_ID`, `VENDOR_PRODUCT_ID`, `VENDOR_ID`, `ATTRIBUTE_ID`, `QUANTITY_BREAK`, `VOLUME_PRICE`, `LAST_UPDATED_STAMP`, `LAST_UPDATED_TX_STAMP`, `CREATED_STAMP`, `CREATED_TX_STAMP`) VALUES (27,  'SF-101', 'V_ADMORE', 'FOIL_STAMP_IMAGE_ADD_ON', '250|500|1000|1500|2000|2500|3000|5000|7500|10000|15000|20000', '55.00|57.00|63.00|68.00|71.00|74.00|77.00|93.00|108.00|121.00|155.00|195.00', '2017-12-20 12:00:00', '2017-12-20 12:00:00', '2017-12-20 12:00:00', '2017-12-20 12:00:00');
INSERT INTO `pe_attribute_value` (`ATTRIBUTE_VALUE_ID`, `VENDOR_PRODUCT_ID`, `VENDOR_ID`, `ATTRIBUTE_ID`, `QUANTITY_BREAK`, `VOLUME_PRICE`, `LAST_UPDATED_STAMP`, `LAST_UPDATED_TX_STAMP`, `CREATED_STAMP`, `CREATED_TX_STAMP`) VALUES (28,  'SF-101', 'V_ADMORE', 'EMBOSS_RUN_ADD_ON', '250|500|1000|1500|2000|2500|3000|5000|7500|10000|15000|20000', '171.00|189.00|225.00|268.00|304.00|359.00|424.00|605.00|868.00|1086.00|1589.00|2092.00', '2017-12-20 12:00:00', '2017-12-20 12:00:00', '2017-12-20 12:00:00', '2017-12-20 12:00:00');
INSERT INTO `pe_attribute_value` (`ATTRIBUTE_VALUE_ID`, `VENDOR_PRODUCT_ID`, `VENDOR_ID`, `ATTRIBUTE_ID`, `QUANTITY_BREAK`, `VOLUME_PRICE`, `LAST_UPDATED_STAMP`, `LAST_UPDATED_TX_STAMP`, `CREATED_STAMP`, `CREATED_TX_STAMP`) VALUES (29,  'SF-101', 'V_ADMORE', 'EMBOSS_IMAGE_ADD_ON', '250|500|1000|1500|2000|2500|3000|5000|7500|10000|15000|20000', '100.00|100.00|100.00|100.00|100.00|100.00|100.00|100.00|100.00|100.00|100.00|100.00', '2017-12-20 12:00:00', '2017-12-20 12:00:00', '2017-12-20 12:00:00', '2017-12-20 12:00:00');
INSERT INTO `pe_attribute_value` (`ATTRIBUTE_VALUE_ID`, `VENDOR_PRODUCT_ID`, `VENDOR_ID`, `ATTRIBUTE_ID`, `QUANTITY_BREAK`, `VOLUME_PRICE`, `LAST_UPDATED_STAMP`, `LAST_UPDATED_TX_STAMP`, `CREATED_STAMP`, `CREATED_TX_STAMP`) VALUES (30,  'SF-101', 'V_ADMORE', 'ADD_ON_RUN_DISC_PERCENT', '250|500|1000|1500|2000|2500|3000|5000|7500|10000|15000|20000', '-10.00|-10.00|-10.00|-10.00|-10.00|-10.00|-10.00|-10.00|-10.00|-10.00|-10.00|-10.00', '2017-12-20 12:00:00', '2017-12-20 12:00:00', '2017-12-20 12:00:00', '2017-12-20 12:00:00');
INSERT INTO `pe_attribute_value` (`ATTRIBUTE_VALUE_ID`, `VENDOR_PRODUCT_ID`, `VENDOR_ID`, `ATTRIBUTE_ID`, `QUANTITY_BREAK`, `VOLUME_PRICE`, `LAST_UPDATED_STAMP`, `LAST_UPDATED_TX_STAMP`, `CREATED_STAMP`, `CREATED_TX_STAMP`) VALUES (31,  'RP-0863', 'V_ADMORE', 'PLAIN', '250|500|750|1000|1500|2000|2500|3000|4000|5000|7500|10000', '0.00|0.00|0.00|0.00|0.00|0.00|0.00|0.00|0.00|0.00|0.00|0.00', '2017-12-20 12:00:00', '2017-12-20 12:00:00', '2017-12-20 12:00:00', '2017-12-20 12:00:00');
INSERT INTO `pe_attribute_value` (`ATTRIBUTE_VALUE_ID`, `VENDOR_PRODUCT_ID`, `VENDOR_ID`, `ATTRIBUTE_ID`, `QUANTITY_BREAK`, `VOLUME_PRICE`, `LAST_UPDATED_STAMP`, `LAST_UPDATED_TX_STAMP`, `CREATED_STAMP`, `CREATED_TX_STAMP`) VALUES (32,  'RP-0863', 'V_ADMORE', 'PRINT_1C', '250|500|750|1000|1500|2000|2500|3000|4000|5000|7500|10000', '310.00|360.00|430.00|501.00|622.00|774.00|916.00|1058.00|1238.00|1418.00|1958.00|2385.00', '2017-12-20 12:00:00', '2017-12-20 12:00:00', '2017-12-20 12:00:00', '2017-12-20 12:00:00');
INSERT INTO `pe_attribute_value` (`ATTRIBUTE_VALUE_ID`, `VENDOR_PRODUCT_ID`, `VENDOR_ID`, `ATTRIBUTE_ID`, `QUANTITY_BREAK`, `VOLUME_PRICE`, `LAST_UPDATED_STAMP`, `LAST_UPDATED_TX_STAMP`, `CREATED_STAMP`, `CREATED_TX_STAMP`) VALUES (33,  'RP-0863', 'V_ADMORE', 'PRINT_4C', '250|500|750|1000|1500|2000|2500|3000|4000|5000|7500|10000', '365.00|453.00|541.00|629.00|806.00|956.00|1098.00|1231.00|1433.00|1634.00|2174.00|2592.00', '2017-12-20 12:00:00', '2017-12-20 12:00:00', '2017-12-20 12:00:00', '2017-12-20 12:00:00');
INSERT INTO `pe_attribute_value` (`ATTRIBUTE_VALUE_ID`, `VENDOR_PRODUCT_ID`, `VENDOR_ID`, `ATTRIBUTE_ID`, `QUANTITY_BREAK`, `VOLUME_PRICE`, `LAST_UPDATED_STAMP`, `LAST_UPDATED_TX_STAMP`, `CREATED_STAMP`, `CREATED_TX_STAMP`) VALUES (34,  'RP-0863', 'V_ADMORE', 'FOIL_STAMP_BASE', '250|500|750|1000|1500|2000|2500|3000|4000|5000|7500|10000', '260.00|354.00|426.00|497.00|624.00|812.00|974.00|1126.00|1346.00|1566.00|2214.00|2790.00', '2017-12-20 12:00:00', '2017-12-20 12:00:00', '2017-12-20 12:00:00', '2017-12-20 12:00:00');
INSERT INTO `pe_attribute_value` (`ATTRIBUTE_VALUE_ID`, `VENDOR_PRODUCT_ID`, `VENDOR_ID`, `ATTRIBUTE_ID`, `QUANTITY_BREAK`, `VOLUME_PRICE`, `LAST_UPDATED_STAMP`, `LAST_UPDATED_TX_STAMP`, `CREATED_STAMP`, `CREATED_TX_STAMP`) VALUES (35,  'RP-0863', 'V_ADMORE', 'EMBOSS_BASE', '250|500|750|1000|1500|2000|2500|3000|4000|5000|7500|10000', '260.00|354.00|426.00|497.00|624.00|812.00|974.00|1126.00|1346.00|1566.00|2214.00|2790.00', '2017-12-20 12:00:00', '2017-12-20 12:00:00', '2017-12-20 12:00:00', '2017-12-20 12:00:00');
INSERT INTO `pe_attribute_value` (`ATTRIBUTE_VALUE_ID`, `VENDOR_PRODUCT_ID`, `VENDOR_ID`, `ATTRIBUTE_ID`, `QUANTITY_BREAK`, `VOLUME_PRICE`, `LAST_UPDATED_STAMP`, `LAST_UPDATED_TX_STAMP`, `CREATED_STAMP`, `CREATED_TX_STAMP`) VALUES (36,  'RP-0863', 'V_ADMORE', 'ADDITIONAL_COLOR_PER_SIDE', '250|500|750|1000|1500|2000|2500|3000|4000|5000|7500|10000', '79.00|88.00|95.00|102.00|111.00|130.00|149.00|162.00|174.00|185.00|257.00|315.00', '2017-12-20 12:00:00', '2017-12-20 12:00:00', '2017-12-20 12:00:00', '2017-12-20 12:00:00');
INSERT INTO `pe_attribute_value` (`ATTRIBUTE_VALUE_ID`, `VENDOR_PRODUCT_ID`, `VENDOR_ID`, `ATTRIBUTE_ID`, `QUANTITY_BREAK`, `VOLUME_PRICE`, `LAST_UPDATED_STAMP`, `LAST_UPDATED_TX_STAMP`, `CREATED_STAMP`, `CREATED_TX_STAMP`) VALUES (37,  'RP-0863', 'V_ADMORE', 'HEAVY_COVERAGE_PER_SIDE', '250|500|750|1000|1500|2000|2500|3000|4000|5000|7500|10000', '79.00|88.00|95.00|102.00|111.00|130.00|149.00|162.00|174.00|185.00|257.00|315.00', '2017-12-20 12:00:00', '2017-12-20 12:00:00', '2017-12-20 12:00:00', '2017-12-20 12:00:00');
INSERT INTO `pe_attribute_value` (`ATTRIBUTE_VALUE_ID`, `VENDOR_PRODUCT_ID`, `VENDOR_ID`, `ATTRIBUTE_ID`, `QUANTITY_BREAK`, `VOLUME_PRICE`, `LAST_UPDATED_STAMP`, `LAST_UPDATED_TX_STAMP`, `CREATED_STAMP`, `CREATED_TX_STAMP`) VALUES (38,  'RP-0863', 'V_ADMORE', 'PRINT_4C_2ND_SIDE', '250|500|750|1000|1500|2000|2500|3000|4000|5000|7500|10000', '225.00|225.00|243.00|261.00|293.00|324.00|356.00|386.00|450.00|513.00|668.00|828.00', '2017-12-20 12:00:00', '2017-12-20 12:00:00', '2017-12-20 12:00:00', '2017-12-20 12:00:00');
INSERT INTO `pe_attribute_value` (`ATTRIBUTE_VALUE_ID`, `VENDOR_PRODUCT_ID`, `VENDOR_ID`, `ATTRIBUTE_ID`, `QUANTITY_BREAK`, `VOLUME_PRICE`, `LAST_UPDATED_STAMP`, `LAST_UPDATED_TX_STAMP`, `CREATED_STAMP`, `CREATED_TX_STAMP`) VALUES (39,  'RP-0863', 'V_ADMORE', 'GROUP_A_STOCKS', '250|500|750|1000|1500|2000|2500|3000|4000|5000|7500|10000', '26.00|36.00|50.00|64.00|90.00|117.00|142.00|165.00|215.00|266.00|385.00|513.00', '2017-12-20 12:00:00', '2017-12-20 12:00:00', '2017-12-20 12:00:00', '2017-12-20 12:00:00');
INSERT INTO `pe_attribute_value` (`ATTRIBUTE_VALUE_ID`, `VENDOR_PRODUCT_ID`, `VENDOR_ID`, `ATTRIBUTE_ID`, `QUANTITY_BREAK`, `VOLUME_PRICE`, `LAST_UPDATED_STAMP`, `LAST_UPDATED_TX_STAMP`, `CREATED_STAMP`, `CREATED_TX_STAMP`) VALUES (40,  'RP-0863', 'V_ADMORE', 'GROUP_B_STOCKS', '250|500|750|1000|1500|2000|2500|3000|4000|5000|7500|10000', '40.00|58.00|80.00|102.00|143.00|185.00|225.00|262.00|343.00|423.00|608.00|801.00', '2017-12-20 12:00:00', '2017-12-20 12:00:00', '2017-12-20 12:00:00', '2017-12-20 12:00:00');
INSERT INTO `pe_attribute_value` (`ATTRIBUTE_VALUE_ID`, `VENDOR_PRODUCT_ID`, `VENDOR_ID`, `ATTRIBUTE_ID`, `QUANTITY_BREAK`, `VOLUME_PRICE`, `LAST_UPDATED_STAMP`, `LAST_UPDATED_TX_STAMP`, `CREATED_STAMP`, `CREATED_TX_STAMP`) VALUES (41,  'RP-0863', 'V_ADMORE', 'GROUP_C_STOCKS', '250|500|750|1000|1500|2000|2500|3000|4000|5000|7500|10000', '61.00|88.00|122.00|155.00|217.00|283.00|342.00|397.00|520.00|644.00|932.00|1224.00', '2017-12-20 12:00:00', '2017-12-20 12:00:00', '2017-12-20 12:00:00', '2017-12-20 12:00:00');
INSERT INTO `pe_attribute_value` (`ATTRIBUTE_VALUE_ID`, `VENDOR_PRODUCT_ID`, `VENDOR_ID`, `ATTRIBUTE_ID`, `QUANTITY_BREAK`, `VOLUME_PRICE`, `LAST_UPDATED_STAMP`, `LAST_UPDATED_TX_STAMP`, `CREATED_STAMP`, `CREATED_TX_STAMP`) VALUES (42,  'RP-0863', 'V_ADMORE', 'GROUP_D_STOCKS', '250|500|750|1000|1500|2000|2500|3000|4000|5000|7500|10000', '91.00|131.00|180.00|230.00|323.00|418.00|504.00|589.00|770.00|950.00|1377.00|1809.00', '2017-12-20 12:00:00', '2017-12-20 12:00:00', '2017-12-20 12:00:00', '2017-12-20 12:00:00');
INSERT INTO `pe_attribute_value` (`ATTRIBUTE_VALUE_ID`, `VENDOR_PRODUCT_ID`, `VENDOR_ID`, `ATTRIBUTE_ID`, `QUANTITY_BREAK`, `VOLUME_PRICE`, `LAST_UPDATED_STAMP`, `LAST_UPDATED_TX_STAMP`, `CREATED_STAMP`, `CREATED_TX_STAMP`) VALUES (43,  'RP-0863', 'V_ADMORE', 'AQUEOUS_CHOICE', '250|500|750|1000|1500|2000|2500|3000|4000|5000|7500|10000', '0.00|0.00|0.00|0.00|0.00|0.00|0.00|0.00|0.00|0.00|0.00|0.00', '2017-12-20 12:00:00', '2017-12-20 12:00:00', '2017-12-20 12:00:00', '2017-12-20 12:00:00');
INSERT INTO `pe_attribute_value` (`ATTRIBUTE_VALUE_ID`, `VENDOR_PRODUCT_ID`, `VENDOR_ID`, `ATTRIBUTE_ID`, `QUANTITY_BREAK`, `VOLUME_PRICE`, `LAST_UPDATED_STAMP`, `LAST_UPDATED_TX_STAMP`, `CREATED_STAMP`, `CREATED_TX_STAMP`) VALUES (44,  'RP-0863', 'V_ADMORE', 'AQUEOUS_GLOSS', '250|500|750|1000|1500|2000|2500|3000|4000|5000|7500|10000', '0.00|0.00|0.00|0.00|0.00|0.00|0.00|0.00|0.00|0.00|0.00|0.00', '2017-12-20 12:00:00', '2017-12-20 12:00:00', '2017-12-20 12:00:00', '2017-12-20 12:00:00');
INSERT INTO `pe_attribute_value` (`ATTRIBUTE_VALUE_ID`, `VENDOR_PRODUCT_ID`, `VENDOR_ID`, `ATTRIBUTE_ID`, `QUANTITY_BREAK`, `VOLUME_PRICE`, `LAST_UPDATED_STAMP`, `LAST_UPDATED_TX_STAMP`, `CREATED_STAMP`, `CREATED_TX_STAMP`) VALUES (45,  'RP-0863', 'V_ADMORE', 'AQUEOUS_MATTE', '250|500|750|1000|1500|2000|2500|3000|4000|5000|7500|10000', '0.00|0.00|0.00|0.00|0.00|0.00|0.00|0.00|0.00|0.00|0.00|0.00', '2017-12-20 12:00:00', '2017-12-20 12:00:00', '2017-12-20 12:00:00', '2017-12-20 12:00:00');
INSERT INTO `pe_attribute_value` (`ATTRIBUTE_VALUE_ID`, `VENDOR_PRODUCT_ID`, `VENDOR_ID`, `ATTRIBUTE_ID`, `QUANTITY_BREAK`, `VOLUME_PRICE`, `LAST_UPDATED_STAMP`, `LAST_UPDATED_TX_STAMP`, `CREATED_STAMP`, `CREATED_TX_STAMP`) VALUES (46,  'RP-0863', 'V_ADMORE', 'AQUEOUS_SATIN', '250|500|750|1000|1500|2000|2500|3000|4000|5000|7500|10000', '0.00|0.00|0.00|0.00|0.00|0.00|0.00|0.00|0.00|0.00|0.00|0.00', '2017-12-20 12:00:00', '2017-12-20 12:00:00', '2017-12-20 12:00:00', '2017-12-20 12:00:00');
INSERT INTO `pe_attribute_value` (`ATTRIBUTE_VALUE_ID`, `VENDOR_PRODUCT_ID`, `VENDOR_ID`, `ATTRIBUTE_ID`, `QUANTITY_BREAK`, `VOLUME_PRICE`, `LAST_UPDATED_STAMP`, `LAST_UPDATED_TX_STAMP`, `CREATED_STAMP`, `CREATED_TX_STAMP`) VALUES (47,  'RP-0863', 'V_ADMORE', 'AQUEOUS_SOFT_TOUCH', '250|500|750|1000|1500|2000|2500|3000|4000|5000|7500|10000', '126.00|141.00|153.00|164.00|178.00|193.00|221.00|240.00|257.00|275.00|378.00|459.00', '2017-12-20 12:00:00', '2017-12-20 12:00:00', '2017-12-20 12:00:00', '2017-12-20 12:00:00');
INSERT INTO `pe_attribute_value` (`ATTRIBUTE_VALUE_ID`, `VENDOR_PRODUCT_ID`, `VENDOR_ID`, `ATTRIBUTE_ID`, `QUANTITY_BREAK`, `VOLUME_PRICE`, `LAST_UPDATED_STAMP`, `LAST_UPDATED_TX_STAMP`, `CREATED_STAMP`, `CREATED_TX_STAMP`) VALUES (48,  'RP-0863', 'V_ADMORE', 'UV_COATING_GLOSS', '250|500|750|1000|1500|2000|2500|3000|4000|5000|7500|10000', '65.00|79.00|88.00|97.00|126.00|158.00|173.00|194.00|248.00|302.00|446.00|531.00', '2017-12-20 12:00:00', '2017-12-20 12:00:00', '2017-12-20 12:00:00', '2017-12-20 12:00:00');
INSERT INTO `pe_attribute_value` (`ATTRIBUTE_VALUE_ID`, `VENDOR_PRODUCT_ID`, `VENDOR_ID`, `ATTRIBUTE_ID`, `QUANTITY_BREAK`, `VOLUME_PRICE`, `LAST_UPDATED_STAMP`, `LAST_UPDATED_TX_STAMP`, `CREATED_STAMP`, `CREATED_TX_STAMP`) VALUES (49,  'RP-0863', 'V_ADMORE', 'LAMINATION_GLOSS', '250|500|750|1000|1500|2000|2500|3000|4000|5000|7500|10000', '82.00|106.00|140.00|174.00|231.00|290.00|358.00|427.00|560.00|693.00|1019.00|1359.00', '2017-12-20 12:00:00', '2017-12-20 12:00:00', '2017-12-20 12:00:00', '2017-12-20 12:00:00');
INSERT INTO `pe_attribute_value` (`ATTRIBUTE_VALUE_ID`, `VENDOR_PRODUCT_ID`, `VENDOR_ID`, `ATTRIBUTE_ID`, `QUANTITY_BREAK`, `VOLUME_PRICE`, `LAST_UPDATED_STAMP`, `LAST_UPDATED_TX_STAMP`, `CREATED_STAMP`, `CREATED_TX_STAMP`) VALUES (50,  'RP-0863', 'V_ADMORE', 'LAMINATION_MATTE', '250|500|750|1000|1500|2000|2500|3000|4000|5000|7500|10000', '102.00|161.00|208.00|255.00|354.00|450.00|549.00|651.00|852.00|1053.00|1553.00|2043.00', '2017-12-20 12:00:00', '2017-12-20 12:00:00', '2017-12-20 12:00:00', '2017-12-20 12:00:00');
INSERT INTO `pe_attribute_value` (`ATTRIBUTE_VALUE_ID`, `VENDOR_PRODUCT_ID`, `VENDOR_ID`, `ATTRIBUTE_ID`, `QUANTITY_BREAK`, `VOLUME_PRICE`, `LAST_UPDATED_STAMP`, `LAST_UPDATED_TX_STAMP`, `CREATED_STAMP`, `CREATED_TX_STAMP`) VALUES (51,  'RP-0863', 'V_ADMORE', 'LAMINATION_SOFT_TOUCH', '250|500|750|1000|1500|2000|2500|3000|4000|5000|7500|10000', '122.00|183.00|240.00|298.00|412.00|527.00|641.00|756.00|986.00|1215.00|1789.00|2367.00', '2017-12-20 12:00:00', '2017-12-20 12:00:00', '2017-12-20 12:00:00', '2017-12-20 12:00:00');
INSERT INTO `pe_attribute_value` (`ATTRIBUTE_VALUE_ID`, `VENDOR_PRODUCT_ID`, `VENDOR_ID`, `ATTRIBUTE_ID`, `QUANTITY_BREAK`, `VOLUME_PRICE`, `LAST_UPDATED_STAMP`, `LAST_UPDATED_TX_STAMP`, `CREATED_STAMP`, `CREATED_TX_STAMP`) VALUES (52,  'RP-0863', 'V_ADMORE', 'SPINE_ATTACHMENTS', '250|500|750|1000|1500|2000|2500|3000|4000|5000|7500|10000', '109.00|215.00|321.00|427.00|622.00|830.00|1033.00|1239.00|1646.00|2052.00|3058.00|3996.00', '2017-12-20 12:00:00', '2017-12-20 12:00:00', '2017-12-20 12:00:00', '2017-12-20 12:00:00');
INSERT INTO `pe_attribute_value` (`ATTRIBUTE_VALUE_ID`, `VENDOR_PRODUCT_ID`, `VENDOR_ID`, `ATTRIBUTE_ID`, `QUANTITY_BREAK`, `VOLUME_PRICE`, `LAST_UPDATED_STAMP`, `LAST_UPDATED_TX_STAMP`, `CREATED_STAMP`, `CREATED_TX_STAMP`) VALUES (53,  'RP-0863', 'V_ADMORE', 'DISCOUNT_15_SQ_INCH', '250|500|750|1000|1500|2000|2500|3000|4000|5000|7500|10000', '-56.00|-60.00|-65.00|-68.00|-76.00|-84.00|-91.00|-99.00|-114.00|-130.00|-170.00|-209.00', '2017-12-20 12:00:00', '2017-12-20 12:00:00', '2017-12-20 12:00:00', '2017-12-20 12:00:00');
INSERT INTO `pe_attribute_value` (`ATTRIBUTE_VALUE_ID`, `VENDOR_PRODUCT_ID`, `VENDOR_ID`, `ATTRIBUTE_ID`, `QUANTITY_BREAK`, `VOLUME_PRICE`, `LAST_UPDATED_STAMP`, `LAST_UPDATED_TX_STAMP`, `CREATED_STAMP`, `CREATED_TX_STAMP`) VALUES (54,  'RP-0863', 'V_ADMORE', 'FOIL_STAMP_RUN_ADD_ON', '250|500|1000|1500|2000|2500|3000|5000|7500|10000|15000|20000', '121.00|149.00|195.00|238.00|279.00|339.00|404.00|585.00|848.00|1066.00|1569.00|2072.00', '2017-12-20 12:00:00', '2017-12-20 12:00:00', '2017-12-20 12:00:00', '2017-12-20 12:00:00');
INSERT INTO `pe_attribute_value` (`ATTRIBUTE_VALUE_ID`, `VENDOR_PRODUCT_ID`, `VENDOR_ID`, `ATTRIBUTE_ID`, `QUANTITY_BREAK`, `VOLUME_PRICE`, `LAST_UPDATED_STAMP`, `LAST_UPDATED_TX_STAMP`, `CREATED_STAMP`, `CREATED_TX_STAMP`) VALUES (55,  'RP-0863', 'V_ADMORE', 'FOIL_STAMP_IMAGE_ADD_ON', '250|500|1000|1500|2000|2500|3000|5000|7500|10000|15000|20000', '55.00|57.00|63.00|68.00|71.00|74.00|77.00|93.00|108.00|121.00|155.00|195.00', '2017-12-20 12:00:00', '2017-12-20 12:00:00', '2017-12-20 12:00:00', '2017-12-20 12:00:00');
INSERT INTO `pe_attribute_value` (`ATTRIBUTE_VALUE_ID`, `VENDOR_PRODUCT_ID`, `VENDOR_ID`, `ATTRIBUTE_ID`, `QUANTITY_BREAK`, `VOLUME_PRICE`, `LAST_UPDATED_STAMP`, `LAST_UPDATED_TX_STAMP`, `CREATED_STAMP`, `CREATED_TX_STAMP`) VALUES (56,  'RP-0863', 'V_ADMORE', 'EMBOSS_RUN_ADD_ON', '250|500|1000|1500|2000|2500|3000|5000|7500|10000|15000|20000', '171.00|189.00|225.00|268.00|304.00|359.00|424.00|605.00|868.00|1086.00|1589.00|2092.00', '2017-12-20 12:00:00', '2017-12-20 12:00:00', '2017-12-20 12:00:00', '2017-12-20 12:00:00');
INSERT INTO `pe_attribute_value` (`ATTRIBUTE_VALUE_ID`, `VENDOR_PRODUCT_ID`, `VENDOR_ID`, `ATTRIBUTE_ID`, `QUANTITY_BREAK`, `VOLUME_PRICE`, `LAST_UPDATED_STAMP`, `LAST_UPDATED_TX_STAMP`, `CREATED_STAMP`, `CREATED_TX_STAMP`) VALUES (57,  'RP-0863', 'V_ADMORE', 'EMBOSS_IMAGE_ADD_ON', '250|500|1000|1500|2000|2500|3000|5000|7500|10000|15000|20000', '100.00|100.00|100.00|100.00|100.00|100.00|100.00|100.00|100.00|100.00|100.00|100.00', '2017-12-20 12:00:00', '2017-12-20 12:00:00', '2017-12-20 12:00:00', '2017-12-20 12:00:00');
INSERT INTO `pe_attribute_value` (`ATTRIBUTE_VALUE_ID`, `VENDOR_PRODUCT_ID`, `VENDOR_ID`, `ATTRIBUTE_ID`, `QUANTITY_BREAK`, `VOLUME_PRICE`, `LAST_UPDATED_STAMP`, `LAST_UPDATED_TX_STAMP`, `CREATED_STAMP`, `CREATED_TX_STAMP`) VALUES (58,  'RP-0863', 'V_ADMORE', 'ADD_ON_RUN_DISC_PERCENT', '250|500|1000|1500|2000|2500|3000|5000|7500|10000|15000|20000', '-10.00|-10.00|-10.00|-10.00|-10.00|-10.00|-10.00|-10.00|-10.00|-10.00|-10.00|-10.00', '2017-12-20 12:00:00', '2017-12-20 12:00:00', '2017-12-20 12:00:00', '2017-12-20 12:00:00');
INSERT INTO `pe_attribute_value` (`ATTRIBUTE_VALUE_ID`, `VENDOR_PRODUCT_ID`, `VENDOR_ID`, `ATTRIBUTE_ID`, `QUANTITY_BREAK`, `VOLUME_PRICE`, `LAST_UPDATED_STAMP`, `LAST_UPDATED_TX_STAMP`, `CREATED_STAMP`, `CREATED_TX_STAMP`) VALUES (59,  'WP-0880', 'V_ADMORE', 'PLAIN', '250|500|750|1000|1500|2000|2500|3000|4000|5000|7500|10000', '0.00|0.00|0.00|0.00|0.00|0.00|0.00|0.00|0.00|0.00|0.00|0.00', '2017-12-20 12:00:00', '2017-12-20 12:00:00', '2017-12-20 12:00:00', '2017-12-20 12:00:00');
INSERT INTO `pe_attribute_value` (`ATTRIBUTE_VALUE_ID`, `VENDOR_PRODUCT_ID`, `VENDOR_ID`, `ATTRIBUTE_ID`, `QUANTITY_BREAK`, `VOLUME_PRICE`, `LAST_UPDATED_STAMP`, `LAST_UPDATED_TX_STAMP`, `CREATED_STAMP`, `CREATED_TX_STAMP`) VALUES (60,  'WP-0880', 'V_ADMORE', 'PRINT_1C', '250|500|750|1000|1500|2000|2500|3000|4000|5000|7500|10000', '362.00|452.00|552.00|653.00|849.00|1069.00|1269.00|1460.00|1770.00|2080.00|2923.00|3609.00', '2017-12-20 12:00:00', '2017-12-20 12:00:00', '2017-12-20 12:00:00', '2017-12-20 12:00:00');
INSERT INTO `pe_attribute_value` (`ATTRIBUTE_VALUE_ID`, `VENDOR_PRODUCT_ID`, `VENDOR_ID`, `ATTRIBUTE_ID`, `QUANTITY_BREAK`, `VOLUME_PRICE`, `LAST_UPDATED_STAMP`, `LAST_UPDATED_TX_STAMP`, `CREATED_STAMP`, `CREATED_TX_STAMP`) VALUES (61,  'WP-0880', 'V_ADMORE', 'PRINT_4C', '250|500|750|1000|1500|2000|2500|3000|4000|5000|7500|10000', '417.00|545.00|663.00|781.00|1033.00|1251.00|1451.00|1633.00|1965.00|2296.00|3139.00|3816.00', '2017-12-20 12:00:00', '2017-12-20 12:00:00', '2017-12-20 12:00:00', '2017-12-20 12:00:00');
INSERT INTO `pe_attribute_value` (`ATTRIBUTE_VALUE_ID`, `VENDOR_PRODUCT_ID`, `VENDOR_ID`, `ATTRIBUTE_ID`, `QUANTITY_BREAK`, `VOLUME_PRICE`, `LAST_UPDATED_STAMP`, `LAST_UPDATED_TX_STAMP`, `CREATED_STAMP`, `CREATED_TX_STAMP`) VALUES (62,  'WP-0880', 'V_ADMORE', 'FOIL_STAMP_BASE', '250|500|750|1000|1500|2000|2500|3000|4000|5000|7500|10000', '312.00|446.00|548.00|649.00|851.00|1107.00|1327.00|1528.00|1878.00|2228.00|3179.00|4014.00', '2017-12-20 12:00:00', '2017-12-20 12:00:00', '2017-12-20 12:00:00', '2017-12-20 12:00:00');
INSERT INTO `pe_attribute_value` (`ATTRIBUTE_VALUE_ID`, `VENDOR_PRODUCT_ID`, `VENDOR_ID`, `ATTRIBUTE_ID`, `QUANTITY_BREAK`, `VOLUME_PRICE`, `LAST_UPDATED_STAMP`, `LAST_UPDATED_TX_STAMP`, `CREATED_STAMP`, `CREATED_TX_STAMP`) VALUES (63,  'WP-0880', 'V_ADMORE', 'EMBOSS_BASE', '250|500|750|1000|1500|2000|2500|3000|4000|5000|7500|10000', '312.00|446.00|548.00|649.00|851.00|1107.00|1327.00|1528.00|1878.00|2228.00|3179.00|4014.00', '2017-12-20 12:00:00', '2017-12-20 12:00:00', '2017-12-20 12:00:00', '2017-12-20 12:00:00');
INSERT INTO `pe_attribute_value` (`ATTRIBUTE_VALUE_ID`, `VENDOR_PRODUCT_ID`, `VENDOR_ID`, `ATTRIBUTE_ID`, `QUANTITY_BREAK`, `VOLUME_PRICE`, `LAST_UPDATED_STAMP`, `LAST_UPDATED_TX_STAMP`, `CREATED_STAMP`, `CREATED_TX_STAMP`) VALUES (64,  'WP-0880', 'V_ADMORE', 'ADDITIONAL_COLOR_PER_SIDE', '250|500|750|1000|1500|2000|2500|3000|4000|5000|7500|10000', '79.00|88.00|95.00|102.00|111.00|130.00|149.00|162.00|174.00|185.00|257.00|315.00', '2017-12-20 12:00:00', '2017-12-20 12:00:00', '2017-12-20 12:00:00', '2017-12-20 12:00:00');
INSERT INTO `pe_attribute_value` (`ATTRIBUTE_VALUE_ID`, `VENDOR_PRODUCT_ID`, `VENDOR_ID`, `ATTRIBUTE_ID`, `QUANTITY_BREAK`, `VOLUME_PRICE`, `LAST_UPDATED_STAMP`, `LAST_UPDATED_TX_STAMP`, `CREATED_STAMP`, `CREATED_TX_STAMP`) VALUES (65,  'WP-0880', 'V_ADMORE', 'HEAVY_COVERAGE_PER_SIDE', '250|500|750|1000|1500|2000|2500|3000|4000|5000|7500|10000', '79.00|88.00|95.00|102.00|111.00|130.00|149.00|162.00|174.00|185.00|257.00|315.00', '2017-12-20 12:00:00', '2017-12-20 12:00:00', '2017-12-20 12:00:00', '2017-12-20 12:00:00');
INSERT INTO `pe_attribute_value` (`ATTRIBUTE_VALUE_ID`, `VENDOR_PRODUCT_ID`, `VENDOR_ID`, `ATTRIBUTE_ID`, `QUANTITY_BREAK`, `VOLUME_PRICE`, `LAST_UPDATED_STAMP`, `LAST_UPDATED_TX_STAMP`, `CREATED_STAMP`, `CREATED_TX_STAMP`) VALUES (66,  'WP-0880', 'V_ADMORE', 'PRINT_4C_2ND_SIDE', '250|500|750|1000|1500|2000|2500|3000|4000|5000|7500|10000', '225.00|225.00|243.00|261.00|293.00|324.00|356.00|386.00|450.00|513.00|668.00|828.00', '2017-12-20 12:00:00', '2017-12-20 12:00:00', '2017-12-20 12:00:00', '2017-12-20 12:00:00');
INSERT INTO `pe_attribute_value` (`ATTRIBUTE_VALUE_ID`, `VENDOR_PRODUCT_ID`, `VENDOR_ID`, `ATTRIBUTE_ID`, `QUANTITY_BREAK`, `VOLUME_PRICE`, `LAST_UPDATED_STAMP`, `LAST_UPDATED_TX_STAMP`, `CREATED_STAMP`, `CREATED_TX_STAMP`) VALUES (67,  'WP-0880', 'V_ADMORE', 'GROUP_A_STOCKS', '250|500|750|1000|1500|2000|2500|3000|4000|5000|7500|10000', '26.00|36.00|50.00|64.00|90.00|117.00|142.00|165.00|215.00|266.00|385.00|513.00', '2017-12-20 12:00:00', '2017-12-20 12:00:00', '2017-12-20 12:00:00', '2017-12-20 12:00:00');
INSERT INTO `pe_attribute_value` (`ATTRIBUTE_VALUE_ID`, `VENDOR_PRODUCT_ID`, `VENDOR_ID`, `ATTRIBUTE_ID`, `QUANTITY_BREAK`, `VOLUME_PRICE`, `LAST_UPDATED_STAMP`, `LAST_UPDATED_TX_STAMP`, `CREATED_STAMP`, `CREATED_TX_STAMP`) VALUES (68,  'WP-0880', 'V_ADMORE', 'GROUP_B_STOCKS', '250|500|750|1000|1500|2000|2500|3000|4000|5000|7500|10000', '40.00|58.00|80.00|102.00|143.00|185.00|225.00|262.00|343.00|423.00|608.00|801.00', '2017-12-20 12:00:00', '2017-12-20 12:00:00', '2017-12-20 12:00:00', '2017-12-20 12:00:00');
INSERT INTO `pe_attribute_value` (`ATTRIBUTE_VALUE_ID`, `VENDOR_PRODUCT_ID`, `VENDOR_ID`, `ATTRIBUTE_ID`, `QUANTITY_BREAK`, `VOLUME_PRICE`, `LAST_UPDATED_STAMP`, `LAST_UPDATED_TX_STAMP`, `CREATED_STAMP`, `CREATED_TX_STAMP`) VALUES (69,  'WP-0880', 'V_ADMORE', 'GROUP_C_STOCKS', '250|500|750|1000|1500|2000|2500|3000|4000|5000|7500|10000', '61.00|88.00|122.00|155.00|217.00|283.00|342.00|397.00|520.00|644.00|932.00|1224.00', '2017-12-20 12:00:00', '2017-12-20 12:00:00', '2017-12-20 12:00:00', '2017-12-20 12:00:00');
INSERT INTO `pe_attribute_value` (`ATTRIBUTE_VALUE_ID`, `VENDOR_PRODUCT_ID`, `VENDOR_ID`, `ATTRIBUTE_ID`, `QUANTITY_BREAK`, `VOLUME_PRICE`, `LAST_UPDATED_STAMP`, `LAST_UPDATED_TX_STAMP`, `CREATED_STAMP`, `CREATED_TX_STAMP`) VALUES (70,  'WP-0880', 'V_ADMORE', 'GROUP_D_STOCKS', '250|500|750|1000|1500|2000|2500|3000|4000|5000|7500|10000', '91.00|131.00|180.00|230.00|323.00|418.00|504.00|589.00|770.00|950.00|1377.00|1809.00', '2017-12-20 12:00:00', '2017-12-20 12:00:00', '2017-12-20 12:00:00', '2017-12-20 12:00:00');
INSERT INTO `pe_attribute_value` (`ATTRIBUTE_VALUE_ID`, `VENDOR_PRODUCT_ID`, `VENDOR_ID`, `ATTRIBUTE_ID`, `QUANTITY_BREAK`, `VOLUME_PRICE`, `LAST_UPDATED_STAMP`, `LAST_UPDATED_TX_STAMP`, `CREATED_STAMP`, `CREATED_TX_STAMP`) VALUES (71,  'WP-0880', 'V_ADMORE', 'AQUEOUS_CHOICE', '250|500|750|1000|1500|2000|2500|3000|4000|5000|7500|10000', '0.00|0.00|0.00|0.00|0.00|0.00|0.00|0.00|0.00|0.00|0.00|0.00', '2017-12-20 12:00:00', '2017-12-20 12:00:00', '2017-12-20 12:00:00', '2017-12-20 12:00:00');
INSERT INTO `pe_attribute_value` (`ATTRIBUTE_VALUE_ID`, `VENDOR_PRODUCT_ID`, `VENDOR_ID`, `ATTRIBUTE_ID`, `QUANTITY_BREAK`, `VOLUME_PRICE`, `LAST_UPDATED_STAMP`, `LAST_UPDATED_TX_STAMP`, `CREATED_STAMP`, `CREATED_TX_STAMP`) VALUES (72,  'WP-0880', 'V_ADMORE', 'AQUEOUS_GLOSS', '250|500|750|1000|1500|2000|2500|3000|4000|5000|7500|10000', '0.00|0.00|0.00|0.00|0.00|0.00|0.00|0.00|0.00|0.00|0.00|0.00', '2017-12-20 12:00:00', '2017-12-20 12:00:00', '2017-12-20 12:00:00', '2017-12-20 12:00:00');
INSERT INTO `pe_attribute_value` (`ATTRIBUTE_VALUE_ID`, `VENDOR_PRODUCT_ID`, `VENDOR_ID`, `ATTRIBUTE_ID`, `QUANTITY_BREAK`, `VOLUME_PRICE`, `LAST_UPDATED_STAMP`, `LAST_UPDATED_TX_STAMP`, `CREATED_STAMP`, `CREATED_TX_STAMP`) VALUES (73,  'WP-0880', 'V_ADMORE', 'AQUEOUS_MATTE', '250|500|750|1000|1500|2000|2500|3000|4000|5000|7500|10000', '0.00|0.00|0.00|0.00|0.00|0.00|0.00|0.00|0.00|0.00|0.00|0.00', '2017-12-20 12:00:00', '2017-12-20 12:00:00', '2017-12-20 12:00:00', '2017-12-20 12:00:00');
INSERT INTO `pe_attribute_value` (`ATTRIBUTE_VALUE_ID`, `VENDOR_PRODUCT_ID`, `VENDOR_ID`, `ATTRIBUTE_ID`, `QUANTITY_BREAK`, `VOLUME_PRICE`, `LAST_UPDATED_STAMP`, `LAST_UPDATED_TX_STAMP`, `CREATED_STAMP`, `CREATED_TX_STAMP`) VALUES (74,  'WP-0880', 'V_ADMORE', 'AQUEOUS_SATIN', '250|500|750|1000|1500|2000|2500|3000|4000|5000|7500|10000', '0.00|0.00|0.00|0.00|0.00|0.00|0.00|0.00|0.00|0.00|0.00|0.00', '2017-12-20 12:00:00', '2017-12-20 12:00:00', '2017-12-20 12:00:00', '2017-12-20 12:00:00');
INSERT INTO `pe_attribute_value` (`ATTRIBUTE_VALUE_ID`, `VENDOR_PRODUCT_ID`, `VENDOR_ID`, `ATTRIBUTE_ID`, `QUANTITY_BREAK`, `VOLUME_PRICE`, `LAST_UPDATED_STAMP`, `LAST_UPDATED_TX_STAMP`, `CREATED_STAMP`, `CREATED_TX_STAMP`) VALUES (75,  'WP-0880', 'V_ADMORE', 'AQUEOUS_SOFT_TOUCH', '250|500|750|1000|1500|2000|2500|3000|4000|5000|7500|10000', '126.00|141.00|153.00|164.00|178.00|193.00|221.00|240.00|257.00|275.00|378.00|459.00', '2017-12-20 12:00:00', '2017-12-20 12:00:00', '2017-12-20 12:00:00', '2017-12-20 12:00:00');
INSERT INTO `pe_attribute_value` (`ATTRIBUTE_VALUE_ID`, `VENDOR_PRODUCT_ID`, `VENDOR_ID`, `ATTRIBUTE_ID`, `QUANTITY_BREAK`, `VOLUME_PRICE`, `LAST_UPDATED_STAMP`, `LAST_UPDATED_TX_STAMP`, `CREATED_STAMP`, `CREATED_TX_STAMP`) VALUES (76,  'WP-0880', 'V_ADMORE', 'UV_COATING_GLOSS', '250|500|750|1000|1500|2000|2500|3000|4000|5000|7500|10000', '65.00|79.00|88.00|97.00|126.00|158.00|173.00|194.00|248.00|302.00|446.00|531.00', '2017-12-20 12:00:00', '2017-12-20 12:00:00', '2017-12-20 12:00:00', '2017-12-20 12:00:00');
INSERT INTO `pe_attribute_value` (`ATTRIBUTE_VALUE_ID`, `VENDOR_PRODUCT_ID`, `VENDOR_ID`, `ATTRIBUTE_ID`, `QUANTITY_BREAK`, `VOLUME_PRICE`, `LAST_UPDATED_STAMP`, `LAST_UPDATED_TX_STAMP`, `CREATED_STAMP`, `CREATED_TX_STAMP`) VALUES (77,  'WP-0880', 'V_ADMORE', 'LAMINATION_GLOSS', '250|500|750|1000|1500|2000|2500|3000|4000|5000|7500|10000', '82.00|106.00|140.00|174.00|231.00|290.00|358.00|427.00|560.00|693.00|1019.00|1359.00', '2017-12-20 12:00:00', '2017-12-20 12:00:00', '2017-12-20 12:00:00', '2017-12-20 12:00:00');
INSERT INTO `pe_attribute_value` (`ATTRIBUTE_VALUE_ID`, `VENDOR_PRODUCT_ID`, `VENDOR_ID`, `ATTRIBUTE_ID`, `QUANTITY_BREAK`, `VOLUME_PRICE`, `LAST_UPDATED_STAMP`, `LAST_UPDATED_TX_STAMP`, `CREATED_STAMP`, `CREATED_TX_STAMP`) VALUES (78,  'WP-0880', 'V_ADMORE', 'LAMINATION_MATTE', '250|500|750|1000|1500|2000|2500|3000|4000|5000|7500|10000', '102.00|161.00|208.00|255.00|354.00|450.00|549.00|651.00|852.00|1053.00|1553.00|2043.00', '2017-12-20 12:00:00', '2017-12-20 12:00:00', '2017-12-20 12:00:00', '2017-12-20 12:00:00');
INSERT INTO `pe_attribute_value` (`ATTRIBUTE_VALUE_ID`, `VENDOR_PRODUCT_ID`, `VENDOR_ID`, `ATTRIBUTE_ID`, `QUANTITY_BREAK`, `VOLUME_PRICE`, `LAST_UPDATED_STAMP`, `LAST_UPDATED_TX_STAMP`, `CREATED_STAMP`, `CREATED_TX_STAMP`) VALUES (79,  'WP-0880', 'V_ADMORE', 'LAMINATION_SOFT_TOUCH', '250|500|750|1000|1500|2000|2500|3000|4000|5000|7500|10000', '122.00|183.00|240.00|298.00|412.00|527.00|641.00|756.00|986.00|1215.00|1789.00|2367.00', '2017-12-20 12:00:00', '2017-12-20 12:00:00', '2017-12-20 12:00:00', '2017-12-20 12:00:00');
INSERT INTO `pe_attribute_value` (`ATTRIBUTE_VALUE_ID`, `VENDOR_PRODUCT_ID`, `VENDOR_ID`, `ATTRIBUTE_ID`, `QUANTITY_BREAK`, `VOLUME_PRICE`, `LAST_UPDATED_STAMP`, `LAST_UPDATED_TX_STAMP`, `CREATED_STAMP`, `CREATED_TX_STAMP`) VALUES (80,  'WP-0880', 'V_ADMORE', 'SPINE_ATTACHMENTS', '250|500|750|1000|1500|2000|2500|3000|4000|5000|7500|10000', '109.00|215.00|321.00|427.00|622.00|830.00|1033.00|1239.00|1646.00|2052.00|3058.00|3996.00', '2017-12-20 12:00:00', '2017-12-20 12:00:00', '2017-12-20 12:00:00', '2017-12-20 12:00:00');
INSERT INTO `pe_attribute_value` (`ATTRIBUTE_VALUE_ID`, `VENDOR_PRODUCT_ID`, `VENDOR_ID`, `ATTRIBUTE_ID`, `QUANTITY_BREAK`, `VOLUME_PRICE`, `LAST_UPDATED_STAMP`, `LAST_UPDATED_TX_STAMP`, `CREATED_STAMP`, `CREATED_TX_STAMP`) VALUES (81,  'WP-0880', 'V_ADMORE', 'DISCOUNT_15_SQ_INCH', '250|500|750|1000|1500|2000|2500|3000|4000|5000|7500|10000', '-56.00|-60.00|-65.00|-68.00|-76.00|-84.00|-91.00|-99.00|-114.00|-130.00|-170.00|-209.00', '2017-12-20 12:00:00', '2017-12-20 12:00:00', '2017-12-20 12:00:00', '2017-12-20 12:00:00');
INSERT INTO `pe_attribute_value` (`ATTRIBUTE_VALUE_ID`, `VENDOR_PRODUCT_ID`, `VENDOR_ID`, `ATTRIBUTE_ID`, `QUANTITY_BREAK`, `VOLUME_PRICE`, `LAST_UPDATED_STAMP`, `LAST_UPDATED_TX_STAMP`, `CREATED_STAMP`, `CREATED_TX_STAMP`) VALUES (82,  'WP-0880', 'V_ADMORE', 'FOIL_STAMP_RUN_ADD_ON', '250|500|1000|1500|2000|2500|3000|5000|7500|10000|15000|20000', '121.00|149.00|195.00|238.00|279.00|339.00|404.00|585.00|848.00|1066.00|1569.00|2072.00', '2017-12-20 12:00:00', '2017-12-20 12:00:00', '2017-12-20 12:00:00', '2017-12-20 12:00:00');
INSERT INTO `pe_attribute_value` (`ATTRIBUTE_VALUE_ID`, `VENDOR_PRODUCT_ID`, `VENDOR_ID`, `ATTRIBUTE_ID`, `QUANTITY_BREAK`, `VOLUME_PRICE`, `LAST_UPDATED_STAMP`, `LAST_UPDATED_TX_STAMP`, `CREATED_STAMP`, `CREATED_TX_STAMP`) VALUES (83,  'WP-0880', 'V_ADMORE', 'FOIL_STAMP_IMAGE_ADD_ON', '250|500|1000|1500|2000|2500|3000|5000|7500|10000|15000|20000', '55.00|57.00|63.00|68.00|71.00|74.00|77.00|93.00|108.00|121.00|155.00|195.00', '2017-12-20 12:00:00', '2017-12-20 12:00:00', '2017-12-20 12:00:00', '2017-12-20 12:00:00');
INSERT INTO `pe_attribute_value` (`ATTRIBUTE_VALUE_ID`, `VENDOR_PRODUCT_ID`, `VENDOR_ID`, `ATTRIBUTE_ID`, `QUANTITY_BREAK`, `VOLUME_PRICE`, `LAST_UPDATED_STAMP`, `LAST_UPDATED_TX_STAMP`, `CREATED_STAMP`, `CREATED_TX_STAMP`) VALUES (84,  'WP-0880', 'V_ADMORE', 'EMBOSS_RUN_ADD_ON', '250|500|1000|1500|2000|2500|3000|5000|7500|10000|15000|20000', '171.00|189.00|225.00|268.00|304.00|359.00|424.00|605.00|868.00|1086.00|1589.00|2092.00', '2017-12-20 12:00:00', '2017-12-20 12:00:00', '2017-12-20 12:00:00', '2017-12-20 12:00:00');
INSERT INTO `pe_attribute_value` (`ATTRIBUTE_VALUE_ID`, `VENDOR_PRODUCT_ID`, `VENDOR_ID`, `ATTRIBUTE_ID`, `QUANTITY_BREAK`, `VOLUME_PRICE`, `LAST_UPDATED_STAMP`, `LAST_UPDATED_TX_STAMP`, `CREATED_STAMP`, `CREATED_TX_STAMP`) VALUES (85,  'WP-0880', 'V_ADMORE', 'EMBOSS_IMAGE_ADD_ON', '250|500|1000|1500|2000|2500|3000|5000|7500|10000|15000|20000', '100.00|100.00|100.00|100.00|100.00|100.00|100.00|100.00|100.00|100.00|100.00|100.00', '2017-12-20 12:00:00', '2017-12-20 12:00:00', '2017-12-20 12:00:00', '2017-12-20 12:00:00');
INSERT INTO `pe_attribute_value` (`ATTRIBUTE_VALUE_ID`, `VENDOR_PRODUCT_ID`, `VENDOR_ID`, `ATTRIBUTE_ID`, `QUANTITY_BREAK`, `VOLUME_PRICE`, `LAST_UPDATED_STAMP`, `LAST_UPDATED_TX_STAMP`, `CREATED_STAMP`, `CREATED_TX_STAMP`) VALUES (86,  'WP-0880', 'V_ADMORE', 'ADD_ON_RUN_DISC_PERCENT', '250|500|1000|1500|2000|2500|3000|5000|7500|10000|15000|20000', '-10.00|-10.00|-10.00|-10.00|-10.00|-10.00|-10.00|-10.00|-10.00|-10.00|-10.00|-10.00', '2017-12-20 12:00:00', '2017-12-20 12:00:00', '2017-12-20 12:00:00', '2017-12-20 12:00:00');
INSERT INTO `pe_attribute_value` (`ATTRIBUTE_VALUE_ID`, `VENDOR_PRODUCT_ID`, `VENDOR_ID`, `ATTRIBUTE_ID`, `QUANTITY_BREAK`, `VOLUME_PRICE`, `LAST_UPDATED_STAMP`, `LAST_UPDATED_TX_STAMP`, `CREATED_STAMP`, `CREATED_TX_STAMP`) VALUES (87,  'AP-0861', 'V_ADMORE', 'PLAIN', '250|500|750|1000|1500|2000|2500|3000|4000|5000|7500|10000', '0.00|0.00|0.00|0.00|0.00|0.00|0.00|0.00|0.00|0.00|0.00|0.00', '2017-12-20 12:00:00', '2017-12-20 12:00:00', '2017-12-20 12:00:00', '2017-12-20 12:00:00');
INSERT INTO `pe_attribute_value` (`ATTRIBUTE_VALUE_ID`, `VENDOR_PRODUCT_ID`, `VENDOR_ID`, `ATTRIBUTE_ID`, `QUANTITY_BREAK`, `VOLUME_PRICE`, `LAST_UPDATED_STAMP`, `LAST_UPDATED_TX_STAMP`, `CREATED_STAMP`, `CREATED_TX_STAMP`) VALUES (88,  'AP-0861', 'V_ADMORE', 'PRINT_1C', '250|500|750|1000|1500|2000|2500|3000|4000|5000|7500|10000', '362.00|452.00|552.00|653.00|849.00|1069.00|1269.00|1460.00|1770.00|2080.00|2923.00|3609.00', '2017-12-20 12:00:00', '2017-12-20 12:00:00', '2017-12-20 12:00:00', '2017-12-20 12:00:00');
INSERT INTO `pe_attribute_value` (`ATTRIBUTE_VALUE_ID`, `VENDOR_PRODUCT_ID`, `VENDOR_ID`, `ATTRIBUTE_ID`, `QUANTITY_BREAK`, `VOLUME_PRICE`, `LAST_UPDATED_STAMP`, `LAST_UPDATED_TX_STAMP`, `CREATED_STAMP`, `CREATED_TX_STAMP`) VALUES (89,  'AP-0861', 'V_ADMORE', 'PRINT_4C', '250|500|750|1000|1500|2000|2500|3000|4000|5000|7500|10000', '417.00|545.00|663.00|781.00|1033.00|1251.00|1451.00|1633.00|1965.00|2296.00|3139.00|3816.00', '2017-12-20 12:00:00', '2017-12-20 12:00:00', '2017-12-20 12:00:00', '2017-12-20 12:00:00');
INSERT INTO `pe_attribute_value` (`ATTRIBUTE_VALUE_ID`, `VENDOR_PRODUCT_ID`, `VENDOR_ID`, `ATTRIBUTE_ID`, `QUANTITY_BREAK`, `VOLUME_PRICE`, `LAST_UPDATED_STAMP`, `LAST_UPDATED_TX_STAMP`, `CREATED_STAMP`, `CREATED_TX_STAMP`) VALUES (90,  'AP-0861', 'V_ADMORE', 'FOIL_STAMP_BASE', '250|500|750|1000|1500|2000|2500|3000|4000|5000|7500|10000', '312.00|446.00|548.00|649.00|851.00|1107.00|1327.00|1528.00|1878.00|2228.00|3179.00|4014.00', '2017-12-20 12:00:00', '2017-12-20 12:00:00', '2017-12-20 12:00:00', '2017-12-20 12:00:00');
INSERT INTO `pe_attribute_value` (`ATTRIBUTE_VALUE_ID`, `VENDOR_PRODUCT_ID`, `VENDOR_ID`, `ATTRIBUTE_ID`, `QUANTITY_BREAK`, `VOLUME_PRICE`, `LAST_UPDATED_STAMP`, `LAST_UPDATED_TX_STAMP`, `CREATED_STAMP`, `CREATED_TX_STAMP`) VALUES (91,  'AP-0861', 'V_ADMORE', 'EMBOSS_BASE', '250|500|750|1000|1500|2000|2500|3000|4000|5000|7500|10000', '312.00|446.00|548.00|649.00|851.00|1107.00|1327.00|1528.00|1878.00|2228.00|3179.00|4014.00', '2017-12-20 12:00:00', '2017-12-20 12:00:00', '2017-12-20 12:00:00', '2017-12-20 12:00:00');
INSERT INTO `pe_attribute_value` (`ATTRIBUTE_VALUE_ID`, `VENDOR_PRODUCT_ID`, `VENDOR_ID`, `ATTRIBUTE_ID`, `QUANTITY_BREAK`, `VOLUME_PRICE`, `LAST_UPDATED_STAMP`, `LAST_UPDATED_TX_STAMP`, `CREATED_STAMP`, `CREATED_TX_STAMP`) VALUES (92,  'AP-0861', 'V_ADMORE', 'ADDITIONAL_COLOR_PER_SIDE', '250|500|750|1000|1500|2000|2500|3000|4000|5000|7500|10000', '79.00|88.00|95.00|102.00|111.00|130.00|149.00|162.00|174.00|185.00|257.00|315.00', '2017-12-20 12:00:00', '2017-12-20 12:00:00', '2017-12-20 12:00:00', '2017-12-20 12:00:00');
INSERT INTO `pe_attribute_value` (`ATTRIBUTE_VALUE_ID`, `VENDOR_PRODUCT_ID`, `VENDOR_ID`, `ATTRIBUTE_ID`, `QUANTITY_BREAK`, `VOLUME_PRICE`, `LAST_UPDATED_STAMP`, `LAST_UPDATED_TX_STAMP`, `CREATED_STAMP`, `CREATED_TX_STAMP`) VALUES (93,  'AP-0861', 'V_ADMORE', 'HEAVY_COVERAGE_PER_SIDE', '250|500|750|1000|1500|2000|2500|3000|4000|5000|7500|10000', '79.00|88.00|95.00|102.00|111.00|130.00|149.00|162.00|174.00|185.00|257.00|315.00', '2017-12-20 12:00:00', '2017-12-20 12:00:00', '2017-12-20 12:00:00', '2017-12-20 12:00:00');
INSERT INTO `pe_attribute_value` (`ATTRIBUTE_VALUE_ID`, `VENDOR_PRODUCT_ID`, `VENDOR_ID`, `ATTRIBUTE_ID`, `QUANTITY_BREAK`, `VOLUME_PRICE`, `LAST_UPDATED_STAMP`, `LAST_UPDATED_TX_STAMP`, `CREATED_STAMP`, `CREATED_TX_STAMP`) VALUES (94,  'AP-0861', 'V_ADMORE', 'PRINT_4C_2ND_SIDE', '250|500|750|1000|1500|2000|2500|3000|4000|5000|7500|10000', '225.00|225.00|243.00|261.00|293.00|324.00|356.00|386.00|450.00|513.00|668.00|828.00', '2017-12-20 12:00:00', '2017-12-20 12:00:00', '2017-12-20 12:00:00', '2017-12-20 12:00:00');
INSERT INTO `pe_attribute_value` (`ATTRIBUTE_VALUE_ID`, `VENDOR_PRODUCT_ID`, `VENDOR_ID`, `ATTRIBUTE_ID`, `QUANTITY_BREAK`, `VOLUME_PRICE`, `LAST_UPDATED_STAMP`, `LAST_UPDATED_TX_STAMP`, `CREATED_STAMP`, `CREATED_TX_STAMP`) VALUES (95,  'AP-0861', 'V_ADMORE', 'GROUP_A_STOCKS', '250|500|750|1000|1500|2000|2500|3000|4000|5000|7500|10000', '26.00|36.00|50.00|64.00|90.00|117.00|142.00|165.00|215.00|266.00|385.00|513.00', '2017-12-20 12:00:00', '2017-12-20 12:00:00', '2017-12-20 12:00:00', '2017-12-20 12:00:00');
INSERT INTO `pe_attribute_value` (`ATTRIBUTE_VALUE_ID`, `VENDOR_PRODUCT_ID`, `VENDOR_ID`, `ATTRIBUTE_ID`, `QUANTITY_BREAK`, `VOLUME_PRICE`, `LAST_UPDATED_STAMP`, `LAST_UPDATED_TX_STAMP`, `CREATED_STAMP`, `CREATED_TX_STAMP`) VALUES (96,  'AP-0861', 'V_ADMORE', 'GROUP_B_STOCKS', '250|500|750|1000|1500|2000|2500|3000|4000|5000|7500|10000', '40.00|58.00|80.00|102.00|143.00|185.00|225.00|262.00|343.00|423.00|608.00|801.00', '2017-12-20 12:00:00', '2017-12-20 12:00:00', '2017-12-20 12:00:00', '2017-12-20 12:00:00');
INSERT INTO `pe_attribute_value` (`ATTRIBUTE_VALUE_ID`, `VENDOR_PRODUCT_ID`, `VENDOR_ID`, `ATTRIBUTE_ID`, `QUANTITY_BREAK`, `VOLUME_PRICE`, `LAST_UPDATED_STAMP`, `LAST_UPDATED_TX_STAMP`, `CREATED_STAMP`, `CREATED_TX_STAMP`) VALUES (97,  'AP-0861', 'V_ADMORE', 'GROUP_C_STOCKS', '250|500|750|1000|1500|2000|2500|3000|4000|5000|7500|10000', '61.00|88.00|122.00|155.00|217.00|283.00|342.00|397.00|520.00|644.00|932.00|1224.00', '2017-12-20 12:00:00', '2017-12-20 12:00:00', '2017-12-20 12:00:00', '2017-12-20 12:00:00');
INSERT INTO `pe_attribute_value` (`ATTRIBUTE_VALUE_ID`, `VENDOR_PRODUCT_ID`, `VENDOR_ID`, `ATTRIBUTE_ID`, `QUANTITY_BREAK`, `VOLUME_PRICE`, `LAST_UPDATED_STAMP`, `LAST_UPDATED_TX_STAMP`, `CREATED_STAMP`, `CREATED_TX_STAMP`) VALUES (98,  'AP-0861', 'V_ADMORE', 'GROUP_D_STOCKS', '250|500|750|1000|1500|2000|2500|3000|4000|5000|7500|10000', '91.00|131.00|180.00|230.00|323.00|418.00|504.00|589.00|770.00|950.00|1377.00|1809.00', '2017-12-20 12:00:00', '2017-12-20 12:00:00', '2017-12-20 12:00:00', '2017-12-20 12:00:00');
INSERT INTO `pe_attribute_value` (`ATTRIBUTE_VALUE_ID`, `VENDOR_PRODUCT_ID`, `VENDOR_ID`, `ATTRIBUTE_ID`, `QUANTITY_BREAK`, `VOLUME_PRICE`, `LAST_UPDATED_STAMP`, `LAST_UPDATED_TX_STAMP`, `CREATED_STAMP`, `CREATED_TX_STAMP`) VALUES (99,  'AP-0861', 'V_ADMORE', 'AQUEOUS_CHOICE', '250|500|750|1000|1500|2000|2500|3000|4000|5000|7500|10000', '0.00|0.00|0.00|0.00|0.00|0.00|0.00|0.00|0.00|0.00|0.00|0.00', '2017-12-20 12:00:00', '2017-12-20 12:00:00', '2017-12-20 12:00:00', '2017-12-20 12:00:00');
INSERT INTO `pe_attribute_value` (`ATTRIBUTE_VALUE_ID`, `VENDOR_PRODUCT_ID`, `VENDOR_ID`, `ATTRIBUTE_ID`, `QUANTITY_BREAK`, `VOLUME_PRICE`, `LAST_UPDATED_STAMP`, `LAST_UPDATED_TX_STAMP`, `CREATED_STAMP`, `CREATED_TX_STAMP`) VALUES (100,  'AP-0861', 'V_ADMORE', 'AQUEOUS_GLOSS', '250|500|750|1000|1500|2000|2500|3000|4000|5000|7500|10000', '0.00|0.00|0.00|0.00|0.00|0.00|0.00|0.00|0.00|0.00|0.00|0.00', '2017-12-20 12:00:00', '2017-12-20 12:00:00', '2017-12-20 12:00:00', '2017-12-20 12:00:00');
INSERT INTO `pe_attribute_value` (`ATTRIBUTE_VALUE_ID`, `VENDOR_PRODUCT_ID`, `VENDOR_ID`, `ATTRIBUTE_ID`, `QUANTITY_BREAK`, `VOLUME_PRICE`, `LAST_UPDATED_STAMP`, `LAST_UPDATED_TX_STAMP`, `CREATED_STAMP`, `CREATED_TX_STAMP`) VALUES (101,  'AP-0861', 'V_ADMORE', 'AQUEOUS_MATTE', '250|500|750|1000|1500|2000|2500|3000|4000|5000|7500|10000', '0.00|0.00|0.00|0.00|0.00|0.00|0.00|0.00|0.00|0.00|0.00|0.00', '2017-12-20 12:00:00', '2017-12-20 12:00:00', '2017-12-20 12:00:00', '2017-12-20 12:00:00');
INSERT INTO `pe_attribute_value` (`ATTRIBUTE_VALUE_ID`, `VENDOR_PRODUCT_ID`, `VENDOR_ID`, `ATTRIBUTE_ID`, `QUANTITY_BREAK`, `VOLUME_PRICE`, `LAST_UPDATED_STAMP`, `LAST_UPDATED_TX_STAMP`, `CREATED_STAMP`, `CREATED_TX_STAMP`) VALUES (102,  'AP-0861', 'V_ADMORE', 'AQUEOUS_SATIN', '250|500|750|1000|1500|2000|2500|3000|4000|5000|7500|10000', '0.00|0.00|0.00|0.00|0.00|0.00|0.00|0.00|0.00|0.00|0.00|0.00', '2017-12-20 12:00:00', '2017-12-20 12:00:00', '2017-12-20 12:00:00', '2017-12-20 12:00:00');
INSERT INTO `pe_attribute_value` (`ATTRIBUTE_VALUE_ID`, `VENDOR_PRODUCT_ID`, `VENDOR_ID`, `ATTRIBUTE_ID`, `QUANTITY_BREAK`, `VOLUME_PRICE`, `LAST_UPDATED_STAMP`, `LAST_UPDATED_TX_STAMP`, `CREATED_STAMP`, `CREATED_TX_STAMP`) VALUES (103,  'AP-0861', 'V_ADMORE', 'AQUEOUS_SOFT_TOUCH', '250|500|750|1000|1500|2000|2500|3000|4000|5000|7500|10000', '126.00|141.00|153.00|164.00|178.00|193.00|221.00|240.00|257.00|275.00|378.00|459.00', '2017-12-20 12:00:00', '2017-12-20 12:00:00', '2017-12-20 12:00:00', '2017-12-20 12:00:00');
INSERT INTO `pe_attribute_value` (`ATTRIBUTE_VALUE_ID`, `VENDOR_PRODUCT_ID`, `VENDOR_ID`, `ATTRIBUTE_ID`, `QUANTITY_BREAK`, `VOLUME_PRICE`, `LAST_UPDATED_STAMP`, `LAST_UPDATED_TX_STAMP`, `CREATED_STAMP`, `CREATED_TX_STAMP`) VALUES (104,  'AP-0861', 'V_ADMORE', 'UV_COATING_GLOSS', '250|500|750|1000|1500|2000|2500|3000|4000|5000|7500|10000', '65.00|79.00|88.00|97.00|126.00|158.00|173.00|194.00|248.00|302.00|446.00|531.00', '2017-12-20 12:00:00', '2017-12-20 12:00:00', '2017-12-20 12:00:00', '2017-12-20 12:00:00');
INSERT INTO `pe_attribute_value` (`ATTRIBUTE_VALUE_ID`, `VENDOR_PRODUCT_ID`, `VENDOR_ID`, `ATTRIBUTE_ID`, `QUANTITY_BREAK`, `VOLUME_PRICE`, `LAST_UPDATED_STAMP`, `LAST_UPDATED_TX_STAMP`, `CREATED_STAMP`, `CREATED_TX_STAMP`) VALUES (105,  'AP-0861', 'V_ADMORE', 'LAMINATION_GLOSS', '250|500|750|1000|1500|2000|2500|3000|4000|5000|7500|10000', '82.00|106.00|140.00|174.00|231.00|290.00|358.00|427.00|560.00|693.00|1019.00|1359.00', '2017-12-20 12:00:00', '2017-12-20 12:00:00', '2017-12-20 12:00:00', '2017-12-20 12:00:00');
INSERT INTO `pe_attribute_value` (`ATTRIBUTE_VALUE_ID`, `VENDOR_PRODUCT_ID`, `VENDOR_ID`, `ATTRIBUTE_ID`, `QUANTITY_BREAK`, `VOLUME_PRICE`, `LAST_UPDATED_STAMP`, `LAST_UPDATED_TX_STAMP`, `CREATED_STAMP`, `CREATED_TX_STAMP`) VALUES (106,  'AP-0861', 'V_ADMORE', 'LAMINATION_MATTE', '250|500|750|1000|1500|2000|2500|3000|4000|5000|7500|10000', '102.00|161.00|208.00|255.00|354.00|450.00|549.00|651.00|852.00|1053.00|1553.00|2043.00', '2017-12-20 12:00:00', '2017-12-20 12:00:00', '2017-12-20 12:00:00', '2017-12-20 12:00:00');
INSERT INTO `pe_attribute_value` (`ATTRIBUTE_VALUE_ID`, `VENDOR_PRODUCT_ID`, `VENDOR_ID`, `ATTRIBUTE_ID`, `QUANTITY_BREAK`, `VOLUME_PRICE`, `LAST_UPDATED_STAMP`, `LAST_UPDATED_TX_STAMP`, `CREATED_STAMP`, `CREATED_TX_STAMP`) VALUES (107,  'AP-0861', 'V_ADMORE', 'LAMINATION_SOFT_TOUCH', '250|500|750|1000|1500|2000|2500|3000|4000|5000|7500|10000', '122.00|183.00|240.00|298.00|412.00|527.00|641.00|756.00|986.00|1215.00|1789.00|2367.00', '2017-12-20 12:00:00', '2017-12-20 12:00:00', '2017-12-20 12:00:00', '2017-12-20 12:00:00');
INSERT INTO `pe_attribute_value` (`ATTRIBUTE_VALUE_ID`, `VENDOR_PRODUCT_ID`, `VENDOR_ID`, `ATTRIBUTE_ID`, `QUANTITY_BREAK`, `VOLUME_PRICE`, `LAST_UPDATED_STAMP`, `LAST_UPDATED_TX_STAMP`, `CREATED_STAMP`, `CREATED_TX_STAMP`) VALUES (108,  'AP-0861', 'V_ADMORE', 'SPINE_ATTACHMENTS', '250|500|750|1000|1500|2000|2500|3000|4000|5000|7500|10000', '109.00|215.00|321.00|427.00|622.00|830.00|1033.00|1239.00|1646.00|2052.00|3058.00|3996.00', '2017-12-20 12:00:00', '2017-12-20 12:00:00', '2017-12-20 12:00:00', '2017-12-20 12:00:00');
INSERT INTO `pe_attribute_value` (`ATTRIBUTE_VALUE_ID`, `VENDOR_PRODUCT_ID`, `VENDOR_ID`, `ATTRIBUTE_ID`, `QUANTITY_BREAK`, `VOLUME_PRICE`, `LAST_UPDATED_STAMP`, `LAST_UPDATED_TX_STAMP`, `CREATED_STAMP`, `CREATED_TX_STAMP`) VALUES (109,  'AP-0861', 'V_ADMORE', 'DISCOUNT_15_SQ_INCH', '250|500|750|1000|1500|2000|2500|3000|4000|5000|7500|10000', '-56.00|-60.00|-65.00|-68.00|-76.00|-84.00|-91.00|-99.00|-114.00|-130.00|-170.00|-209.00', '2017-12-20 12:00:00', '2017-12-20 12:00:00', '2017-12-20 12:00:00', '2017-12-20 12:00:00');
INSERT INTO `pe_attribute_value` (`ATTRIBUTE_VALUE_ID`, `VENDOR_PRODUCT_ID`, `VENDOR_ID`, `ATTRIBUTE_ID`, `QUANTITY_BREAK`, `VOLUME_PRICE`, `LAST_UPDATED_STAMP`, `LAST_UPDATED_TX_STAMP`, `CREATED_STAMP`, `CREATED_TX_STAMP`) VALUES (110,  'AP-0861', 'V_ADMORE', 'FOIL_STAMP_RUN_ADD_ON', '250|500|1000|1500|2000|2500|3000|5000|7500|10000|15000|20000', '121.00|149.00|195.00|238.00|279.00|339.00|404.00|585.00|848.00|1066.00|1569.00|2072.00', '2017-12-20 12:00:00', '2017-12-20 12:00:00', '2017-12-20 12:00:00', '2017-12-20 12:00:00');
INSERT INTO `pe_attribute_value` (`ATTRIBUTE_VALUE_ID`, `VENDOR_PRODUCT_ID`, `VENDOR_ID`, `ATTRIBUTE_ID`, `QUANTITY_BREAK`, `VOLUME_PRICE`, `LAST_UPDATED_STAMP`, `LAST_UPDATED_TX_STAMP`, `CREATED_STAMP`, `CREATED_TX_STAMP`) VALUES (111,  'AP-0861', 'V_ADMORE', 'FOIL_STAMP_IMAGE_ADD_ON', '250|500|1000|1500|2000|2500|3000|5000|7500|10000|15000|20000', '55.00|57.00|63.00|68.00|71.00|74.00|77.00|93.00|108.00|121.00|155.00|195.00', '2017-12-20 12:00:00', '2017-12-20 12:00:00', '2017-12-20 12:00:00', '2017-12-20 12:00:00');
INSERT INTO `pe_attribute_value` (`ATTRIBUTE_VALUE_ID`, `VENDOR_PRODUCT_ID`, `VENDOR_ID`, `ATTRIBUTE_ID`, `QUANTITY_BREAK`, `VOLUME_PRICE`, `LAST_UPDATED_STAMP`, `LAST_UPDATED_TX_STAMP`, `CREATED_STAMP`, `CREATED_TX_STAMP`) VALUES (112,  'AP-0861', 'V_ADMORE', 'EMBOSS_RUN_ADD_ON', '250|500|1000|1500|2000|2500|3000|5000|7500|10000|15000|20000', '171.00|189.00|225.00|268.00|304.00|359.00|424.00|605.00|868.00|1086.00|1589.00|2092.00', '2017-12-20 12:00:00', '2017-12-20 12:00:00', '2017-12-20 12:00:00', '2017-12-20 12:00:00');
INSERT INTO `pe_attribute_value` (`ATTRIBUTE_VALUE_ID`, `VENDOR_PRODUCT_ID`, `VENDOR_ID`, `ATTRIBUTE_ID`, `QUANTITY_BREAK`, `VOLUME_PRICE`, `LAST_UPDATED_STAMP`, `LAST_UPDATED_TX_STAMP`, `CREATED_STAMP`, `CREATED_TX_STAMP`) VALUES (113,  'AP-0861', 'V_ADMORE', 'EMBOSS_IMAGE_ADD_ON', '250|500|1000|1500|2000|2500|3000|5000|7500|10000|15000|20000', '100.00|100.00|100.00|100.00|100.00|100.00|100.00|100.00|100.00|100.00|100.00|100.00', '2017-12-20 12:00:00', '2017-12-20 12:00:00', '2017-12-20 12:00:00', '2017-12-20 12:00:00');
INSERT INTO `pe_attribute_value` (`ATTRIBUTE_VALUE_ID`, `VENDOR_PRODUCT_ID`, `VENDOR_ID`, `ATTRIBUTE_ID`, `QUANTITY_BREAK`, `VOLUME_PRICE`, `LAST_UPDATED_STAMP`, `LAST_UPDATED_TX_STAMP`, `CREATED_STAMP`, `CREATED_TX_STAMP`) VALUES (114,  'AP-0861', 'V_ADMORE', 'ADD_ON_RUN_DISC_PERCENT', '250|500|1000|1500|2000|2500|3000|5000|7500|10000|15000|20000', '-10.00|-10.00|-10.00|-10.00|-10.00|-10.00|-10.00|-10.00|-10.00|-10.00|-10.00|-10.00', '2017-12-20 12:00:00', '2017-12-20 12:00:00', '2017-12-20 12:00:00', '2017-12-20 12:00:00');
INSERT INTO `pe_attribute_value` (`ATTRIBUTE_VALUE_ID`, `VENDOR_PRODUCT_ID`, `VENDOR_ID`, `ATTRIBUTE_ID`, `QUANTITY_BREAK`, `VOLUME_PRICE`, `LAST_UPDATED_STAMP`, `LAST_UPDATED_TX_STAMP`, `CREATED_STAMP`, `CREATED_TX_STAMP`) VALUES (115,  'SF-0882', 'V_ADMORE', 'PLAIN', '250|500|750|1000|1500|2000|2500|3000|4000|5000|7500|10000', '0.00|0.00|0.00|0.00|0.00|0.00|0.00|0.00|0.00|0.00|0.00|0.00', '2017-12-20 12:00:00', '2017-12-20 12:00:00', '2017-12-20 12:00:00', '2017-12-20 12:00:00');
INSERT INTO `pe_attribute_value` (`ATTRIBUTE_VALUE_ID`, `VENDOR_PRODUCT_ID`, `VENDOR_ID`, `ATTRIBUTE_ID`, `QUANTITY_BREAK`, `VOLUME_PRICE`, `LAST_UPDATED_STAMP`, `LAST_UPDATED_TX_STAMP`, `CREATED_STAMP`, `CREATED_TX_STAMP`) VALUES (116,  'SF-0882', 'V_ADMORE', 'PRINT_1C', '250|500|750|1000|1500|2000|2500|3000|4000|5000|7500|10000', '362.00|452.00|552.00|653.00|849.00|1069.00|1269.00|1460.00|1770.00|2080.00|2923.00|3609.00', '2017-12-20 12:00:00', '2017-12-20 12:00:00', '2017-12-20 12:00:00', '2017-12-20 12:00:00');
INSERT INTO `pe_attribute_value` (`ATTRIBUTE_VALUE_ID`, `VENDOR_PRODUCT_ID`, `VENDOR_ID`, `ATTRIBUTE_ID`, `QUANTITY_BREAK`, `VOLUME_PRICE`, `LAST_UPDATED_STAMP`, `LAST_UPDATED_TX_STAMP`, `CREATED_STAMP`, `CREATED_TX_STAMP`) VALUES (117,  'SF-0882', 'V_ADMORE', 'PRINT_4C', '250|500|750|1000|1500|2000|2500|3000|4000|5000|7500|10000', '417.00|545.00|663.00|781.00|1033.00|1251.00|1451.00|1633.00|1965.00|2296.00|3139.00|3816.00', '2017-12-20 12:00:00', '2017-12-20 12:00:00', '2017-12-20 12:00:00', '2017-12-20 12:00:00');
INSERT INTO `pe_attribute_value` (`ATTRIBUTE_VALUE_ID`, `VENDOR_PRODUCT_ID`, `VENDOR_ID`, `ATTRIBUTE_ID`, `QUANTITY_BREAK`, `VOLUME_PRICE`, `LAST_UPDATED_STAMP`, `LAST_UPDATED_TX_STAMP`, `CREATED_STAMP`, `CREATED_TX_STAMP`) VALUES (118,  'SF-0882', 'V_ADMORE', 'FOIL_STAMP_BASE', '250|500|750|1000|1500|2000|2500|3000|4000|5000|7500|10000', '312.00|446.00|548.00|649.00|851.00|1107.00|1327.00|1528.00|1878.00|2228.00|3179.00|4014.00', '2017-12-20 12:00:00', '2017-12-20 12:00:00', '2017-12-20 12:00:00', '2017-12-20 12:00:00');
INSERT INTO `pe_attribute_value` (`ATTRIBUTE_VALUE_ID`, `VENDOR_PRODUCT_ID`, `VENDOR_ID`, `ATTRIBUTE_ID`, `QUANTITY_BREAK`, `VOLUME_PRICE`, `LAST_UPDATED_STAMP`, `LAST_UPDATED_TX_STAMP`, `CREATED_STAMP`, `CREATED_TX_STAMP`) VALUES (119,  'SF-0882', 'V_ADMORE', 'EMBOSS_BASE', '250|500|750|1000|1500|2000|2500|3000|4000|5000|7500|10000', '312.00|446.00|548.00|649.00|851.00|1107.00|1327.00|1528.00|1878.00|2228.00|3179.00|4014.00', '2017-12-20 12:00:00', '2017-12-20 12:00:00', '2017-12-20 12:00:00', '2017-12-20 12:00:00');
INSERT INTO `pe_attribute_value` (`ATTRIBUTE_VALUE_ID`, `VENDOR_PRODUCT_ID`, `VENDOR_ID`, `ATTRIBUTE_ID`, `QUANTITY_BREAK`, `VOLUME_PRICE`, `LAST_UPDATED_STAMP`, `LAST_UPDATED_TX_STAMP`, `CREATED_STAMP`, `CREATED_TX_STAMP`) VALUES (120,  'SF-0882', 'V_ADMORE', 'ADDITIONAL_COLOR_PER_SIDE', '250|500|750|1000|1500|2000|2500|3000|4000|5000|7500|10000', '79.00|88.00|95.00|102.00|111.00|130.00|149.00|162.00|174.00|185.00|257.00|315.00', '2017-12-20 12:00:00', '2017-12-20 12:00:00', '2017-12-20 12:00:00', '2017-12-20 12:00:00');
INSERT INTO `pe_attribute_value` (`ATTRIBUTE_VALUE_ID`, `VENDOR_PRODUCT_ID`, `VENDOR_ID`, `ATTRIBUTE_ID`, `QUANTITY_BREAK`, `VOLUME_PRICE`, `LAST_UPDATED_STAMP`, `LAST_UPDATED_TX_STAMP`, `CREATED_STAMP`, `CREATED_TX_STAMP`) VALUES (121,  'SF-0882', 'V_ADMORE', 'HEAVY_COVERAGE_PER_SIDE', '250|500|750|1000|1500|2000|2500|3000|4000|5000|7500|10000', '79.00|88.00|95.00|102.00|111.00|130.00|149.00|162.00|174.00|185.00|257.00|315.00', '2017-12-20 12:00:00', '2017-12-20 12:00:00', '2017-12-20 12:00:00', '2017-12-20 12:00:00');
INSERT INTO `pe_attribute_value` (`ATTRIBUTE_VALUE_ID`, `VENDOR_PRODUCT_ID`, `VENDOR_ID`, `ATTRIBUTE_ID`, `QUANTITY_BREAK`, `VOLUME_PRICE`, `LAST_UPDATED_STAMP`, `LAST_UPDATED_TX_STAMP`, `CREATED_STAMP`, `CREATED_TX_STAMP`) VALUES (122,  'SF-0882', 'V_ADMORE', 'PRINT_4C_2ND_SIDE', '250|500|750|1000|1500|2000|2500|3000|4000|5000|7500|10000', '225.00|225.00|243.00|261.00|293.00|324.00|356.00|386.00|450.00|513.00|668.00|828.00', '2017-12-20 12:00:00', '2017-12-20 12:00:00', '2017-12-20 12:00:00', '2017-12-20 12:00:00');
INSERT INTO `pe_attribute_value` (`ATTRIBUTE_VALUE_ID`, `VENDOR_PRODUCT_ID`, `VENDOR_ID`, `ATTRIBUTE_ID`, `QUANTITY_BREAK`, `VOLUME_PRICE`, `LAST_UPDATED_STAMP`, `LAST_UPDATED_TX_STAMP`, `CREATED_STAMP`, `CREATED_TX_STAMP`) VALUES (123,  'SF-0882', 'V_ADMORE', 'GROUP_A_STOCKS', '250|500|750|1000|1500|2000|2500|3000|4000|5000|7500|10000', '26.00|36.00|50.00|64.00|90.00|117.00|142.00|165.00|215.00|266.00|385.00|513.00', '2017-12-20 12:00:00', '2017-12-20 12:00:00', '2017-12-20 12:00:00', '2017-12-20 12:00:00');
INSERT INTO `pe_attribute_value` (`ATTRIBUTE_VALUE_ID`, `VENDOR_PRODUCT_ID`, `VENDOR_ID`, `ATTRIBUTE_ID`, `QUANTITY_BREAK`, `VOLUME_PRICE`, `LAST_UPDATED_STAMP`, `LAST_UPDATED_TX_STAMP`, `CREATED_STAMP`, `CREATED_TX_STAMP`) VALUES (124,  'SF-0882', 'V_ADMORE', 'GROUP_B_STOCKS', '250|500|750|1000|1500|2000|2500|3000|4000|5000|7500|10000', '40.00|58.00|80.00|102.00|143.00|185.00|225.00|262.00|343.00|423.00|608.00|801.00', '2017-12-20 12:00:00', '2017-12-20 12:00:00', '2017-12-20 12:00:00', '2017-12-20 12:00:00');
INSERT INTO `pe_attribute_value` (`ATTRIBUTE_VALUE_ID`, `VENDOR_PRODUCT_ID`, `VENDOR_ID`, `ATTRIBUTE_ID`, `QUANTITY_BREAK`, `VOLUME_PRICE`, `LAST_UPDATED_STAMP`, `LAST_UPDATED_TX_STAMP`, `CREATED_STAMP`, `CREATED_TX_STAMP`) VALUES (125,  'SF-0882', 'V_ADMORE', 'GROUP_C_STOCKS', '250|500|750|1000|1500|2000|2500|3000|4000|5000|7500|10000', '61.00|88.00|122.00|155.00|217.00|283.00|342.00|397.00|520.00|644.00|932.00|1224.00', '2017-12-20 12:00:00', '2017-12-20 12:00:00', '2017-12-20 12:00:00', '2017-12-20 12:00:00');
INSERT INTO `pe_attribute_value` (`ATTRIBUTE_VALUE_ID`, `VENDOR_PRODUCT_ID`, `VENDOR_ID`, `ATTRIBUTE_ID`, `QUANTITY_BREAK`, `VOLUME_PRICE`, `LAST_UPDATED_STAMP`, `LAST_UPDATED_TX_STAMP`, `CREATED_STAMP`, `CREATED_TX_STAMP`) VALUES (126,  'SF-0882', 'V_ADMORE', 'GROUP_D_STOCKS', '250|500|750|1000|1500|2000|2500|3000|4000|5000|7500|10000', '91.00|131.00|180.00|230.00|323.00|418.00|504.00|589.00|770.00|950.00|1377.00|1809.00', '2017-12-20 12:00:00', '2017-12-20 12:00:00', '2017-12-20 12:00:00', '2017-12-20 12:00:00');
INSERT INTO `pe_attribute_value` (`ATTRIBUTE_VALUE_ID`, `VENDOR_PRODUCT_ID`, `VENDOR_ID`, `ATTRIBUTE_ID`, `QUANTITY_BREAK`, `VOLUME_PRICE`, `LAST_UPDATED_STAMP`, `LAST_UPDATED_TX_STAMP`, `CREATED_STAMP`, `CREATED_TX_STAMP`) VALUES (127,  'SF-0882', 'V_ADMORE', 'AQUEOUS_CHOICE', '250|500|750|1000|1500|2000|2500|3000|4000|5000|7500|10000', '0.00|0.00|0.00|0.00|0.00|0.00|0.00|0.00|0.00|0.00|0.00|0.00', '2017-12-20 12:00:00', '2017-12-20 12:00:00', '2017-12-20 12:00:00', '2017-12-20 12:00:00');
INSERT INTO `pe_attribute_value` (`ATTRIBUTE_VALUE_ID`, `VENDOR_PRODUCT_ID`, `VENDOR_ID`, `ATTRIBUTE_ID`, `QUANTITY_BREAK`, `VOLUME_PRICE`, `LAST_UPDATED_STAMP`, `LAST_UPDATED_TX_STAMP`, `CREATED_STAMP`, `CREATED_TX_STAMP`) VALUES (128,  'SF-0882', 'V_ADMORE', 'AQUEOUS_GLOSS', '250|500|750|1000|1500|2000|2500|3000|4000|5000|7500|10000', '0.00|0.00|0.00|0.00|0.00|0.00|0.00|0.00|0.00|0.00|0.00|0.00', '2017-12-20 12:00:00', '2017-12-20 12:00:00', '2017-12-20 12:00:00', '2017-12-20 12:00:00');
INSERT INTO `pe_attribute_value` (`ATTRIBUTE_VALUE_ID`, `VENDOR_PRODUCT_ID`, `VENDOR_ID`, `ATTRIBUTE_ID`, `QUANTITY_BREAK`, `VOLUME_PRICE`, `LAST_UPDATED_STAMP`, `LAST_UPDATED_TX_STAMP`, `CREATED_STAMP`, `CREATED_TX_STAMP`) VALUES (129,  'SF-0882', 'V_ADMORE', 'AQUEOUS_MATTE', '250|500|750|1000|1500|2000|2500|3000|4000|5000|7500|10000', '0.00|0.00|0.00|0.00|0.00|0.00|0.00|0.00|0.00|0.00|0.00|0.00', '2017-12-20 12:00:00', '2017-12-20 12:00:00', '2017-12-20 12:00:00', '2017-12-20 12:00:00');
INSERT INTO `pe_attribute_value` (`ATTRIBUTE_VALUE_ID`, `VENDOR_PRODUCT_ID`, `VENDOR_ID`, `ATTRIBUTE_ID`, `QUANTITY_BREAK`, `VOLUME_PRICE`, `LAST_UPDATED_STAMP`, `LAST_UPDATED_TX_STAMP`, `CREATED_STAMP`, `CREATED_TX_STAMP`) VALUES (130,  'SF-0882', 'V_ADMORE', 'AQUEOUS_SATIN', '250|500|750|1000|1500|2000|2500|3000|4000|5000|7500|10000', '0.00|0.00|0.00|0.00|0.00|0.00|0.00|0.00|0.00|0.00|0.00|0.00', '2017-12-20 12:00:00', '2017-12-20 12:00:00', '2017-12-20 12:00:00', '2017-12-20 12:00:00');
INSERT INTO `pe_attribute_value` (`ATTRIBUTE_VALUE_ID`, `VENDOR_PRODUCT_ID`, `VENDOR_ID`, `ATTRIBUTE_ID`, `QUANTITY_BREAK`, `VOLUME_PRICE`, `LAST_UPDATED_STAMP`, `LAST_UPDATED_TX_STAMP`, `CREATED_STAMP`, `CREATED_TX_STAMP`) VALUES (131,  'SF-0882', 'V_ADMORE', 'AQUEOUS_SOFT_TOUCH', '250|500|750|1000|1500|2000|2500|3000|4000|5000|7500|10000', '126.00|141.00|153.00|164.00|178.00|193.00|221.00|240.00|257.00|275.00|378.00|459.00', '2017-12-20 12:00:00', '2017-12-20 12:00:00', '2017-12-20 12:00:00', '2017-12-20 12:00:00');
INSERT INTO `pe_attribute_value` (`ATTRIBUTE_VALUE_ID`, `VENDOR_PRODUCT_ID`, `VENDOR_ID`, `ATTRIBUTE_ID`, `QUANTITY_BREAK`, `VOLUME_PRICE`, `LAST_UPDATED_STAMP`, `LAST_UPDATED_TX_STAMP`, `CREATED_STAMP`, `CREATED_TX_STAMP`) VALUES (132,  'SF-0882', 'V_ADMORE', 'UV_COATING_GLOSS', '250|500|750|1000|1500|2000|2500|3000|4000|5000|7500|10000', '65.00|79.00|88.00|97.00|126.00|158.00|173.00|194.00|248.00|302.00|446.00|531.00', '2017-12-20 12:00:00', '2017-12-20 12:00:00', '2017-12-20 12:00:00', '2017-12-20 12:00:00');
INSERT INTO `pe_attribute_value` (`ATTRIBUTE_VALUE_ID`, `VENDOR_PRODUCT_ID`, `VENDOR_ID`, `ATTRIBUTE_ID`, `QUANTITY_BREAK`, `VOLUME_PRICE`, `LAST_UPDATED_STAMP`, `LAST_UPDATED_TX_STAMP`, `CREATED_STAMP`, `CREATED_TX_STAMP`) VALUES (133,  'SF-0882', 'V_ADMORE', 'LAMINATION_GLOSS', '250|500|750|1000|1500|2000|2500|3000|4000|5000|7500|10000', '82.00|106.00|140.00|174.00|231.00|290.00|358.00|427.00|560.00|693.00|1019.00|1359.00', '2017-12-20 12:00:00', '2017-12-20 12:00:00', '2017-12-20 12:00:00', '2017-12-20 12:00:00');
INSERT INTO `pe_attribute_value` (`ATTRIBUTE_VALUE_ID`, `VENDOR_PRODUCT_ID`, `VENDOR_ID`, `ATTRIBUTE_ID`, `QUANTITY_BREAK`, `VOLUME_PRICE`, `LAST_UPDATED_STAMP`, `LAST_UPDATED_TX_STAMP`, `CREATED_STAMP`, `CREATED_TX_STAMP`) VALUES (134,  'SF-0882', 'V_ADMORE', 'LAMINATION_MATTE', '250|500|750|1000|1500|2000|2500|3000|4000|5000|7500|10000', '102.00|161.00|208.00|255.00|354.00|450.00|549.00|651.00|852.00|1053.00|1553.00|2043.00', '2017-12-20 12:00:00', '2017-12-20 12:00:00', '2017-12-20 12:00:00', '2017-12-20 12:00:00');
INSERT INTO `pe_attribute_value` (`ATTRIBUTE_VALUE_ID`, `VENDOR_PRODUCT_ID`, `VENDOR_ID`, `ATTRIBUTE_ID`, `QUANTITY_BREAK`, `VOLUME_PRICE`, `LAST_UPDATED_STAMP`, `LAST_UPDATED_TX_STAMP`, `CREATED_STAMP`, `CREATED_TX_STAMP`) VALUES (135,  'SF-0882', 'V_ADMORE', 'LAMINATION_SOFT_TOUCH', '250|500|750|1000|1500|2000|2500|3000|4000|5000|7500|10000', '122.00|183.00|240.00|298.00|412.00|527.00|641.00|756.00|986.00|1215.00|1789.00|2367.00', '2017-12-20 12:00:00', '2017-12-20 12:00:00', '2017-12-20 12:00:00', '2017-12-20 12:00:00');
INSERT INTO `pe_attribute_value` (`ATTRIBUTE_VALUE_ID`, `VENDOR_PRODUCT_ID`, `VENDOR_ID`, `ATTRIBUTE_ID`, `QUANTITY_BREAK`, `VOLUME_PRICE`, `LAST_UPDATED_STAMP`, `LAST_UPDATED_TX_STAMP`, `CREATED_STAMP`, `CREATED_TX_STAMP`) VALUES (136,  'SF-0882', 'V_ADMORE', 'SPINE_ATTACHMENTS', '250|500|750|1000|1500|2000|2500|3000|4000|5000|7500|10000', '109.00|215.00|321.00|427.00|622.00|830.00|1033.00|1239.00|1646.00|2052.00|3058.00|3996.00', '2017-12-20 12:00:00', '2017-12-20 12:00:00', '2017-12-20 12:00:00', '2017-12-20 12:00:00');
INSERT INTO `pe_attribute_value` (`ATTRIBUTE_VALUE_ID`, `VENDOR_PRODUCT_ID`, `VENDOR_ID`, `ATTRIBUTE_ID`, `QUANTITY_BREAK`, `VOLUME_PRICE`, `LAST_UPDATED_STAMP`, `LAST_UPDATED_TX_STAMP`, `CREATED_STAMP`, `CREATED_TX_STAMP`) VALUES (137,  'SF-0882', 'V_ADMORE', 'DISCOUNT_15_SQ_INCH', '250|500|750|1000|1500|2000|2500|3000|4000|5000|7500|10000', '-56.00|-60.00|-65.00|-68.00|-76.00|-84.00|-91.00|-99.00|-114.00|-130.00|-170.00|-209.00', '2017-12-20 12:00:00', '2017-12-20 12:00:00', '2017-12-20 12:00:00', '2017-12-20 12:00:00');
INSERT INTO `pe_attribute_value` (`ATTRIBUTE_VALUE_ID`, `VENDOR_PRODUCT_ID`, `VENDOR_ID`, `ATTRIBUTE_ID`, `QUANTITY_BREAK`, `VOLUME_PRICE`, `LAST_UPDATED_STAMP`, `LAST_UPDATED_TX_STAMP`, `CREATED_STAMP`, `CREATED_TX_STAMP`) VALUES (138,  'SF-0882', 'V_ADMORE', 'FOIL_STAMP_RUN_ADD_ON', '250|500|1000|1500|2000|2500|3000|5000|7500|10000|15000|20000', '121.00|149.00|195.00|238.00|279.00|339.00|404.00|585.00|848.00|1066.00|1569.00|2072.00', '2017-12-20 12:00:00', '2017-12-20 12:00:00', '2017-12-20 12:00:00', '2017-12-20 12:00:00');
INSERT INTO `pe_attribute_value` (`ATTRIBUTE_VALUE_ID`, `VENDOR_PRODUCT_ID`, `VENDOR_ID`, `ATTRIBUTE_ID`, `QUANTITY_BREAK`, `VOLUME_PRICE`, `LAST_UPDATED_STAMP`, `LAST_UPDATED_TX_STAMP`, `CREATED_STAMP`, `CREATED_TX_STAMP`) VALUES (139,  'SF-0882', 'V_ADMORE', 'FOIL_STAMP_IMAGE_ADD_ON', '250|500|1000|1500|2000|2500|3000|5000|7500|10000|15000|20000', '55.00|57.00|63.00|68.00|71.00|74.00|77.00|93.00|108.00|121.00|155.00|195.00', '2017-12-20 12:00:00', '2017-12-20 12:00:00', '2017-12-20 12:00:00', '2017-12-20 12:00:00');
INSERT INTO `pe_attribute_value` (`ATTRIBUTE_VALUE_ID`, `VENDOR_PRODUCT_ID`, `VENDOR_ID`, `ATTRIBUTE_ID`, `QUANTITY_BREAK`, `VOLUME_PRICE`, `LAST_UPDATED_STAMP`, `LAST_UPDATED_TX_STAMP`, `CREATED_STAMP`, `CREATED_TX_STAMP`) VALUES (140,  'SF-0882', 'V_ADMORE', 'EMBOSS_RUN_ADD_ON', '250|500|1000|1500|2000|2500|3000|5000|7500|10000|15000|20000', '171.00|189.00|225.00|268.00|304.00|359.00|424.00|605.00|868.00|1086.00|1589.00|2092.00', '2017-12-20 12:00:00', '2017-12-20 12:00:00', '2017-12-20 12:00:00', '2017-12-20 12:00:00');
INSERT INTO `pe_attribute_value` (`ATTRIBUTE_VALUE_ID`, `VENDOR_PRODUCT_ID`, `VENDOR_ID`, `ATTRIBUTE_ID`, `QUANTITY_BREAK`, `VOLUME_PRICE`, `LAST_UPDATED_STAMP`, `LAST_UPDATED_TX_STAMP`, `CREATED_STAMP`, `CREATED_TX_STAMP`) VALUES (141,  'SF-0882', 'V_ADMORE', 'EMBOSS_IMAGE_ADD_ON', '250|500|1000|1500|2000|2500|3000|5000|7500|10000|15000|20000', '100.00|100.00|100.00|100.00|100.00|100.00|100.00|100.00|100.00|100.00|100.00|100.00', '2017-12-20 12:00:00', '2017-12-20 12:00:00', '2017-12-20 12:00:00', '2017-12-20 12:00:00');
INSERT INTO `pe_attribute_value` (`ATTRIBUTE_VALUE_ID`, `VENDOR_PRODUCT_ID`, `VENDOR_ID`, `ATTRIBUTE_ID`, `QUANTITY_BREAK`, `VOLUME_PRICE`, `LAST_UPDATED_STAMP`, `LAST_UPDATED_TX_STAMP`, `CREATED_STAMP`, `CREATED_TX_STAMP`) VALUES (142,  'SF-0882', 'V_ADMORE', 'ADD_ON_RUN_DISC_PERCENT', '250|500|1000|1500|2000|2500|3000|5000|7500|10000|15000|20000', '-10.00|-10.00|-10.00|-10.00|-10.00|-10.00|-10.00|-10.00|-10.00|-10.00|-10.00|-10.00', '2017-12-20 12:00:00', '2017-12-20 12:00:00', '2017-12-20 12:00:00', '2017-12-20 12:00:00');
INSERT INTO `pe_attribute_value` (`ATTRIBUTE_VALUE_ID`, `VENDOR_PRODUCT_ID`, `VENDOR_ID`, `ATTRIBUTE_ID`, `QUANTITY_BREAK`, `VOLUME_PRICE`, `LAST_UPDATED_STAMP`, `LAST_UPDATED_TX_STAMP`, `CREATED_STAMP`, `CREATED_TX_STAMP`) VALUES (143,  'VSRP-0830', 'V_ADMORE', 'PLAIN', '250|500|750|1000|1500|2000|2500|3000|4000|5000|7500|10000', '0.00|0.00|0.00|0.00|0.00|0.00|0.00|0.00|0.00|0.00|0.00|0.00', '2017-12-20 12:00:00', '2017-12-20 12:00:00', '2017-12-20 12:00:00', '2017-12-20 12:00:00');
INSERT INTO `pe_attribute_value` (`ATTRIBUTE_VALUE_ID`, `VENDOR_PRODUCT_ID`, `VENDOR_ID`, `ATTRIBUTE_ID`, `QUANTITY_BREAK`, `VOLUME_PRICE`, `LAST_UPDATED_STAMP`, `LAST_UPDATED_TX_STAMP`, `CREATED_STAMP`, `CREATED_TX_STAMP`) VALUES (144,  'VSRP-0830', 'V_ADMORE', 'PRINT_1C', '250|500|750|1000|1500|2000|2500|3000|4000|5000|7500|10000', '362.00|452.00|552.00|653.00|849.00|1069.00|1269.00|1460.00|1770.00|2080.00|2923.00|3609.00', '2017-12-20 12:00:00', '2017-12-20 12:00:00', '2017-12-20 12:00:00', '2017-12-20 12:00:00');
INSERT INTO `pe_attribute_value` (`ATTRIBUTE_VALUE_ID`, `VENDOR_PRODUCT_ID`, `VENDOR_ID`, `ATTRIBUTE_ID`, `QUANTITY_BREAK`, `VOLUME_PRICE`, `LAST_UPDATED_STAMP`, `LAST_UPDATED_TX_STAMP`, `CREATED_STAMP`, `CREATED_TX_STAMP`) VALUES (145,  'VSRP-0830', 'V_ADMORE', 'PRINT_4C', '250|500|750|1000|1500|2000|2500|3000|4000|5000|7500|10000', '417.00|545.00|663.00|781.00|1033.00|1251.00|1451.00|1633.00|1965.00|2296.00|3139.00|3816.00', '2017-12-20 12:00:00', '2017-12-20 12:00:00', '2017-12-20 12:00:00', '2017-12-20 12:00:00');
INSERT INTO `pe_attribute_value` (`ATTRIBUTE_VALUE_ID`, `VENDOR_PRODUCT_ID`, `VENDOR_ID`, `ATTRIBUTE_ID`, `QUANTITY_BREAK`, `VOLUME_PRICE`, `LAST_UPDATED_STAMP`, `LAST_UPDATED_TX_STAMP`, `CREATED_STAMP`, `CREATED_TX_STAMP`) VALUES (146,  'VSRP-0830', 'V_ADMORE', 'FOIL_STAMP_BASE', '250|500|750|1000|1500|2000|2500|3000|4000|5000|7500|10000', '312.00|446.00|548.00|649.00|851.00|1107.00|1327.00|1528.00|1878.00|2228.00|3179.00|4014.00', '2017-12-20 12:00:00', '2017-12-20 12:00:00', '2017-12-20 12:00:00', '2017-12-20 12:00:00');
INSERT INTO `pe_attribute_value` (`ATTRIBUTE_VALUE_ID`, `VENDOR_PRODUCT_ID`, `VENDOR_ID`, `ATTRIBUTE_ID`, `QUANTITY_BREAK`, `VOLUME_PRICE`, `LAST_UPDATED_STAMP`, `LAST_UPDATED_TX_STAMP`, `CREATED_STAMP`, `CREATED_TX_STAMP`) VALUES (147,  'VSRP-0830', 'V_ADMORE', 'EMBOSS_BASE', '250|500|750|1000|1500|2000|2500|3000|4000|5000|7500|10000', '312.00|446.00|548.00|649.00|851.00|1107.00|1327.00|1528.00|1878.00|2228.00|3179.00|4014.00', '2017-12-20 12:00:00', '2017-12-20 12:00:00', '2017-12-20 12:00:00', '2017-12-20 12:00:00');
INSERT INTO `pe_attribute_value` (`ATTRIBUTE_VALUE_ID`, `VENDOR_PRODUCT_ID`, `VENDOR_ID`, `ATTRIBUTE_ID`, `QUANTITY_BREAK`, `VOLUME_PRICE`, `LAST_UPDATED_STAMP`, `LAST_UPDATED_TX_STAMP`, `CREATED_STAMP`, `CREATED_TX_STAMP`) VALUES (148,  'VSRP-0830', 'V_ADMORE', 'ADDITIONAL_COLOR_PER_SIDE', '250|500|750|1000|1500|2000|2500|3000|4000|5000|7500|10000', '79.00|88.00|95.00|102.00|111.00|130.00|149.00|162.00|174.00|185.00|257.00|315.00', '2017-12-20 12:00:00', '2017-12-20 12:00:00', '2017-12-20 12:00:00', '2017-12-20 12:00:00');
INSERT INTO `pe_attribute_value` (`ATTRIBUTE_VALUE_ID`, `VENDOR_PRODUCT_ID`, `VENDOR_ID`, `ATTRIBUTE_ID`, `QUANTITY_BREAK`, `VOLUME_PRICE`, `LAST_UPDATED_STAMP`, `LAST_UPDATED_TX_STAMP`, `CREATED_STAMP`, `CREATED_TX_STAMP`) VALUES (149,  'VSRP-0830', 'V_ADMORE', 'HEAVY_COVERAGE_PER_SIDE', '250|500|750|1000|1500|2000|2500|3000|4000|5000|7500|10000', '79.00|88.00|95.00|102.00|111.00|130.00|149.00|162.00|174.00|185.00|257.00|315.00', '2017-12-20 12:00:00', '2017-12-20 12:00:00', '2017-12-20 12:00:00', '2017-12-20 12:00:00');
INSERT INTO `pe_attribute_value` (`ATTRIBUTE_VALUE_ID`, `VENDOR_PRODUCT_ID`, `VENDOR_ID`, `ATTRIBUTE_ID`, `QUANTITY_BREAK`, `VOLUME_PRICE`, `LAST_UPDATED_STAMP`, `LAST_UPDATED_TX_STAMP`, `CREATED_STAMP`, `CREATED_TX_STAMP`) VALUES (150,  'VSRP-0830', 'V_ADMORE', 'PRINT_4C_2ND_SIDE', '250|500|750|1000|1500|2000|2500|3000|4000|5000|7500|10000', '225.00|225.00|243.00|261.00|293.00|324.00|356.00|386.00|450.00|513.00|668.00|828.00', '2017-12-20 12:00:00', '2017-12-20 12:00:00', '2017-12-20 12:00:00', '2017-12-20 12:00:00');
INSERT INTO `pe_attribute_value` (`ATTRIBUTE_VALUE_ID`, `VENDOR_PRODUCT_ID`, `VENDOR_ID`, `ATTRIBUTE_ID`, `QUANTITY_BREAK`, `VOLUME_PRICE`, `LAST_UPDATED_STAMP`, `LAST_UPDATED_TX_STAMP`, `CREATED_STAMP`, `CREATED_TX_STAMP`) VALUES (151,  'VSRP-0830', 'V_ADMORE', 'GROUP_A_STOCKS', '250|500|750|1000|1500|2000|2500|3000|4000|5000|7500|10000', '26.00|36.00|50.00|64.00|90.00|117.00|142.00|165.00|215.00|266.00|385.00|513.00', '2017-12-20 12:00:00', '2017-12-20 12:00:00', '2017-12-20 12:00:00', '2017-12-20 12:00:00');
INSERT INTO `pe_attribute_value` (`ATTRIBUTE_VALUE_ID`, `VENDOR_PRODUCT_ID`, `VENDOR_ID`, `ATTRIBUTE_ID`, `QUANTITY_BREAK`, `VOLUME_PRICE`, `LAST_UPDATED_STAMP`, `LAST_UPDATED_TX_STAMP`, `CREATED_STAMP`, `CREATED_TX_STAMP`) VALUES (152,  'VSRP-0830', 'V_ADMORE', 'GROUP_B_STOCKS', '250|500|750|1000|1500|2000|2500|3000|4000|5000|7500|10000', '40.00|58.00|80.00|102.00|143.00|185.00|225.00|262.00|343.00|423.00|608.00|801.00', '2017-12-20 12:00:00', '2017-12-20 12:00:00', '2017-12-20 12:00:00', '2017-12-20 12:00:00');
INSERT INTO `pe_attribute_value` (`ATTRIBUTE_VALUE_ID`, `VENDOR_PRODUCT_ID`, `VENDOR_ID`, `ATTRIBUTE_ID`, `QUANTITY_BREAK`, `VOLUME_PRICE`, `LAST_UPDATED_STAMP`, `LAST_UPDATED_TX_STAMP`, `CREATED_STAMP`, `CREATED_TX_STAMP`) VALUES (153,  'VSRP-0830', 'V_ADMORE', 'GROUP_C_STOCKS', '250|500|750|1000|1500|2000|2500|3000|4000|5000|7500|10000', '61.00|88.00|122.00|155.00|217.00|283.00|342.00|397.00|520.00|644.00|932.00|1224.00', '2017-12-20 12:00:00', '2017-12-20 12:00:00', '2017-12-20 12:00:00', '2017-12-20 12:00:00');
INSERT INTO `pe_attribute_value` (`ATTRIBUTE_VALUE_ID`, `VENDOR_PRODUCT_ID`, `VENDOR_ID`, `ATTRIBUTE_ID`, `QUANTITY_BREAK`, `VOLUME_PRICE`, `LAST_UPDATED_STAMP`, `LAST_UPDATED_TX_STAMP`, `CREATED_STAMP`, `CREATED_TX_STAMP`) VALUES (154,  'VSRP-0830', 'V_ADMORE', 'GROUP_D_STOCKS', '250|500|750|1000|1500|2000|2500|3000|4000|5000|7500|10000', '91.00|131.00|180.00|230.00|323.00|418.00|504.00|589.00|770.00|950.00|1377.00|1809.00', '2017-12-20 12:00:00', '2017-12-20 12:00:00', '2017-12-20 12:00:00', '2017-12-20 12:00:00');
INSERT INTO `pe_attribute_value` (`ATTRIBUTE_VALUE_ID`, `VENDOR_PRODUCT_ID`, `VENDOR_ID`, `ATTRIBUTE_ID`, `QUANTITY_BREAK`, `VOLUME_PRICE`, `LAST_UPDATED_STAMP`, `LAST_UPDATED_TX_STAMP`, `CREATED_STAMP`, `CREATED_TX_STAMP`) VALUES (155,  'VSRP-0830', 'V_ADMORE', 'AQUEOUS_CHOICE', '250|500|750|1000|1500|2000|2500|3000|4000|5000|7500|10000', '0.00|0.00|0.00|0.00|0.00|0.00|0.00|0.00|0.00|0.00|0.00|0.00', '2017-12-20 12:00:00', '2017-12-20 12:00:00', '2017-12-20 12:00:00', '2017-12-20 12:00:00');
INSERT INTO `pe_attribute_value` (`ATTRIBUTE_VALUE_ID`, `VENDOR_PRODUCT_ID`, `VENDOR_ID`, `ATTRIBUTE_ID`, `QUANTITY_BREAK`, `VOLUME_PRICE`, `LAST_UPDATED_STAMP`, `LAST_UPDATED_TX_STAMP`, `CREATED_STAMP`, `CREATED_TX_STAMP`) VALUES (156,  'VSRP-0830', 'V_ADMORE', 'AQUEOUS_GLOSS', '250|500|750|1000|1500|2000|2500|3000|4000|5000|7500|10000', '0.00|0.00|0.00|0.00|0.00|0.00|0.00|0.00|0.00|0.00|0.00|0.00', '2017-12-20 12:00:00', '2017-12-20 12:00:00', '2017-12-20 12:00:00', '2017-12-20 12:00:00');
INSERT INTO `pe_attribute_value` (`ATTRIBUTE_VALUE_ID`, `VENDOR_PRODUCT_ID`, `VENDOR_ID`, `ATTRIBUTE_ID`, `QUANTITY_BREAK`, `VOLUME_PRICE`, `LAST_UPDATED_STAMP`, `LAST_UPDATED_TX_STAMP`, `CREATED_STAMP`, `CREATED_TX_STAMP`) VALUES (157,  'VSRP-0830', 'V_ADMORE', 'AQUEOUS_MATTE', '250|500|750|1000|1500|2000|2500|3000|4000|5000|7500|10000', '0.00|0.00|0.00|0.00|0.00|0.00|0.00|0.00|0.00|0.00|0.00|0.00', '2017-12-20 12:00:00', '2017-12-20 12:00:00', '2017-12-20 12:00:00', '2017-12-20 12:00:00');
INSERT INTO `pe_attribute_value` (`ATTRIBUTE_VALUE_ID`, `VENDOR_PRODUCT_ID`, `VENDOR_ID`, `ATTRIBUTE_ID`, `QUANTITY_BREAK`, `VOLUME_PRICE`, `LAST_UPDATED_STAMP`, `LAST_UPDATED_TX_STAMP`, `CREATED_STAMP`, `CREATED_TX_STAMP`) VALUES (158,  'VSRP-0830', 'V_ADMORE', 'AQUEOUS_SATIN', '250|500|750|1000|1500|2000|2500|3000|4000|5000|7500|10000', '0.00|0.00|0.00|0.00|0.00|0.00|0.00|0.00|0.00|0.00|0.00|0.00', '2017-12-20 12:00:00', '2017-12-20 12:00:00', '2017-12-20 12:00:00', '2017-12-20 12:00:00');
INSERT INTO `pe_attribute_value` (`ATTRIBUTE_VALUE_ID`, `VENDOR_PRODUCT_ID`, `VENDOR_ID`, `ATTRIBUTE_ID`, `QUANTITY_BREAK`, `VOLUME_PRICE`, `LAST_UPDATED_STAMP`, `LAST_UPDATED_TX_STAMP`, `CREATED_STAMP`, `CREATED_TX_STAMP`) VALUES (159,  'VSRP-0830', 'V_ADMORE', 'AQUEOUS_SOFT_TOUCH', '250|500|750|1000|1500|2000|2500|3000|4000|5000|7500|10000', '126.00|141.00|153.00|164.00|178.00|193.00|221.00|240.00|257.00|275.00|378.00|459.00', '2017-12-20 12:00:00', '2017-12-20 12:00:00', '2017-12-20 12:00:00', '2017-12-20 12:00:00');
INSERT INTO `pe_attribute_value` (`ATTRIBUTE_VALUE_ID`, `VENDOR_PRODUCT_ID`, `VENDOR_ID`, `ATTRIBUTE_ID`, `QUANTITY_BREAK`, `VOLUME_PRICE`, `LAST_UPDATED_STAMP`, `LAST_UPDATED_TX_STAMP`, `CREATED_STAMP`, `CREATED_TX_STAMP`) VALUES (160,  'VSRP-0830', 'V_ADMORE', 'UV_COATING_GLOSS', '250|500|750|1000|1500|2000|2500|3000|4000|5000|7500|10000', '65.00|79.00|88.00|97.00|126.00|158.00|173.00|194.00|248.00|302.00|446.00|531.00', '2017-12-20 12:00:00', '2017-12-20 12:00:00', '2017-12-20 12:00:00', '2017-12-20 12:00:00');
INSERT INTO `pe_attribute_value` (`ATTRIBUTE_VALUE_ID`, `VENDOR_PRODUCT_ID`, `VENDOR_ID`, `ATTRIBUTE_ID`, `QUANTITY_BREAK`, `VOLUME_PRICE`, `LAST_UPDATED_STAMP`, `LAST_UPDATED_TX_STAMP`, `CREATED_STAMP`, `CREATED_TX_STAMP`) VALUES (161,  'VSRP-0830', 'V_ADMORE', 'LAMINATION_GLOSS', '250|500|750|1000|1500|2000|2500|3000|4000|5000|7500|10000', '82.00|106.00|140.00|174.00|231.00|290.00|358.00|427.00|560.00|693.00|1019.00|1359.00', '2017-12-20 12:00:00', '2017-12-20 12:00:00', '2017-12-20 12:00:00', '2017-12-20 12:00:00');
INSERT INTO `pe_attribute_value` (`ATTRIBUTE_VALUE_ID`, `VENDOR_PRODUCT_ID`, `VENDOR_ID`, `ATTRIBUTE_ID`, `QUANTITY_BREAK`, `VOLUME_PRICE`, `LAST_UPDATED_STAMP`, `LAST_UPDATED_TX_STAMP`, `CREATED_STAMP`, `CREATED_TX_STAMP`) VALUES (162,  'VSRP-0830', 'V_ADMORE', 'LAMINATION_MATTE', '250|500|750|1000|1500|2000|2500|3000|4000|5000|7500|10000', '102.00|161.00|208.00|255.00|354.00|450.00|549.00|651.00|852.00|1053.00|1553.00|2043.00', '2017-12-20 12:00:00', '2017-12-20 12:00:00', '2017-12-20 12:00:00', '2017-12-20 12:00:00');
INSERT INTO `pe_attribute_value` (`ATTRIBUTE_VALUE_ID`, `VENDOR_PRODUCT_ID`, `VENDOR_ID`, `ATTRIBUTE_ID`, `QUANTITY_BREAK`, `VOLUME_PRICE`, `LAST_UPDATED_STAMP`, `LAST_UPDATED_TX_STAMP`, `CREATED_STAMP`, `CREATED_TX_STAMP`) VALUES (163,  'VSRP-0830', 'V_ADMORE', 'LAMINATION_SOFT_TOUCH', '250|500|750|1000|1500|2000|2500|3000|4000|5000|7500|10000', '122.00|183.00|240.00|298.00|412.00|527.00|641.00|756.00|986.00|1215.00|1789.00|2367.00', '2017-12-20 12:00:00', '2017-12-20 12:00:00', '2017-12-20 12:00:00', '2017-12-20 12:00:00');
INSERT INTO `pe_attribute_value` (`ATTRIBUTE_VALUE_ID`, `VENDOR_PRODUCT_ID`, `VENDOR_ID`, `ATTRIBUTE_ID`, `QUANTITY_BREAK`, `VOLUME_PRICE`, `LAST_UPDATED_STAMP`, `LAST_UPDATED_TX_STAMP`, `CREATED_STAMP`, `CREATED_TX_STAMP`) VALUES (164,  'VSRP-0830', 'V_ADMORE', 'SPINE_ATTACHMENTS', '250|500|750|1000|1500|2000|2500|3000|4000|5000|7500|10000', '109.00|215.00|321.00|427.00|622.00|830.00|1033.00|1239.00|1646.00|2052.00|3058.00|3996.00', '2017-12-20 12:00:00', '2017-12-20 12:00:00', '2017-12-20 12:00:00', '2017-12-20 12:00:00');
INSERT INTO `pe_attribute_value` (`ATTRIBUTE_VALUE_ID`, `VENDOR_PRODUCT_ID`, `VENDOR_ID`, `ATTRIBUTE_ID`, `QUANTITY_BREAK`, `VOLUME_PRICE`, `LAST_UPDATED_STAMP`, `LAST_UPDATED_TX_STAMP`, `CREATED_STAMP`, `CREATED_TX_STAMP`) VALUES (165,  'VSRP-0830', 'V_ADMORE', 'DISCOUNT_15_SQ_INCH', '250|500|750|1000|1500|2000|2500|3000|4000|5000|7500|10000', '-56.00|-60.00|-65.00|-68.00|-76.00|-84.00|-91.00|-99.00|-114.00|-130.00|-170.00|-209.00', '2017-12-20 12:00:00', '2017-12-20 12:00:00', '2017-12-20 12:00:00', '2017-12-20 12:00:00');
INSERT INTO `pe_attribute_value` (`ATTRIBUTE_VALUE_ID`, `VENDOR_PRODUCT_ID`, `VENDOR_ID`, `ATTRIBUTE_ID`, `QUANTITY_BREAK`, `VOLUME_PRICE`, `LAST_UPDATED_STAMP`, `LAST_UPDATED_TX_STAMP`, `CREATED_STAMP`, `CREATED_TX_STAMP`) VALUES (166,  'VSRP-0830', 'V_ADMORE', 'FOIL_STAMP_RUN_ADD_ON', '250|500|1000|1500|2000|2500|3000|5000|7500|10000|15000|20000', '121.00|149.00|195.00|238.00|279.00|339.00|404.00|585.00|848.00|1066.00|1569.00|2072.00', '2017-12-20 12:00:00', '2017-12-20 12:00:00', '2017-12-20 12:00:00', '2017-12-20 12:00:00');
INSERT INTO `pe_attribute_value` (`ATTRIBUTE_VALUE_ID`, `VENDOR_PRODUCT_ID`, `VENDOR_ID`, `ATTRIBUTE_ID`, `QUANTITY_BREAK`, `VOLUME_PRICE`, `LAST_UPDATED_STAMP`, `LAST_UPDATED_TX_STAMP`, `CREATED_STAMP`, `CREATED_TX_STAMP`) VALUES (167,  'VSRP-0830', 'V_ADMORE', 'FOIL_STAMP_IMAGE_ADD_ON', '250|500|1000|1500|2000|2500|3000|5000|7500|10000|15000|20000', '55.00|57.00|63.00|68.00|71.00|74.00|77.00|93.00|108.00|121.00|155.00|195.00', '2017-12-20 12:00:00', '2017-12-20 12:00:00', '2017-12-20 12:00:00', '2017-12-20 12:00:00');
INSERT INTO `pe_attribute_value` (`ATTRIBUTE_VALUE_ID`, `VENDOR_PRODUCT_ID`, `VENDOR_ID`, `ATTRIBUTE_ID`, `QUANTITY_BREAK`, `VOLUME_PRICE`, `LAST_UPDATED_STAMP`, `LAST_UPDATED_TX_STAMP`, `CREATED_STAMP`, `CREATED_TX_STAMP`) VALUES (168,  'VSRP-0830', 'V_ADMORE', 'EMBOSS_RUN_ADD_ON', '250|500|1000|1500|2000|2500|3000|5000|7500|10000|15000|20000', '171.00|189.00|225.00|268.00|304.00|359.00|424.00|605.00|868.00|1086.00|1589.00|2092.00', '2017-12-20 12:00:00', '2017-12-20 12:00:00', '2017-12-20 12:00:00', '2017-12-20 12:00:00');
INSERT INTO `pe_attribute_value` (`ATTRIBUTE_VALUE_ID`, `VENDOR_PRODUCT_ID`, `VENDOR_ID`, `ATTRIBUTE_ID`, `QUANTITY_BREAK`, `VOLUME_PRICE`, `LAST_UPDATED_STAMP`, `LAST_UPDATED_TX_STAMP`, `CREATED_STAMP`, `CREATED_TX_STAMP`) VALUES (169,  'VSRP-0830', 'V_ADMORE', 'EMBOSS_IMAGE_ADD_ON', '250|500|1000|1500|2000|2500|3000|5000|7500|10000|15000|20000', '100.00|100.00|100.00|100.00|100.00|100.00|100.00|100.00|100.00|100.00|100.00|100.00', '2017-12-20 12:00:00', '2017-12-20 12:00:00', '2017-12-20 12:00:00', '2017-12-20 12:00:00');
INSERT INTO `pe_attribute_value` (`ATTRIBUTE_VALUE_ID`, `VENDOR_PRODUCT_ID`, `VENDOR_ID`, `ATTRIBUTE_ID`, `QUANTITY_BREAK`, `VOLUME_PRICE`, `LAST_UPDATED_STAMP`, `LAST_UPDATED_TX_STAMP`, `CREATED_STAMP`, `CREATED_TX_STAMP`) VALUES (170,  'VSRP-0830', 'V_ADMORE', 'ADD_ON_RUN_DISC_PERCENT', '250|500|1000|1500|2000|2500|3000|5000|7500|10000|15000|20000', '-10.00|-10.00|-10.00|-10.00|-10.00|-10.00|-10.00|-10.00|-10.00|-10.00|-10.00|-10.00', '2017-12-20 12:00:00', '2017-12-20 12:00:00', '2017-12-20 12:00:00', '2017-12-20 12:00:00');


INSERT INTO `pe_color_vendor_stock_assoc` (`COLOR_CODE`, `COLOR_GROUP`, `COLOR_NAME`, `PAPER_TEXTURE`, `PAPER_WEIGHT`, `VENDOR_STOCK`, `VENDOR_STOCK_ID`, `VENDOR_ID`, `PRICING_ATTRIBUTE_ID`, `LAST_UPDATED_STAMP`, `LAST_UPDATED_TX_STAMP`, `CREATED_STAMP`, `CREATED_TX_STAMP`) VALUES ('BGC1',  'Blue', 'Turquoise Blue', '', '100lb.', 'Aquamarine 100lb. Vellum', 'DA100', 'V_ADMORE', 'GROUP_D_STOCKS', '2018-01-15 12:00:00', '2018-01-15 12:00:00', '2018-01-15 12:00:00', '2018-01-15 12:00:00');
INSERT INTO `pe_color_vendor_stock_assoc` (`COLOR_CODE`, `COLOR_GROUP`, `COLOR_NAME`, `PAPER_TEXTURE`, `PAPER_WEIGHT`, `VENDOR_STOCK`, `VENDOR_STOCK_ID`, `VENDOR_ID`, `PRICING_ATTRIBUTE_ID`, `LAST_UPDATED_STAMP`, `LAST_UPDATED_TX_STAMP`, `CREATED_STAMP`, `CREATED_TX_STAMP`) VALUES ('BGC2',  'Gray', 'White Marble', 'Gloss C1S', '12PT', 'Ash 12 PT C1S MarbleCoat', 'CMASH12', 'V_ADMORE', 'GROUP_C_STOCKS', '2018-01-15 12:00:00', '2018-01-15 12:00:00', '2018-01-15 12:00:00', '2018-01-15 12:00:00');
INSERT INTO `pe_color_vendor_stock_assoc` (`COLOR_CODE`, `COLOR_GROUP`, `COLOR_NAME`, `PAPER_TEXTURE`, `PAPER_WEIGHT`, `VENDOR_STOCK`, `VENDOR_STOCK_ID`, `VENDOR_ID`, `PRICING_ATTRIBUTE_ID`, `LAST_UPDATED_STAMP`, `LAST_UPDATED_TX_STAMP`, `CREATED_STAMP`, `CREATED_TX_STAMP`) VALUES ('BGC3',  'Black', 'Black Marble', 'Gloss C1S', '12PT', 'Black 12 PT C1S MarbleCoat', 'CMBLK12', 'V_ADMORE', 'GROUP_C_STOCKS', '2018-01-15 12:00:00', '2018-01-15 12:00:00', '2018-01-15 12:00:00', '2018-01-15 12:00:00');
INSERT INTO `pe_color_vendor_stock_assoc` (`COLOR_CODE`, `COLOR_GROUP`, `COLOR_NAME`, `PAPER_TEXTURE`, `PAPER_WEIGHT`, `VENDOR_STOCK`, `VENDOR_STOCK_ID`, `VENDOR_ID`, `PRICING_ATTRIBUTE_ID`, `LAST_UPDATED_STAMP`, `LAST_UPDATED_TX_STAMP`, `CREATED_STAMP`, `CREATED_TX_STAMP`) VALUES ('BGC4',  'Black', 'Midnight Black', 'Gloss C1S', '14PT', 'Black 14 PT C1S ColorCoat', 'DB12', 'V_ADMORE', 'GROUP_D_STOCKS', '2018-01-15 12:00:00', '2018-01-15 12:00:00', '2018-01-15 12:00:00', '2018-01-15 12:00:00');
INSERT INTO `pe_color_vendor_stock_assoc` (`COLOR_CODE`, `COLOR_GROUP`, `COLOR_NAME`, `PAPER_TEXTURE`, `PAPER_WEIGHT`, `VENDOR_STOCK`, `VENDOR_STOCK_ID`, `VENDOR_ID`, `PRICING_ATTRIBUTE_ID`, `LAST_UPDATED_STAMP`, `LAST_UPDATED_TX_STAMP`, `CREATED_STAMP`, `CREATED_TX_STAMP`) VALUES ('BGC5',  'Blue', 'Midnight Black', 'Felt', '80lb.', 'Black - New Black 80lb. Felt', 'CB80', 'V_ADMORE', 'GROUP_C_STOCKS', '2018-01-15 12:00:00', '2018-01-15 12:00:00', '2018-01-15 12:00:00', '2018-01-15 12:00:00');
INSERT INTO `pe_color_vendor_stock_assoc` (`COLOR_CODE`, `COLOR_GROUP`, `COLOR_NAME`, `PAPER_TEXTURE`, `PAPER_WEIGHT`, `VENDOR_STOCK`, `VENDOR_STOCK_ID`, `VENDOR_ID`, `PRICING_ATTRIBUTE_ID`, `LAST_UPDATED_STAMP`, `LAST_UPDATED_TX_STAMP`, `CREATED_STAMP`, `CREATED_TX_STAMP`) VALUES ('BGC6',  'Blue', 'Oxford Blue', 'Grandee', '80lb.', 'Blazer Blue 80lb Grandee', 'DBBG80', 'V_ADMORE', 'GROUP_D_STOCKS', '2018-01-15 12:00:00', '2018-01-15 12:00:00', '2018-01-15 12:00:00', '2018-01-15 12:00:00');
INSERT INTO `pe_color_vendor_stock_assoc` (`COLOR_CODE`, `COLOR_GROUP`, `COLOR_NAME`, `PAPER_TEXTURE`, `PAPER_WEIGHT`, `VENDOR_STOCK`, `VENDOR_STOCK_ID`, `VENDOR_ID`, `PRICING_ATTRIBUTE_ID`, `LAST_UPDATED_STAMP`, `LAST_UPDATED_TX_STAMP`, `CREATED_STAMP`, `CREATED_TX_STAMP`) VALUES ('BGC7',  'Blue', 'Dark Blue Marble', 'Gloss C1S', '12PT', 'Blue 12 PT C1S MarbleCoat', 'CMBLU12', 'V_ADMORE', 'GROUP_C_STOCKS', '2018-01-15 12:00:00', '2018-01-15 12:00:00', '2018-01-15 12:00:00', '2018-01-15 12:00:00');
INSERT INTO `pe_color_vendor_stock_assoc` (`COLOR_CODE`, `COLOR_GROUP`, `COLOR_NAME`, `PAPER_TEXTURE`, `PAPER_WEIGHT`, `VENDOR_STOCK`, `VENDOR_STOCK_ID`, `VENDOR_ID`, `PRICING_ATTRIBUTE_ID`, `LAST_UPDATED_STAMP`, `LAST_UPDATED_TX_STAMP`, `CREATED_STAMP`, `CREATED_TX_STAMP`) VALUES ('BGC8',  'Blue', 'Inkwell Blue', 'Hopsack', '90lb.', 'Blue 90lb. Hopsack', 'DB90', 'V_ADMORE', 'GROUP_D_STOCKS', '2018-01-15 12:00:00', '2018-01-15 12:00:00', '2018-01-15 12:00:00', '2018-01-15 12:00:00');
INSERT INTO `pe_color_vendor_stock_assoc` (`COLOR_CODE`, `COLOR_GROUP`, `COLOR_NAME`, `PAPER_TEXTURE`, `PAPER_WEIGHT`, `VENDOR_STOCK`, `VENDOR_STOCK_ID`, `VENDOR_ID`, `PRICING_ATTRIBUTE_ID`, `LAST_UPDATED_STAMP`, `LAST_UPDATED_TX_STAMP`, `CREATED_STAMP`, `CREATED_TX_STAMP`) VALUES ('BGC9',  'Red', 'Rosewood', 'Linen', '100lb.', 'Burgundy 100lb. Linen', 'DB100', 'V_ADMORE', 'GROUP_D_STOCKS', '2018-01-15 12:00:00', '2018-01-15 12:00:00', '2018-01-15 12:00:00', '2018-01-15 12:00:00');
INSERT INTO `pe_color_vendor_stock_assoc` (`COLOR_CODE`, `COLOR_GROUP`, `COLOR_NAME`, `PAPER_TEXTURE`, `PAPER_WEIGHT`, `VENDOR_STOCK`, `VENDOR_STOCK_ID`, `VENDOR_ID`, `PRICING_ATTRIBUTE_ID`, `LAST_UPDATED_STAMP`, `LAST_UPDATED_TX_STAMP`, `CREATED_STAMP`, `CREATED_TX_STAMP`) VALUES ('BGC10',  'Red', 'Rosewood Marble', 'Gloss C1S', '12PT', 'Burgundy 12 PT C1S MarbleCoat', 'CMBUR12', 'V_ADMORE', 'GROUP_C_STOCKS', '2018-01-15 12:00:00', '2018-01-15 12:00:00', '2018-01-15 12:00:00', '2018-01-15 12:00:00');
INSERT INTO `pe_color_vendor_stock_assoc` (`COLOR_CODE`, `COLOR_GROUP`, `COLOR_NAME`, `PAPER_TEXTURE`, `PAPER_WEIGHT`, `VENDOR_STOCK`, `VENDOR_STOCK_ID`, `VENDOR_ID`, `PRICING_ATTRIBUTE_ID`, `LAST_UPDATED_STAMP`, `LAST_UPDATED_TX_STAMP`, `CREATED_STAMP`, `CREATED_TX_STAMP`) VALUES ('BGC11',  'Gray', 'Iron Gray', 'Grandee', '80lb.', 'Charcoal 80lb Grandee', 'DCG80', 'V_ADMORE', 'GROUP_D_STOCKS', '2018-01-15 12:00:00', '2018-01-15 12:00:00', '2018-01-15 12:00:00', '2018-01-15 12:00:00');
INSERT INTO `pe_color_vendor_stock_assoc` (`COLOR_CODE`, `COLOR_GROUP`, `COLOR_NAME`, `PAPER_TEXTURE`, `PAPER_WEIGHT`, `VENDOR_STOCK`, `VENDOR_STOCK_ID`, `VENDOR_ID`, `PRICING_ATTRIBUTE_ID`, `LAST_UPDATED_STAMP`, `LAST_UPDATED_TX_STAMP`, `CREATED_STAMP`, `CREATED_TX_STAMP`) VALUES ('BGC12',  'Natural', 'Antique Natural', 'Fiber', '80lb.', 'Cream 80lb. Fiber', 'BC80', 'V_ADMORE', 'GROUP_B_STOCKS', '2018-01-15 12:00:00', '2018-01-15 12:00:00', '2018-01-15 12:00:00', '2018-01-15 12:00:00');
INSERT INTO `pe_color_vendor_stock_assoc` (`COLOR_CODE`, `COLOR_GROUP`, `COLOR_NAME`, `PAPER_TEXTURE`, `PAPER_WEIGHT`, `VENDOR_STOCK`, `VENDOR_STOCK_ID`, `VENDOR_ID`, `PRICING_ATTRIBUTE_ID`, `LAST_UPDATED_STAMP`, `LAST_UPDATED_TX_STAMP`, `CREATED_STAMP`, `CREATED_TX_STAMP`) VALUES ('BGC13',  'Blue', 'Nautical Blue', 'Linen', '100lb.', 'Dark Blue 100lb. Linen', 'DDBLU100', 'V_ADMORE', 'GROUP_D_STOCKS', '2018-01-15 12:00:00', '2018-01-15 12:00:00', '2018-01-15 12:00:00', '2018-01-15 12:00:00');
INSERT INTO `pe_color_vendor_stock_assoc` (`COLOR_CODE`, `COLOR_GROUP`, `COLOR_NAME`, `PAPER_TEXTURE`, `PAPER_WEIGHT`, `VENDOR_STOCK`, `VENDOR_STOCK_ID`, `VENDOR_ID`, `PRICING_ATTRIBUTE_ID`, `LAST_UPDATED_STAMP`, `LAST_UPDATED_TX_STAMP`, `CREATED_STAMP`, `CREATED_TX_STAMP`) VALUES ('BGC14',  'Black', 'Midnight Black', 'Linen', '100lb.', 'Dark Black 100lb. Linen', 'DDBLK100', 'V_ADMORE', 'GROUP_D_STOCKS', '2018-01-15 12:00:00', '2018-01-15 12:00:00', '2018-01-15 12:00:00', '2018-01-15 12:00:00');
INSERT INTO `pe_color_vendor_stock_assoc` (`COLOR_CODE`, `COLOR_GROUP`, `COLOR_NAME`, `PAPER_TEXTURE`, `PAPER_WEIGHT`, `VENDOR_STOCK`, `VENDOR_STOCK_ID`, `VENDOR_ID`, `PRICING_ATTRIBUTE_ID`, `LAST_UPDATED_STAMP`, `LAST_UPDATED_TX_STAMP`, `CREATED_STAMP`, `CREATED_TX_STAMP`) VALUES ('BGC15',  'Blue', 'Inkwell Blue', 'Cordwain', '90lb.', 'Deep Blue 90lb. Cordwain', 'DDB90', 'V_ADMORE', 'GROUP_D_STOCKS', '2018-01-15 12:00:00', '2018-01-15 12:00:00', '2018-01-15 12:00:00', '2018-01-15 12:00:00');
INSERT INTO `pe_color_vendor_stock_assoc` (`COLOR_CODE`, `COLOR_GROUP`, `COLOR_NAME`, `PAPER_TEXTURE`, `PAPER_WEIGHT`, `VENDOR_STOCK`, `VENDOR_STOCK_ID`, `VENDOR_ID`, `PRICING_ATTRIBUTE_ID`, `LAST_UPDATED_STAMP`, `LAST_UPDATED_TX_STAMP`, `CREATED_STAMP`, `CREATED_TX_STAMP`) VALUES ('BGC16',  'Green', 'Dark Pine Green', 'Linen', '100lb.', 'Deep Pine 100lb. Linen', 'DDP100', 'V_ADMORE', 'GROUP_D_STOCKS', '2018-01-15 12:00:00', '2018-01-15 12:00:00', '2018-01-15 12:00:00', '2018-01-15 12:00:00');
INSERT INTO `pe_color_vendor_stock_assoc` (`COLOR_CODE`, `COLOR_GROUP`, `COLOR_NAME`, `PAPER_TEXTURE`, `PAPER_WEIGHT`, `VENDOR_STOCK`, `VENDOR_STOCK_ID`, `VENDOR_ID`, `PRICING_ATTRIBUTE_ID`, `LAST_UPDATED_STAMP`, `LAST_UPDATED_TX_STAMP`, `CREATED_STAMP`, `CREATED_TX_STAMP`) VALUES ('BGC17',  'Natural', 'Alabaster Natural - 100% Recycled', '', '80lb.', 'Eco Ivory 80lb. Smooth', 'CEI80', 'V_ADMORE', 'GROUP_C_STOCKS', '2018-01-15 12:00:00', '2018-01-15 12:00:00', '2018-01-15 12:00:00', '2018-01-15 12:00:00');
INSERT INTO `pe_color_vendor_stock_assoc` (`COLOR_CODE`, `COLOR_GROUP`, `COLOR_NAME`, `PAPER_TEXTURE`, `PAPER_WEIGHT`, `VENDOR_STOCK`, `VENDOR_STOCK_ID`, `VENDOR_ID`, `PRICING_ATTRIBUTE_ID`, `LAST_UPDATED_STAMP`, `LAST_UPDATED_TX_STAMP`, `CREATED_STAMP`, `CREATED_TX_STAMP`) VALUES ('BGC18',  'Brown', 'Grocery Bag Brown - 100% Recycled', '', '18PT', 'Eco Kraft 18 PT', 'AEK18', 'V_ADMORE', 'GROUP_A_STOCKS', '2018-01-15 12:00:00', '2018-01-15 12:00:00', '2018-01-15 12:00:00', '2018-01-15 12:00:00');
INSERT INTO `pe_color_vendor_stock_assoc` (`COLOR_CODE`, `COLOR_GROUP`, `COLOR_NAME`, `PAPER_TEXTURE`, `PAPER_WEIGHT`, `VENDOR_STOCK`, `VENDOR_STOCK_ID`, `VENDOR_ID`, `PRICING_ATTRIBUTE_ID`, `LAST_UPDATED_STAMP`, `LAST_UPDATED_TX_STAMP`, `CREATED_STAMP`, `CREATED_TX_STAMP`) VALUES ('BGC19',  'Purple', 'Fig Purple', 'Linen', '100lb.', 'Eggplant 100lb. Linen', 'DE100', 'V_ADMORE', 'GROUP_D_STOCKS', '2018-01-15 12:00:00', '2018-01-15 12:00:00', '2018-01-15 12:00:00', '2018-01-15 12:00:00');
INSERT INTO `pe_color_vendor_stock_assoc` (`COLOR_CODE`, `COLOR_GROUP`, `COLOR_NAME`, `PAPER_TEXTURE`, `PAPER_WEIGHT`, `VENDOR_STOCK`, `VENDOR_STOCK_ID`, `VENDOR_ID`, `PRICING_ATTRIBUTE_ID`, `LAST_UPDATED_STAMP`, `LAST_UPDATED_TX_STAMP`, `CREATED_STAMP`, `CREATED_TX_STAMP`) VALUES ('BGC20',  'Green', 'Dark Pine Green', 'Felt', '80lb.', 'Forest Green 80lb. Felt', 'CFG80', 'V_ADMORE', 'GROUP_C_STOCKS', '2018-01-15 12:00:00', '2018-01-15 12:00:00', '2018-01-15 12:00:00', '2018-01-15 12:00:00');
INSERT INTO `pe_color_vendor_stock_assoc` (`COLOR_CODE`, `COLOR_GROUP`, `COLOR_NAME`, `PAPER_TEXTURE`, `PAPER_WEIGHT`, `VENDOR_STOCK`, `VENDOR_STOCK_ID`, `VENDOR_ID`, `PRICING_ATTRIBUTE_ID`, `LAST_UPDATED_STAMP`, `LAST_UPDATED_TX_STAMP`, `CREATED_STAMP`, `CREATED_TX_STAMP`) VALUES ('BGC21',  'Green', 'Dark Pine Green', 'Hopsack', '90lb.', 'Forest Green 90lb. Hopsack', 'DFG90', 'V_ADMORE', 'GROUP_D_STOCKS', '2018-01-15 12:00:00', '2018-01-15 12:00:00', '2018-01-15 12:00:00', '2018-01-15 12:00:00');
INSERT INTO `pe_color_vendor_stock_assoc` (`COLOR_CODE`, `COLOR_GROUP`, `COLOR_NAME`, `PAPER_TEXTURE`, `PAPER_WEIGHT`, `VENDOR_STOCK`, `VENDOR_STOCK_ID`, `VENDOR_ID`, `PRICING_ATTRIBUTE_ID`, `LAST_UPDATED_STAMP`, `LAST_UPDATED_TX_STAMP`, `CREATED_STAMP`, `CREATED_TX_STAMP`) VALUES ('BGC22',  'Gray', 'Graystone', 'Felt', '80lb.', 'Granite 80lb. Felt', 'DG80', 'V_ADMORE', 'GROUP_D_STOCKS', '2018-01-15 12:00:00', '2018-01-15 12:00:00', '2018-01-15 12:00:00', '2018-01-15 12:00:00');
INSERT INTO `pe_color_vendor_stock_assoc` (`COLOR_CODE`, `COLOR_GROUP`, `COLOR_NAME`, `PAPER_TEXTURE`, `PAPER_WEIGHT`, `VENDOR_STOCK`, `VENDOR_STOCK_ID`, `VENDOR_ID`, `PRICING_ATTRIBUTE_ID`, `LAST_UPDATED_STAMP`, `LAST_UPDATED_TX_STAMP`, `CREATED_STAMP`, `CREATED_TX_STAMP`) VALUES ('BGC23',  'Gray', 'Gray Mist', 'Fiber', '80lb.', 'Gray 80lb. Fiber', 'BG80', 'V_ADMORE', 'GROUP_B_STOCKS', '2018-01-15 12:00:00', '2018-01-15 12:00:00', '2018-01-15 12:00:00', '2018-01-15 12:00:00');
INSERT INTO `pe_color_vendor_stock_assoc` (`COLOR_CODE`, `COLOR_GROUP`, `COLOR_NAME`, `PAPER_TEXTURE`, `PAPER_WEIGHT`, `VENDOR_STOCK`, `VENDOR_STOCK_ID`, `VENDOR_ID`, `PRICING_ATTRIBUTE_ID`, `LAST_UPDATED_STAMP`, `LAST_UPDATED_TX_STAMP`, `CREATED_STAMP`, `CREATED_TX_STAMP`) VALUES ('BGC24',  'Blue', 'Artic Blue', 'Fiber', '80lb.', 'Ice Blue 80lb. Fiber', 'BB80', 'V_ADMORE', 'GROUP_B_STOCKS', '2018-01-15 12:00:00', '2018-01-15 12:00:00', '2018-01-15 12:00:00', '2018-01-15 12:00:00');
INSERT INTO `pe_color_vendor_stock_assoc` (`COLOR_CODE`, `COLOR_GROUP`, `COLOR_NAME`, `PAPER_TEXTURE`, `PAPER_WEIGHT`, `VENDOR_STOCK`, `VENDOR_STOCK_ID`, `VENDOR_ID`, `PRICING_ATTRIBUTE_ID`, `LAST_UPDATED_STAMP`, `LAST_UPDATED_TX_STAMP`, `CREATED_STAMP`, `CREATED_TX_STAMP`) VALUES ('BGC25',  'Brown', 'Warm Oatmeal', '', '80lb.', 'Jute 80lb. Vellum', 'CJ80', 'V_ADMORE', 'GROUP_C_STOCKS', '2018-01-15 12:00:00', '2018-01-15 12:00:00', '2018-01-15 12:00:00', '2018-01-15 12:00:00');
INSERT INTO `pe_color_vendor_stock_assoc` (`COLOR_CODE`, `COLOR_GROUP`, `COLOR_NAME`, `PAPER_TEXTURE`, `PAPER_WEIGHT`, `VENDOR_STOCK`, `VENDOR_STOCK_ID`, `VENDOR_ID`, `PRICING_ATTRIBUTE_ID`, `LAST_UPDATED_STAMP`, `LAST_UPDATED_TX_STAMP`, `CREATED_STAMP`, `CREATED_TX_STAMP`) VALUES ('BGC26',  'Green', 'Grasshopper Green', '', '80lb.', 'Leaf Green 80lb Vellum', 'DLG80', 'V_ADMORE', 'GROUP_D_STOCKS', '2018-01-15 12:00:00', '2018-01-15 12:00:00', '2018-01-15 12:00:00', '2018-01-15 12:00:00');
INSERT INTO `pe_color_vendor_stock_assoc` (`COLOR_CODE`, `COLOR_GROUP`, `COLOR_NAME`, `PAPER_TEXTURE`, `PAPER_WEIGHT`, `VENDOR_STOCK`, `VENDOR_STOCK_ID`, `VENDOR_ID`, `PRICING_ATTRIBUTE_ID`, `LAST_UPDATED_STAMP`, `LAST_UPDATED_TX_STAMP`, `CREATED_STAMP`, `CREATED_TX_STAMP`) VALUES ('BGC27',  'Brown', 'Dark Espresso Brown', 'Linen', '100lb.', 'Mahogany 100lb. Linen', 'DMAH100', 'V_ADMORE', 'GROUP_D_STOCKS', '2018-01-15 12:00:00', '2018-01-15 12:00:00', '2018-01-15 12:00:00', '2018-01-15 12:00:00');
INSERT INTO `pe_color_vendor_stock_assoc` (`COLOR_CODE`, `COLOR_GROUP`, `COLOR_NAME`, `PAPER_TEXTURE`, `PAPER_WEIGHT`, `VENDOR_STOCK`, `VENDOR_STOCK_ID`, `VENDOR_ID`, `PRICING_ATTRIBUTE_ID`, `LAST_UPDATED_STAMP`, `LAST_UPDATED_TX_STAMP`, `CREATED_STAMP`, `CREATED_TX_STAMP`) VALUES ('BGC28',  'Red', 'Deep Maroon', 'Linen', '100lb.', 'Merlot 100lb. Linen', 'DMER100', 'V_ADMORE', 'GROUP_D_STOCKS', '2018-01-15 12:00:00', '2018-01-15 12:00:00', '2018-01-15 12:00:00', '2018-01-15 12:00:00');
INSERT INTO `pe_color_vendor_stock_assoc` (`COLOR_CODE`, `COLOR_GROUP`, `COLOR_NAME`, `PAPER_TEXTURE`, `PAPER_WEIGHT`, `VENDOR_STOCK`, `VENDOR_STOCK_ID`, `VENDOR_ID`, `PRICING_ATTRIBUTE_ID`, `LAST_UPDATED_STAMP`, `LAST_UPDATED_TX_STAMP`, `CREATED_STAMP`, `CREATED_TX_STAMP`) VALUES ('BGC29',  'Natural', 'Natural', 'Linen', '100lb.', 'Natural 100lb. Linen', 'BN100', 'V_ADMORE', 'GROUP_B_STOCKS', '2018-01-15 12:00:00', '2018-01-15 12:00:00', '2018-01-15 12:00:00', '2018-01-15 12:00:00');
INSERT INTO `pe_color_vendor_stock_assoc` (`COLOR_CODE`, `COLOR_GROUP`, `COLOR_NAME`, `PAPER_TEXTURE`, `PAPER_WEIGHT`, `VENDOR_STOCK`, `VENDOR_STOCK_ID`, `VENDOR_ID`, `PRICING_ATTRIBUTE_ID`, `LAST_UPDATED_STAMP`, `LAST_UPDATED_TX_STAMP`, `CREATED_STAMP`, `CREATED_TX_STAMP`) VALUES ('BGC30',  'Natural', 'Natural', 'Fiber', '80lb.', 'Natural 80lb. Fiber', 'BN80', 'V_ADMORE', 'GROUP_B_STOCKS', '2018-01-15 12:00:00', '2018-01-15 12:00:00', '2018-01-15 12:00:00', '2018-01-15 12:00:00');
INSERT INTO `pe_color_vendor_stock_assoc` (`COLOR_CODE`, `COLOR_GROUP`, `COLOR_NAME`, `PAPER_TEXTURE`, `PAPER_WEIGHT`, `VENDOR_STOCK`, `VENDOR_STOCK_ID`, `VENDOR_ID`, `PRICING_ATTRIBUTE_ID`, `LAST_UPDATED_STAMP`, `LAST_UPDATED_TX_STAMP`, `CREATED_STAMP`, `CREATED_TX_STAMP`) VALUES ('BGC31',  'Blue', 'Dark Navy Blue', 'Gloss C1S', '14PT', 'Navy 14PT C1S ColorCoat', 'DN12', 'V_ADMORE', 'GROUP_D_STOCKS', '2018-01-15 12:00:00', '2018-01-15 12:00:00', '2018-01-15 12:00:00', '2018-01-15 12:00:00');
INSERT INTO `pe_color_vendor_stock_assoc` (`COLOR_CODE`, `COLOR_GROUP`, `COLOR_NAME`, `PAPER_TEXTURE`, `PAPER_WEIGHT`, `VENDOR_STOCK`, `VENDOR_STOCK_ID`, `VENDOR_ID`, `PRICING_ATTRIBUTE_ID`, `LAST_UPDATED_STAMP`, `LAST_UPDATED_TX_STAMP`, `CREATED_STAMP`, `CREATED_TX_STAMP`) VALUES ('BGC32',  'Blue', 'Cornflower Blue', 'Fiber', '80lb.', 'Periwinkle 80lb. Fiber', 'BP80', 'V_ADMORE', 'GROUP_B_STOCKS', '2018-01-15 12:00:00', '2018-01-15 12:00:00', '2018-01-15 12:00:00', '2018-01-15 12:00:00');
INSERT INTO `pe_color_vendor_stock_assoc` (`COLOR_CODE`, `COLOR_GROUP`, `COLOR_NAME`, `PAPER_TEXTURE`, `PAPER_WEIGHT`, `VENDOR_STOCK`, `VENDOR_STOCK_ID`, `VENDOR_ID`, `PRICING_ATTRIBUTE_ID`, `LAST_UPDATED_STAMP`, `LAST_UPDATED_TX_STAMP`, `CREATED_STAMP`, `CREATED_TX_STAMP`) VALUES ('BGC33',  'Gray', 'Snowstorm Gray', 'Felt', '80lb.', 'Pumice 80lb. Felt', 'CP80', 'V_ADMORE', 'GROUP_C_STOCKS', '2018-01-15 12:00:00', '2018-01-15 12:00:00', '2018-01-15 12:00:00', '2018-01-15 12:00:00');
INSERT INTO `pe_color_vendor_stock_assoc` (`COLOR_CODE`, `COLOR_GROUP`, `COLOR_NAME`, `PAPER_TEXTURE`, `PAPER_WEIGHT`, `VENDOR_STOCK`, `VENDOR_STOCK_ID`, `VENDOR_ID`, `PRICING_ATTRIBUTE_ID`, `LAST_UPDATED_STAMP`, `LAST_UPDATED_TX_STAMP`, `CREATED_STAMP`, `CREATED_TX_STAMP`) VALUES ('BGC34',  'Red', 'Chili Red', 'Hopsack', '90lb.', 'Red 90lb. Hopsack', 'DR90', 'V_ADMORE', 'GROUP_D_STOCKS', '2018-01-15 12:00:00', '2018-01-15 12:00:00', '2018-01-15 12:00:00', '2018-01-15 12:00:00');
INSERT INTO `pe_color_vendor_stock_assoc` (`COLOR_CODE`, `COLOR_GROUP`, `COLOR_NAME`, `PAPER_TEXTURE`, `PAPER_WEIGHT`, `VENDOR_STOCK`, `VENDOR_STOCK_ID`, `VENDOR_ID`, `PRICING_ATTRIBUTE_ID`, `LAST_UPDATED_STAMP`, `LAST_UPDATED_TX_STAMP`, `CREATED_STAMP`, `CREATED_TX_STAMP`) VALUES ('BGC35',  'Red', 'Cherry Red', 'Gloss C1S', '14PT', 'Red Gloss 14 PT C1S', 'DRG14', 'V_ADMORE', 'GROUP_D_STOCKS', '2018-01-15 12:00:00', '2018-01-15 12:00:00', '2018-01-15 12:00:00', '2018-01-15 12:00:00');
INSERT INTO `pe_color_vendor_stock_assoc` (`COLOR_CODE`, `COLOR_GROUP`, `COLOR_NAME`, `PAPER_TEXTURE`, `PAPER_WEIGHT`, `VENDOR_STOCK`, `VENDOR_STOCK_ID`, `VENDOR_ID`, `PRICING_ATTRIBUTE_ID`, `LAST_UPDATED_STAMP`, `LAST_UPDATED_TX_STAMP`, `CREATED_STAMP`, `CREATED_TX_STAMP`) VALUES ('BGC36',  'Red', 'Ballet Pink', 'Fiber', '80lb.', 'Rose 80lb. Fiber', 'BR80', 'V_ADMORE', 'GROUP_B_STOCKS', '2018-01-15 12:00:00', '2018-01-15 12:00:00', '2018-01-15 12:00:00', '2018-01-15 12:00:00');
INSERT INTO `pe_color_vendor_stock_assoc` (`COLOR_CODE`, `COLOR_GROUP`, `COLOR_NAME`, `PAPER_TEXTURE`, `PAPER_WEIGHT`, `VENDOR_STOCK`, `VENDOR_STOCK_ID`, `VENDOR_ID`, `PRICING_ATTRIBUTE_ID`, `LAST_UPDATED_STAMP`, `LAST_UPDATED_TX_STAMP`, `CREATED_STAMP`, `CREATED_TX_STAMP`) VALUES ('BGC37',  'Blue', 'Cobalt Blue', 'Tweed', '80lb.', 'Royal Blue 80lb. Tweed', 'DRD80', 'V_ADMORE', 'GROUP_D_STOCKS', '2018-01-15 12:00:00', '2018-01-15 12:00:00', '2018-01-15 12:00:00', '2018-01-15 12:00:00');
INSERT INTO `pe_color_vendor_stock_assoc` (`COLOR_CODE`, `COLOR_GROUP`, `COLOR_NAME`, `PAPER_TEXTURE`, `PAPER_WEIGHT`, `VENDOR_STOCK`, `VENDOR_STOCK_ID`, `VENDOR_ID`, `PRICING_ATTRIBUTE_ID`, `LAST_UPDATED_STAMP`, `LAST_UPDATED_TX_STAMP`, `CREATED_STAMP`, `CREATED_TX_STAMP`) VALUES ('BGC38',  'Natural', 'Sandcastle Natural', 'Felt', '80lb.', 'Sandstone 80lb. Felt', 'CS80', 'V_ADMORE', 'GROUP_C_STOCKS', '2018-01-15 12:00:00', '2018-01-15 12:00:00', '2018-01-15 12:00:00', '2018-01-15 12:00:00');
INSERT INTO `pe_color_vendor_stock_assoc` (`COLOR_CODE`, `COLOR_GROUP`, `COLOR_NAME`, `PAPER_TEXTURE`, `PAPER_WEIGHT`, `VENDOR_STOCK`, `VENDOR_STOCK_ID`, `VENDOR_ID`, `PRICING_ATTRIBUTE_ID`, `LAST_UPDATED_STAMP`, `LAST_UPDATED_TX_STAMP`, `CREATED_STAMP`, `CREATED_TX_STAMP`) VALUES ('BGC39',  'Gray', 'Storm Gray', 'Grandee', '80lb.', 'Smoke Gray 80lb Grandee', 'DSGG80', 'V_ADMORE', 'GROUP_D_STOCKS', '2018-01-15 12:00:00', '2018-01-15 12:00:00', '2018-01-15 12:00:00', '2018-01-15 12:00:00');
INSERT INTO `pe_color_vendor_stock_assoc` (`COLOR_CODE`, `COLOR_GROUP`, `COLOR_NAME`, `PAPER_TEXTURE`, `PAPER_WEIGHT`, `VENDOR_STOCK`, `VENDOR_STOCK_ID`, `VENDOR_ID`, `PRICING_ATTRIBUTE_ID`, `LAST_UPDATED_STAMP`, `LAST_UPDATED_TX_STAMP`, `CREATED_STAMP`, `CREATED_TX_STAMP`) VALUES ('BGC40',  'Gray', 'Chelsea Gray', 'Linen', '100lb.', 'Sterling Gray 100lb. Linen', 'CSG100', 'V_ADMORE', 'GROUP_C_STOCKS', '2018-01-15 12:00:00', '2018-01-15 12:00:00', '2018-01-15 12:00:00', '2018-01-15 12:00:00');
INSERT INTO `pe_color_vendor_stock_assoc` (`COLOR_CODE`, `COLOR_GROUP`, `COLOR_NAME`, `PAPER_TEXTURE`, `PAPER_WEIGHT`, `VENDOR_STOCK`, `VENDOR_STOCK_ID`, `VENDOR_ID`, `PRICING_ATTRIBUTE_ID`, `LAST_UPDATED_STAMP`, `LAST_UPDATED_TX_STAMP`, `CREATED_STAMP`, `CREATED_TX_STAMP`) VALUES ('BGC41',  'Green', 'Sage Green', 'Fiber', '80lb.', 'Thyme 80lb. Fiber', 'BT80', 'V_ADMORE', 'GROUP_B_STOCKS', '2018-01-15 12:00:00', '2018-01-15 12:00:00', '2018-01-15 12:00:00', '2018-01-15 12:00:00');
INSERT INTO `pe_color_vendor_stock_assoc` (`COLOR_CODE`, `COLOR_GROUP`, `COLOR_NAME`, `PAPER_TEXTURE`, `PAPER_WEIGHT`, `VENDOR_STOCK`, `VENDOR_STOCK_ID`, `VENDOR_ID`, `PRICING_ATTRIBUTE_ID`, `LAST_UPDATED_STAMP`, `LAST_UPDATED_TX_STAMP`, `CREATED_STAMP`, `CREATED_TX_STAMP`) VALUES ('BGC42',  'Natural', 'Ecru Natural', '', '80lb.', 'Vanilla 80lb. Vellum', 'AV80', 'V_ADMORE', 'GROUP_A_STOCKS', '2018-01-15 12:00:00', '2018-01-15 12:00:00', '2018-01-15 12:00:00', '2018-01-15 12:00:00');
INSERT INTO `pe_color_vendor_stock_assoc` (`COLOR_CODE`, `COLOR_GROUP`, `COLOR_NAME`, `PAPER_TEXTURE`, `PAPER_WEIGHT`, `VENDOR_STOCK`, `VENDOR_STOCK_ID`, `VENDOR_ID`, `PRICING_ATTRIBUTE_ID`, `LAST_UPDATED_STAMP`, `LAST_UPDATED_TX_STAMP`, `CREATED_STAMP`, `CREATED_TX_STAMP`) VALUES ('BGC43',  'White', 'Bright White', 'Linen', '100lb.', 'White 100lb. Linen', 'BW100', 'V_ADMORE', 'GROUP_B_STOCKS', '2018-01-15 12:00:00', '2018-01-15 12:00:00', '2018-01-15 12:00:00', '2018-01-15 12:00:00');
INSERT INTO `pe_color_vendor_stock_assoc` (`COLOR_CODE`, `COLOR_GROUP`, `COLOR_NAME`, `PAPER_TEXTURE`, `PAPER_WEIGHT`, `VENDOR_STOCK`, `VENDOR_STOCK_ID`, `VENDOR_ID`, `PRICING_ATTRIBUTE_ID`, `LAST_UPDATED_STAMP`, `LAST_UPDATED_TX_STAMP`, `CREATED_STAMP`, `CREATED_TX_STAMP`) VALUES ('BGC44',  'White', 'Bright White', '', '100lb.', 'White 100lb. Smooth', 'AW100', 'V_ADMORE', 'GROUP_A_STOCKS', '2018-01-15 12:00:00', '2018-01-15 12:00:00', '2018-01-15 12:00:00', '2018-01-15 12:00:00');
INSERT INTO `pe_color_vendor_stock_assoc` (`COLOR_CODE`, `COLOR_GROUP`, `COLOR_NAME`, `PAPER_TEXTURE`, `PAPER_WEIGHT`, `VENDOR_STOCK`, `VENDOR_STOCK_ID`, `VENDOR_ID`, `PRICING_ATTRIBUTE_ID`, `LAST_UPDATED_STAMP`, `LAST_UPDATED_TX_STAMP`, `CREATED_STAMP`, `CREATED_TX_STAMP`) VALUES ('BGC45',  'White', 'Bright White', 'Gloss C2S', '120lb.', 'White 120lb. C2S Gloss', 'BGW120', 'V_ADMORE', 'GROUP_B_STOCKS', '2018-01-15 12:00:00', '2018-01-15 12:00:00', '2018-01-15 12:00:00', '2018-01-15 12:00:00');
INSERT INTO `pe_color_vendor_stock_assoc` (`COLOR_CODE`, `COLOR_GROUP`, `COLOR_NAME`, `PAPER_TEXTURE`, `PAPER_WEIGHT`, `VENDOR_STOCK`, `VENDOR_STOCK_ID`, `VENDOR_ID`, `PRICING_ATTRIBUTE_ID`, `LAST_UPDATED_STAMP`, `LAST_UPDATED_TX_STAMP`, `CREATED_STAMP`, `CREATED_TX_STAMP`) VALUES ('BGC46',  'White', 'Bright White', 'Gloss C1S', '12PT', 'White 12 PT C1S Cast Coated', 'CCC12', 'V_ADMORE', 'GROUP_C_STOCKS', '2018-01-15 12:00:00', '2018-01-15 12:00:00', '2018-01-15 12:00:00', '2018-01-15 12:00:00');
INSERT INTO `pe_color_vendor_stock_assoc` (`COLOR_CODE`, `COLOR_GROUP`, `COLOR_NAME`, `PAPER_TEXTURE`, `PAPER_WEIGHT`, `VENDOR_STOCK`, `VENDOR_STOCK_ID`, `VENDOR_ID`, `PRICING_ATTRIBUTE_ID`, `LAST_UPDATED_STAMP`, `LAST_UPDATED_TX_STAMP`, `CREATED_STAMP`, `CREATED_TX_STAMP`) VALUES ('BGC47',  'White', 'Bright White', 'Semi-Gloss C1S', '12PT', 'White 12 PT C1S Semi-Gloss', 'SG12', 'V_ADMORE', 'BASE_PAPER_STOCK', '2018-01-15 12:00:00', '2018-01-15 12:00:00', '2018-01-15 12:00:00', '2018-01-15 12:00:00');
INSERT INTO `pe_color_vendor_stock_assoc` (`COLOR_CODE`, `COLOR_GROUP`, `COLOR_NAME`, `PAPER_TEXTURE`, `PAPER_WEIGHT`, `VENDOR_STOCK`, `VENDOR_STOCK_ID`, `VENDOR_ID`, `PRICING_ATTRIBUTE_ID`, `LAST_UPDATED_STAMP`, `LAST_UPDATED_TX_STAMP`, `CREATED_STAMP`, `CREATED_TX_STAMP`) VALUES ('BGC48',  'White', 'Bright White', 'Semi-Gloss C2S', '12PT', 'White 12 PT C2S Semi-Gloss', 'ASGW12', 'V_ADMORE', 'GROUP_A_STOCKS', '2018-01-15 12:00:00', '2018-01-15 12:00:00', '2018-01-15 12:00:00', '2018-01-15 12:00:00');
INSERT INTO `pe_color_vendor_stock_assoc` (`COLOR_CODE`, `COLOR_GROUP`, `COLOR_NAME`, `PAPER_TEXTURE`, `PAPER_WEIGHT`, `VENDOR_STOCK`, `VENDOR_STOCK_ID`, `VENDOR_ID`, `PRICING_ATTRIBUTE_ID`, `LAST_UPDATED_STAMP`, `LAST_UPDATED_TX_STAMP`, `CREATED_STAMP`, `CREATED_TX_STAMP`) VALUES ('BGC49',  'White', 'Bright White', 'Dull C2S', '130lb.', 'White 130lb. C2S Dull', 'BDW130', 'V_ADMORE', 'GROUP_B_STOCKS', '2018-01-15 12:00:00', '2018-01-15 12:00:00', '2018-01-15 12:00:00', '2018-01-15 12:00:00');
INSERT INTO `pe_color_vendor_stock_assoc` (`COLOR_CODE`, `COLOR_GROUP`, `COLOR_NAME`, `PAPER_TEXTURE`, `PAPER_WEIGHT`, `VENDOR_STOCK`, `VENDOR_STOCK_ID`, `VENDOR_ID`, `PRICING_ATTRIBUTE_ID`, `LAST_UPDATED_STAMP`, `LAST_UPDATED_TX_STAMP`, `CREATED_STAMP`, `CREATED_TX_STAMP`) VALUES ('BGC50',  'White', 'Bright White', 'Semi-Gloss C1S', '14PT', 'White 14 PT C1S Semi-Gloss', 'ASGW14', 'V_ADMORE', 'GROUP_A_STOCKS', '2018-01-15 12:00:00', '2018-01-15 12:00:00', '2018-01-15 12:00:00', '2018-01-15 12:00:00');
INSERT INTO `pe_color_vendor_stock_assoc` (`COLOR_CODE`, `COLOR_GROUP`, `COLOR_NAME`, `PAPER_TEXTURE`, `PAPER_WEIGHT`, `VENDOR_STOCK`, `VENDOR_STOCK_ID`, `VENDOR_ID`, `PRICING_ATTRIBUTE_ID`, `LAST_UPDATED_STAMP`, `LAST_UPDATED_TX_STAMP`, `CREATED_STAMP`, `CREATED_TX_STAMP`) VALUES ('BGC51',  'White', 'Bright White', 'Semi-Gloss C2S', '14PT', 'White 14 PT C2S Semi-Gloss', 'BSGW14', 'V_ADMORE', 'GROUP_B_STOCKS', '2018-01-15 12:00:00', '2018-01-15 12:00:00', '2018-01-15 12:00:00', '2018-01-15 12:00:00');
INSERT INTO `pe_color_vendor_stock_assoc` (`COLOR_CODE`, `COLOR_GROUP`, `COLOR_NAME`, `PAPER_TEXTURE`, `PAPER_WEIGHT`, `VENDOR_STOCK`, `VENDOR_STOCK_ID`, `VENDOR_ID`, `PRICING_ATTRIBUTE_ID`, `LAST_UPDATED_STAMP`, `LAST_UPDATED_TX_STAMP`, `CREATED_STAMP`, `CREATED_TX_STAMP`) VALUES ('BGC52',  'White', 'Bright White', 'Semi-Gloss C1S', '16PT', 'White 16 PT C1S Semi-Gloss', 'BSGW16', 'V_ADMORE', 'GROUP_B_STOCKS', '2018-01-15 12:00:00', '2018-01-15 12:00:00', '2018-01-15 12:00:00', '2018-01-15 12:00:00');
INSERT INTO `pe_color_vendor_stock_assoc` (`COLOR_CODE`, `COLOR_GROUP`, `COLOR_NAME`, `PAPER_TEXTURE`, `PAPER_WEIGHT`, `VENDOR_STOCK`, `VENDOR_STOCK_ID`, `VENDOR_ID`, `PRICING_ATTRIBUTE_ID`, `LAST_UPDATED_STAMP`, `LAST_UPDATED_TX_STAMP`, `CREATED_STAMP`, `CREATED_TX_STAMP`) VALUES ('BGC53',  'White', 'Bright White', 'Semi-Gloss C2S', '16PT', 'White 16 PT C2S Semi-Gloss', 'CSGW16', 'V_ADMORE', 'GROUP_C_STOCKS', '2018-01-15 12:00:00', '2018-01-15 12:00:00', '2018-01-15 12:00:00', '2018-01-15 12:00:00');
INSERT INTO `pe_color_vendor_stock_assoc` (`COLOR_CODE`, `COLOR_GROUP`, `COLOR_NAME`, `PAPER_TEXTURE`, `PAPER_WEIGHT`, `VENDOR_STOCK`, `VENDOR_STOCK_ID`, `VENDOR_ID`, `PRICING_ATTRIBUTE_ID`, `LAST_UPDATED_STAMP`, `LAST_UPDATED_TX_STAMP`, `CREATED_STAMP`, `CREATED_TX_STAMP`) VALUES ('BGC54',  'White', 'Bright White', 'Semi-Gloss C1S', '18PT', 'White 18 PT C1S Semi-Gloss', 'CSGW18', 'V_ADMORE', 'GROUP_C_STOCKS', '2018-01-15 12:00:00', '2018-01-15 12:00:00', '2018-01-15 12:00:00', '2018-01-15 12:00:00');
INSERT INTO `pe_color_vendor_stock_assoc` (`COLOR_CODE`, `COLOR_GROUP`, `COLOR_NAME`, `PAPER_TEXTURE`, `PAPER_WEIGHT`, `VENDOR_STOCK`, `VENDOR_STOCK_ID`, `VENDOR_ID`, `PRICING_ATTRIBUTE_ID`, `LAST_UPDATED_STAMP`, `LAST_UPDATED_TX_STAMP`, `CREATED_STAMP`, `CREATED_TX_STAMP`) VALUES ('BGC55',  'White', 'Vanilla Bean White', 'Fiber', '80lb.', 'White 80lb. Fiber', 'BW80', 'V_ADMORE', 'GROUP_B_STOCKS', '2018-01-15 12:00:00', '2018-01-15 12:00:00', '2018-01-15 12:00:00', '2018-01-15 12:00:00');
INSERT INTO `pe_color_vendor_stock_assoc` (`COLOR_CODE`, `COLOR_GROUP`, `COLOR_NAME`, `PAPER_TEXTURE`, `PAPER_WEIGHT`, `VENDOR_STOCK`, `VENDOR_STOCK_ID`, `VENDOR_ID`, `PRICING_ATTRIBUTE_ID`, `LAST_UPDATED_STAMP`, `LAST_UPDATED_TX_STAMP`, `CREATED_STAMP`, `CREATED_TX_STAMP`) VALUES ('BGC56',  'White', 'Bright White', 'Cordwain', '90lb.', 'White 90lb. Cordwain', 'BWC90', 'V_ADMORE', 'GROUP_B_STOCKS', '2018-01-15 12:00:00', '2018-01-15 12:00:00', '2018-01-15 12:00:00', '2018-01-15 12:00:00');
INSERT INTO `pe_color_vendor_stock_assoc` (`COLOR_CODE`, `COLOR_GROUP`, `COLOR_NAME`, `PAPER_TEXTURE`, `PAPER_WEIGHT`, `VENDOR_STOCK`, `VENDOR_STOCK_ID`, `VENDOR_ID`, `PRICING_ATTRIBUTE_ID`, `LAST_UPDATED_STAMP`, `LAST_UPDATED_TX_STAMP`, `CREATED_STAMP`, `CREATED_TX_STAMP`) VALUES ('BGC57',  'White', 'Bright White', 'Hopsack', '90lb.', 'White 90lb. Hopsack', 'BWH90', 'V_ADMORE', 'GROUP_B_STOCKS', '2018-01-15 12:00:00', '2018-01-15 12:00:00', '2018-01-15 12:00:00', '2018-01-15 12:00:00');
INSERT INTO `pe_color_vendor_stock_assoc` (`COLOR_CODE`, `COLOR_GROUP`, `COLOR_NAME`, `PAPER_TEXTURE`, `PAPER_WEIGHT`, `VENDOR_STOCK`, `VENDOR_STOCK_ID`, `VENDOR_ID`, `PRICING_ATTRIBUTE_ID`, `LAST_UPDATED_STAMP`, `LAST_UPDATED_TX_STAMP`, `CREATED_STAMP`, `CREATED_TX_STAMP`) VALUES ('BGC58',  'White', 'Bright White - 100% Recycled', '', '80lb.', 'White Eco 80lb. Smooth', 'CEW80', 'V_ADMORE', 'GROUP_C_STOCKS', '2018-01-15 12:00:00', '2018-01-15 12:00:00', '2018-01-15 12:00:00', '2018-01-15 12:00:00');
INSERT INTO `pe_color_vendor_stock_assoc` (`COLOR_CODE`, `COLOR_GROUP`, `COLOR_NAME`, `PAPER_TEXTURE`, `PAPER_WEIGHT`, `VENDOR_STOCK`, `VENDOR_STOCK_ID`, `VENDOR_ID`, `PRICING_ATTRIBUTE_ID`, `LAST_UPDATED_STAMP`, `LAST_UPDATED_TX_STAMP`, `CREATED_STAMP`, `CREATED_TX_STAMP`) VALUES ('BGC59',  'White', 'White Eggshell', '', '80lb.', 'White Eggshell 80lb', 'CEGG80', 'V_ADMORE', 'GROUP_C_STOCKS', '2018-01-15 12:00:00', '2018-01-15 12:00:00', '2018-01-15 12:00:00', '2018-01-15 12:00:00');
INSERT INTO `pe_color_vendor_stock_assoc` (`COLOR_CODE`, `COLOR_GROUP`, `COLOR_NAME`, `PAPER_TEXTURE`, `PAPER_WEIGHT`, `VENDOR_STOCK`, `VENDOR_STOCK_ID`, `VENDOR_ID`, `PRICING_ATTRIBUTE_ID`, `LAST_UPDATED_STAMP`, `LAST_UPDATED_TX_STAMP`, `CREATED_STAMP`, `CREATED_TX_STAMP`) VALUES ('BGC60',  'White', 'White Marble', 'Gloss C1S', '10PT', 'White Marble Crush 10 PT C1S', 'MCW10', 'V_ADMORE', 'BASE_PAPER_STOCK', '2018-01-15 12:00:00', '2018-01-15 12:00:00', '2018-01-15 12:00:00', '2018-01-15 12:00:00');
INSERT INTO `pe_color_vendor_stock_assoc` (`COLOR_CODE`, `COLOR_GROUP`, `COLOR_NAME`, `PAPER_TEXTURE`, `PAPER_WEIGHT`, `VENDOR_STOCK`, `VENDOR_STOCK_ID`, `VENDOR_ID`, `PRICING_ATTRIBUTE_ID`, `LAST_UPDATED_STAMP`, `LAST_UPDATED_TX_STAMP`, `CREATED_STAMP`, `CREATED_TX_STAMP`) VALUES ('BGC61',  'White', 'Bright White', '', '80lb.', 'White Smooth 80lb.', 'SW80', 'V_ADMORE', 'BASE_PAPER_STOCK', '2018-01-15 12:00:00', '2018-01-15 12:00:00', '2018-01-15 12:00:00', '2018-01-15 12:00:00');
INSERT INTO `pe_color_vendor_stock_assoc` (`COLOR_CODE`, `COLOR_GROUP`, `COLOR_NAME`, `PAPER_TEXTURE`, `PAPER_WEIGHT`, `VENDOR_STOCK`, `VENDOR_STOCK_ID`, `VENDOR_ID`, `PRICING_ATTRIBUTE_ID`, `LAST_UPDATED_STAMP`, `LAST_UPDATED_TX_STAMP`, `CREATED_STAMP`, `CREATED_TX_STAMP`) VALUES ('BGC62',  'White', 'Bright White', 'Felt', '80lb.', 'White - Bright White 80lb. Felt', 'ABW80', 'V_ADMORE', 'GROUP_A_STOCKS', '2018-01-15 12:00:00', '2018-01-15 12:00:00', '2018-01-15 12:00:00', '2018-01-15 12:00:00');
INSERT INTO `pe_color_vendor_stock_assoc` (`COLOR_CODE`, `COLOR_GROUP`, `COLOR_NAME`, `PAPER_TEXTURE`, `PAPER_WEIGHT`, `VENDOR_STOCK`, `VENDOR_STOCK_ID`, `VENDOR_ID`, `PRICING_ATTRIBUTE_ID`, `LAST_UPDATED_STAMP`, `LAST_UPDATED_TX_STAMP`, `CREATED_STAMP`, `CREATED_TX_STAMP`) VALUES ('BGC63',  'White', 'Ecru Natural', 'Felt', '80lb.', 'White - Warm White 80lb. Felt', 'BWW80', 'V_ADMORE', 'GROUP_B_STOCKS', '2018-01-15 12:00:00', '2018-01-15 12:00:00', '2018-01-15 12:00:00', '2018-01-15 12:00:00');
INSERT INTO `pe_color_vendor_stock_assoc` (`COLOR_CODE`, `COLOR_GROUP`, `COLOR_NAME`, `PAPER_TEXTURE`, `PAPER_WEIGHT`, `VENDOR_STOCK`, `VENDOR_STOCK_ID`, `VENDOR_ID`, `PRICING_ATTRIBUTE_ID`, `LAST_UPDATED_STAMP`, `LAST_UPDATED_TX_STAMP`, `CREATED_STAMP`, `CREATED_TX_STAMP`) VALUES ('BGC64',  'Yellow', 'Sunshine Yellow', '', '80lb.', 'Yellow 80lb. Vellum', 'CY80', 'V_ADMORE', 'GROUP_C_STOCKS', '2018-01-15 12:00:00', '2018-01-15 12:00:00', '2018-01-15 12:00:00', '2018-01-15 12:00:00');
INSERT INTO `pe_color_vendor_stock_assoc` (`COLOR_CODE`, `COLOR_GROUP`, `COLOR_NAME`, `PAPER_TEXTURE`, `PAPER_WEIGHT`, `VENDOR_STOCK`, `VENDOR_STOCK_ID`, `VENDOR_ID`, `PRICING_ATTRIBUTE_ID`, `LAST_UPDATED_STAMP`, `LAST_UPDATED_TX_STAMP`, `CREATED_STAMP`, `CREATED_TX_STAMP`) VALUES ('BGC65',  'White', 'Bright White', 'Vellum', '100lb.', 'Finch Offset Opaque White 100lb', null,  'V_POCKET_FOLDERS_FAST','BASE_PAPER_STOCK', '2018-03-23 16:10:02', '2018-03-23 16:10:02', '2018-03-23 16:10:02', '2018-03-23 16:10:02');
INSERT INTO `pe_color_vendor_stock_assoc` (`COLOR_CODE`, `COLOR_GROUP`, `COLOR_NAME`, `PAPER_TEXTURE`, `PAPER_WEIGHT`, `VENDOR_STOCK`, `VENDOR_STOCK_ID`, `VENDOR_ID`, `PRICING_ATTRIBUTE_ID`, `LAST_UPDATED_STAMP`, `LAST_UPDATED_TX_STAMP`, `CREATED_STAMP`, `CREATED_TX_STAMP`) VALUES ('BGC66',  'White', 'Bright White', 'Cast Coated', '12PT', 'Cast Coated White C1S 12PT', null,  'V_POCKET_FOLDERS_FAST','BASE_PAPER_STOCK', '2018-03-23 16:10:02', '2018-03-23 16:10:02', '2018-03-23 16:10:02', '2018-03-23 16:10:02');
INSERT INTO `pe_color_vendor_stock_assoc` (`COLOR_CODE`, `COLOR_GROUP`, `COLOR_NAME`, `PAPER_TEXTURE`, `PAPER_WEIGHT`, `VENDOR_STOCK`, `VENDOR_STOCK_ID`, `VENDOR_ID`, `PRICING_ATTRIBUTE_ID`, `LAST_UPDATED_STAMP`, `LAST_UPDATED_TX_STAMP`, `CREATED_STAMP`, `CREATED_TX_STAMP`) VALUES ('BGC67',  'White', 'Semi-Gloss White C1S', 'Semi-Gloss', '12PT', 'Coated Cover White C1S 12PT', null,  'V_POCKET_FOLDERS_FAST','BASE_PAPER_STOCK', '2018-03-23 16:10:02', '2018-03-23 16:10:02', '2018-03-23 16:10:02', '2018-03-23 16:10:02');
INSERT INTO `pe_color_vendor_stock_assoc` (`COLOR_CODE`, `COLOR_GROUP`, `COLOR_NAME`, `PAPER_TEXTURE`, `PAPER_WEIGHT`, `VENDOR_STOCK`, `VENDOR_STOCK_ID`, `VENDOR_ID`, `PRICING_ATTRIBUTE_ID`, `LAST_UPDATED_STAMP`, `LAST_UPDATED_TX_STAMP`, `CREATED_STAMP`, `CREATED_TX_STAMP`) VALUES ('BGC68',  'White', 'Semi-Gloss White C1S', 'Semi-Gloss', '14PT', 'Coated Cover White C1S 14PT', null,  'V_POCKET_FOLDERS_FAST','BASE_PAPER_STOCK', '2018-03-23 16:10:02', '2018-03-23 16:10:02', '2018-03-23 16:10:02', '2018-03-23 16:10:02');
INSERT INTO `pe_color_vendor_stock_assoc` (`COLOR_CODE`, `COLOR_GROUP`, `COLOR_NAME`, `PAPER_TEXTURE`, `PAPER_WEIGHT`, `VENDOR_STOCK`, `VENDOR_STOCK_ID`, `VENDOR_ID`, `PRICING_ATTRIBUTE_ID`, `LAST_UPDATED_STAMP`, `LAST_UPDATED_TX_STAMP`, `CREATED_STAMP`, `CREATED_TX_STAMP`) VALUES ('BGC69',  'White', 'Semi-Gloss White C2S', 'Semi-Gloss', '12PT', 'Coated Cover White C2S 12PT', null,  'V_POCKET_FOLDERS_FAST','BASE_PAPER_STOCK', '2018-03-23 16:10:02', '2018-03-23 16:10:02', '2018-03-23 16:10:02', '2018-03-23 16:10:02');
