
INSERT INTO `qc_material_type` (`MATERIAL_TYPE_ID`, `MATERIAL_TYPE_NAME`, `LAST_UPDATED_STAMP`, `LAST_UPDATED_TX_STAMP`, `CREATED_STAMP`, `CREATED_TX_STAMP`) VALUES ('PAPER', 'Paper', '2017-05-15 13:40:00', '2017-05-15 13:40:00', '2017-05-15 13:40:00', '2017-05-15 13:40:00');

INSERT INTO `qc_stock_type` (`STOCK_TYPE_ID`, `MATERIAL_TYPE_ID`, `STOCK_TYPE_NAME`, `LAST_UPDATED_STAMP`, `LAST_UPDATED_TX_STAMP`, `CREATED_STAMP`, `CREATED_TX_STAMP`) VALUES ('BASE_PAPER_STOCKS', 'PAPER', 'Paper - Base Paper', '2017-05-15 13:40:00', '2017-05-15 13:40:00', '2017-05-15 13:40:00', '2017-05-15 13:40:00');
INSERT INTO `qc_stock_type` (`STOCK_TYPE_ID`, `MATERIAL_TYPE_ID`, `STOCK_TYPE_NAME`, `LAST_UPDATED_STAMP`, `LAST_UPDATED_TX_STAMP`, `CREATED_STAMP`, `CREATED_TX_STAMP`) VALUES ('GROUP_A_STOCKS', 'PAPER', 'Paper - Group A', '2017-05-15 13:40:00', '2017-05-15 13:40:00', '2017-05-15 13:40:00', '2017-05-15 13:40:00');
INSERT INTO `qc_stock_type` (`STOCK_TYPE_ID`, `MATERIAL_TYPE_ID`, `STOCK_TYPE_NAME`, `LAST_UPDATED_STAMP`, `LAST_UPDATED_TX_STAMP`, `CREATED_STAMP`, `CREATED_TX_STAMP`) VALUES ('GROUP_B_STOCKS', 'PAPER', 'Paper - Group B', '2017-05-15 13:40:00', '2017-05-15 13:40:00', '2017-05-15 13:40:00', '2017-05-15 13:40:00');
INSERT INTO `qc_stock_type` (`STOCK_TYPE_ID`, `MATERIAL_TYPE_ID`, `STOCK_TYPE_NAME`, `LAST_UPDATED_STAMP`, `LAST_UPDATED_TX_STAMP`, `CREATED_STAMP`, `CREATED_TX_STAMP`) VALUES ('GROUP_C_STOCKS', 'PAPER', 'Paper - Group C', '2017-05-15 13:40:00', '2017-05-15 13:40:00', '2017-05-15 13:40:00', '2017-05-15 13:40:00');
INSERT INTO `qc_stock_type` (`STOCK_TYPE_ID`, `MATERIAL_TYPE_ID`, `STOCK_TYPE_NAME`, `LAST_UPDATED_STAMP`, `LAST_UPDATED_TX_STAMP`, `CREATED_STAMP`, `CREATED_TX_STAMP`) VALUES ('GROUP_D_STOCKS', 'PAPER', 'Paper - Group D', '2017-05-15 13:40:00', '2017-05-15 13:40:00', '2017-05-15 13:40:00', '2017-05-15 13:40:00');
INSERT INTO `qc_stock_type` (`STOCK_TYPE_ID`, `MATERIAL_TYPE_ID`, `STOCK_TYPE_NAME`, `LAST_UPDATED_STAMP`, `LAST_UPDATED_TX_STAMP`, `CREATED_STAMP`, `CREATED_TX_STAMP`) VALUES ('TAG_PAPER_STOCKS', 'PAPER', 'Paper - Tag Paper', '2017-05-15 13:40:00', '2017-05-15 13:40:00', '2017-05-15 13:40:00', '2017-05-15 13:40:00');
INSERT INTO `qc_stock_type` (`STOCK_TYPE_ID`, `MATERIAL_TYPE_ID`, `STOCK_TYPE_NAME`, `LAST_UPDATED_STAMP`, `LAST_UPDATED_TX_STAMP`, `CREATED_STAMP`, `CREATED_TX_STAMP`) VALUES ('BINDER_PAPER_STOCKS', 'PAPER', 'Paper - Binder Paper', '2017-05-15 13:40:00', '2017-05-15 13:40:00', '2017-05-15 13:40:00', '2017-05-15 13:40:00');

INSERT INTO `qc_stock` (`STOCK_ID`, `STOCK_TYPE_ID`, `MATERIAL_TYPE_ID`, `STOCK_NAME`, `LAST_UPDATED_STAMP`, `LAST_UPDATED_TX_STAMP`, `CREATED_STAMP`, `CREATED_TX_STAMP`) VALUES ('SG12', 'BASE_PAPER_STOCKS', 'PAPER', 'Base Stock - White Semi-Gloss 12 PT C1S', '2017-05-15 13:40:00', '2017-05-15 13:40:00', '2017-05-15 13:40:00', '2017-05-15 13:40:00');
INSERT INTO `qc_stock` (`STOCK_ID`, `STOCK_TYPE_ID`, `MATERIAL_TYPE_ID`, `STOCK_NAME`, `LAST_UPDATED_STAMP`, `LAST_UPDATED_TX_STAMP`, `CREATED_STAMP`, `CREATED_TX_STAMP`) VALUES ('SW80', 'BASE_PAPER_STOCKS', 'PAPER', 'Base Stock - Smooth White 80lb.', '2017-05-15 13:40:00', '2017-05-15 13:40:00', '2017-05-15 13:40:00', '2017-05-15 13:40:00');
INSERT INTO `qc_stock` (`STOCK_ID`, `STOCK_TYPE_ID`, `MATERIAL_TYPE_ID`, `STOCK_NAME`, `LAST_UPDATED_STAMP`, `LAST_UPDATED_TX_STAMP`, `CREATED_STAMP`, `CREATED_TX_STAMP`) VALUES ('MCW10', 'BASE_PAPER_STOCKS', 'PAPER', 'Base Stock - Marble Crush White 10 PT C1S', '2017-05-15 13:40:00', '2017-05-15 13:40:00', '2017-05-15 13:40:00', '2017-05-15 13:40:00');
INSERT INTO `qc_stock` (`STOCK_ID`, `STOCK_TYPE_ID`, `MATERIAL_TYPE_ID`, `STOCK_NAME`, `LAST_UPDATED_STAMP`, `LAST_UPDATED_TX_STAMP`, `CREATED_STAMP`, `CREATED_TX_STAMP`) VALUES ('ASGW14', 'GROUP_A_STOCKS', 'PAPER', 'White 14 PT C1S Semi-Gloss', '2017-05-15 13:40:00', '2017-05-15 13:40:00', '2017-05-15 13:40:00', '2017-05-15 13:40:00');
INSERT INTO `qc_stock` (`STOCK_ID`, `STOCK_TYPE_ID`, `MATERIAL_TYPE_ID`, `STOCK_NAME`, `LAST_UPDATED_STAMP`, `LAST_UPDATED_TX_STAMP`, `CREATED_STAMP`, `CREATED_TX_STAMP`) VALUES ('ABW80', 'GROUP_A_STOCKS', 'PAPER', 'Bright White 80lb. Felt', '2017-05-15 13:40:00', '2017-05-15 13:40:00', '2017-05-15 13:40:00', '2017-05-15 13:40:00');
INSERT INTO `qc_stock` (`STOCK_ID`, `STOCK_TYPE_ID`, `MATERIAL_TYPE_ID`, `STOCK_NAME`, `LAST_UPDATED_STAMP`, `LAST_UPDATED_TX_STAMP`, `CREATED_STAMP`, `CREATED_TX_STAMP`) VALUES ('AW100', 'GROUP_A_STOCKS', 'PAPER', ' White 100lb. Smooth', '2017-05-15 13:40:00', '2017-05-15 13:40:00', '2017-05-15 13:40:00', '2017-05-15 13:40:00');
INSERT INTO `qc_stock` (`STOCK_ID`, `STOCK_TYPE_ID`, `MATERIAL_TYPE_ID`, `STOCK_NAME`, `LAST_UPDATED_STAMP`, `LAST_UPDATED_TX_STAMP`, `CREATED_STAMP`, `CREATED_TX_STAMP`) VALUES ('ASGW12', 'GROUP_A_STOCKS', 'PAPER', ' White 12 PT C2S Semi-Gloss', '2017-05-15 13:40:00', '2017-05-15 13:40:00', '2017-05-15 13:40:00', '2017-05-15 13:40:00');
INSERT INTO `qc_stock` (`STOCK_ID`, `STOCK_TYPE_ID`, `MATERIAL_TYPE_ID`, `STOCK_NAME`, `LAST_UPDATED_STAMP`, `LAST_UPDATED_TX_STAMP`, `CREATED_STAMP`, `CREATED_TX_STAMP`) VALUES ('AEK18', 'GROUP_A_STOCKS', 'PAPER', 'Eco Kraft 18 PT', '2017-05-15 13:40:00', '2017-05-15 13:40:00', '2017-05-15 13:40:00', '2017-05-15 13:40:00');
INSERT INTO `qc_stock` (`STOCK_ID`, `STOCK_TYPE_ID`, `MATERIAL_TYPE_ID`, `STOCK_NAME`, `LAST_UPDATED_STAMP`, `LAST_UPDATED_TX_STAMP`, `CREATED_STAMP`, `CREATED_TX_STAMP`) VALUES ('AV80', 'GROUP_A_STOCKS', 'PAPER', 'Vanilla 80lb. Vellum', '2017-05-15 13:40:00', '2017-05-15 13:40:00', '2017-05-15 13:40:00', '2017-05-15 13:40:00');
INSERT INTO `qc_stock` (`STOCK_ID`, `STOCK_TYPE_ID`, `MATERIAL_TYPE_ID`, `STOCK_NAME`, `LAST_UPDATED_STAMP`, `LAST_UPDATED_TX_STAMP`, `CREATED_STAMP`, `CREATED_TX_STAMP`) VALUES ('BN80', 'GROUP_B_STOCKS', 'PAPER', 'Natural 80lb. Fiber', '2017-05-15 13:40:00', '2017-05-15 13:40:00', '2017-05-15 13:40:00', '2017-05-15 13:40:00');
INSERT INTO `qc_stock` (`STOCK_ID`, `STOCK_TYPE_ID`, `MATERIAL_TYPE_ID`, `STOCK_NAME`, `LAST_UPDATED_STAMP`, `LAST_UPDATED_TX_STAMP`, `CREATED_STAMP`, `CREATED_TX_STAMP`) VALUES ('BC80', 'GROUP_B_STOCKS', 'PAPER', 'Cream 80lb. Fiber', '2017-05-15 13:40:00', '2017-05-15 13:40:00', '2017-05-15 13:40:00', '2017-05-15 13:40:00');
INSERT INTO `qc_stock` (`STOCK_ID`, `STOCK_TYPE_ID`, `MATERIAL_TYPE_ID`, `STOCK_NAME`, `LAST_UPDATED_STAMP`, `LAST_UPDATED_TX_STAMP`, `CREATED_STAMP`, `CREATED_TX_STAMP`) VALUES ('BN100', 'GROUP_B_STOCKS', 'PAPER', 'Natural 100lb. Linen', '2017-05-15 13:40:00', '2017-05-15 13:40:00', '2017-05-15 13:40:00', '2017-05-15 13:40:00');
INSERT INTO `qc_stock` (`STOCK_ID`, `STOCK_TYPE_ID`, `MATERIAL_TYPE_ID`, `STOCK_NAME`, `LAST_UPDATED_STAMP`, `LAST_UPDATED_TX_STAMP`, `CREATED_STAMP`, `CREATED_TX_STAMP`) VALUES ('BG80', 'GROUP_B_STOCKS', 'PAPER', 'Gray 80lb. Fiber', '2017-05-15 13:40:00', '2017-05-15 13:40:00', '2017-05-15 13:40:00', '2017-05-15 13:40:00');
INSERT INTO `qc_stock` (`STOCK_ID`, `STOCK_TYPE_ID`, `MATERIAL_TYPE_ID`, `STOCK_NAME`, `LAST_UPDATED_STAMP`, `LAST_UPDATED_TX_STAMP`, `CREATED_STAMP`, `CREATED_TX_STAMP`) VALUES ('BB80', 'GROUP_B_STOCKS', 'PAPER', 'Ice Blue 80lb. Fiber', '2017-05-15 13:40:00', '2017-05-15 13:40:00', '2017-05-15 13:40:00', '2017-05-15 13:40:00');
INSERT INTO `qc_stock` (`STOCK_ID`, `STOCK_TYPE_ID`, `MATERIAL_TYPE_ID`, `STOCK_NAME`, `LAST_UPDATED_STAMP`, `LAST_UPDATED_TX_STAMP`, `CREATED_STAMP`, `CREATED_TX_STAMP`) VALUES ('BP80', 'GROUP_B_STOCKS', 'PAPER', 'Periwinkle 80lb. Fiber', '2017-05-15 13:40:00', '2017-05-15 13:40:00', '2017-05-15 13:40:00', '2017-05-15 13:40:00');
INSERT INTO `qc_stock` (`STOCK_ID`, `STOCK_TYPE_ID`, `MATERIAL_TYPE_ID`, `STOCK_NAME`, `LAST_UPDATED_STAMP`, `LAST_UPDATED_TX_STAMP`, `CREATED_STAMP`, `CREATED_TX_STAMP`) VALUES ('BT80', 'GROUP_B_STOCKS', 'PAPER', 'Thyme 80lb. Fiber', '2017-05-15 13:40:00', '2017-05-15 13:40:00', '2017-05-15 13:40:00', '2017-05-15 13:40:00');
INSERT INTO `qc_stock` (`STOCK_ID`, `STOCK_TYPE_ID`, `MATERIAL_TYPE_ID`, `STOCK_NAME`, `LAST_UPDATED_STAMP`, `LAST_UPDATED_TX_STAMP`, `CREATED_STAMP`, `CREATED_TX_STAMP`) VALUES ('BR80', 'GROUP_B_STOCKS', 'PAPER', 'Rose 80lb. Fiber', '2017-05-15 13:40:00', '2017-05-15 13:40:00', '2017-05-15 13:40:00', '2017-05-15 13:40:00');
INSERT INTO `qc_stock` (`STOCK_ID`, `STOCK_TYPE_ID`, `MATERIAL_TYPE_ID`, `STOCK_NAME`, `LAST_UPDATED_STAMP`, `LAST_UPDATED_TX_STAMP`, `CREATED_STAMP`, `CREATED_TX_STAMP`) VALUES ('CSGW16', 'GROUP_C_STOCKS', 'PAPER', 'White 16 PT C2S Semi-Gloss', '2017-05-15 13:40:00', '2017-05-15 13:40:00', '2017-05-15 13:40:00', '2017-05-15 13:40:00');
INSERT INTO `qc_stock` (`STOCK_ID`, `STOCK_TYPE_ID`, `MATERIAL_TYPE_ID`, `STOCK_NAME`, `LAST_UPDATED_STAMP`, `LAST_UPDATED_TX_STAMP`, `CREATED_STAMP`, `CREATED_TX_STAMP`) VALUES ('CSGW18', 'GROUP_C_STOCKS', 'PAPER', 'White 18 PT C1S Semi-Gloss', '2017-05-15 13:40:00', '2017-05-15 13:40:00', '2017-05-15 13:40:00', '2017-05-15 13:40:00');
INSERT INTO `qc_stock` (`STOCK_ID`, `STOCK_TYPE_ID`, `MATERIAL_TYPE_ID`, `STOCK_NAME`, `LAST_UPDATED_STAMP`, `LAST_UPDATED_TX_STAMP`, `CREATED_STAMP`, `CREATED_TX_STAMP`) VALUES ('CCC12', 'GROUP_C_STOCKS', 'PAPER', 'White 12 PT C1S Cast Coated', '2017-05-15 13:40:00', '2017-05-15 13:40:00', '2017-05-15 13:40:00', '2017-05-15 13:40:00');
INSERT INTO `qc_stock` (`STOCK_ID`, `STOCK_TYPE_ID`, `MATERIAL_TYPE_ID`, `STOCK_NAME`, `LAST_UPDATED_STAMP`, `LAST_UPDATED_TX_STAMP`, `CREATED_STAMP`, `CREATED_TX_STAMP`) VALUES ('CEW80', 'GROUP_C_STOCKS', 'PAPER', 'Eco White 80lb. Smooth', '2017-05-15 13:40:00', '2017-05-15 13:40:00', '2017-05-15 13:40:00', '2017-05-15 13:40:00');
INSERT INTO `qc_stock` (`STOCK_ID`, `STOCK_TYPE_ID`, `MATERIAL_TYPE_ID`, `STOCK_NAME`, `LAST_UPDATED_STAMP`, `LAST_UPDATED_TX_STAMP`, `CREATED_STAMP`, `CREATED_TX_STAMP`) VALUES ('CEGG80', 'GROUP_C_STOCKS', 'PAPER', 'White Eggshell 80lb', '2017-05-15 13:40:00', '2017-05-15 13:40:00', '2017-05-15 13:40:00', '2017-05-15 13:40:00');
INSERT INTO `qc_stock` (`STOCK_ID`, `STOCK_TYPE_ID`, `MATERIAL_TYPE_ID`, `STOCK_NAME`, `LAST_UPDATED_STAMP`, `LAST_UPDATED_TX_STAMP`, `CREATED_STAMP`, `CREATED_TX_STAMP`) VALUES ('CS80', 'GROUP_C_STOCKS', 'PAPER', 'Sandstone 80lb. Felt', '2017-05-15 13:40:00', '2017-05-15 13:40:00', '2017-05-15 13:40:00', '2017-05-15 13:40:00');
INSERT INTO `qc_stock` (`STOCK_ID`, `STOCK_TYPE_ID`, `MATERIAL_TYPE_ID`, `STOCK_NAME`, `LAST_UPDATED_STAMP`, `LAST_UPDATED_TX_STAMP`, `CREATED_STAMP`, `CREATED_TX_STAMP`) VALUES ('CEI80', 'GROUP_C_STOCKS', 'PAPER', 'Eco Ivory 80lb. Smooth', '2017-05-15 13:40:00', '2017-05-15 13:40:00', '2017-05-15 13:40:00', '2017-05-15 13:40:00');
INSERT INTO `qc_stock` (`STOCK_ID`, `STOCK_TYPE_ID`, `MATERIAL_TYPE_ID`, `STOCK_NAME`, `LAST_UPDATED_STAMP`, `LAST_UPDATED_TX_STAMP`, `CREATED_STAMP`, `CREATED_TX_STAMP`) VALUES ('CJ80', 'GROUP_C_STOCKS', 'PAPER', 'Jute 80lb. Vellum', '2017-05-15 13:40:00', '2017-05-15 13:40:00', '2017-05-15 13:40:00', '2017-05-15 13:40:00');
INSERT INTO `qc_stock` (`STOCK_ID`, `STOCK_TYPE_ID`, `MATERIAL_TYPE_ID`, `STOCK_NAME`, `LAST_UPDATED_STAMP`, `LAST_UPDATED_TX_STAMP`, `CREATED_STAMP`, `CREATED_TX_STAMP`) VALUES ('CP80', 'GROUP_C_STOCKS', 'PAPER', 'Pumice 80lb. Felt', '2017-05-15 13:40:00', '2017-05-15 13:40:00', '2017-05-15 13:40:00', '2017-05-15 13:40:00');
INSERT INTO `qc_stock` (`STOCK_ID`, `STOCK_TYPE_ID`, `MATERIAL_TYPE_ID`, `STOCK_NAME`, `LAST_UPDATED_STAMP`, `LAST_UPDATED_TX_STAMP`, `CREATED_STAMP`, `CREATED_TX_STAMP`) VALUES ('CSG100', 'GROUP_C_STOCKS', 'PAPER', 'Sterling Gray 100lb. Linen', '2017-05-15 13:40:00', '2017-05-15 13:40:00', '2017-05-15 13:40:00', '2017-05-15 13:40:00');
INSERT INTO `qc_stock` (`STOCK_ID`, `STOCK_TYPE_ID`, `MATERIAL_TYPE_ID`, `STOCK_NAME`, `LAST_UPDATED_STAMP`, `LAST_UPDATED_TX_STAMP`, `CREATED_STAMP`, `CREATED_TX_STAMP`) VALUES ('CMASH12', 'GROUP_C_STOCKS', 'PAPER', 'Ash 12 PT C1S MarbleCoat', '2017-05-15 13:40:00', '2017-05-15 13:40:00', '2017-05-15 13:40:00', '2017-05-15 13:40:00');
INSERT INTO `qc_stock` (`STOCK_ID`, `STOCK_TYPE_ID`, `MATERIAL_TYPE_ID`, `STOCK_NAME`, `LAST_UPDATED_STAMP`, `LAST_UPDATED_TX_STAMP`, `CREATED_STAMP`, `CREATED_TX_STAMP`) VALUES ('CB80', 'GROUP_C_STOCKS', 'PAPER', 'New Black 80lb. Felt', '2017-05-15 13:40:00', '2017-05-15 13:40:00', '2017-05-15 13:40:00', '2017-05-15 13:40:00');
INSERT INTO `qc_stock` (`STOCK_ID`, `STOCK_TYPE_ID`, `MATERIAL_TYPE_ID`, `STOCK_NAME`, `LAST_UPDATED_STAMP`, `LAST_UPDATED_TX_STAMP`, `CREATED_STAMP`, `CREATED_TX_STAMP`) VALUES ('CMBLK12', 'GROUP_C_STOCKS', 'PAPER', 'Black 12 PT C1S MarbleCoat', '2017-05-15 13:40:00', '2017-05-15 13:40:00', '2017-05-15 13:40:00', '2017-05-15 13:40:00');
INSERT INTO `qc_stock` (`STOCK_ID`, `STOCK_TYPE_ID`, `MATERIAL_TYPE_ID`, `STOCK_NAME`, `LAST_UPDATED_STAMP`, `LAST_UPDATED_TX_STAMP`, `CREATED_STAMP`, `CREATED_TX_STAMP`) VALUES ('CMBLU12', 'GROUP_C_STOCKS', 'PAPER', 'Blue 12 PT C1S MarbleCoat', '2017-05-15 13:40:00', '2017-05-15 13:40:00', '2017-05-15 13:40:00', '2017-05-15 13:40:00');
INSERT INTO `qc_stock` (`STOCK_ID`, `STOCK_TYPE_ID`, `MATERIAL_TYPE_ID`, `STOCK_NAME`, `LAST_UPDATED_STAMP`, `LAST_UPDATED_TX_STAMP`, `CREATED_STAMP`, `CREATED_TX_STAMP`) VALUES ('CFG80', 'GROUP_C_STOCKS', 'PAPER', 'Forest Green 80lb. Felt', '2017-05-15 13:40:00', '2017-05-15 13:40:00', '2017-05-15 13:40:00', '2017-05-15 13:40:00');
INSERT INTO `qc_stock` (`STOCK_ID`, `STOCK_TYPE_ID`, `MATERIAL_TYPE_ID`, `STOCK_NAME`, `LAST_UPDATED_STAMP`, `LAST_UPDATED_TX_STAMP`, `CREATED_STAMP`, `CREATED_TX_STAMP`) VALUES ('CY80', 'GROUP_C_STOCKS', 'PAPER', 'Yellow 80lb. Vellum', '2017-05-15 13:40:00', '2017-05-15 13:40:00', '2017-05-15 13:40:00', '2017-05-15 13:40:00');
INSERT INTO `qc_stock` (`STOCK_ID`, `STOCK_TYPE_ID`, `MATERIAL_TYPE_ID`, `STOCK_NAME`, `LAST_UPDATED_STAMP`, `LAST_UPDATED_TX_STAMP`, `CREATED_STAMP`, `CREATED_TX_STAMP`) VALUES ('CMBUR12', 'GROUP_C_STOCKS', 'PAPER', 'Burgundy 12 PT C1S MarbleCoat', '2017-05-15 13:40:00', '2017-05-15 13:40:00', '2017-05-15 13:40:00', '2017-05-15 13:40:00');
INSERT INTO `qc_stock` (`STOCK_ID`, `STOCK_TYPE_ID`, `MATERIAL_TYPE_ID`, `STOCK_NAME`, `LAST_UPDATED_STAMP`, `LAST_UPDATED_TX_STAMP`, `CREATED_STAMP`, `CREATED_TX_STAMP`) VALUES ('DMAH100', 'GROUP_D_STOCKS', 'PAPER', 'Mahogany 100lb. Linen', '2017-05-15 13:40:00', '2017-05-15 13:40:00', '2017-05-15 13:40:00', '2017-05-15 13:40:00');
INSERT INTO `qc_stock` (`STOCK_ID`, `STOCK_TYPE_ID`, `MATERIAL_TYPE_ID`, `STOCK_NAME`, `LAST_UPDATED_STAMP`, `LAST_UPDATED_TX_STAMP`, `CREATED_STAMP`, `CREATED_TX_STAMP`) VALUES ('DG80', 'GROUP_D_STOCKS', 'PAPER', 'Granite 80lb. Felt', '2017-05-15 13:40:00', '2017-05-15 13:40:00', '2017-05-15 13:40:00', '2017-05-15 13:40:00');
INSERT INTO `qc_stock` (`STOCK_ID`, `STOCK_TYPE_ID`, `MATERIAL_TYPE_ID`, `STOCK_NAME`, `LAST_UPDATED_STAMP`, `LAST_UPDATED_TX_STAMP`, `CREATED_STAMP`, `CREATED_TX_STAMP`) VALUES ('DSGG80', 'GROUP_D_STOCKS', 'PAPER', 'Smoke Gray 80lb Grandee', '2017-05-15 13:40:00', '2017-05-15 13:40:00', '2017-05-15 13:40:00', '2017-05-15 13:40:00');
INSERT INTO `qc_stock` (`STOCK_ID`, `STOCK_TYPE_ID`, `MATERIAL_TYPE_ID`, `STOCK_NAME`, `LAST_UPDATED_STAMP`, `LAST_UPDATED_TX_STAMP`, `CREATED_STAMP`, `CREATED_TX_STAMP`) VALUES ('DCG80', 'GROUP_D_STOCKS', 'PAPER', 'Charcoal 80lb Grandee', '2017-05-15 13:40:00', '2017-05-15 13:40:00', '2017-05-15 13:40:00', '2017-05-15 13:40:00');
INSERT INTO `qc_stock` (`STOCK_ID`, `STOCK_TYPE_ID`, `MATERIAL_TYPE_ID`, `STOCK_NAME`, `LAST_UPDATED_STAMP`, `LAST_UPDATED_TX_STAMP`, `CREATED_STAMP`, `CREATED_TX_STAMP`) VALUES ('DDBLK100', 'GROUP_D_STOCKS', 'PAPER', 'Dark Black 100lb. Linen', '2017-05-15 13:40:00', '2017-05-15 13:40:00', '2017-05-15 13:40:00', '2017-05-15 13:40:00');
INSERT INTO `qc_stock` (`STOCK_ID`, `STOCK_TYPE_ID`, `MATERIAL_TYPE_ID`, `STOCK_NAME`, `LAST_UPDATED_STAMP`, `LAST_UPDATED_TX_STAMP`, `CREATED_STAMP`, `CREATED_TX_STAMP`) VALUES ('DB12', 'GROUP_D_STOCKS', 'PAPER', 'Black 12 PT C1S ColorCoat', '2017-05-15 13:40:00', '2017-05-15 13:40:00', '2017-05-15 13:40:00', '2017-05-15 13:40:00');
INSERT INTO `qc_stock` (`STOCK_ID`, `STOCK_TYPE_ID`, `MATERIAL_TYPE_ID`, `STOCK_NAME`, `LAST_UPDATED_STAMP`, `LAST_UPDATED_TX_STAMP`, `CREATED_STAMP`, `CREATED_TX_STAMP`) VALUES ('DA100', 'GROUP_D_STOCKS', 'PAPER', 'Aquamarine 100lb. Vellum', '2017-05-15 13:40:00', '2017-05-15 13:40:00', '2017-05-15 13:40:00', '2017-05-15 13:40:00');
INSERT INTO `qc_stock` (`STOCK_ID`, `STOCK_TYPE_ID`, `MATERIAL_TYPE_ID`, `STOCK_NAME`, `LAST_UPDATED_STAMP`, `LAST_UPDATED_TX_STAMP`, `CREATED_STAMP`, `CREATED_TX_STAMP`) VALUES ('DDBLU100', 'GROUP_D_STOCKS', 'PAPER', 'Dark Blue 100lb. Linen', '2017-05-15 13:40:00', '2017-05-15 13:40:00', '2017-05-15 13:40:00', '2017-05-15 13:40:00');
INSERT INTO `qc_stock` (`STOCK_ID`, `STOCK_TYPE_ID`, `MATERIAL_TYPE_ID`, `STOCK_NAME`, `LAST_UPDATED_STAMP`, `LAST_UPDATED_TX_STAMP`, `CREATED_STAMP`, `CREATED_TX_STAMP`) VALUES ('DB90', 'GROUP_D_STOCKS', 'PAPER', 'Blue 90lb. Hopsack', '2017-05-15 13:40:00', '2017-05-15 13:40:00', '2017-05-15 13:40:00', '2017-05-15 13:40:00');
INSERT INTO `qc_stock` (`STOCK_ID`, `STOCK_TYPE_ID`, `MATERIAL_TYPE_ID`, `STOCK_NAME`, `LAST_UPDATED_STAMP`, `LAST_UPDATED_TX_STAMP`, `CREATED_STAMP`, `CREATED_TX_STAMP`) VALUES ('DDB90', 'GROUP_D_STOCKS', 'PAPER', 'Deep Blue 90lb. Cordwain', '2017-05-15 13:40:00', '2017-05-15 13:40:00', '2017-05-15 13:40:00', '2017-05-15 13:40:00');
INSERT INTO `qc_stock` (`STOCK_ID`, `STOCK_TYPE_ID`, `MATERIAL_TYPE_ID`, `STOCK_NAME`, `LAST_UPDATED_STAMP`, `LAST_UPDATED_TX_STAMP`, `CREATED_STAMP`, `CREATED_TX_STAMP`) VALUES ('DRD80', 'GROUP_D_STOCKS', 'PAPER', 'Royal Blue 80lb. Tweed', '2017-05-15 13:40:00', '2017-05-15 13:40:00', '2017-05-15 13:40:00', '2017-05-15 13:40:00');
INSERT INTO `qc_stock` (`STOCK_ID`, `STOCK_TYPE_ID`, `MATERIAL_TYPE_ID`, `STOCK_NAME`, `LAST_UPDATED_STAMP`, `LAST_UPDATED_TX_STAMP`, `CREATED_STAMP`, `CREATED_TX_STAMP`) VALUES ('DN12', 'GROUP_D_STOCKS', 'PAPER', 'Navy 12 PT C1S ColorCoat', '2017-05-15 13:40:00', '2017-05-15 13:40:00', '2017-05-15 13:40:00', '2017-05-15 13:40:00');
INSERT INTO `qc_stock` (`STOCK_ID`, `STOCK_TYPE_ID`, `MATERIAL_TYPE_ID`, `STOCK_NAME`, `LAST_UPDATED_STAMP`, `LAST_UPDATED_TX_STAMP`, `CREATED_STAMP`, `CREATED_TX_STAMP`) VALUES ('DBBG80', 'GROUP_D_STOCKS', 'PAPER', 'Blazer Blue 80lb Grandee', '2017-05-15 13:40:00', '2017-05-15 13:40:00', '2017-05-15 13:40:00', '2017-05-15 13:40:00');
INSERT INTO `qc_stock` (`STOCK_ID`, `STOCK_TYPE_ID`, `MATERIAL_TYPE_ID`, `STOCK_NAME`, `LAST_UPDATED_STAMP`, `LAST_UPDATED_TX_STAMP`, `CREATED_STAMP`, `CREATED_TX_STAMP`) VALUES ('DDP100', 'GROUP_D_STOCKS', 'PAPER', 'Deep Pine 100lb. Linen', '2017-05-15 13:40:00', '2017-05-15 13:40:00', '2017-05-15 13:40:00', '2017-05-15 13:40:00');
INSERT INTO `qc_stock` (`STOCK_ID`, `STOCK_TYPE_ID`, `MATERIAL_TYPE_ID`, `STOCK_NAME`, `LAST_UPDATED_STAMP`, `LAST_UPDATED_TX_STAMP`, `CREATED_STAMP`, `CREATED_TX_STAMP`) VALUES ('DFG90', 'GROUP_D_STOCKS', 'PAPER', 'Forest Green 90lb. Hopsack', '2017-05-15 13:40:00', '2017-05-15 13:40:00', '2017-05-15 13:40:00', '2017-05-15 13:40:00');
INSERT INTO `qc_stock` (`STOCK_ID`, `STOCK_TYPE_ID`, `MATERIAL_TYPE_ID`, `STOCK_NAME`, `LAST_UPDATED_STAMP`, `LAST_UPDATED_TX_STAMP`, `CREATED_STAMP`, `CREATED_TX_STAMP`) VALUES ('DLG80', 'GROUP_D_STOCKS', 'PAPER', 'Leaf Green 80lb Vellum', '2017-05-15 13:40:00', '2017-05-15 13:40:00', '2017-05-15 13:40:00', '2017-05-15 13:40:00');
INSERT INTO `qc_stock` (`STOCK_ID`, `STOCK_TYPE_ID`, `MATERIAL_TYPE_ID`, `STOCK_NAME`, `LAST_UPDATED_STAMP`, `LAST_UPDATED_TX_STAMP`, `CREATED_STAMP`, `CREATED_TX_STAMP`) VALUES ('DB100', 'GROUP_D_STOCKS', 'PAPER', 'Burgundy 100lb. Linen', '2017-05-15 13:40:00', '2017-05-15 13:40:00', '2017-05-15 13:40:00', '2017-05-15 13:40:00');
INSERT INTO `qc_stock` (`STOCK_ID`, `STOCK_TYPE_ID`, `MATERIAL_TYPE_ID`, `STOCK_NAME`, `LAST_UPDATED_STAMP`, `LAST_UPDATED_TX_STAMP`, `CREATED_STAMP`, `CREATED_TX_STAMP`) VALUES ('DMER100', 'GROUP_D_STOCKS', 'PAPER', 'Merlot 100lb. Linen', '2017-05-15 13:40:00', '2017-05-15 13:40:00', '2017-05-15 13:40:00', '2017-05-15 13:40:00');
INSERT INTO `qc_stock` (`STOCK_ID`, `STOCK_TYPE_ID`, `MATERIAL_TYPE_ID`, `STOCK_NAME`, `LAST_UPDATED_STAMP`, `LAST_UPDATED_TX_STAMP`, `CREATED_STAMP`, `CREATED_TX_STAMP`) VALUES ('DE100', 'GROUP_D_STOCKS', 'PAPER', 'Eggplant 100lb. Linen', '2017-05-15 13:40:00', '2017-05-15 13:40:00', '2017-05-15 13:40:00', '2017-05-15 13:40:00');
INSERT INTO `qc_stock` (`STOCK_ID`, `STOCK_TYPE_ID`, `MATERIAL_TYPE_ID`, `STOCK_NAME`, `LAST_UPDATED_STAMP`, `LAST_UPDATED_TX_STAMP`, `CREATED_STAMP`, `CREATED_TX_STAMP`) VALUES ('DR90', 'GROUP_D_STOCKS', 'PAPER', 'Red 90lb. Hopsack', '2017-05-15 13:40:00', '2017-05-15 13:40:00', '2017-05-15 13:40:00', '2017-05-15 13:40:00');
INSERT INTO `qc_stock` (`STOCK_ID`, `STOCK_TYPE_ID`, `MATERIAL_TYPE_ID`, `STOCK_NAME`, `LAST_UPDATED_STAMP`, `LAST_UPDATED_TX_STAMP`, `CREATED_STAMP`, `CREATED_TX_STAMP`) VALUES ('D', 'GROUP_D_STOCKS', 'PAPER', 'Red Gloss 14 PT C1S', '2017-05-15 13:40:00', '2017-05-15 13:40:00', '2017-05-15 13:40:00', '2017-05-15 13:40:00');
INSERT INTO `qc_stock` (`STOCK_ID`, `STOCK_TYPE_ID`, `MATERIAL_TYPE_ID`, `STOCK_NAME`, `LAST_UPDATED_STAMP`, `LAST_UPDATED_TX_STAMP`, `CREATED_STAMP`, `CREATED_TX_STAMP`) VALUES ('MT150', 'TAG_PAPER_STOCKS', 'PAPER', 'Manila Tag 150#', '2017-05-15 13:40:00', '2017-05-15 13:40:00', '2017-05-15 13:40:00', '2017-05-15 13:40:00');
INSERT INTO `qc_stock` (`STOCK_ID`, `STOCK_TYPE_ID`, `MATERIAL_TYPE_ID`, `STOCK_NAME`, `LAST_UPDATED_STAMP`, `LAST_UPDATED_TX_STAMP`, `CREATED_STAMP`, `CREATED_TX_STAMP`) VALUES ('WT150', 'TAG_PAPER_STOCKS', 'PAPER', 'Wite Tag 150#', '2017-05-15 13:40:00', '2017-05-15 13:40:00', '2017-05-15 13:40:00', '2017-05-15 13:40:00');
INSERT INTO `qc_stock` (`STOCK_ID`, `STOCK_TYPE_ID`, `MATERIAL_TYPE_ID`, `STOCK_NAME`, `LAST_UPDATED_STAMP`, `LAST_UPDATED_TX_STAMP`, `CREATED_STAMP`, `CREATED_TX_STAMP`) VALUES ('CI140', 'TAG_PAPER_STOCKS', 'PAPER', 'Canary Index 140#', '2017-05-15 13:40:00', '2017-05-15 13:40:00', '2017-05-15 13:40:00', '2017-05-15 13:40:00');
INSERT INTO `qc_stock` (`STOCK_ID`, `STOCK_TYPE_ID`, `MATERIAL_TYPE_ID`, `STOCK_NAME`, `LAST_UPDATED_STAMP`, `LAST_UPDATED_TX_STAMP`, `CREATED_STAMP`, `CREATED_TX_STAMP`) VALUES ('BI140', 'TAG_PAPER_STOCKS', 'PAPER', 'Blue Index 140#', '2017-05-15 13:40:00', '2017-05-15 13:40:00', '2017-05-15 13:40:00', '2017-05-15 13:40:00');
INSERT INTO `qc_stock` (`STOCK_ID`, `STOCK_TYPE_ID`, `MATERIAL_TYPE_ID`, `STOCK_NAME`, `LAST_UPDATED_STAMP`, `LAST_UPDATED_TX_STAMP`, `CREATED_STAMP`, `CREATED_TX_STAMP`) VALUES ('SGL20', 'BINDER_PAPER_STOCKS', 'PAPER', 'Semi-Gloss Laminated 20 PT C1S', '2017-05-15 13:40:00', '2017-05-15 13:40:00', '2017-05-15 13:40:00', '2017-05-15 13:40:00');
INSERT INTO `qc_stock` (`STOCK_ID`, `STOCK_TYPE_ID`, `MATERIAL_TYPE_ID`, `STOCK_NAME`, `LAST_UPDATED_STAMP`, `LAST_UPDATED_TX_STAMP`, `CREATED_STAMP`, `CREATED_TX_STAMP`) VALUES ('SG24', 'BINDER_PAPER_STOCKS', 'PAPER', 'Semi-Gloss 24 PT C1S', '2017-05-15 13:40:00', '2017-05-15 13:40:00', '2017-05-15 13:40:00', '2017-05-15 13:40:00');
INSERT INTO `qc_stock` (`STOCK_ID`, `STOCK_TYPE_ID`, `MATERIAL_TYPE_ID`, `STOCK_NAME`, `LAST_UPDATED_STAMP`, `LAST_UPDATED_TX_STAMP`, `CREATED_STAMP`, `CREATED_TX_STAMP`) VALUES ('REK26', 'BINDER_PAPER_STOCKS', 'PAPER', 'Recycled Eco Kraft 26 PT', '2017-05-15 13:40:00', '2017-05-15 13:40:00', '2017-05-15 13:40:00', '2017-05-15 13:40:00');



INSERT INTO `qc_vendor` (`VENDOR_ID`, `VENDOR_NAME`, `LAST_UPDATED_STAMP`, `LAST_UPDATED_TX_STAMP`, `CREATED_STAMP`, `CREATED_TX_STAMP`) VALUES ('ADMORE', 'Admore', '2017-05-15 13:40:00', '2017-05-15 13:40:00', '2017-05-15 13:40:00', '2017-05-15 13:40:00');

INSERT INTO `qc_style_group` (`STYLE_GROUP_ID`, `STYLE_GROUP_NAME`, `LAST_UPDATED_STAMP`, `LAST_UPDATED_TX_STAMP`, `CREATED_STAMP`, `CREATED_TX_STAMP`) VALUES ('LARGE', 'Large Presentation Folders', '2017-05-15 13:40:00', '2017-05-15 13:40:00', '2017-05-15 13:40:00', '2017-05-15 13:40:00');
INSERT INTO `qc_style_group` (`STYLE_GROUP_ID`, `STYLE_GROUP_NAME`, `LAST_UPDATED_STAMP`, `LAST_UPDATED_TX_STAMP`, `CREATED_STAMP`, `CREATED_TX_STAMP`) VALUES ('LEGAL', 'Legal Folders', '2017-05-15 13:40:00', '2017-05-15 13:40:00', '2017-05-15 13:40:00', '2017-05-15 13:40:00');
INSERT INTO `qc_style_group` (`STYLE_GROUP_ID`, `STYLE_GROUP_NAME`, `LAST_UPDATED_STAMP`, `LAST_UPDATED_TX_STAMP`, `CREATED_STAMP`, `CREATED_TX_STAMP`) VALUES ('STANDARD', 'Standard Folders', '2017-05-15 13:40:00', '2017-05-15 13:40:00', '2017-05-15 13:40:00', '2017-05-15 13:40:00');
INSERT INTO `qc_style_group` (`STYLE_GROUP_ID`, `STYLE_GROUP_NAME`, `LAST_UPDATED_STAMP`, `LAST_UPDATED_TX_STAMP`, `CREATED_STAMP`, `CREATED_TX_STAMP`) VALUES ('SMALL', 'Small Presentation Folders', '2017-05-15 13:40:00', '2017-05-15 13:40:00', '2017-05-15 13:40:00', '2017-05-15 13:40:00');
INSERT INTO `qc_style_group` (`STYLE_GROUP_ID`, `STYLE_GROUP_NAME`, `LAST_UPDATED_STAMP`, `LAST_UPDATED_TX_STAMP`, `CREATED_STAMP`, `CREATED_TX_STAMP`) VALUES ('CARD', 'Card Holders', '2017-05-15 13:40:00', '2017-05-15 13:40:00', '2017-05-15 13:40:00', '2017-05-15 13:40:00');
INSERT INTO `qc_style_group` (`STYLE_GROUP_ID`, `STYLE_GROUP_NAME`, `LAST_UPDATED_STAMP`, `LAST_UPDATED_TX_STAMP`, `CREATED_STAMP`, `CREATED_TX_STAMP`) VALUES ('RE', 'Reinforced Edge Folders', '2017-05-15 13:40:00', '2017-05-15 13:40:00', '2017-05-15 13:40:00', '2017-05-15 13:40:00');
INSERT INTO `qc_style_group` (`STYLE_GROUP_ID`, `STYLE_GROUP_NAME`, `LAST_UPDATED_STAMP`, `LAST_UPDATED_TX_STAMP`, `CREATED_STAMP`, `CREATED_TX_STAMP`) VALUES ('CAPACITY', 'Capacity Folders', '2017-05-15 13:40:00', '2017-05-15 13:40:00', '2017-05-15 13:40:00', '2017-05-15 13:40:00');
INSERT INTO `qc_style_group` (`STYLE_GROUP_ID`, `STYLE_GROUP_NAME`, `LAST_UPDATED_STAMP`, `LAST_UPDATED_TX_STAMP`, `CREATED_STAMP`, `CREATED_TX_STAMP`) VALUES ('TRIPANEL', 'Tripanel Folders', '2017-05-15 13:40:00', '2017-05-15 13:40:00', '2017-05-15 13:40:00', '2017-05-15 13:40:00');
INSERT INTO `qc_style_group` (`STYLE_GROUP_ID`, `STYLE_GROUP_NAME`, `LAST_UPDATED_STAMP`, `LAST_UPDATED_TX_STAMP`, `CREATED_STAMP`, `CREATED_TX_STAMP`) VALUES ('CERTIFICATE', 'Certificate Holders', '2017-05-15 13:40:00', '2017-05-15 13:40:00', '2017-05-15 13:40:00', '2017-05-15 13:40:00');
INSERT INTO `qc_style_group` (`STYLE_GROUP_ID`, `STYLE_GROUP_NAME`, `LAST_UPDATED_STAMP`, `LAST_UPDATED_TX_STAMP`, `CREATED_STAMP`, `CREATED_TX_STAMP`) VALUES ('FILE', 'File Folders', '2017-05-15 13:40:00', '2017-05-15 13:40:00', '2017-05-15 13:40:00', '2017-05-15 13:40:00');



INSERT INTO `qc_style` (`LAST_UPDATED_STAMP`, `LAST_UPDATED_TX_STAMP`, `CREATED_STAMP`, `CREATED_TX_STAMP`, `STYLE_ID`, `STYLE_GROUP_ID`, `STYLE_NAME`, `STYLE_DESCRIPTION`) VALUES ('2017-05-15 13:40:00', '2017-05-15 13:40:00', '2017-05-15 13:40:00', '2017-05-15 13:40:00', 'CKH-2704', 'CARD', 'CKH-2704', 'Card Holder - Horizontal Orientation w/ Side Pocket (2 3/4 x 3 3/4)');
INSERT INTO `qc_style` (`LAST_UPDATED_STAMP`, `LAST_UPDATED_TX_STAMP`, `CREATED_STAMP`, `CREATED_TX_STAMP`, `STYLE_ID`, `STYLE_GROUP_ID`, `STYLE_NAME`, `STYLE_DESCRIPTION`) VALUES ('2017-05-15 13:40:00', '2017-05-15 13:40:00', '2017-05-15 13:40:00', '2017-05-15 13:40:00', 'CKH-2709', 'CARD', 'CKH-2709', 'Card Holder - Two Pocket (3 3/8 x 6)');
INSERT INTO `qc_style` (`LAST_UPDATED_STAMP`, `LAST_UPDATED_TX_STAMP`, `CREATED_STAMP`, `CREATED_TX_STAMP`, `STYLE_ID`, `STYLE_GROUP_ID`, `STYLE_NAME`, `STYLE_DESCRIPTION`) VALUES ('2017-05-15 13:40:00', '2017-05-15 13:40:00', '2017-05-15 13:40:00', '2017-05-15 13:40:00', 'CKH-2711', 'CARD', 'CKH-2711', 'Card Holder - Right Pocket (3 3/8 x 6)');
INSERT INTO `qc_style` (`LAST_UPDATED_STAMP`, `LAST_UPDATED_TX_STAMP`, `CREATED_STAMP`, `CREATED_TX_STAMP`, `STYLE_ID`, `STYLE_GROUP_ID`, `STYLE_NAME`, `STYLE_DESCRIPTION`) VALUES ('2017-05-15 13:40:00', '2017-05-15 13:40:00', '2017-05-15 13:40:00', '2017-05-15 13:40:00', 'CKH-2710', 'CARD', 'CKH-2710', 'Card Holder - Left Pocket (3 3/8 x 6)');
INSERT INTO `qc_style` (`LAST_UPDATED_STAMP`, `LAST_UPDATED_TX_STAMP`, `CREATED_STAMP`, `CREATED_TX_STAMP`, `STYLE_ID`, `STYLE_GROUP_ID`, `STYLE_NAME`, `STYLE_DESCRIPTION`) VALUES ('2017-05-15 13:40:00', '2017-05-15 13:40:00', '2017-05-15 13:40:00', '2017-05-15 13:40:00', 'CKH-2705', 'CARD', 'CKH-2705', 'Card Holder - Right Rounded Pocket (3 3/8 x 6)');
INSERT INTO `qc_style` (`LAST_UPDATED_STAMP`, `LAST_UPDATED_TX_STAMP`, `CREATED_STAMP`, `CREATED_TX_STAMP`, `STYLE_ID`, `STYLE_GROUP_ID`, `STYLE_NAME`, `STYLE_DESCRIPTION`) VALUES ('2017-05-15 13:40:00', '2017-05-15 13:40:00', '2017-05-15 13:40:00', '2017-05-15 13:40:00', 'CKH-2703', 'CARD', 'CKH-2703', 'Card Holder - Vertical Orientation w/ Bottom Pocket (5 1/8 x 3 3/8)');

INSERT INTO `qc_style` (`LAST_UPDATED_STAMP`, `LAST_UPDATED_TX_STAMP`, `CREATED_STAMP`, `CREATED_TX_STAMP`, `STYLE_ID`, `STYLE_GROUP_ID`, `STYLE_NAME`, `STYLE_DESCRIPTION`) VALUES ('2017-05-15 13:40:00', '2017-05-15 13:40:00', '2017-05-15 13:40:00', '2017-05-15 13:40:00', 'MF-4801', 'SMALL', '4801', 'Mini Folders - Standard Two Pocket (4 x 9)');
INSERT INTO `qc_style` (`LAST_UPDATED_STAMP`, `LAST_UPDATED_TX_STAMP`, `CREATED_STAMP`, `CREATED_TX_STAMP`, `STYLE_ID`, `STYLE_GROUP_ID`, `STYLE_NAME`, `STYLE_DESCRIPTION`) VALUES ('2017-05-15 13:40:00', '2017-05-15 13:40:00', '2017-05-15 13:40:00', '2017-05-15 13:40:00', 'MF-4804', 'SMALL', '4804', 'Mini Folders - One Pocket (Right) (4 x 9)');
INSERT INTO `qc_style` (`LAST_UPDATED_STAMP`, `LAST_UPDATED_TX_STAMP`, `CREATED_STAMP`, `CREATED_TX_STAMP`, `STYLE_ID`, `STYLE_GROUP_ID`, `STYLE_NAME`, `STYLE_DESCRIPTION`) VALUES ('2017-05-15 13:40:00', '2017-05-15 13:40:00', '2017-05-15 13:40:00', '2017-05-15 13:40:00', 'MF-4810', 'SMALL', '4810', 'Mini Folders - Angled Pockets (4 1/2 x 9 1/2)');
INSERT INTO `qc_style` (`LAST_UPDATED_STAMP`, `LAST_UPDATED_TX_STAMP`, `CREATED_STAMP`, `CREATED_TX_STAMP`, `STYLE_ID`, `STYLE_GROUP_ID`, `STYLE_NAME`, `STYLE_DESCRIPTION`) VALUES ('2017-05-15 13:40:00', '2017-05-15 13:40:00', '2017-05-15 13:40:00', '2017-05-15 13:40:00', 'MFTP-4831', 'SMALL', '4831', 'Mini Folders - Three Pocket (4 x 9)');
INSERT INTO `qc_style` (`LAST_UPDATED_STAMP`, `LAST_UPDATED_TX_STAMP`, `CREATED_STAMP`, `CREATED_TX_STAMP`, `STYLE_ID`, `STYLE_GROUP_ID`, `STYLE_NAME`, `STYLE_DESCRIPTION`) VALUES ('2017-05-15 13:40:00', '2017-05-15 13:40:00', '2017-05-15 13:40:00', '2017-05-15 13:40:00', 'MFTP-4834', 'SMALL', '4834', 'Mini Folders - Tripanel w/ One Pocket (Right) (4 x 9)');
INSERT INTO `qc_style` (`LAST_UPDATED_STAMP`, `LAST_UPDATED_TX_STAMP`, `CREATED_STAMP`, `CREATED_TX_STAMP`, `STYLE_ID`, `STYLE_GROUP_ID`, `STYLE_NAME`, `STYLE_DESCRIPTION`) VALUES ('2017-05-15 13:40:00', '2017-05-15 13:40:00', '2017-05-15 13:40:00', '2017-05-15 13:40:00', 'MFC-4865', 'SMALL', '4865', 'Mini CONFORMER® Folders - Standard Two Pocket (4 1/2 x 9 1/4)');
INSERT INTO `qc_style` (`LAST_UPDATED_STAMP`, `LAST_UPDATED_TX_STAMP`, `CREATED_STAMP`, `CREATED_TX_STAMP`, `STYLE_ID`, `STYLE_GROUP_ID`, `STYLE_NAME`, `STYLE_DESCRIPTION`) VALUES ('2017-05-15 13:40:00', '2017-05-15 13:40:00', '2017-05-15 13:40:00', '2017-05-15 13:40:00', 'HF-6801', 'SMALL', '6801', 'Small Presentation Folders - Standard Two Pocket (6 x 9)');
INSERT INTO `qc_style` (`LAST_UPDATED_STAMP`, `LAST_UPDATED_TX_STAMP`, `CREATED_STAMP`, `CREATED_TX_STAMP`, `STYLE_ID`, `STYLE_GROUP_ID`, `STYLE_NAME`, `STYLE_DESCRIPTION`) VALUES ('2017-05-15 13:40:00', '2017-05-15 13:40:00', '2017-05-15 13:40:00', '2017-05-15 13:40:00', 'HF-6804', 'SMALL', '6804', 'Small Presentation Folders - One Pocket (Right) (6 x 9)');
INSERT INTO `qc_style` (`LAST_UPDATED_STAMP`, `LAST_UPDATED_TX_STAMP`, `CREATED_STAMP`, `CREATED_TX_STAMP`, `STYLE_ID`, `STYLE_GROUP_ID`, `STYLE_NAME`, `STYLE_DESCRIPTION`) VALUES ('2017-05-15 13:40:00', '2017-05-15 13:40:00', '2017-05-15 13:40:00', '2017-05-15 13:40:00', 'F-6806', 'SMALL', '6806', 'Name NOT AVAILABLE (7 x 10)');
INSERT INTO `qc_style` (`LAST_UPDATED_STAMP`, `LAST_UPDATED_TX_STAMP`, `CREATED_STAMP`, `CREATED_TX_STAMP`, `STYLE_ID`, `STYLE_GROUP_ID`, `STYLE_NAME`, `STYLE_DESCRIPTION`) VALUES ('2017-05-15 13:40:00', '2017-05-15 13:40:00', '2017-05-15 13:40:00', '2017-05-15 13:40:00', 'F-6807', 'SMALL', '6807', 'Name NOT AVAILABLE (7 x 10)');
INSERT INTO `qc_style` (`LAST_UPDATED_STAMP`, `LAST_UPDATED_TX_STAMP`, `CREATED_STAMP`, `CREATED_TX_STAMP`, `STYLE_ID`, `STYLE_GROUP_ID`, `STYLE_NAME`, `STYLE_DESCRIPTION`) VALUES ('2017-05-15 13:40:00', '2017-05-15 13:40:00', '2017-05-15 13:40:00', '2017-05-15 13:40:00', 'HF-6851', 'SMALL', '6851', 'Small Presentation Folders - Landscape Orientation & One Pocket (Bottom) (6 x 9)');
INSERT INTO `qc_style` (`LAST_UPDATED_STAMP`, `LAST_UPDATED_TX_STAMP`, `CREATED_STAMP`, `CREATED_TX_STAMP`, `STYLE_ID`, `STYLE_GROUP_ID`, `STYLE_NAME`, `STYLE_DESCRIPTION`) VALUES ('2017-05-15 13:40:00', '2017-05-15 13:40:00', '2017-05-15 13:40:00', '2017-05-15 13:40:00', 'MF-135', 'SMALL', 'MF-135', 'Mini Folders - Standard Two Pocket (4 x 9)');
INSERT INTO `qc_style` (`LAST_UPDATED_STAMP`, `LAST_UPDATED_TX_STAMP`, `CREATED_STAMP`, `CREATED_TX_STAMP`, `STYLE_ID`, `STYLE_GROUP_ID`, `STYLE_NAME`, `STYLE_DESCRIPTION`) VALUES ('2017-05-15 13:40:00', '2017-05-15 13:40:00', '2017-05-15 13:40:00', '2017-05-15 13:40:00', 'MF-144', 'SMALL', 'MF-144', 'Small Presentation Folders - Standard Two Pockets (5 3/4 x 8 3/4)') ;
INSERT INTO `qc_style` (`LAST_UPDATED_STAMP`, `LAST_UPDATED_TX_STAMP`, `CREATED_STAMP`, `CREATED_TX_STAMP`, `STYLE_ID`, `STYLE_GROUP_ID`, `STYLE_NAME`, `STYLE_DESCRIPTION`) VALUES ('2017-05-15 13:40:00', '2017-05-15 13:40:00', '2017-05-15 13:40:00', '2017-05-15 13:40:00', 'TP-115', 'SMALL', 'TP-115', 'Name NOT AVAILABLE (4 x 9)');

INSERT INTO `qc_style` (`LAST_UPDATED_STAMP`, `LAST_UPDATED_TX_STAMP`, `CREATED_STAMP`, `CREATED_TX_STAMP`, `STYLE_ID`, `STYLE_GROUP_ID`, `STYLE_NAME`, `STYLE_DESCRIPTION`) VALUES ('2017-05-15 13:40:00', '2017-05-15 13:40:00', '2017-05-15 13:40:00', '2017-05-15 13:40:00', 'SF-0801', 'STANDARD', '0801', '9 x 12 Presentation Folders - Round Corners');
INSERT INTO `qc_style` (`LAST_UPDATED_STAMP`, `LAST_UPDATED_TX_STAMP`, `CREATED_STAMP`, `CREATED_TX_STAMP`, `STYLE_ID`, `STYLE_GROUP_ID`, `STYLE_NAME`, `STYLE_DESCRIPTION`) VALUES ('2017-05-15 13:40:00', '2017-05-15 13:40:00', '2017-05-15 13:40:00', '2017-05-15 13:40:00', 'SF-0804', 'STANDARD', '0804', '9 x 12 Presentation Folders - Standard One Pocket (Right) w/ Rounded Corner');
INSERT INTO `qc_style` (`LAST_UPDATED_STAMP`, `LAST_UPDATED_TX_STAMP`, `CREATED_STAMP`, `CREATED_TX_STAMP`, `STYLE_ID`, `STYLE_GROUP_ID`, `STYLE_NAME`, `STYLE_DESCRIPTION`) VALUES ('2017-05-15 13:40:00', '2017-05-15 13:40:00', '2017-05-15 13:40:00', '2017-05-15 13:40:00', 'OR-144', 'STANDARD', 'OR-144', '9 x 12 Presentation Folders - Standard Two Pocket w/ Front Cover Center Card Slits');
INSERT INTO `qc_style` (`LAST_UPDATED_STAMP`, `LAST_UPDATED_TX_STAMP`, `CREATED_STAMP`, `CREATED_TX_STAMP`, `STYLE_ID`, `STYLE_GROUP_ID`, `STYLE_NAME`, `STYLE_DESCRIPTION`) VALUES ('2017-05-15 13:40:00', '2017-05-15 13:40:00', '2017-05-15 13:40:00', '2017-05-15 13:40:00', 'OR-145', 'STANDARD', 'OR-145', '9 x 12 Presentation Folders - Standard Two Pocket w/ Front Cover Lower Right Card Slits');
INSERT INTO `qc_style` (`LAST_UPDATED_STAMP`, `LAST_UPDATED_TX_STAMP`, `CREATED_STAMP`, `CREATED_TX_STAMP`, `STYLE_ID`, `STYLE_GROUP_ID`, `STYLE_NAME`, `STYLE_DESCRIPTION`) VALUES ('2017-05-15 13:40:00', '2017-05-15 13:40:00', '2017-05-15 13:40:00', '2017-05-15 13:40:00', 'SF-111', 'STANDARD', 'SF-111', '9" x 12 Presentation Folders - Standard One Pocket (Right)');
INSERT INTO `qc_style` (`LAST_UPDATED_STAMP`, `LAST_UPDATED_TX_STAMP`, `CREATED_STAMP`, `CREATED_TX_STAMP`, `STYLE_ID`, `STYLE_GROUP_ID`, `STYLE_NAME`, `STYLE_DESCRIPTION`) VALUES ('2017-05-15 13:40:00', '2017-05-15 13:40:00', '2017-05-15 13:40:00', '2017-05-15 13:40:00', 'SF-101', 'STANDARD', 'SF-101', '9 x 12 Presentation Folders - Standard Two Pocket');

INSERT INTO `qc_style` (`LAST_UPDATED_STAMP`, `LAST_UPDATED_TX_STAMP`, `CREATED_STAMP`, `CREATED_TX_STAMP`, `STYLE_ID`, `STYLE_GROUP_ID`, `STYLE_NAME`, `STYLE_DESCRIPTION`) VALUES ('2017-05-15 13:40:00', '2017-05-15 13:40:00', '2017-05-15 13:40:00', '2017-05-15 13:40:00', '3DF-0802', 'LARGE', '0802', '9 1/2 x 12 Presentation Folders - 1/2" Double Score Spine');
INSERT INTO `qc_style` (`LAST_UPDATED_STAMP`, `LAST_UPDATED_TX_STAMP`, `CREATED_STAMP`, `CREATED_TX_STAMP`, `STYLE_ID`, `STYLE_GROUP_ID`, `STYLE_NAME`, `STYLE_DESCRIPTION`) VALUES ('2017-05-15 13:40:00', '2017-05-15 13:40:00', '2017-05-15 13:40:00', '2017-05-15 13:40:00', '3DF-0803', 'LARGE', '0803', '9 1/2 x 12 Presentation Folders - 1/2" Triple Score Spine');
INSERT INTO `qc_style` (`LAST_UPDATED_STAMP`, `LAST_UPDATED_TX_STAMP`, `CREATED_STAMP`, `CREATED_TX_STAMP`, `STYLE_ID`, `STYLE_GROUP_ID`, `STYLE_NAME`, `STYLE_DESCRIPTION`) VALUES ('2017-05-15 13:40:00', '2017-05-15 13:40:00', '2017-05-15 13:40:00', '2017-05-15 13:40:00', 'LS1-0806', 'LARGE', '0806', '9 x 12 Presentation Folders - Landscape Orientation w/ One Pocket (Right)');
INSERT INTO `qc_style` (`LAST_UPDATED_STAMP`, `LAST_UPDATED_TX_STAMP`, `CREATED_STAMP`, `CREATED_TX_STAMP`, `STYLE_ID`, `STYLE_GROUP_ID`, `STYLE_NAME`, `STYLE_DESCRIPTION`) VALUES ('2017-05-15 13:40:00', '2017-05-15 13:40:00', '2017-05-15 13:40:00', '2017-05-15 13:40:00', 'WF-0809', 'LARGE', '0809', 'Name NOT AVAILABLE (9 x 12)');
INSERT INTO `qc_style` (`LAST_UPDATED_STAMP`, `LAST_UPDATED_TX_STAMP`, `CREATED_STAMP`, `CREATED_TX_STAMP`, `STYLE_ID`, `STYLE_GROUP_ID`, `STYLE_NAME`, `STYLE_DESCRIPTION`) VALUES ('2017-05-15 13:40:00', '2017-05-15 13:40:00', '2017-05-15 13:40:00', '2017-05-15 13:40:00', 'SF-0810', 'LARGE', '0810', 'Name NOT AVAILABLE (9 x 12)');
INSERT INTO `qc_style` (`LAST_UPDATED_STAMP`, `LAST_UPDATED_TX_STAMP`, `CREATED_STAMP`, `CREATED_TX_STAMP`, `STYLE_ID`, `STYLE_GROUP_ID`, `STYLE_NAME`, `STYLE_DESCRIPTION`) VALUES ('2017-05-15 13:40:00', '2017-05-15 13:40:00', '2017-05-15 13:40:00', '2017-05-15 13:40:00', '3DF-0811', 'LARGE', '0811', '9 1/2 x 12 Presentation Folders - 1/4" Double Score Spine');
INSERT INTO `qc_style` (`LAST_UPDATED_STAMP`, `LAST_UPDATED_TX_STAMP`, `CREATED_STAMP`, `CREATED_TX_STAMP`, `STYLE_ID`, `STYLE_GROUP_ID`, `STYLE_NAME`, `STYLE_DESCRIPTION`) VALUES ('2017-05-15 13:40:00', '2017-05-15 13:40:00', '2017-05-15 13:40:00', '2017-05-15 13:40:00', 'CPF-0815', 'LARGE', '0815', '9 x 12 Presentation Folders - Continuous Pockets');
INSERT INTO `qc_style` (`LAST_UPDATED_STAMP`, `LAST_UPDATED_TX_STAMP`, `CREATED_STAMP`, `CREATED_TX_STAMP`, `STYLE_ID`, `STYLE_GROUP_ID`, `STYLE_NAME`, `STYLE_DESCRIPTION`) VALUES ('2017-05-15 13:40:00', '2017-05-15 13:40:00', '2017-05-15 13:40:00', '2017-05-15 13:40:00', 'STF-0816', 'LARGE', '0816', '9 x 12 Presentation Folders - One Pocket (Left) w/ Staple Tab Optional Window');
INSERT INTO `qc_style` (`LAST_UPDATED_STAMP`, `LAST_UPDATED_TX_STAMP`, `CREATED_STAMP`, `CREATED_TX_STAMP`, `STYLE_ID`, `STYLE_GROUP_ID`, `STYLE_NAME`, `STYLE_DESCRIPTION`) VALUES ('2017-05-15 13:40:00', '2017-05-15 13:40:00', '2017-05-15 13:40:00', '2017-05-15 13:40:00', 'FT-0821', 'LARGE', '0821', '9 x 12 Presentation Folders - Standard One Pocket (Right) w/ File Tab');
INSERT INTO `qc_style` (`LAST_UPDATED_STAMP`, `LAST_UPDATED_TX_STAMP`, `CREATED_STAMP`, `CREATED_TX_STAMP`, `STYLE_ID`, `STYLE_GROUP_ID`, `STYLE_NAME`, `STYLE_DESCRIPTION`) VALUES ('2017-05-15 13:40:00', '2017-05-15 13:40:00', '2017-05-15 13:40:00', '2017-05-15 13:40:00', 'FT-0822', 'LARGE', '0822', '9 x 11 3/4 Presentation Folders - Half File Tab');
INSERT INTO `qc_style` (`LAST_UPDATED_STAMP`, `LAST_UPDATED_TX_STAMP`, `CREATED_STAMP`, `CREATED_TX_STAMP`, `STYLE_ID`, `STYLE_GROUP_ID`, `STYLE_NAME`, `STYLE_DESCRIPTION`) VALUES ('2017-05-15 13:40:00', '2017-05-15 13:40:00', '2017-05-15 13:40:00', '2017-05-15 13:40:00', 'OF-0824', 'LARGE', '0824', 'Name NOT AVAILABLE (9 1/2 x 12 1/2)');
INSERT INTO `qc_style` (`LAST_UPDATED_STAMP`, `LAST_UPDATED_TX_STAMP`, `CREATED_STAMP`, `CREATED_TX_STAMP`, `STYLE_ID`, `STYLE_GROUP_ID`, `STYLE_NAME`, `STYLE_DESCRIPTION`) VALUES ('2017-05-15 13:40:00', '2017-05-15 13:40:00', '2017-05-15 13:40:00', '2017-05-15 13:40:00', 'SGBS-0827', 'LARGE', '0827', '9 3/4 x 12 Presentation Folders - Glued Pockets');
INSERT INTO `qc_style` (`LAST_UPDATED_STAMP`, `LAST_UPDATED_TX_STAMP`, `CREATED_STAMP`, `CREATED_TX_STAMP`, `STYLE_ID`, `STYLE_GROUP_ID`, `STYLE_NAME`, `STYLE_DESCRIPTION`) VALUES ('2017-05-15 13:40:00', '2017-05-15 13:40:00', '2017-05-15 13:40:00', '2017-05-15 13:40:00', 'VSRP-0830', 'LARGE', '0830', '9 x 12 Presentation Folders - Serpentine Cut w/ One Vertical Pocket (Right)');
INSERT INTO `qc_style` (`LAST_UPDATED_STAMP`, `LAST_UPDATED_TX_STAMP`, `CREATED_STAMP`, `CREATED_TX_STAMP`, `STYLE_ID`, `STYLE_GROUP_ID`, `STYLE_NAME`, `STYLE_DESCRIPTION`) VALUES ('2017-05-15 13:40:00', '2017-05-15 13:40:00', '2017-05-15 13:40:00', '2017-05-15 13:40:00', 'VH-0832', 'LARGE', '0832', 'Name NOT AVAILABLE (9 x 12)');
INSERT INTO `qc_style` (`LAST_UPDATED_STAMP`, `LAST_UPDATED_TX_STAMP`, `CREATED_STAMP`, `CREATED_TX_STAMP`, `STYLE_ID`, `STYLE_GROUP_ID`, `STYLE_NAME`, `STYLE_DESCRIPTION`) VALUES ('2017-05-15 13:40:00', '2017-05-15 13:40:00', '2017-05-15 13:40:00', '2017-05-15 13:40:00', 'V1-0851', 'LARGE', '0851', '9 x 12 Presentation Folders - One Vertical Pocket (Right)');
INSERT INTO `qc_style` (`LAST_UPDATED_STAMP`, `LAST_UPDATED_TX_STAMP`, `CREATED_STAMP`, `CREATED_TX_STAMP`, `STYLE_ID`, `STYLE_GROUP_ID`, `STYLE_NAME`, `STYLE_DESCRIPTION`) VALUES ('2017-05-15 13:40:00', '2017-05-15 13:40:00', '2017-05-15 13:40:00', '2017-05-15 13:40:00', 'V1-0852', 'LARGE', '0852', '9 x 12 Presentation Folders - Vertical Orientation w/ One Pocket (Bottom) & Tuck Tab');
INSERT INTO `qc_style` (`LAST_UPDATED_STAMP`, `LAST_UPDATED_TX_STAMP`, `CREATED_STAMP`, `CREATED_TX_STAMP`, `STYLE_ID`, `STYLE_GROUP_ID`, `STYLE_NAME`, `STYLE_DESCRIPTION`) VALUES ('2017-05-15 13:40:00', '2017-05-15 13:40:00', '2017-05-15 13:40:00', '2017-05-15 13:40:00', 'HV-0857', 'LARGE', '0857', '9 x 12 Presentation Folders - One Horizontal Pocket and One Vertical Right Pocket');
INSERT INTO `qc_style` (`LAST_UPDATED_STAMP`, `LAST_UPDATED_TX_STAMP`, `CREATED_STAMP`, `CREATED_TX_STAMP`, `STYLE_ID`, `STYLE_GROUP_ID`, `STYLE_NAME`, `STYLE_DESCRIPTION`) VALUES ('2017-05-15 13:40:00', '2017-05-15 13:40:00', '2017-05-15 13:40:00', '2017-05-15 13:40:00', 'V2-0858', 'LARGE', '0858', '9 x 12 Presentation Folders - Two Vertical Pockets');
INSERT INTO `qc_style` (`LAST_UPDATED_STAMP`, `LAST_UPDATED_TX_STAMP`, `CREATED_STAMP`, `CREATED_TX_STAMP`, `STYLE_ID`, `STYLE_GROUP_ID`, `STYLE_NAME`, `STYLE_DESCRIPTION`) VALUES ('2017-05-15 13:40:00', '2017-05-15 13:40:00', '2017-05-15 13:40:00', '2017-05-15 13:40:00', 'HV-0859', 'LARGE', '0859', '9 x 12 Presentation Folders - One Vertical Left Pocket and One Horizontal Pocket');
INSERT INTO `qc_style` (`LAST_UPDATED_STAMP`, `LAST_UPDATED_TX_STAMP`, `CREATED_STAMP`, `CREATED_TX_STAMP`, `STYLE_ID`, `STYLE_GROUP_ID`, `STYLE_NAME`, `STYLE_DESCRIPTION`) VALUES ('2017-05-15 13:40:00', '2017-05-15 13:40:00', '2017-05-15 13:40:00', '2017-05-15 13:40:00', 'BF-0860', 'LARGE', '0860', 'Name NOT AVAILABLE (8 3/4 x 11 1/2)');
INSERT INTO `qc_style` (`LAST_UPDATED_STAMP`, `LAST_UPDATED_TX_STAMP`, `CREATED_STAMP`, `CREATED_TX_STAMP`, `STYLE_ID`, `STYLE_GROUP_ID`, `STYLE_NAME`, `STYLE_DESCRIPTION`) VALUES ('2017-05-15 13:40:00', '2017-05-15 13:40:00', '2017-05-15 13:40:00', '2017-05-15 13:40:00', 'AP-0861', 'LARGE', '0861', '9 x 11 3/4 Presentation Folders - Diagonal Pockets');
INSERT INTO `qc_style` (`LAST_UPDATED_STAMP`, `LAST_UPDATED_TX_STAMP`, `CREATED_STAMP`, `CREATED_TX_STAMP`, `STYLE_ID`, `STYLE_GROUP_ID`, `STYLE_NAME`, `STYLE_DESCRIPTION`) VALUES ('2017-05-15 13:40:00', '2017-05-15 13:40:00', '2017-05-15 13:40:00', '2017-05-15 13:40:00', 'DF-0862', 'LARGE', '0862', '9 x 12" Presentation Folders - One Pocket w/ Disc Sleeve');
INSERT INTO `qc_style` (`LAST_UPDATED_STAMP`, `LAST_UPDATED_TX_STAMP`, `CREATED_STAMP`, `CREATED_TX_STAMP`, `STYLE_ID`, `STYLE_GROUP_ID`, `STYLE_NAME`, `STYLE_DESCRIPTION`) VALUES ('2017-05-15 13:40:00', '2017-05-15 13:40:00', '2017-05-15 13:40:00', '2017-05-15 13:40:00', 'RP-0863', 'LARGE', '0863', 'Name NOT AVAILABLE (9 x 12)');
INSERT INTO `qc_style` (`LAST_UPDATED_STAMP`, `LAST_UPDATED_TX_STAMP`, `CREATED_STAMP`, `CREATED_TX_STAMP`, `STYLE_ID`, `STYLE_GROUP_ID`, `STYLE_NAME`, `STYLE_DESCRIPTION`) VALUES ('2017-05-15 13:40:00', '2017-05-15 13:40:00', '2017-05-15 13:40:00', '2017-05-15 13:40:00', 'C-0865', 'LARGE', '0865', '9 1/2 x 12 CONFORMER® Folder - Standard Two Pocket');
INSERT INTO `qc_style` (`LAST_UPDATED_STAMP`, `LAST_UPDATED_TX_STAMP`, `CREATED_STAMP`, `CREATED_TX_STAMP`, `STYLE_ID`, `STYLE_GROUP_ID`, `STYLE_NAME`, `STYLE_DESCRIPTION`) VALUES ('2017-05-15 13:40:00', '2017-05-15 13:40:00', '2017-05-15 13:40:00', '2017-05-15 13:40:00', 'WP-0880', 'LARGE', '0880', '9 x 12 Presentation Folders - Wavy Pockets');
INSERT INTO `qc_style` (`LAST_UPDATED_STAMP`, `LAST_UPDATED_TX_STAMP`, `CREATED_STAMP`, `CREATED_TX_STAMP`, `STYLE_ID`, `STYLE_GROUP_ID`, `STYLE_NAME`, `STYLE_DESCRIPTION`) VALUES ('2017-05-15 13:40:00', '2017-05-15 13:40:00', '2017-05-15 13:40:00', '2017-05-15 13:40:00', 'SF-0882', 'LARGE', '0882', '9 x 12 Presentation Folders - 6" Tall Pockets');
INSERT INTO `qc_style` (`LAST_UPDATED_STAMP`, `LAST_UPDATED_TX_STAMP`, `CREATED_STAMP`, `CREATED_TX_STAMP`, `STYLE_ID`, `STYLE_GROUP_ID`, `STYLE_NAME`, `STYLE_DESCRIPTION`) VALUES ('2017-05-15 13:40:00', '2017-05-15 13:40:00', '2017-05-15 13:40:00', '2017-05-15 13:40:00', 'SF-08-Flash', 'LARGE', '08FLSH01', '9 x 12 Presentation Folders - One Pocket (Right) w/ Flash Drive Holder');
INSERT INTO `qc_style` (`LAST_UPDATED_STAMP`, `LAST_UPDATED_TX_STAMP`, `CREATED_STAMP`, `CREATED_TX_STAMP`, `STYLE_ID`, `STYLE_GROUP_ID`, `STYLE_NAME`, `STYLE_DESCRIPTION`) VALUES ('2017-05-15 13:40:00', '2017-05-15 13:40:00', '2017-05-15 13:40:00', '2017-05-15 13:40:00', 'TPF-3834', 'LARGE', '3834', 'Name NOT AVAILABLE (9 x 12)');
INSERT INTO `qc_style` (`LAST_UPDATED_STAMP`, `LAST_UPDATED_TX_STAMP`, `CREATED_STAMP`, `CREATED_TX_STAMP`, `STYLE_ID`, `STYLE_GROUP_ID`, `STYLE_NAME`, `STYLE_DESCRIPTION`) VALUES ('2017-05-15 13:40:00', '2017-05-15 13:40:00', '2017-05-15 13:40:00', '2017-05-15 13:40:00', '3DF-113', 'LARGE', '3DF-113', '9 1/2 x 12 Presentation Folders - 3/8" Double Score Spine');
INSERT INTO `qc_style` (`LAST_UPDATED_STAMP`, `LAST_UPDATED_TX_STAMP`, `CREATED_STAMP`, `CREATED_TX_STAMP`, `STYLE_ID`, `STYLE_GROUP_ID`, `STYLE_NAME`, `STYLE_DESCRIPTION`) VALUES ('2017-05-15 13:40:00', '2017-05-15 13:40:00', '2017-05-15 13:40:00', '2017-05-15 13:40:00', 'FT-107', 'LARGE', 'FT-107', '9 x 12 Presentation Folders - File Tab on Pocket');
INSERT INTO `qc_style` (`LAST_UPDATED_STAMP`, `LAST_UPDATED_TX_STAMP`, `CREATED_STAMP`, `CREATED_TX_STAMP`, `STYLE_ID`, `STYLE_GROUP_ID`, `STYLE_NAME`, `STYLE_DESCRIPTION`) VALUES ('2017-05-15 13:40:00', '2017-05-15 13:40:00', '2017-05-15 13:40:00', '2017-05-15 13:40:00', 'RF-148', 'LARGE', 'RF-148', '9 x 12 Presentation Folders - Two Pockets w/ Tear Our Rotary Card');
INSERT INTO `qc_style` (`LAST_UPDATED_STAMP`, `LAST_UPDATED_TX_STAMP`, `CREATED_STAMP`, `CREATED_TX_STAMP`, `STYLE_ID`, `STYLE_GROUP_ID`, `STYLE_NAME`, `STYLE_DESCRIPTION`) VALUES ('2017-05-15 13:40:00', '2017-05-15 13:40:00', '2017-05-15 13:40:00', '2017-05-15 13:40:00', 'SF-102', 'LARGE', 'SF-102', '9 x 12 Presentation Folders - Standard Two Pocket w/ Front Cover Window');
INSERT INTO `qc_style` (`LAST_UPDATED_STAMP`, `LAST_UPDATED_TX_STAMP`, `CREATED_STAMP`, `CREATED_TX_STAMP`, `STYLE_ID`, `STYLE_GROUP_ID`, `STYLE_NAME`, `STYLE_DESCRIPTION`) VALUES ('2017-05-15 13:40:00', '2017-05-15 13:40:00', '2017-05-15 13:40:00', '2017-05-15 13:40:00', 'VS-104', 'LARGE', 'VS-104', '9 x 12 Presentation Folders - Curved Pockets');
INSERT INTO `qc_style` (`LAST_UPDATED_STAMP`, `LAST_UPDATED_TX_STAMP`, `CREATED_STAMP`, `CREATED_TX_STAMP`, `STYLE_ID`, `STYLE_GROUP_ID`, `STYLE_NAME`, `STYLE_DESCRIPTION`) VALUES ('2017-05-15 13:40:00', '2017-05-15 13:40:00', '2017-05-15 13:40:00', '2017-05-15 13:40:00', 'VS-105', 'LARGE', 'VS-105', '9 x 12 Presentation Folders - Angled Pockets');
INSERT INTO `qc_style` (`LAST_UPDATED_STAMP`, `LAST_UPDATED_TX_STAMP`, `CREATED_STAMP`, `CREATED_TX_STAMP`, `STYLE_ID`, `STYLE_GROUP_ID`, `STYLE_NAME`, `STYLE_DESCRIPTION`) VALUES ('2017-05-15 13:40:00', '2017-05-15 13:40:00', '2017-05-15 13:40:00', '2017-05-15 13:40:00', 'VS-112', 'LARGE', 'VS-112', '9 x 12 Presentation Folder - One Small Pocket and One Vertical Pocket');
INSERT INTO `qc_style` (`LAST_UPDATED_STAMP`, `LAST_UPDATED_TX_STAMP`, `CREATED_STAMP`, `CREATED_TX_STAMP`, `STYLE_ID`, `STYLE_GROUP_ID`, `STYLE_NAME`, `STYLE_DESCRIPTION`) VALUES ('2017-05-15 13:40:00', '2017-05-15 13:40:00', '2017-05-15 13:40:00', '2017-05-15 13:40:00', 'VS-114', 'LARGE', 'VS-114', '9 x 11 3/4 Presentation Folders - Landscape Orientation');
INSERT INTO `qc_style` (`LAST_UPDATED_STAMP`, `LAST_UPDATED_TX_STAMP`, `CREATED_STAMP`, `CREATED_TX_STAMP`, `STYLE_ID`, `STYLE_GROUP_ID`, `STYLE_NAME`, `STYLE_DESCRIPTION`) VALUES ('2017-05-15 13:40:00', '2017-05-15 13:40:00', '2017-05-15 13:40:00', '2017-05-15 13:40:00', 'VS-167', 'LARGE', 'VS-167', '9 x 11 3/4 Presentation Folders - Rounded Pockets');
INSERT INTO `qc_style` (`LAST_UPDATED_STAMP`, `LAST_UPDATED_TX_STAMP`, `CREATED_STAMP`, `CREATED_TX_STAMP`, `STYLE_ID`, `STYLE_GROUP_ID`, `STYLE_NAME`, `STYLE_DESCRIPTION`) VALUES ('2017-05-15 13:40:00', '2017-05-15 13:40:00', '2017-05-15 13:40:00', '2017-05-15 13:40:00', 'VS-175', 'LARGE', 'VS-175', 'Name NOT AVAILABLE (8 3/4 x 12)');
INSERT INTO `qc_style` (`LAST_UPDATED_STAMP`, `LAST_UPDATED_TX_STAMP`, `CREATED_STAMP`, `CREATED_TX_STAMP`, `STYLE_ID`, `STYLE_GROUP_ID`, `STYLE_NAME`, `STYLE_DESCRIPTION`) VALUES ('2017-05-15 13:40:00', '2017-05-15 13:40:00', '2017-05-15 13:40:00', '2017-05-15 13:40:00', 'SPDAT-FD-04515', 'LARGE', 'SPDAT-FD-04515', '9 x 12 Presentation Folders - One Pocket (Left) w/ Document Attachment Tab & 1/4" Double Scored Spine');
INSERT INTO `qc_style` (`LAST_UPDATED_STAMP`, `LAST_UPDATED_TX_STAMP`, `CREATED_STAMP`, `CREATED_TX_STAMP`, `STYLE_ID`, `STYLE_GROUP_ID`, `STYLE_NAME`, `STYLE_DESCRIPTION`) VALUES ('2017-05-15 13:40:00', '2017-05-15 13:40:00', '2017-05-15 13:40:00', '2017-05-15 13:40:00', 'SPDAT-FD-06521', 'LARGE', 'SPDAT-FD-06521', '9 x 12 Presentation Folders - One Pocket (Left) w/ Document Attachment Tab & 1" Double Scored Spine');
INSERT INTO `qc_style` (`LAST_UPDATED_STAMP`, `LAST_UPDATED_TX_STAMP`, `CREATED_STAMP`, `CREATED_TX_STAMP`, `STYLE_ID`, `STYLE_GROUP_ID`, `STYLE_NAME`, `STYLE_DESCRIPTION`) VALUES ('2017-05-15 13:40:00', '2017-05-15 13:40:00', '2017-05-15 13:40:00', '2017-05-15 13:40:00', 'SPDAT-FD-06684', 'LARGE', 'SPDAT-FD-06684', '9 x 12 Presentation Folders - One Pocket (Left) w/ Document Attachment Tab & 1/2" Double Scored Spine');

INSERT INTO `qc_style` (`LAST_UPDATED_STAMP`, `LAST_UPDATED_TX_STAMP`, `CREATED_STAMP`, `CREATED_TX_STAMP`, `STYLE_ID`, `STYLE_GROUP_ID`, `STYLE_NAME`, `STYLE_DESCRIPTION`) VALUES ('2017-05-15 13:40:00', '2017-05-15 13:40:00', '2017-05-15 13:40:00', '2017-05-15 13:40:00', '3DFE-2886', 'RE', '2886', '9 7/8 x 11 3/4 Name NOT AVAILABLE');
INSERT INTO `qc_style` (`LAST_UPDATED_STAMP`, `LAST_UPDATED_TX_STAMP`, `CREATED_STAMP`, `CREATED_TX_STAMP`, `STYLE_ID`, `STYLE_GROUP_ID`, `STYLE_NAME`, `STYLE_DESCRIPTION`) VALUES ('2017-05-15 13:40:00', '2017-05-15 13:40:00', '2017-05-15 13:40:00', '2017-05-15 13:40:00', 'RE-2911', 'RE', '2911', '9 1/2 x 11 3/4 Presentation Folders - Reinforced Edges w/ 1/4" Scored Spine');
INSERT INTO `qc_style` (`LAST_UPDATED_STAMP`, `LAST_UPDATED_TX_STAMP`, `CREATED_STAMP`, `CREATED_TX_STAMP`, `STYLE_ID`, `STYLE_GROUP_ID`, `STYLE_NAME`, `STYLE_DESCRIPTION`) VALUES ('2017-05-15 13:40:00', '2017-05-15 13:40:00', '2017-05-15 13:40:00', '2017-05-15 13:40:00', 'RECF-2965', 'RE', '2965', '9 1/2 x 12 CONFORMER® Folder - Reinforced Edges');
INSERT INTO `qc_style` (`LAST_UPDATED_STAMP`, `LAST_UPDATED_TX_STAMP`, `CREATED_STAMP`, `CREATED_TX_STAMP`, `STYLE_ID`, `STYLE_GROUP_ID`, `STYLE_NAME`, `STYLE_DESCRIPTION`) VALUES ('2017-05-15 13:40:00', '2017-05-15 13:40:00', '2017-05-15 13:40:00', '2017-05-15 13:40:00', 'RE-2971', 'RE', '2971', '9 1/2 x 11 3/4 Presentation Folders - Reinforced Edges');
INSERT INTO `qc_style` (`LAST_UPDATED_STAMP`, `LAST_UPDATED_TX_STAMP`, `CREATED_STAMP`, `CREATED_TX_STAMP`, `STYLE_ID`, `STYLE_GROUP_ID`, `STYLE_NAME`, `STYLE_DESCRIPTION`) VALUES ('2017-05-15 13:40:00', '2017-05-15 13:40:00', '2017-05-15 13:40:00', '2017-05-15 13:40:00', 'RE-2971-TOP', 'RE', '2971-TOP', '9 1/2 x 11 3/4 Name NOT AVAILABLE');
INSERT INTO `qc_style` (`LAST_UPDATED_STAMP`, `LAST_UPDATED_TX_STAMP`, `CREATED_STAMP`, `CREATED_TX_STAMP`, `STYLE_ID`, `STYLE_GROUP_ID`, `STYLE_NAME`, `STYLE_DESCRIPTION`) VALUES ('2017-05-15 13:40:00', '2017-05-15 13:40:00', '2017-05-15 13:40:00', '2017-05-15 13:40:00', 'RE-2972', 'RE', '2972', '9 1/2 x 11 3/4 Presentation Folders - Reinforced Edges w/ 1/2" Spine');
INSERT INTO `qc_style` (`LAST_UPDATED_STAMP`, `LAST_UPDATED_TX_STAMP`, `CREATED_STAMP`, `CREATED_TX_STAMP`, `STYLE_ID`, `STYLE_GROUP_ID`, `STYLE_NAME`, `STYLE_DESCRIPTION`) VALUES ('2017-05-15 13:40:00', '2017-05-15 13:40:00', '2017-05-15 13:40:00', '2017-05-15 13:40:00', 'RE-2974', 'RE', '2974', '9 x 12 Presentation Folders - Standard One Pocket (Right) w/ Reinforced Edges');
INSERT INTO `qc_style` (`LAST_UPDATED_STAMP`, `LAST_UPDATED_TX_STAMP`, `CREATED_STAMP`, `CREATED_TX_STAMP`, `STYLE_ID`, `STYLE_GROUP_ID`, `STYLE_NAME`, `STYLE_DESCRIPTION`) VALUES ('2017-05-15 13:40:00', '2017-05-15 13:40:00', '2017-05-15 13:40:00', '2017-05-15 13:40:00', 'FTRE-2975', 'RE', '2975', '9 3/4 x 11 3/4 Presentation Folders - Reinforced Edges w/ Full File Tab');
INSERT INTO `qc_style` (`LAST_UPDATED_STAMP`, `LAST_UPDATED_TX_STAMP`, `CREATED_STAMP`, `CREATED_TX_STAMP`, `STYLE_ID`, `STYLE_GROUP_ID`, `STYLE_NAME`, `STYLE_DESCRIPTION`) VALUES ('2017-05-15 13:40:00', '2017-05-15 13:40:00', '2017-05-15 13:40:00', '2017-05-15 13:40:00', 'FTRE-2976', 'RE', '2976', '9 3/4 x 11 3/4 Name NOT AVAILABLE');
INSERT INTO `qc_style` (`LAST_UPDATED_STAMP`, `LAST_UPDATED_TX_STAMP`, `CREATED_STAMP`, `CREATED_TX_STAMP`, `STYLE_ID`, `STYLE_GROUP_ID`, `STYLE_NAME`, `STYLE_DESCRIPTION`) VALUES ('2017-05-15 13:40:00', '2017-05-15 13:40:00', '2017-05-15 13:40:00', '2017-05-15 13:40:00', 'FTRE-2977', 'RE', '2977', '9 3/4 x 11 3/4 Name NOT AVAILABLE');
INSERT INTO `qc_style` (`LAST_UPDATED_STAMP`, `LAST_UPDATED_TX_STAMP`, `CREATED_STAMP`, `CREATED_TX_STAMP`, `STYLE_ID`, `STYLE_GROUP_ID`, `STYLE_NAME`, `STYLE_DESCRIPTION`) VALUES ('2017-05-15 13:40:00', '2017-05-15 13:40:00', '2017-05-15 13:40:00', '2017-05-15 13:40:00', 'RE-2978', 'RE', '2978', '9 1/2 x 11 3/4 School Folders - Continuous Pockets w/ 3 Hole Punch');
INSERT INTO `qc_style` (`LAST_UPDATED_STAMP`, `LAST_UPDATED_TX_STAMP`, `CREATED_STAMP`, `CREATED_TX_STAMP`, `STYLE_ID`, `STYLE_GROUP_ID`, `STYLE_NAME`, `STYLE_DESCRIPTION`) VALUES ('2017-05-15 13:40:00', '2017-05-15 13:40:00', '2017-05-15 13:40:00', '2017-05-15 13:40:00', 'RE-2988', 'RE', '2988', '9 1/2 x 11 3/4 Presentation Folders - Continuous Pocket w/ Reinforced Edges');
INSERT INTO `qc_style` (`LAST_UPDATED_STAMP`, `LAST_UPDATED_TX_STAMP`, `CREATED_STAMP`, `CREATED_TX_STAMP`, `STYLE_ID`, `STYLE_GROUP_ID`, `STYLE_NAME`, `STYLE_DESCRIPTION`) VALUES ('2017-05-15 13:40:00', '2017-05-15 13:40:00', '2017-05-15 13:40:00', '2017-05-15 13:40:00', '3DF-139', 'RE', '3DF-139', '10" x 11 3/4 Presentation Folders - 1/4" Expansion Pockets and 1" Reinforced Edges');
INSERT INTO `qc_style` (`LAST_UPDATED_STAMP`, `LAST_UPDATED_TX_STAMP`, `CREATED_STAMP`, `CREATED_TX_STAMP`, `STYLE_ID`, `STYLE_GROUP_ID`, `STYLE_NAME`, `STYLE_DESCRIPTION`) VALUES ('2017-05-15 13:40:00', '2017-05-15 13:40:00', '2017-05-15 13:40:00', '2017-05-15 13:40:00', '3DF-152', 'RE', '3DF-152', '10" x 11 3/4 Presentation Folders - 1/4" Expansion Right Pocket, Reinforced Edges, Scored Spine and File Tab');
INSERT INTO `qc_style` (`LAST_UPDATED_STAMP`, `LAST_UPDATED_TX_STAMP`, `CREATED_STAMP`, `CREATED_TX_STAMP`, `STYLE_ID`, `STYLE_GROUP_ID`, `STYLE_NAME`, `STYLE_DESCRIPTION`) VALUES ('2017-05-15 13:40:00', '2017-05-15 13:40:00', '2017-05-15 13:40:00', '2017-05-15 13:40:00', 'FT-130', 'RE', 'FT-130', '9 x 12 Presentation Folders - Full File Tab');
INSERT INTO `qc_style` (`LAST_UPDATED_STAMP`, `LAST_UPDATED_TX_STAMP`, `CREATED_STAMP`, `CREATED_TX_STAMP`, `STYLE_ID`, `STYLE_GROUP_ID`, `STYLE_NAME`, `STYLE_DESCRIPTION`) VALUES ('2017-05-15 13:40:00', '2017-05-15 13:40:00', '2017-05-15 13:40:00', '2017-05-15 13:40:00', 'SF-179', 'RE', 'SF-179', '9 1/2 x 11 3/4 Presentation Folders - Reinforced Edges');

INSERT INTO `qc_style` (`LAST_UPDATED_STAMP`, `LAST_UPDATED_TX_STAMP`, `CREATED_STAMP`, `CREATED_TX_STAMP`, `STYLE_ID`, `STYLE_GROUP_ID`, `STYLE_NAME`, `STYLE_DESCRIPTION`) VALUES ('2017-05-15 13:40:00', '2017-05-15 13:40:00', '2017-05-15 13:40:00', '2017-05-15 13:40:00', '3DF-0812', 'CAPACITY', '0812', '9 x 12 Name NOT AVAILABLE');
INSERT INTO `qc_style` (`LAST_UPDATED_STAMP`, `LAST_UPDATED_TX_STAMP`, `CREATED_STAMP`, `CREATED_TX_STAMP`, `STYLE_ID`, `STYLE_GROUP_ID`, `STYLE_NAME`, `STYLE_DESCRIPTION`) VALUES ('2017-05-15 13:40:00', '2017-05-15 13:40:00', '2017-05-15 13:40:00', '2017-05-15 13:40:00', 'CST-0836', 'CAPACITY', '0836', '9 1/2 x 12 CONFORMER® Folders - Tax Folder One Pocket (Left) w/ Optional Window');
INSERT INTO `qc_style` (`LAST_UPDATED_STAMP`, `LAST_UPDATED_TX_STAMP`, `CREATED_STAMP`, `CREATED_TX_STAMP`, `STYLE_ID`, `STYLE_GROUP_ID`, `STYLE_NAME`, `STYLE_DESCRIPTION`) VALUES ('2017-05-15 13:40:00', '2017-05-15 13:40:00', '2017-05-15 13:40:00', '2017-05-15 13:40:00', '3DF-0853', 'CAPACITY', '0853', '9 1/2 x 12 Presentation Folders - 1/4" Capacity Box Right Pocket and Double Score Spine');
INSERT INTO `qc_style` (`LAST_UPDATED_STAMP`, `LAST_UPDATED_TX_STAMP`, `CREATED_STAMP`, `CREATED_TX_STAMP`, `STYLE_ID`, `STYLE_GROUP_ID`, `STYLE_NAME`, `STYLE_DESCRIPTION`) VALUES ('2017-05-15 13:40:00', '2017-05-15 13:40:00', '2017-05-15 13:40:00', '2017-05-15 13:40:00', 'C-0865', 'CAPACITY', '0865', '9 1/2 x 12 CONFORMER® Folder - Standard Two Pocket');
INSERT INTO `qc_style` (`LAST_UPDATED_STAMP`, `LAST_UPDATED_TX_STAMP`, `CREATED_STAMP`, `CREATED_TX_STAMP`, `STYLE_ID`, `STYLE_GROUP_ID`, `STYLE_NAME`, `STYLE_DESCRIPTION`) VALUES ('2017-05-15 13:40:00', '2017-05-15 13:40:00', '2017-05-15 13:40:00', '2017-05-15 13:40:00', 'C-0866', 'CAPACITY', '0866', '9 1/2" x 12" CONFORMER® Folders - Two Pockets w/ Pen Holder');
INSERT INTO `qc_style` (`LAST_UPDATED_STAMP`, `LAST_UPDATED_TX_STAMP`, `CREATED_STAMP`, `CREATED_TX_STAMP`, `STYLE_ID`, `STYLE_GROUP_ID`, `STYLE_NAME`, `STYLE_DESCRIPTION`) VALUES ('2017-05-15 13:40:00', '2017-05-15 13:40:00', '2017-05-15 13:40:00', '2017-05-15 13:40:00', '3DE-2872', 'CAPACITY', '2872', '9 7/8 x 11 3/4 Name NOT AVAILABLE');
INSERT INTO `qc_style` (`LAST_UPDATED_STAMP`, `LAST_UPDATED_TX_STAMP`, `CREATED_STAMP`, `CREATED_TX_STAMP`, `STYLE_ID`, `STYLE_GROUP_ID`, `STYLE_NAME`, `STYLE_DESCRIPTION`) VALUES ('2017-05-15 13:40:00', '2017-05-15 13:40:00', '2017-05-15 13:40:00', '2017-05-15 13:40:00', '3DFE-2886', 'CAPACITY', '2886', '9 7/8 x 11 3/4 Name NOT AVAILABLE');
INSERT INTO `qc_style` (`LAST_UPDATED_STAMP`, `LAST_UPDATED_TX_STAMP`, `CREATED_STAMP`, `CREATED_TX_STAMP`, `STYLE_ID`, `STYLE_GROUP_ID`, `STYLE_NAME`, `STYLE_DESCRIPTION`) VALUES ('2017-05-15 13:40:00', '2017-05-15 13:40:00', '2017-05-15 13:40:00', '2017-05-15 13:40:00', '3DF-141', 'CAPACITY', '3DF-141', '9 1/2 x 12 Presentation Folders - 1/8" Capacity Box Pockets and Double Score Spine');
INSERT INTO `qc_style` (`LAST_UPDATED_STAMP`, `LAST_UPDATED_TX_STAMP`, `CREATED_STAMP`, `CREATED_TX_STAMP`, `STYLE_ID`, `STYLE_GROUP_ID`, `STYLE_NAME`, `STYLE_DESCRIPTION`) VALUES ('2017-05-15 13:40:00', '2017-05-15 13:40:00', '2017-05-15 13:40:00', '2017-05-15 13:40:00', '3DF-149', 'CAPACITY', '3DF-149', '9 1/2 x 12 Presentation Folders - 1/4" Capacity Box Pockets and Double Score Spine');
INSERT INTO `qc_style` (`LAST_UPDATED_STAMP`, `LAST_UPDATED_TX_STAMP`, `CREATED_STAMP`, `CREATED_TX_STAMP`, `STYLE_ID`, `STYLE_GROUP_ID`, `STYLE_NAME`, `STYLE_DESCRIPTION`) VALUES ('2017-05-15 13:40:00', '2017-05-15 13:40:00', '2017-05-15 13:40:00', '2017-05-15 13:40:00', 'VS-122', 'CAPACITY', 'VS-122', '8 3/4" x 11 3/4" Presentation Folder - One Vertical Pocket and One Round Box Pocket');

INSERT INTO `qc_style` (`LAST_UPDATED_STAMP`, `LAST_UPDATED_TX_STAMP`, `CREATED_STAMP`, `CREATED_TX_STAMP`, `STYLE_ID`, `STYLE_GROUP_ID`, `STYLE_NAME`, `STYLE_DESCRIPTION`) VALUES ('2017-05-15 13:40:00', '2017-05-15 13:40:00', '2017-05-15 13:40:00', '2017-05-15 13:40:00', 'LF-1401', 'LEGAL', '1401', '9 1/2 x 14 1/2 Legal Size Folders - Two Pocket w/ Rounded Corner');
INSERT INTO `qc_style` (`LAST_UPDATED_STAMP`, `LAST_UPDATED_TX_STAMP`, `CREATED_STAMP`, `CREATED_TX_STAMP`, `STYLE_ID`, `STYLE_GROUP_ID`, `STYLE_NAME`, `STYLE_DESCRIPTION`) VALUES ('2017-05-15 13:40:00', '2017-05-15 13:40:00', '2017-05-15 13:40:00', '2017-05-15 13:40:00', 'LF-1404', 'LEGAL', '1401', '9 1/2 x 14 1/2 Legal Size Folders - One Short Pocket & Rounded Corner');
INSERT INTO `qc_style` (`LAST_UPDATED_STAMP`, `LAST_UPDATED_TX_STAMP`, `CREATED_STAMP`, `CREATED_TX_STAMP`, `STYLE_ID`, `STYLE_GROUP_ID`, `STYLE_NAME`, `STYLE_DESCRIPTION`) VALUES ('2017-05-15 13:40:00', '2017-05-15 13:40:00', '2017-05-15 13:40:00', '2017-05-15 13:40:00', 'LST-1416', 'LEGAL', '1416', '9 x 14 1/4 Legal Size Folders - One Pocket w/ Fold Down Legal Tab');
INSERT INTO `qc_style` (`LAST_UPDATED_STAMP`, `LAST_UPDATED_TX_STAMP`, `CREATED_STAMP`, `CREATED_TX_STAMP`, `STYLE_ID`, `STYLE_GROUP_ID`, `STYLE_NAME`, `STYLE_DESCRIPTION`) VALUES ('2017-05-15 13:40:00', '2017-05-15 13:40:00', '2017-05-15 13:40:00', '2017-05-15 13:40:00', 'LF-1417', 'LEGAL', '1417', '9 1/2 x 14 1/2 Name NOT AVAILABLE');
INSERT INTO `qc_style` (`LAST_UPDATED_STAMP`, `LAST_UPDATED_TX_STAMP`, `CREATED_STAMP`, `CREATED_TX_STAMP`, `STYLE_ID`, `STYLE_GROUP_ID`, `STYLE_NAME`, `STYLE_DESCRIPTION`) VALUES ('2017-05-15 13:40:00', '2017-05-15 13:40:00', '2017-05-15 13:40:00', '2017-05-15 13:40:00', 'CL-1445', 'LEGAL', '1445', '9 1/2 x 14 1/2 Legal Size CONFORMER® Folders - Standard Two Pocket');
INSERT INTO `qc_style` (`LAST_UPDATED_STAMP`, `LAST_UPDATED_TX_STAMP`, `CREATED_STAMP`, `CREATED_TX_STAMP`, `STYLE_ID`, `STYLE_GROUP_ID`, `STYLE_NAME`, `STYLE_DESCRIPTION`) VALUES ('2017-05-15 13:40:00', '2017-05-15 13:40:00', '2017-05-15 13:40:00', '2017-05-15 13:40:00', 'CL1-1616', 'LEGAL', '1616', '13 7/8 x 15 Legal Size CONFORMER® Portfolio - One Pocket (15" x 10.25")');
INSERT INTO `qc_style` (`LAST_UPDATED_STAMP`, `LAST_UPDATED_TX_STAMP`, `CREATED_STAMP`, `CREATED_TX_STAMP`, `STYLE_ID`, `STYLE_GROUP_ID`, `STYLE_NAME`, `STYLE_DESCRIPTION`) VALUES ('2017-05-15 13:40:00', '2017-05-15 13:40:00', '2017-05-15 13:40:00', '2017-05-15 13:40:00', '3DLE-2813', 'LEGAL', '2813', '9 7/8 x 14 1/2 Legal Size Folders - Two Pocket w/ Expansion Pockets & Reinforced Edges');
INSERT INTO `qc_style` (`LAST_UPDATED_STAMP`, `LAST_UPDATED_TX_STAMP`, `CREATED_STAMP`, `CREATED_TX_STAMP`, `STYLE_ID`, `STYLE_GROUP_ID`, `STYLE_NAME`, `STYLE_DESCRIPTION`) VALUES ('2017-05-15 13:40:00', '2017-05-15 13:40:00', '2017-05-15 13:40:00', '2017-05-15 13:40:00', 'LFT-2983', 'LEGAL', '2983', '8 1/2 x 14 Legal Size Folders - Two Pocket w/ Full Length Tab');
INSERT INTO `qc_style` (`LAST_UPDATED_STAMP`, `LAST_UPDATED_TX_STAMP`, `CREATED_STAMP`, `CREATED_TX_STAMP`, `STYLE_ID`, `STYLE_GROUP_ID`, `STYLE_NAME`, `STYLE_DESCRIPTION`) VALUES ('2017-05-15 13:40:00', '2017-05-15 13:40:00', '2017-05-15 13:40:00', '2017-05-15 13:40:00', 'LF-118', 'LEGAL', 'LF-118', '9 x 14 1/2 Legal Size Folders - Standard Two Pocket');
INSERT INTO `qc_style` (`LAST_UPDATED_STAMP`, `LAST_UPDATED_TX_STAMP`, `CREATED_STAMP`, `CREATED_TX_STAMP`, `STYLE_ID`, `STYLE_GROUP_ID`, `STYLE_NAME`, `STYLE_DESCRIPTION`) VALUES ('2017-05-15 13:40:00', '2017-05-15 13:40:00', '2017-05-15 13:40:00', '2017-05-15 13:40:00', 'LHV-1457', 'LEGAL', 'LHV-1457', '9 1/2 x 14 1/2 Legal Size Folders - One Vertical Right Pocket and One Horizontal Pocket');
INSERT INTO `qc_style` (`LAST_UPDATED_STAMP`, `LAST_UPDATED_TX_STAMP`, `CREATED_STAMP`, `CREATED_TX_STAMP`, `STYLE_ID`, `STYLE_GROUP_ID`, `STYLE_NAME`, `STYLE_DESCRIPTION`) VALUES ('2017-05-15 13:40:00', '2017-05-15 13:40:00', '2017-05-15 13:40:00', '2017-05-15 13:40:00', '3DLF-168', 'LEGAL', '3DLF-168', '10 x 14 3/8 Legal Size Folders - Two Pocket w/ Expansion Pocket, Scored Spine & File Tab');

INSERT INTO `qc_style` (`LAST_UPDATED_STAMP`, `LAST_UPDATED_TX_STAMP`, `CREATED_STAMP`, `CREATED_TX_STAMP`, `STYLE_ID`, `STYLE_GROUP_ID`, `STYLE_NAME`, `STYLE_DESCRIPTION`) VALUES ('2017-05-15 13:40:00', '2017-05-15 13:40:00', '2017-05-15 13:40:00', '2017-05-15 13:40:00', 'HFTP-6831', 'TRIPANEL', '6831', '6 x 9 Small Presentation Folders - Tripanel w/ 3 Pockets');
INSERT INTO `qc_style` (`LAST_UPDATED_STAMP`, `LAST_UPDATED_TX_STAMP`, `CREATED_STAMP`, `CREATED_TX_STAMP`, `STYLE_ID`, `STYLE_GROUP_ID`, `STYLE_NAME`, `STYLE_DESCRIPTION`) VALUES ('2017-05-15 13:40:00', '2017-05-15 13:40:00', '2017-05-15 13:40:00', '2017-05-15 13:40:00', 'HFTP-6834', 'TRIPANEL', '6834', '6 x 9 Small Presentation Folders - Tripanel w/ One Pocket (Right)');
INSERT INTO `qc_style` (`LAST_UPDATED_STAMP`, `LAST_UPDATED_TX_STAMP`, `CREATED_STAMP`, `CREATED_TX_STAMP`, `STYLE_ID`, `STYLE_GROUP_ID`, `STYLE_NAME`, `STYLE_DESCRIPTION`) VALUES ('2017-05-15 13:40:00', '2017-05-15 13:40:00', '2017-05-15 13:40:00', '2017-05-15 13:40:00', 'TP-0807', 'TRIPANEL', '0807', '9 x 12 Presentation Folders - French Tripanel w/ One Pocket (Center)');
INSERT INTO `qc_style` (`LAST_UPDATED_STAMP`, `LAST_UPDATED_TX_STAMP`, `CREATED_STAMP`, `CREATED_TX_STAMP`, `STYLE_ID`, `STYLE_GROUP_ID`, `STYLE_NAME`, `STYLE_DESCRIPTION`) VALUES ('2017-05-15 13:40:00', '2017-05-15 13:40:00', '2017-05-15 13:40:00', '2017-05-15 13:40:00', 'SFIF-0808', 'TRIPANEL', '0808', '9 x 12 Presentation Folders - Tripanel Two Pocket w/ Info Flap');
INSERT INTO `qc_style` (`LAST_UPDATED_STAMP`, `LAST_UPDATED_TX_STAMP`, `CREATED_STAMP`, `CREATED_TX_STAMP`, `STYLE_ID`, `STYLE_GROUP_ID`, `STYLE_NAME`, `STYLE_DESCRIPTION`) VALUES ('2017-05-15 13:40:00', '2017-05-15 13:40:00', '2017-05-15 13:40:00', '2017-05-15 13:40:00', 'SFTF-0855', 'TRIPANEL', '0855', '9 x 12 Presentation Folders - Two Pocket w/ Tuck Tab Flap (Right)');
INSERT INTO `qc_style` (`LAST_UPDATED_STAMP`, `LAST_UPDATED_TX_STAMP`, `CREATED_STAMP`, `CREATED_TX_STAMP`, `STYLE_ID`, `STYLE_GROUP_ID`, `STYLE_NAME`, `STYLE_DESCRIPTION`) VALUES ('2017-05-15 13:40:00', '2017-05-15 13:40:00', '2017-05-15 13:40:00', '2017-05-15 13:40:00', 'SFTF-0856', 'TRIPANEL', '0856', '9 x 12 Presentation Folders - Two Pocket w/ Tuck Tab Flap (Left)');
INSERT INTO `qc_style` (`LAST_UPDATED_STAMP`, `LAST_UPDATED_TX_STAMP`, `CREATED_STAMP`, `CREATED_TX_STAMP`, `STYLE_ID`, `STYLE_GROUP_ID`, `STYLE_NAME`, `STYLE_DESCRIPTION`) VALUES ('2017-05-15 13:40:00', '2017-05-15 13:40:00', '2017-05-15 13:40:00', '2017-05-15 13:40:00', 'LFIF-1408', 'TRIPANEL', '1408', '9 1/2 x 14 1/2 Legal Size Folders - Two Pocket Tripanel w/ Info Flap');
INSERT INTO `qc_style` (`LAST_UPDATED_STAMP`, `LAST_UPDATED_TX_STAMP`, `CREATED_STAMP`, `CREATED_TX_STAMP`, `STYLE_ID`, `STYLE_GROUP_ID`, `STYLE_NAME`, `STYLE_DESCRIPTION`) VALUES ('2017-05-15 13:40:00', '2017-05-15 13:40:00', '2017-05-15 13:40:00', '2017-05-15 13:40:00', 'TPF-3801', 'TRIPANEL', '3801', '9 x 12 Presentation Folders - Three Pocket Tripanel');
INSERT INTO `qc_style` (`LAST_UPDATED_STAMP`, `LAST_UPDATED_TX_STAMP`, `CREATED_STAMP`, `CREATED_TX_STAMP`, `STYLE_ID`, `STYLE_GROUP_ID`, `STYLE_NAME`, `STYLE_DESCRIPTION`) VALUES ('2017-05-15 13:40:00', '2017-05-15 13:40:00', '2017-05-15 13:40:00', '2017-05-15 13:40:00', 'TPF-3803', 'TRIPANEL', '3803', '9 x 12 Presentation Folders - Tripanel w/ One Pocket (Center)');
INSERT INTO `qc_style` (`LAST_UPDATED_STAMP`, `LAST_UPDATED_TX_STAMP`, `CREATED_STAMP`, `CREATED_TX_STAMP`, `STYLE_ID`, `STYLE_GROUP_ID`, `STYLE_NAME`, `STYLE_DESCRIPTION`) VALUES ('2017-05-15 13:40:00', '2017-05-15 13:40:00', '2017-05-15 13:40:00', '2017-05-15 13:40:00', 'TPF-3804', 'TRIPANEL', '3804', '9 x 12 Presentation Folders - Tripanel w/ One Pocket (Right)');
INSERT INTO `qc_style` (`LAST_UPDATED_STAMP`, `LAST_UPDATED_TX_STAMP`, `CREATED_STAMP`, `CREATED_TX_STAMP`, `STYLE_ID`, `STYLE_GROUP_ID`, `STYLE_NAME`, `STYLE_DESCRIPTION`) VALUES ('2017-05-15 13:40:00', '2017-05-15 13:40:00', '2017-05-15 13:40:00', '2017-05-15 13:40:00', 'TPF-3805', 'TRIPANEL', '3805', '9 x 12 Presentation Folders - Center Tripanel w/ Two Pockets');
INSERT INTO `qc_style` (`LAST_UPDATED_STAMP`, `LAST_UPDATED_TX_STAMP`, `CREATED_STAMP`, `CREATED_TX_STAMP`, `STYLE_ID`, `STYLE_GROUP_ID`, `STYLE_NAME`, `STYLE_DESCRIPTION`) VALUES ('2017-05-15 13:40:00', '2017-05-15 13:40:00', '2017-05-15 13:40:00', '2017-05-15 13:40:00', 'TPF-3806', 'TRIPANEL', '3806', '9 x 12 Presentation Folders - Left Tripanel w/ Two Pockets');
INSERT INTO `qc_style` (`LAST_UPDATED_STAMP`, `LAST_UPDATED_TX_STAMP`, `CREATED_STAMP`, `CREATED_TX_STAMP`, `STYLE_ID`, `STYLE_GROUP_ID`, `STYLE_NAME`, `STYLE_DESCRIPTION`) VALUES ('2017-05-15 13:40:00', '2017-05-15 13:40:00', '2017-05-15 13:40:00', '2017-05-15 13:40:00', 'TPF-3807', 'TRIPANEL', '3807', '9 x 12 Presentation Folders - Right Tripanel w/ Two Pockets');
INSERT INTO `qc_style` (`LAST_UPDATED_STAMP`, `LAST_UPDATED_TX_STAMP`, `CREATED_STAMP`, `CREATED_TX_STAMP`, `STYLE_ID`, `STYLE_GROUP_ID`, `STYLE_NAME`, `STYLE_DESCRIPTION`) VALUES ('2017-05-15 13:40:00', '2017-05-15 13:40:00', '2017-05-15 13:40:00', '2017-05-15 13:40:00', 'TPF-3808', 'TRIPANEL', '3808', '9 x 12 Presentation Folders - Three Pocket Tripanel w/ Curved Pockets');
INSERT INTO `qc_style` (`LAST_UPDATED_STAMP`, `LAST_UPDATED_TX_STAMP`, `CREATED_STAMP`, `CREATED_TX_STAMP`, `STYLE_ID`, `STYLE_GROUP_ID`, `STYLE_NAME`, `STYLE_DESCRIPTION`) VALUES ('2017-05-15 13:40:00', '2017-05-15 13:40:00', '2017-05-15 13:40:00', '2017-05-15 13:40:00', 'TPF-3832', 'TRIPANEL', '3832', '9 1/2 x 12 1/2 Presentation Folders - Three Pocket Tripanel w/ Small Left Panel');
INSERT INTO `qc_style` (`LAST_UPDATED_STAMP`, `LAST_UPDATED_TX_STAMP`, `CREATED_STAMP`, `CREATED_TX_STAMP`, `STYLE_ID`, `STYLE_GROUP_ID`, `STYLE_NAME`, `STYLE_DESCRIPTION`) VALUES ('2017-05-15 13:40:00', '2017-05-15 13:40:00', '2017-05-15 13:40:00', '2017-05-15 13:40:00', 'TPF-3833', 'TRIPANEL', '3833', '9 1/2 x 12 1/2 Presentation Folders - Three Pocket Tripanel w/ Small Right Panel');
INSERT INTO `qc_style` (`LAST_UPDATED_STAMP`, `LAST_UPDATED_TX_STAMP`, `CREATED_STAMP`, `CREATED_TX_STAMP`, `STYLE_ID`, `STYLE_GROUP_ID`, `STYLE_NAME`, `STYLE_DESCRIPTION`) VALUES ('2017-05-15 13:40:00', '2017-05-15 13:40:00', '2017-05-15 13:40:00', '2017-05-15 13:40:00', 'TPF-3851', 'TRIPANEL', '3851', '9 x 12 Name NOT AVAILABLE');
INSERT INTO `qc_style` (`LAST_UPDATED_STAMP`, `LAST_UPDATED_TX_STAMP`, `CREATED_STAMP`, `CREATED_TX_STAMP`, `STYLE_ID`, `STYLE_GROUP_ID`, `STYLE_NAME`, `STYLE_DESCRIPTION`) VALUES ('2017-05-15 13:40:00', '2017-05-15 13:40:00', '2017-05-15 13:40:00', '2017-05-15 13:40:00', '3DF-143', 'TRIPANEL', '3DF-143', '9 x 12 Presentation Folders - Three Pocket Tripanel w/ Capacity Pockets and Double Scored Spine');
INSERT INTO `qc_style` (`LAST_UPDATED_STAMP`, `LAST_UPDATED_TX_STAMP`, `CREATED_STAMP`, `CREATED_TX_STAMP`, `STYLE_ID`, `STYLE_GROUP_ID`, `STYLE_NAME`, `STYLE_DESCRIPTION`) VALUES ('2017-05-15 13:40:00', '2017-05-15 13:40:00', '2017-05-15 13:40:00', '2017-05-15 13:40:00', 'BBF-3852', 'TRIPANEL', 'BBF-3852', '8 3/4" x 11 1/4" Package Folders w/ Belly Band');
INSERT INTO `qc_style` (`LAST_UPDATED_STAMP`, `LAST_UPDATED_TX_STAMP`, `CREATED_STAMP`, `CREATED_TX_STAMP`, `STYLE_ID`, `STYLE_GROUP_ID`, `STYLE_NAME`, `STYLE_DESCRIPTION`) VALUES ('2017-05-15 13:40:00', '2017-05-15 13:40:00', '2017-05-15 13:40:00', '2017-05-15 13:40:00', 'TP-109', 'TRIPANEL', 'TP-109', '9 x 12 Name NOT AVAILABLE');
INSERT INTO `qc_style` (`LAST_UPDATED_STAMP`, `LAST_UPDATED_TX_STAMP`, `CREATED_STAMP`, `CREATED_TX_STAMP`, `STYLE_ID`, `STYLE_GROUP_ID`, `STYLE_NAME`, `STYLE_DESCRIPTION`) VALUES ('2017-05-15 13:40:00', '2017-05-15 13:40:00', '2017-05-15 13:40:00', '2017-05-15 13:40:00', 'TP-116', 'TRIPANEL', 'TP-116', '9 x 12 Name NOT AVAILABLE');
INSERT INTO `qc_style` (`LAST_UPDATED_STAMP`, `LAST_UPDATED_TX_STAMP`, `CREATED_STAMP`, `CREATED_TX_STAMP`, `STYLE_ID`, `STYLE_GROUP_ID`, `STYLE_NAME`, `STYLE_DESCRIPTION`) VALUES ('2017-05-15 13:40:00', '2017-05-15 13:40:00', '2017-05-15 13:40:00', '2017-05-15 13:40:00', 'TP-117', 'TRIPANEL', 'TP-117', '9 x 12 Presentation Folders - French Three Pocket Tripanel');
INSERT INTO `qc_style` (`LAST_UPDATED_STAMP`, `LAST_UPDATED_TX_STAMP`, `CREATED_STAMP`, `CREATED_TX_STAMP`, `STYLE_ID`, `STYLE_GROUP_ID`, `STYLE_NAME`, `STYLE_DESCRIPTION`) VALUES ('2017-05-15 13:40:00', '2017-05-15 13:40:00', '2017-05-15 13:40:00', '2017-05-15 13:40:00', 'TP-119', 'TRIPANEL', 'TP-119', '9 3/16 x 12 Presentation Folders - Three Pocket Tripanel w/ One Vertical Pocket');
INSERT INTO `qc_style` (`LAST_UPDATED_STAMP`, `LAST_UPDATED_TX_STAMP`, `CREATED_STAMP`, `CREATED_TX_STAMP`, `STYLE_ID`, `STYLE_GROUP_ID`, `STYLE_NAME`, `STYLE_DESCRIPTION`) VALUES ('2017-05-15 13:40:00', '2017-05-15 13:40:00', '2017-05-15 13:40:00', '2017-05-15 13:40:00', 'TP-172', 'TRIPANEL', 'TP-172', '9 x 12 Presentation Folders - Tripanel w/ One Curved Pocket (Right)');

INSERT INTO `qc_style` (`LAST_UPDATED_STAMP`, `LAST_UPDATED_TX_STAMP`, `CREATED_STAMP`, `CREATED_TX_STAMP`, `STYLE_ID`, `STYLE_GROUP_ID`, `STYLE_NAME`, `STYLE_DESCRIPTION`) VALUES ('2017-05-15 13:40:00', '2017-05-15 13:40:00', '2017-05-15 13:40:00', '2017-05-15 13:40:00', 'CHCEP-0910', 'CERTIFICATE', '0910 Portrait', '9 1/2 x 12 Certificate Holder - Portfolio Style w/ Portrait Orientation');
INSERT INTO `qc_style` (`LAST_UPDATED_STAMP`, `LAST_UPDATED_TX_STAMP`, `CREATED_STAMP`, `CREATED_TX_STAMP`, `STYLE_ID`, `STYLE_GROUP_ID`, `STYLE_NAME`, `STYLE_DESCRIPTION`) VALUES ('2017-05-15 13:40:00', '2017-05-15 13:40:00', '2017-05-15 13:40:00', '2017-05-15 13:40:00', 'CHCEL-0910', 'CERTIFICATE', '0910 Landscape', '12 x 9 7/16 Certificate Holder - Portfolio Style w/ Landscape Orientation');
INSERT INTO `qc_style` (`LAST_UPDATED_STAMP`, `LAST_UPDATED_TX_STAMP`, `CREATED_STAMP`, `CREATED_TX_STAMP`, `STYLE_ID`, `STYLE_GROUP_ID`, `STYLE_NAME`, `STYLE_DESCRIPTION`) VALUES ('2017-05-15 13:40:00', '2017-05-15 13:40:00', '2017-05-15 13:40:00', '2017-05-15 13:40:00', 'CHERP-0911', 'CERTIFICATE', '0911 Portrait', '9 x 12 Economy Certificate Holder - Portrait Orientation w/ Rounded Corners');
INSERT INTO `qc_style` (`LAST_UPDATED_STAMP`, `LAST_UPDATED_TX_STAMP`, `CREATED_STAMP`, `CREATED_TX_STAMP`, `STYLE_ID`, `STYLE_GROUP_ID`, `STYLE_NAME`, `STYLE_DESCRIPTION`) VALUES ('2017-05-15 13:40:00', '2017-05-15 13:40:00', '2017-05-15 13:40:00', '2017-05-15 13:40:00', 'CHERL-0911', 'CERTIFICATE', '0911 Landscape', '9 x 12 Economy Certificate Holder - Landscape Orientation w/ Rounded Corners');
INSERT INTO `qc_style` (`LAST_UPDATED_STAMP`, `LAST_UPDATED_TX_STAMP`, `CREATED_STAMP`, `CREATED_TX_STAMP`, `STYLE_ID`, `STYLE_GROUP_ID`, `STYLE_NAME`, `STYLE_DESCRIPTION`) VALUES ('2017-05-15 13:40:00', '2017-05-15 13:40:00', '2017-05-15 13:40:00', '2017-05-15 13:40:00', 'CHFP-0916', 'CERTIFICATE', '0916 Portrait', '9 1/2 x 12 Certificate Holder - Portrait Orientation w/ Fold Notch');
INSERT INTO `qc_style` (`LAST_UPDATED_STAMP`, `LAST_UPDATED_TX_STAMP`, `CREATED_STAMP`, `CREATED_TX_STAMP`, `STYLE_ID`, `STYLE_GROUP_ID`, `STYLE_NAME`, `STYLE_DESCRIPTION`) VALUES ('2017-05-15 13:40:00', '2017-05-15 13:40:00', '2017-05-15 13:40:00', '2017-05-15 13:40:00', 'CHFL-0916', 'CERTIFICATE', '0916 Landscape', '12 x 9 1/2 Certificate Holder - Landscape Orientation w/ Fold Notch');
INSERT INTO `qc_style` (`LAST_UPDATED_STAMP`, `LAST_UPDATED_TX_STAMP`, `CREATED_STAMP`, `CREATED_TX_STAMP`, `STYLE_ID`, `STYLE_GROUP_ID`, `STYLE_NAME`, `STYLE_DESCRIPTION`) VALUES ('2017-05-15 13:40:00', '2017-05-15 13:40:00', '2017-05-15 13:40:00', '2017-05-15 13:40:00', 'CHEP-183', 'CERTIFICATE', 'CHE-183 Portrait', '9 3/8 x 12 Economy Certificate Holder - Portrait Orientation (Vertical)');
INSERT INTO `qc_style` (`LAST_UPDATED_STAMP`, `LAST_UPDATED_TX_STAMP`, `CREATED_STAMP`, `CREATED_TX_STAMP`, `STYLE_ID`, `STYLE_GROUP_ID`, `STYLE_NAME`, `STYLE_DESCRIPTION`) VALUES ('2017-05-15 13:40:00', '2017-05-15 13:40:00', '2017-05-15 13:40:00', '2017-05-15 13:40:00', 'CHEL-183', 'CERTIFICATE', 'CHE-183 Landscape', '12 x 9 3/8 Economy Certificate Holder - Landscape Orientation (Horizontal)');
INSERT INTO `qc_style` (`LAST_UPDATED_STAMP`, `LAST_UPDATED_TX_STAMP`, `CREATED_STAMP`, `CREATED_TX_STAMP`, `STYLE_ID`, `STYLE_GROUP_ID`, `STYLE_NAME`, `STYLE_DESCRIPTION`) VALUES ('2017-05-15 13:40:00', '2017-05-15 13:40:00', '2017-05-15 13:40:00', '2017-05-15 13:40:00', 'CHEP-185', 'CERTIFICATE', 'CHE-185 Portrait', '9 1/2 x 12 Economy Certificate Holder - Portrait Orientation (Vertical)');
INSERT INTO `qc_style` (`LAST_UPDATED_STAMP`, `LAST_UPDATED_TX_STAMP`, `CREATED_STAMP`, `CREATED_TX_STAMP`, `STYLE_ID`, `STYLE_GROUP_ID`, `STYLE_NAME`, `STYLE_DESCRIPTION`) VALUES ('2017-05-15 13:40:00', '2017-05-15 13:40:00', '2017-05-15 13:40:00', '2017-05-15 13:40:00', 'CHEL-185', 'CERTIFICATE', 'CHE-185 Landscape', '12 x 9 1/2 Economy Certificate Holder - Landscape Orientation (Horizontal)');
INSERT INTO `qc_style` (`LAST_UPDATED_STAMP`, `LAST_UPDATED_TX_STAMP`, `CREATED_STAMP`, `CREATED_TX_STAMP`, `STYLE_ID`, `STYLE_GROUP_ID`, `STYLE_NAME`, `STYLE_DESCRIPTION`) VALUES ('2017-05-15 13:40:00', '2017-05-15 13:40:00', '2017-05-15 13:40:00', '2017-05-15 13:40:00', 'CHEP-186', 'CERTIFICATE', 'CHE-186 Portrait', '9 1/2 x 12 1/4 Certificate Holder - Portrait Orientation w/ Mounting Board (Horizontal)');
INSERT INTO `qc_style` (`LAST_UPDATED_STAMP`, `LAST_UPDATED_TX_STAMP`, `CREATED_STAMP`, `CREATED_TX_STAMP`, `STYLE_ID`, `STYLE_GROUP_ID`, `STYLE_NAME`, `STYLE_DESCRIPTION`) VALUES ('2017-05-15 13:40:00', '2017-05-15 13:40:00', '2017-05-15 13:40:00', '2017-05-15 13:40:00', 'CHEL-186', 'CERTIFICATE', 'CHE-186 Landscape', '12 1/4 x 9 1/2 Certificate Holder - Landscape Orientation w/ Mounting Board (Vertical)');
INSERT INTO `qc_style` (`LAST_UPDATED_STAMP`, `LAST_UPDATED_TX_STAMP`, `CREATED_STAMP`, `CREATED_TX_STAMP`, `STYLE_ID`, `STYLE_GROUP_ID`, `STYLE_NAME`, `STYLE_DESCRIPTION`) VALUES ('2017-05-15 13:40:00', '2017-05-15 13:40:00', '2017-05-15 13:40:00', '2017-05-15 13:40:00', 'CHEP-188', 'CERTIFICATE', 'CHE-188', '9 1/2 x 12 Certificate Holder - Portrait Orientation w/ One Pocket');
INSERT INTO `qc_style` (`LAST_UPDATED_STAMP`, `LAST_UPDATED_TX_STAMP`, `CREATED_STAMP`, `CREATED_TX_STAMP`, `STYLE_ID`, `STYLE_GROUP_ID`, `STYLE_NAME`, `STYLE_DESCRIPTION`) VALUES ('2017-05-15 13:40:00', '2017-05-15 13:40:00', '2017-05-15 13:40:00', '2017-05-15 13:40:00', 'CHEL-189', 'CERTIFICATE', 'CHE-189', '12 x 9 Certificate Holder - Landscape Orientation w/ One Pocket');

INSERT INTO `qc_style` (`LAST_UPDATED_STAMP`, `LAST_UPDATED_TX_STAMP`, `CREATED_STAMP`, `CREATED_TX_STAMP`, `STYLE_ID`, `STYLE_GROUP_ID`, `STYLE_NAME`, `STYLE_DESCRIPTION`) VALUES ('2017-05-15 13:40:00', '2017-05-15 13:40:00', '2017-05-15 13:40:00', '2017-05-15 13:40:00', 'AFF-0924-001', 'FILE', '0924-001', 'File Folder - Standard w/ Left Tab (11 3/4" x 9 1/2")');
INSERT INTO `qc_style` (`LAST_UPDATED_STAMP`, `LAST_UPDATED_TX_STAMP`, `CREATED_STAMP`, `CREATED_TX_STAMP`, `STYLE_ID`, `STYLE_GROUP_ID`, `STYLE_NAME`, `STYLE_DESCRIPTION`) VALUES ('2017-05-15 13:40:00', '2017-05-15 13:40:00', '2017-05-15 13:40:00', '2017-05-15 13:40:00', 'AFF-0924-002', 'FILE', '0924-002', 'File Folder - Standard w/ Center Tab (11 3/4" x 9 1/2")');
INSERT INTO `qc_style` (`LAST_UPDATED_STAMP`, `LAST_UPDATED_TX_STAMP`, `CREATED_STAMP`, `CREATED_TX_STAMP`, `STYLE_ID`, `STYLE_GROUP_ID`, `STYLE_NAME`, `STYLE_DESCRIPTION`) VALUES ('2017-05-15 13:40:00', '2017-05-15 13:40:00', '2017-05-15 13:40:00', '2017-05-15 13:40:00', 'AFF-0924-003', 'FILE', '0924-003', 'File Folder - Standard w/ Right Tab (11 3/4" x 9 1/2")');
INSERT INTO `qc_style` (`LAST_UPDATED_STAMP`, `LAST_UPDATED_TX_STAMP`, `CREATED_STAMP`, `CREATED_TX_STAMP`, `STYLE_ID`, `STYLE_GROUP_ID`, `STYLE_NAME`, `STYLE_DESCRIPTION`) VALUES ('2017-05-15 13:40:00', '2017-05-15 13:40:00', '2017-05-15 13:40:00', '2017-05-15 13:40:00', 'AFF-0925-001', 'FILE', '0925-001', 'File Folder - Legal Size w/ Left Tab (14 3/4" x 9 1/2")');
INSERT INTO `qc_style` (`LAST_UPDATED_STAMP`, `LAST_UPDATED_TX_STAMP`, `CREATED_STAMP`, `CREATED_TX_STAMP`, `STYLE_ID`, `STYLE_GROUP_ID`, `STYLE_NAME`, `STYLE_DESCRIPTION`) VALUES ('2017-05-15 13:40:00', '2017-05-15 13:40:00', '2017-05-15 13:40:00', '2017-05-15 13:40:00', 'AFF-0925-002', 'FILE', '0925-002', 'File Folder - Legal Size w/ Center Tab (14 3/4" x 9 1/2")');
INSERT INTO `qc_style` (`LAST_UPDATED_STAMP`, `LAST_UPDATED_TX_STAMP`, `CREATED_STAMP`, `CREATED_TX_STAMP`, `STYLE_ID`, `STYLE_GROUP_ID`, `STYLE_NAME`, `STYLE_DESCRIPTION`) VALUES ('2017-05-15 13:40:00', '2017-05-15 13:40:00', '2017-05-15 13:40:00', '2017-05-15 13:40:00', 'AFF-0925-003', 'FILE', '0925-003', 'File Folder - Legal Size w/ Right Tab (14 3/4" x 9 1/2")');
INSERT INTO `qc_style` (`LAST_UPDATED_STAMP`, `LAST_UPDATED_TX_STAMP`, `CREATED_STAMP`, `CREATED_TX_STAMP`, `STYLE_ID`, `STYLE_GROUP_ID`, `STYLE_NAME`, `STYLE_DESCRIPTION`) VALUES ('2017-05-15 13:40:00', '2017-05-15 13:40:00', '2017-05-15 13:40:00', '2017-05-15 13:40:00', 'FJ-1603', 'FILE', '1603', 'File Folder - Standard (11 3/4" x 9 1/2")');




INSERT INTO `qc_attribute_type` (`ATTRIBUTE_TYPE_ID`, `ATTRIBUTE_TYPE_NAME`, `LAST_UPDATED_STAMP`, `LAST_UPDATED_TX_STAMP`, `CREATED_STAMP`, `CREATED_TX_STAMP`) VALUES ('BASE_PRICE', 'Base Price', '2017-05-15 13:40:00', '2017-05-15 13:40:00', '2017-05-15 13:40:00', '2017-05-15 13:40:00');
INSERT INTO `qc_attribute_type` (`ATTRIBUTE_TYPE_ID`, `ATTRIBUTE_TYPE_NAME`, `LAST_UPDATED_STAMP`, `LAST_UPDATED_TX_STAMP`, `CREATED_STAMP`, `CREATED_TX_STAMP`) VALUES ('COMMON_ADD_ON_PRICE', 'Common Add-on Price', '2017-05-15 13:40:00', '2017-05-15 13:40:00', '2017-05-15 13:40:00', '2017-05-15 13:40:00');
INSERT INTO `qc_attribute_type` (`ATTRIBUTE_TYPE_ID`, `ATTRIBUTE_TYPE_NAME`, `LAST_UPDATED_STAMP`, `LAST_UPDATED_TX_STAMP`, `CREATED_STAMP`, `CREATED_TX_STAMP`) VALUES ('CATEGORY_ADD_ON_PRICE', 'Category Add-on Price', '2017-05-15 13:40:00', '2017-05-15 13:40:00', '2017-05-15 13:40:00', '2017-05-15 13:40:00');
INSERT INTO `qc_attribute_type` (`ATTRIBUTE_TYPE_ID`, `ATTRIBUTE_TYPE_NAME`, `LAST_UPDATED_STAMP`, `LAST_UPDATED_TX_STAMP`, `CREATED_STAMP`, `CREATED_TX_STAMP`) VALUES ('STYLE_ADD_ON_PRICE', 'Style Add-on Price', '2017-05-15 13:40:00', '2017-05-15 13:40:00', '2017-05-15 13:40:00', '2017-05-15 13:40:00');


INSERT INTO `qc_attribute` (`ATTRIBUTE_ID`, `ATTRIBUTE_NAME`, `ATTRIBUTE_LABEL`, `ATTRIBUTE_DESCRIPTION`, `ATTRIBUTE_TYPE_ID`, `SEQUENCE_NUM`, `LAST_UPDATED_STAMP`, `LAST_UPDATED_TX_STAMP`, `CREATED_STAMP`, `CREATED_TX_STAMP`) VALUES ('PRINT_1C', 'One Color Printing', 'Print - One PMS Color', 'One PMS Color Printing Price', 'BASE_PRICE', '0', '2017-05-15 13:40:00', '2017-05-15 13:40:00', '2017-05-15 13:40:00', '2017-05-15 13:40:00');
INSERT INTO `qc_attribute` (`ATTRIBUTE_ID`, `ATTRIBUTE_NAME`, `ATTRIBUTE_LABEL`, `ATTRIBUTE_DESCRIPTION`, `ATTRIBUTE_TYPE_ID`, `SEQUENCE_NUM`, `LAST_UPDATED_STAMP`, `LAST_UPDATED_TX_STAMP`, `CREATED_STAMP`, `CREATED_TX_STAMP`) VALUES ('PRINT_4C', 'Four Color Printing', 'Four Color Process', 'Four Color Printing Price', 'BASE_PRICE', '1', '2017-05-15 13:40:00', '2017-05-15 13:40:00', '2017-05-15 13:40:00', '2017-05-15 13:40:00');
INSERT INTO `qc_attribute` (`ATTRIBUTE_ID`, `ATTRIBUTE_NAME`, `ATTRIBUTE_LABEL`, `ATTRIBUTE_DESCRIPTION`, `ATTRIBUTE_TYPE_ID`, `SEQUENCE_NUM`, `LAST_UPDATED_STAMP`, `LAST_UPDATED_TX_STAMP`, `CREATED_STAMP`, `CREATED_TX_STAMP`) VALUES ('FOIL_STAMP_BASE', 'Foil Stamping', 'Foil Stamp', 'Foil Stamping Only Base Price', 'BASE_PRICE', '2', '2017-05-15 13:40:00', '2017-05-15 13:40:00', '2017-05-15 13:40:00', '2017-05-15 13:40:00');
INSERT INTO `qc_attribute` (`ATTRIBUTE_ID`, `ATTRIBUTE_NAME`, `ATTRIBUTE_LABEL`, `ATTRIBUTE_DESCRIPTION`, `ATTRIBUTE_TYPE_ID`, `SEQUENCE_NUM`, `LAST_UPDATED_STAMP`, `LAST_UPDATED_TX_STAMP`, `CREATED_STAMP`, `CREATED_TX_STAMP`) VALUES ('EMBOSS_BASE', 'Embossing', 'Embossing', 'Embossing Only Base Price', 'BASE_PRICE', '3', '2017-05-15 13:40:00', '2017-05-15 13:40:00', '2017-05-15 13:40:00', '2017-05-15 13:40:00');
INSERT INTO `qc_attribute` (`ATTRIBUTE_ID`, `ATTRIBUTE_NAME`, `ATTRIBUTE_LABEL`, `ATTRIBUTE_DESCRIPTION`, `ATTRIBUTE_TYPE_ID`, `SEQUENCE_NUM`, `LAST_UPDATED_STAMP`, `LAST_UPDATED_TX_STAMP`, `CREATED_STAMP`, `CREATED_TX_STAMP`) VALUES ('ADDITIONAL_COLOR_PER_SIDE', 'Additional Color Per Side', 'Additional PMS (per side)', 'Additional PMS Color Add-on Price per Side', 'CATEGORY_ADD_ON_PRICE', '4', '2017-05-15 13:40:00', '2017-05-15 13:40:00', '2017-05-15 13:40:00', '2017-05-15 13:40:00');
INSERT INTO `qc_attribute` (`ATTRIBUTE_ID`, `ATTRIBUTE_NAME`, `ATTRIBUTE_LABEL`, `ATTRIBUTE_DESCRIPTION`, `ATTRIBUTE_TYPE_ID`, `SEQUENCE_NUM`, `LAST_UPDATED_STAMP`, `LAST_UPDATED_TX_STAMP`, `CREATED_STAMP`, `CREATED_TX_STAMP`) VALUES ('HEAVY_COVERAGE_PER_SIDE', 'Heavy Coverage Per Side', 'Heavy Coverage (per side)', 'Heavy Ink Coverage Add-on Price per Side', 'CATEGORY_ADD_ON_PRICE', '5', '2017-05-15 13:40:00', '2017-05-15 13:40:00', '2017-05-15 13:40:00', '2017-05-15 13:40:00');
INSERT INTO `qc_attribute` (`ATTRIBUTE_ID`, `ATTRIBUTE_NAME`, `ATTRIBUTE_LABEL`, `ATTRIBUTE_DESCRIPTION`, `ATTRIBUTE_TYPE_ID`, `SEQUENCE_NUM`, `LAST_UPDATED_STAMP`, `LAST_UPDATED_TX_STAMP`, `CREATED_STAMP`, `CREATED_TX_STAMP`) VALUES ('PRINT_4C_2ND_SIDE', 'Four Color Printing 2nd Side', 'Four Color Process (2nd side)', 'Four Color Process Add-on Price for 2nd Side', 'CATEGORY_ADD_ON_PRICE', '6', '2017-05-15 13:40:00', '2017-05-15 13:40:00', '2017-05-15 13:40:00', '2017-05-15 13:40:00');
INSERT INTO `qc_attribute` (`ATTRIBUTE_ID`, `ATTRIBUTE_NAME`, `ATTRIBUTE_LABEL`, `ATTRIBUTE_DESCRIPTION`, `ATTRIBUTE_TYPE_ID`, `SEQUENCE_NUM`, `LAST_UPDATED_STAMP`, `LAST_UPDATED_TX_STAMP`, `CREATED_STAMP`, `CREATED_TX_STAMP`) VALUES ('FOIL_STAMP_RUN_ADD_ON', 'Foil Stamp Run', 'Foil Stamp Run', 'Adding Foil Stamping to Print Base or Adding Additional Foil Stamp Run to Foil Stamping', 'COMMON_ADD_ON_PRICE', '7', '2017-05-15 13:40:00', '2017-05-15 13:40:00', '2017-05-15 13:40:00', '2017-05-15 13:40:00');
INSERT INTO `qc_attribute` (`ATTRIBUTE_ID`, `ATTRIBUTE_NAME`, `ATTRIBUTE_LABEL`, `ATTRIBUTE_DESCRIPTION`, `ATTRIBUTE_TYPE_ID`, `SEQUENCE_NUM`, `LAST_UPDATED_STAMP`, `LAST_UPDATED_TX_STAMP`, `CREATED_STAMP`, `CREATED_TX_STAMP`) VALUES ('FOIL_STAMP_IMAGE_ADD_ON', 'Foil Stamp Image', 'Foil Stamp Image', 'Adding Additional Image Area to a Foil Stamp Run', 'COMMON_ADD_ON_PRICE', '8', '2017-05-15 13:40:00', '2017-05-15 13:40:00', '2017-05-15 13:40:00', '2017-05-15 13:40:00');
INSERT INTO `qc_attribute` (`ATTRIBUTE_ID`, `ATTRIBUTE_NAME`, `ATTRIBUTE_LABEL`, `ATTRIBUTE_DESCRIPTION`, `ATTRIBUTE_TYPE_ID`, `SEQUENCE_NUM`, `LAST_UPDATED_STAMP`, `LAST_UPDATED_TX_STAMP`, `CREATED_STAMP`, `CREATED_TX_STAMP`) VALUES ('EMBOSS_RUN_ADD_ON', 'Emboss Run', 'Emboss Run', 'Adding Embossing to Print Base or Adding Embossing to Foil Stamp Base or Adding Additional Embossing Run to Embossing', 'COMMON_ADD_ON_PRICE', '9', '2017-05-15 13:40:00', '2017-05-15 13:40:00', '2017-05-15 13:40:00', '2017-05-15 13:40:00');
INSERT INTO `qc_attribute` (`ATTRIBUTE_ID`, `ATTRIBUTE_NAME`, `ATTRIBUTE_LABEL`, `ATTRIBUTE_DESCRIPTION`, `ATTRIBUTE_TYPE_ID`, `SEQUENCE_NUM`, `LAST_UPDATED_STAMP`, `LAST_UPDATED_TX_STAMP`, `CREATED_STAMP`, `CREATED_TX_STAMP`) VALUES ('EMBOSS_IMAGE_ADD_ON', 'Emboss Image', 'Emboss Image', 'Adding Additional Image Area to an Embossing Run', 'COMMON_ADD_ON_PRICE', '10', '2017-05-15 13:40:00', '2017-05-15 13:40:00', '2017-05-15 13:40:00', '2017-05-15 13:40:00');
INSERT INTO `qc_attribute` (`ATTRIBUTE_ID`, `ATTRIBUTE_NAME`, `ATTRIBUTE_LABEL`, `ATTRIBUTE_DESCRIPTION`, `ATTRIBUTE_TYPE_ID`, `SEQUENCE_NUM`, `LAST_UPDATED_STAMP`, `LAST_UPDATED_TX_STAMP`, `CREATED_STAMP`, `CREATED_TX_STAMP`) VALUES ('GROUP_A_STOCKS', 'Group A Stocks', 'Group A Stocks', 'Group A Stocks Add-on Price', 'CATEGORY_ADD_ON_PRICE', '11', '2017-05-15 13:40:00', '2017-05-15 13:40:00', '2017-05-15 13:40:00', '2017-05-15 13:40:00');
INSERT INTO `qc_attribute` (`ATTRIBUTE_ID`, `ATTRIBUTE_NAME`, `ATTRIBUTE_LABEL`, `ATTRIBUTE_DESCRIPTION`, `ATTRIBUTE_TYPE_ID`, `SEQUENCE_NUM`, `LAST_UPDATED_STAMP`, `LAST_UPDATED_TX_STAMP`, `CREATED_STAMP`, `CREATED_TX_STAMP`) VALUES ('GROUP_B_STOCKS', 'Group B Stocks', 'Group B Stocks', 'Group B Stocks Add-on Price', 'CATEGORY_ADD_ON_PRICE', '12', '2017-05-15 13:40:00', '2017-05-15 13:40:00', '2017-05-15 13:40:00', '2017-05-15 13:40:00');
INSERT INTO `qc_attribute` (`ATTRIBUTE_ID`, `ATTRIBUTE_NAME`, `ATTRIBUTE_LABEL`, `ATTRIBUTE_DESCRIPTION`, `ATTRIBUTE_TYPE_ID`, `SEQUENCE_NUM`, `LAST_UPDATED_STAMP`, `LAST_UPDATED_TX_STAMP`, `CREATED_STAMP`, `CREATED_TX_STAMP`) VALUES ('GROUP_C_STOCKS', 'Group C Stocks', 'Group C Stocks', 'Group C Stocks Add-on Price', 'CATEGORY_ADD_ON_PRICE', '13', '2017-05-15 13:40:00', '2017-05-15 13:40:00', '2017-05-15 13:40:00', '2017-05-15 13:40:00');
INSERT INTO `qc_attribute` (`ATTRIBUTE_ID`, `ATTRIBUTE_NAME`, `ATTRIBUTE_LABEL`, `ATTRIBUTE_DESCRIPTION`, `ATTRIBUTE_TYPE_ID`, `SEQUENCE_NUM`, `LAST_UPDATED_STAMP`, `LAST_UPDATED_TX_STAMP`, `CREATED_STAMP`, `CREATED_TX_STAMP`) VALUES ('GROUP_D_STOCKS', 'Group D Stocks', 'Group D Stocks', 'Group D Stocks Add-on Price', 'CATEGORY_ADD_ON_PRICE', '14', '2017-05-15 13:40:00', '2017-05-15 13:40:00', '2017-05-15 13:40:00', '2017-05-15 13:40:00');
INSERT INTO `qc_attribute` (`ATTRIBUTE_ID`, `ATTRIBUTE_NAME`, `ATTRIBUTE_LABEL`, `ATTRIBUTE_DESCRIPTION`, `ATTRIBUTE_TYPE_ID`, `SEQUENCE_NUM`, `LAST_UPDATED_STAMP`, `LAST_UPDATED_TX_STAMP`, `CREATED_STAMP`, `CREATED_TX_STAMP`) VALUES ('ITEM_UPCHARGE', 'Item Upcharge', 'Item Upcharge', 'Style Specific Upcharge', 'STYLE_ADD_ON_PRICE', '15', '2017-05-15 13:40:00', '2017-05-15 13:40:00', '2017-05-15 13:40:00', '2017-05-15 13:40:00');
INSERT INTO `qc_attribute` (`ATTRIBUTE_ID`, `ATTRIBUTE_NAME`, `ATTRIBUTE_LABEL`, `ATTRIBUTE_DESCRIPTION`, `ATTRIBUTE_TYPE_ID`, `SEQUENCE_NUM`, `LAST_UPDATED_STAMP`, `LAST_UPDATED_TX_STAMP`, `CREATED_STAMP`, `CREATED_TX_STAMP`) VALUES ('AQUEOUS_GLOSS', 'Aqueous Coating - Gloss', 'Aqueous Coating - Gloss', 'Gloss Aqueous Coating', 'CATEGORY_ADD_ON_PRICE', '16', '2017-05-15 13:40:00', '2017-05-15 13:40:00', '2017-05-15 13:40:00', '2017-05-15 13:40:00');
INSERT INTO `qc_attribute` (`ATTRIBUTE_ID`, `ATTRIBUTE_NAME`, `ATTRIBUTE_LABEL`, `ATTRIBUTE_DESCRIPTION`, `ATTRIBUTE_TYPE_ID`, `SEQUENCE_NUM`, `LAST_UPDATED_STAMP`, `LAST_UPDATED_TX_STAMP`, `CREATED_STAMP`, `CREATED_TX_STAMP`) VALUES ('AQUEOUS_MATTE', 'Aqueous Coating - Matte', 'Aqueous Coating - Matte', 'Gloss Aqueous Coating', 'CATEGORY_ADD_ON_PRICE', '17', '2017-05-15 13:40:00', '2017-05-15 13:40:00', '2017-05-15 13:40:00', '2017-05-15 13:40:00');
INSERT INTO `qc_attribute` (`ATTRIBUTE_ID`, `ATTRIBUTE_NAME`, `ATTRIBUTE_LABEL`, `ATTRIBUTE_DESCRIPTION`, `ATTRIBUTE_TYPE_ID`, `SEQUENCE_NUM`, `LAST_UPDATED_STAMP`, `LAST_UPDATED_TX_STAMP`, `CREATED_STAMP`, `CREATED_TX_STAMP`) VALUES ('AQUEOUS_SATIN', 'Aqueous Coating - Satin', 'Aqueous Coating - Satin', 'Gloss Aqueous Coating', 'CATEGORY_ADD_ON_PRICE', '18', '2017-05-15 13:40:00', '2017-05-15 13:40:00', '2017-05-15 13:40:00', '2017-05-15 13:40:00');
INSERT INTO `qc_attribute` (`ATTRIBUTE_ID`, `ATTRIBUTE_NAME`, `ATTRIBUTE_LABEL`, `ATTRIBUTE_DESCRIPTION`, `ATTRIBUTE_TYPE_ID`, `SEQUENCE_NUM`, `LAST_UPDATED_STAMP`, `LAST_UPDATED_TX_STAMP`, `CREATED_STAMP`, `CREATED_TX_STAMP`) VALUES ('AQUEOUS_CHOICE', 'Aqueous Coating - Choice', 'Aqueous Coating - Choice', 'Gloss, Matte or Satin Aqueous Coating', 'CATEGORY_ADD_ON_PRICE', '19', '2017-05-15 13:40:00', '2017-05-15 13:40:00', '2017-05-15 13:40:00', '2017-05-15 13:40:00');
INSERT INTO `qc_attribute` (`ATTRIBUTE_ID`, `ATTRIBUTE_NAME`, `ATTRIBUTE_LABEL`, `ATTRIBUTE_DESCRIPTION`, `ATTRIBUTE_TYPE_ID`, `SEQUENCE_NUM`, `LAST_UPDATED_STAMP`, `LAST_UPDATED_TX_STAMP`, `CREATED_STAMP`, `CREATED_TX_STAMP`) VALUES ('AQUEOUS_SOFT_TOUCH', 'Aqueous Coating - Soft Touch', 'Aqueous Coating - Soft Touch', 'Soft Touch Aqueous Coating', 'CATEGORY_ADD_ON_PRICE', '20', '2017-05-15 13:40:00', '2017-05-15 13:40:00', '2017-05-15 13:40:00', '2017-05-15 13:40:00');
INSERT INTO `qc_attribute` (`ATTRIBUTE_ID`, `ATTRIBUTE_NAME`, `ATTRIBUTE_LABEL`, `ATTRIBUTE_DESCRIPTION`, `ATTRIBUTE_TYPE_ID`, `SEQUENCE_NUM`, `LAST_UPDATED_STAMP`, `LAST_UPDATED_TX_STAMP`, `CREATED_STAMP`, `CREATED_TX_STAMP`) VALUES ('UV_COATING_GLOSS', 'UV Coating - Gloss', 'UV Coating - Gloss', 'Gloss UV Coating', 'CATEGORY_ADD_ON_PRICE', '21', '2017-05-15 13:40:00', '2017-05-15 13:40:00', '2017-05-15 13:40:00', '2017-05-15 13:40:00');
INSERT INTO `qc_attribute` (`ATTRIBUTE_ID`, `ATTRIBUTE_NAME`, `ATTRIBUTE_LABEL`, `ATTRIBUTE_DESCRIPTION`, `ATTRIBUTE_TYPE_ID`, `SEQUENCE_NUM`, `LAST_UPDATED_STAMP`, `LAST_UPDATED_TX_STAMP`, `CREATED_STAMP`, `CREATED_TX_STAMP`) VALUES ('LAMINATION_OVERSIZE_GLOSS', 'Lamination - Oversize Gloss', 'Lamination - Oversize Gloss', 'Oversize Gloss Film Lamination', 'CATEGORY_ADD_ON_PRICE', '22', '2017-05-15 13:40:00', '2017-05-15 13:40:00', '2017-05-15 13:40:00', '2017-05-15 13:40:00');
INSERT INTO `qc_attribute` (`ATTRIBUTE_ID`, `ATTRIBUTE_NAME`, `ATTRIBUTE_LABEL`, `ATTRIBUTE_DESCRIPTION`, `ATTRIBUTE_TYPE_ID`, `SEQUENCE_NUM`, `LAST_UPDATED_STAMP`, `LAST_UPDATED_TX_STAMP`, `CREATED_STAMP`, `CREATED_TX_STAMP`) VALUES ('LAMINATION_OVERSIZE_MATTE', 'Lamination - Oversize Matte', 'Lamination - Oversize Gloss', 'Oversize Gloss Film Lamination', 'CATEGORY_ADD_ON_PRICE', '23', '2017-05-15 13:40:00', '2017-05-15 13:40:00', '2017-05-15 13:40:00', '2017-05-15 13:40:00');
INSERT INTO `qc_attribute` (`ATTRIBUTE_ID`, `ATTRIBUTE_NAME`, `ATTRIBUTE_LABEL`, `ATTRIBUTE_DESCRIPTION`, `ATTRIBUTE_TYPE_ID`, `SEQUENCE_NUM`, `LAST_UPDATED_STAMP`, `LAST_UPDATED_TX_STAMP`, `CREATED_STAMP`, `CREATED_TX_STAMP`) VALUES ('LAMINATION_OVERSIZE_SOFT_TOUCH', 'Lamination - Oversize Soft Touch', 'Lamination - Oversize Soft Touch', 'Oversize Soft Touch Film Lamination', 'CATEGORY_ADD_ON_PRICE', '24', '2017-05-15 13:40:00', '2017-05-15 13:40:00', '2017-05-15 13:40:00', '2017-05-15 13:40:00');
INSERT INTO `qc_attribute` (`ATTRIBUTE_ID`, `ATTRIBUTE_NAME`, `ATTRIBUTE_LABEL`, `ATTRIBUTE_DESCRIPTION`, `ATTRIBUTE_TYPE_ID`, `SEQUENCE_NUM`, `LAST_UPDATED_STAMP`, `LAST_UPDATED_TX_STAMP`, `CREATED_STAMP`, `CREATED_TX_STAMP`) VALUES ('SPINE_ATTACHMENTS', 'Spine Attachments', 'Spine Attachments', 'Spine Attachments', 'CATEGORY_ADD_ON_PRICE', '25', '2017-05-15 13:40:00', '2017-05-15 13:40:00', '2017-05-15 13:40:00', '2017-05-15 13:40:00');
INSERT INTO `qc_attribute` (`ATTRIBUTE_ID`, `ATTRIBUTE_NAME`, `ATTRIBUTE_LABEL`, `ATTRIBUTE_DESCRIPTION`, `ATTRIBUTE_TYPE_ID`, `SEQUENCE_NUM`, `LAST_UPDATED_STAMP`, `LAST_UPDATED_TX_STAMP`, `CREATED_STAMP`, `CREATED_TX_STAMP`) VALUES ('DISCOUNT_15_SQ_INCH', '15 Sq. In. Discount', '15 Sq. In. Discount', 'Discount for Foil Stamping or Embossing using Images of size up to 15 sq. in.', 'CATEGORY_ADD_ON_PRICE', '26', '2017-05-15 13:40:00', '2017-05-15 13:40:00', '2017-05-15 13:40:00', '2017-05-15 13:40:00');
INSERT INTO `qc_attribute` (`ATTRIBUTE_ID`, `ATTRIBUTE_NAME`, `ATTRIBUTE_LABEL`, `ATTRIBUTE_DESCRIPTION`, `ATTRIBUTE_TYPE_ID`, `SEQUENCE_NUM`, `LAST_UPDATED_STAMP`, `LAST_UPDATED_TX_STAMP`, `CREATED_STAMP`, `CREATED_TX_STAMP`) VALUES ('MIN_MARKUP_PERCENTAGE', 'Minimum Percentage Markup', 'Minimum Percentage Markup', 'Minimum Gross Profit Percentage Markup', 'COMMON_ADD_ON_PRICE', '27', '2017-05-15 13:40:00', '2017-05-15 13:40:00', '2017-05-15 13:40:00', '2017-05-15 13:40:00');
INSERT INTO `qc_attribute` (`ATTRIBUTE_ID`, `ATTRIBUTE_NAME`, `ATTRIBUTE_LABEL`, `ATTRIBUTE_DESCRIPTION`, `ATTRIBUTE_TYPE_ID`, `SEQUENCE_NUM`, `LAST_UPDATED_STAMP`, `LAST_UPDATED_TX_STAMP`, `CREATED_STAMP`, `CREATED_TX_STAMP`) VALUES ('MIN_MARKUP_DOLLAR', 'Minimum Dollar Markup', 'Minimum Dollar Markup', 'Minimum Gross Profit Dollar Markup', 'COMMON_ADD_ON_PRICE', '28', '2017-05-15 13:40:00', '2017-05-15 13:40:00', '2017-05-15 13:40:00', '2017-05-15 13:40:00');
INSERT INTO `qc_attribute` (`ATTRIBUTE_ID`, `ATTRIBUTE_NAME`, `ATTRIBUTE_LABEL`, `ATTRIBUTE_DESCRIPTION`, `ATTRIBUTE_TYPE_ID`, `SEQUENCE_NUM`, `LAST_UPDATED_STAMP`, `LAST_UPDATED_TX_STAMP`, `CREATED_STAMP`, `CREATED_TX_STAMP`) VALUES ('DEFAULT_MARKUP_PERCENTAGE', 'Default Percentage Markup', 'Default Percentage Markup', 'Default Gross Profit Percentage Markup', 'COMMON_ADD_ON_PRICE', '29', '2017-05-15 13:40:00', '2017-05-15 13:40:00', '2017-05-15 13:40:00', '2017-05-15 13:40:00');
INSERT INTO `qc_attribute` (`ATTRIBUTE_ID`, `ATTRIBUTE_NAME`, `ATTRIBUTE_LABEL`, `ATTRIBUTE_DESCRIPTION`, `ATTRIBUTE_TYPE_ID`, `SEQUENCE_NUM`, `LAST_UPDATED_STAMP`, `LAST_UPDATED_TX_STAMP`, `CREATED_STAMP`, `CREATED_TX_STAMP`) VALUES ('DEFAULT_MARKUP_DOLLAR', 'Default Dollar Markup', 'Default Dollar Markup', 'Default Gross Profit Dollar Markup', 'COMMON_ADD_ON_PRICE', '30', '2017-05-15 13:40:00', '2017-05-15 13:40:00', '2017-05-15 13:40:00', '2017-05-15 13:40:00');
INSERT INTO `qc_attribute` (`ATTRIBUTE_ID`, `ATTRIBUTE_NAME`, `ATTRIBUTE_LABEL`, `ATTRIBUTE_DESCRIPTION`, `ATTRIBUTE_TYPE_ID`, `SEQUENCE_NUM`, `LAST_UPDATED_STAMP`, `LAST_UPDATED_TX_STAMP`, `CREATED_STAMP`, `CREATED_TX_STAMP`) VALUES ('MAX_MARKUP_PERCENTAGE', 'Maximum Percentage Markup', 'Maximum Percentage Markup', 'Maximum Gross Profit Percentage Markup', 'COMMON_ADD_ON_PRICE', '31', '2017-05-15 13:40:00', '2017-05-15 13:40:00', '2017-05-15 13:40:00', '2017-05-15 13:40:00');
INSERT INTO `qc_attribute` (`ATTRIBUTE_ID`, `ATTRIBUTE_NAME`, `ATTRIBUTE_LABEL`, `ATTRIBUTE_DESCRIPTION`, `ATTRIBUTE_TYPE_ID`, `SEQUENCE_NUM`, `LAST_UPDATED_STAMP`, `LAST_UPDATED_TX_STAMP`, `CREATED_STAMP`, `CREATED_TX_STAMP`) VALUES ('MAX_MARKUP_DOLLAR', 'Maximum Dollar Markup', 'Maximum Dollar Markup', 'Maximum Gross Profit Dollar Markup', 'COMMON_ADD_ON_PRICE', '32', '2017-05-15 13:40:00', '2017-05-15 13:40:00', '2017-05-15 13:40:00', '2017-05-15 13:40:00');




INSERT INTO `qc_attribute_value` (`ATTRIBUTE_VALUE_ID`, `ATTRIBUTE_ID`, `STYLE_GROUP_ID`, `VENDOR_ID`, `QUANTITY_BREAK`, `VOLUME_PRICE`, `LAST_UPDATED_STAMP`, `LAST_UPDATED_TX_STAMP`, `CREATED_STAMP`, `CREATED_TX_STAMP`) VALUES ('1',  'FOIL_STAMP_RUN_ADD_ON', null, 'ADMORE', '250|500|1000|1500|2000|2500|3000|5000|7500|10000|15000|20000', '109|134|176|214|251|305|364|527|763|959|1412|1865', '2017-05-15 13:40:00', '2017-05-15 13:40:00', '2017-05-15 13:40:00', '2017-05-15 13:40:00');
INSERT INTO `qc_attribute_value` (`ATTRIBUTE_VALUE_ID`, `ATTRIBUTE_ID`, `STYLE_GROUP_ID`, `VENDOR_ID`, `QUANTITY_BREAK`, `VOLUME_PRICE`, `LAST_UPDATED_STAMP`, `LAST_UPDATED_TX_STAMP`, `CREATED_STAMP`, `CREATED_TX_STAMP`) VALUES ('2',  'FOIL_STAMP_IMAGE_ADD_ON', null, 'ADMORE', '250|500|1000|1500|2000|2500|3000|5000|7500|10000|15000|20000', '50|51|57|61|64|67|69|84|97|109|140|176', '2017-05-15 13:40:00', '2017-05-15 13:40:00', '2017-05-15 13:40:00', '2017-05-15 13:40:00');
INSERT INTO `qc_attribute_value` (`ATTRIBUTE_VALUE_ID`, `ATTRIBUTE_ID`, `STYLE_GROUP_ID`, `VENDOR_ID`, `QUANTITY_BREAK`, `VOLUME_PRICE`, `LAST_UPDATED_STAMP`, `LAST_UPDATED_TX_STAMP`, `CREATED_STAMP`, `CREATED_TX_STAMP`) VALUES ('3',  'EMBOSS_RUN_ADD_ON', null, 'ADMORE', '250|500|1000|1500|2000|2500|3000|5000|7500|10000|15000|20000', '154|170|203|241|274|323|382|545|781|977|1430|1883', '2017-05-15 13:40:00', '2017-05-15 13:40:00', '2017-05-15 13:40:00', '2017-05-15 13:40:00');
INSERT INTO `qc_attribute_value` (`ATTRIBUTE_VALUE_ID`, `ATTRIBUTE_ID`, `STYLE_GROUP_ID`, `VENDOR_ID`, `QUANTITY_BREAK`, `VOLUME_PRICE`, `LAST_UPDATED_STAMP`, `LAST_UPDATED_TX_STAMP`, `CREATED_STAMP`, `CREATED_TX_STAMP`) VALUES ('4',  'EMBOSS_IMAGE_ADD_ON', null, 'ADMORE', '250|500|1000|1500|2000|2500|3000|5000|7500|10000|15000|20000', '90|90|90|90|90|90|90|90|90|90|90|90', '2017-05-15 13:40:00', '2017-05-15 13:40:00', '2017-05-15 13:40:00', '2017-05-15 13:40:00');
INSERT INTO `qc_attribute_value` (`ATTRIBUTE_VALUE_ID`, `ATTRIBUTE_ID`, `STYLE_GROUP_ID`, `VENDOR_ID`, `QUANTITY_BREAK`, `VOLUME_PRICE`, `LAST_UPDATED_STAMP`, `LAST_UPDATED_TX_STAMP`, `CREATED_STAMP`, `CREATED_TX_STAMP`) VALUES ('73',  'DEFAULT_MARKUP_PERCENTAGE', null, 'ADMORE', '100|250|500|1000|1500|2000|2500|3000|5000|7500|10000', '63.20|58.10|58.10|47.90|47.90|47.90|47.90|47.90|47.90|47.90|42.80', '2017-05-15 13:40:00', '2017-05-15 13:40:00', '2017-05-15 13:40:00', '2017-05-15 13:40:00');
INSERT INTO `qc_attribute_value` (`ATTRIBUTE_VALUE_ID`, `ATTRIBUTE_ID`, `STYLE_GROUP_ID`, `VENDOR_ID`, `QUANTITY_BREAK`, `VOLUME_PRICE`, `LAST_UPDATED_STAMP`, `LAST_UPDATED_TX_STAMP`, `CREATED_STAMP`, `CREATED_TX_STAMP`) VALUES ('74',  'DEFAULT_MARKUP_DOLLAR', null, 'ADMORE', '100|250|500|1000|1500|2000|2500|3000|5000|7500|10000', '65|55|60|75|75|75|75|75|75|75|75', '2017-05-15 13:40:00', '2017-05-15 13:40:00', '2017-05-15 13:40:00', '2017-05-15 13:40:00');

INSERT INTO `qc_attribute_value` (`ATTRIBUTE_VALUE_ID`, `ATTRIBUTE_ID`, `STYLE_GROUP_ID`, `VENDOR_ID`, `QUANTITY_BREAK`, `VOLUME_PRICE`, `LAST_UPDATED_STAMP`, `LAST_UPDATED_TX_STAMP`, `CREATED_STAMP`, `CREATED_TX_STAMP`) VALUES ('5',  'PRINT_1C', 'STANDARD', 'ADMORE', '250|500|750|1000|1500|2000|2500|3000|4000|5000|7500|10000', '301|353|422|491|610|758|898|1040|1229|1418|1958|2385', '2017-05-15 13:40:00', '2017-05-15 13:40:00', '2017-05-15 13:40:00', '2017-05-15 13:40:00');
INSERT INTO `qc_attribute_value` (`ATTRIBUTE_VALUE_ID`, `ATTRIBUTE_ID`, `STYLE_GROUP_ID`, `VENDOR_ID`, `QUANTITY_BREAK`, `VOLUME_PRICE`, `LAST_UPDATED_STAMP`, `LAST_UPDATED_TX_STAMP`, `CREATED_STAMP`, `CREATED_TX_STAMP`) VALUES ('6',  'PRINT_4C', 'STANDARD', 'ADMORE', '250|500|750|1000|1500|2000|2500|3000|4000|5000|7500|10000', '355|440|521|602|775|929|1067|1202|1409|1616|2174|2592', '2017-05-15 13:40:00', '2017-05-15 13:40:00', '2017-05-15 13:40:00', '2017-05-15 13:40:00');
INSERT INTO `qc_attribute_value` (`ATTRIBUTE_VALUE_ID`, `ATTRIBUTE_ID`, `STYLE_GROUP_ID`, `VENDOR_ID`, `QUANTITY_BREAK`, `VOLUME_PRICE`, `LAST_UPDATED_STAMP`, `LAST_UPDATED_TX_STAMP`, `CREATED_STAMP`, `CREATED_TX_STAMP`) VALUES ('7',  'FOIL_STAMP_BASE', 'STANDARD', 'ADMORE', '250|500|750|1000|1500|2000|2500|3000|4000|5000|7500|10000', '252|344|413|482|606|788|945|1094|1308|1521|2147|2709', '2017-05-15 13:40:00', '2017-05-15 13:40:00', '2017-05-15 13:40:00', '2017-05-15 13:40:00');
INSERT INTO `qc_attribute_value` (`ATTRIBUTE_VALUE_ID`, `ATTRIBUTE_ID`, `STYLE_GROUP_ID`, `VENDOR_ID`, `QUANTITY_BREAK`, `VOLUME_PRICE`, `LAST_UPDATED_STAMP`, `LAST_UPDATED_TX_STAMP`, `CREATED_STAMP`, `CREATED_TX_STAMP`) VALUES ('8',  'EMBOSS_BASE', 'STANDARD', 'ADMORE', '250|500|750|1000|1500|2000|2500|3000|4000|5000|7500|10000', '252|344|413|482|606|788|945|1094|1308|1521|2147|2709', '2017-05-15 13:40:00', '2017-05-15 13:40:00', '2017-05-15 13:40:00', '2017-05-15 13:40:00');
INSERT INTO `qc_attribute_value` (`ATTRIBUTE_VALUE_ID`, `ATTRIBUTE_ID`, `STYLE_GROUP_ID`, `VENDOR_ID`, `QUANTITY_BREAK`, `VOLUME_PRICE`, `LAST_UPDATED_STAMP`, `LAST_UPDATED_TX_STAMP`, `CREATED_STAMP`, `CREATED_TX_STAMP`) VALUES ('9',  'ADDITIONAL_COLOR_PER_SIDE', 'STANDARD', 'ADMORE', '250|500|750|1000|1500|2000|2500|3000|4000|5000|7500|10000', '79|88|95|102|111|130|149|162|174|185|257|315', '2017-05-15 13:40:00', '2017-05-15 13:40:00', '2017-05-15 13:40:00', '2017-05-15 13:40:00');
INSERT INTO `qc_attribute_value` (`ATTRIBUTE_VALUE_ID`, `ATTRIBUTE_ID`, `STYLE_GROUP_ID`, `VENDOR_ID`, `QUANTITY_BREAK`, `VOLUME_PRICE`, `LAST_UPDATED_STAMP`, `LAST_UPDATED_TX_STAMP`, `CREATED_STAMP`, `CREATED_TX_STAMP`) VALUES ('10',  'HEAVY_COVERAGE_PER_SIDE', 'STANDARD', 'ADMORE', '250|500|750|1000|1500|2000|2500|3000|4000|5000|7500|10000', '79|88|95|102|111|130|149|162|174|185|257|315', '2017-05-15 13:40:00', '2017-05-15 13:40:00', '2017-05-15 13:40:00', '2017-05-15 13:40:00');
INSERT INTO `qc_attribute_value` (`ATTRIBUTE_VALUE_ID`, `ATTRIBUTE_ID`, `STYLE_GROUP_ID`, `VENDOR_ID`, `QUANTITY_BREAK`, `VOLUME_PRICE`, `LAST_UPDATED_STAMP`, `LAST_UPDATED_TX_STAMP`, `CREATED_STAMP`, `CREATED_TX_STAMP`) VALUES ('11',  'PRINT_4C_2ND_SIDE', 'STANDARD', 'ADMORE', '250|500|750|1000|1500|2000|2500|3000|4000|5000|7500|10000', '225|225|243|261|293|324|356|386|450|513|668|828', '2017-05-15 13:40:00', '2017-05-15 13:40:00', '2017-05-15 13:40:00', '2017-05-15 13:40:00');
INSERT INTO `qc_attribute_value` (`ATTRIBUTE_VALUE_ID`, `ATTRIBUTE_ID`, `STYLE_GROUP_ID`, `VENDOR_ID`, `QUANTITY_BREAK`, `VOLUME_PRICE`, `LAST_UPDATED_STAMP`, `LAST_UPDATED_TX_STAMP`, `CREATED_STAMP`, `CREATED_TX_STAMP`) VALUES ('12',  'GROUP_A_STOCKS', 'STANDARD', 'ADMORE', '250|500|750|1000|1500|2000|2500|3000|4000|5000|7500|10000', '26|36|50|64|90|117|142|165|215|266|385|513', '2017-05-15 13:40:00', '2017-05-15 13:40:00', '2017-05-15 13:40:00', '2017-05-15 13:40:00');
INSERT INTO `qc_attribute_value` (`ATTRIBUTE_VALUE_ID`, `ATTRIBUTE_ID`, `STYLE_GROUP_ID`, `VENDOR_ID`, `QUANTITY_BREAK`, `VOLUME_PRICE`, `LAST_UPDATED_STAMP`, `LAST_UPDATED_TX_STAMP`, `CREATED_STAMP`, `CREATED_TX_STAMP`) VALUES ('13',  'GROUP_B_STOCKS', 'STANDARD', 'ADMORE', '250|500|750|1000|1500|2000|2500|3000|4000|5000|7500|10000', '40|58|80|102|143|185|225|262|343|423|608|801', '2017-05-15 13:40:00', '2017-05-15 13:40:00', '2017-05-15 13:40:00', '2017-05-15 13:40:00');
INSERT INTO `qc_attribute_value` (`ATTRIBUTE_VALUE_ID`, `ATTRIBUTE_ID`, `STYLE_GROUP_ID`, `VENDOR_ID`, `QUANTITY_BREAK`, `VOLUME_PRICE`, `LAST_UPDATED_STAMP`, `LAST_UPDATED_TX_STAMP`, `CREATED_STAMP`, `CREATED_TX_STAMP`) VALUES ('14',  'GROUP_C_STOCKS', 'STANDARD', 'ADMORE', '250|500|750|1000|1500|2000|2500|3000|4000|5000|7500|10000', '61|88|122|155|217|283|342|397|520|644|932|1224','2017-05-15 13:40:00', '2017-05-15 13:40:00', '2017-05-15 13:40:00', '2017-05-15 13:40:00');
INSERT INTO `qc_attribute_value` (`ATTRIBUTE_VALUE_ID`, `ATTRIBUTE_ID`, `STYLE_GROUP_ID`, `VENDOR_ID`, `QUANTITY_BREAK`, `VOLUME_PRICE`, `LAST_UPDATED_STAMP`, `LAST_UPDATED_TX_STAMP`, `CREATED_STAMP`, `CREATED_TX_STAMP`) VALUES ('15',  'GROUP_D_STOCKS', 'STANDARD', 'ADMORE', '250|500|750|1000|1500|2000|2500|3000|4000|5000|7500|10000', '91|131|180|230|323|418|504|589|770|950|1377|1809', '2017-05-15 13:40:00', '2017-05-15 13:40:00', '2017-05-15 13:40:00', '2017-05-15 13:40:00');
INSERT INTO `qc_attribute_value` (`ATTRIBUTE_VALUE_ID`, `ATTRIBUTE_ID`, `STYLE_GROUP_ID`, `VENDOR_ID`, `QUANTITY_BREAK`, `VOLUME_PRICE`, `LAST_UPDATED_STAMP`, `LAST_UPDATED_TX_STAMP`, `CREATED_STAMP`, `CREATED_TX_STAMP`) VALUES ('16',  'AQUEOUS_GLOSS', 'STANDARD', 'ADMORE', '250|500|750|1000|1500|2000|2500|3000|4000|5000|7500|10000', '0|0|0|0|0|0|0|0|0|0|0|0', '2017-05-15 13:40:00', '2017-05-15 13:40:00', '2017-05-15 13:40:00', '2017-05-15 13:40:00');
INSERT INTO `qc_attribute_value` (`ATTRIBUTE_VALUE_ID`, `ATTRIBUTE_ID`, `STYLE_GROUP_ID`, `VENDOR_ID`, `QUANTITY_BREAK`, `VOLUME_PRICE`, `LAST_UPDATED_STAMP`, `LAST_UPDATED_TX_STAMP`, `CREATED_STAMP`, `CREATED_TX_STAMP`) VALUES ('17',  'AQUEOUS_MATTE', 'STANDARD', 'ADMORE', '250|500|750|1000|1500|2000|2500|3000|4000|5000|7500|10000', '0|0|0|0|0|0|0|0|0|0|0|0', '2017-05-15 13:40:00', '2017-05-15 13:40:00', '2017-05-15 13:40:00', '2017-05-15 13:40:00');
INSERT INTO `qc_attribute_value` (`ATTRIBUTE_VALUE_ID`, `ATTRIBUTE_ID`, `STYLE_GROUP_ID`, `VENDOR_ID`, `QUANTITY_BREAK`, `VOLUME_PRICE`, `LAST_UPDATED_STAMP`, `LAST_UPDATED_TX_STAMP`, `CREATED_STAMP`, `CREATED_TX_STAMP`) VALUES ('18',  'AQUEOUS_SATIN', 'STANDARD', 'ADMORE', '250|500|750|1000|1500|2000|2500|3000|4000|5000|7500|10000', '0|0|0|0|0|0|0|0|0|0|0|0', '2017-05-15 13:40:00', '2017-05-15 13:40:00', '2017-05-15 13:40:00', '2017-05-15 13:40:00');
INSERT INTO `qc_attribute_value` (`ATTRIBUTE_VALUE_ID`, `ATTRIBUTE_ID`, `STYLE_GROUP_ID`, `VENDOR_ID`, `QUANTITY_BREAK`, `VOLUME_PRICE`, `LAST_UPDATED_STAMP`, `LAST_UPDATED_TX_STAMP`, `CREATED_STAMP`, `CREATED_TX_STAMP`) VALUES ('19',  'AQUEOUS_CHOICE', 'STANDARD', 'ADMORE', '250|500|750|1000|1500|2000|2500|3000|4000|5000|7500|10000', '0|0|0|0|0|0|0|0|0|0|0|0', '2017-05-15 13:40:00', '2017-05-15 13:40:00', '2017-05-15 13:40:00', '2017-05-15 13:40:00');
INSERT INTO `qc_attribute_value` (`ATTRIBUTE_VALUE_ID`, `ATTRIBUTE_ID`, `STYLE_GROUP_ID`, `VENDOR_ID`, `QUANTITY_BREAK`, `VOLUME_PRICE`, `LAST_UPDATED_STAMP`, `LAST_UPDATED_TX_STAMP`, `CREATED_STAMP`, `CREATED_TX_STAMP`) VALUES ('20',  'AQUEOUS_SOFT_TOUCH', 'STANDARD', 'ADMORE', '250|500|750|1000|1500|2000|2500|3000|4000|5000|7500|10000', '126|141|153|164|178|193|221|240|257|275|378|459', '2017-05-15 13:40:00', '2017-05-15 13:40:00', '2017-05-15 13:40:00', '2017-05-15 13:40:00');
INSERT INTO `qc_attribute_value` (`ATTRIBUTE_VALUE_ID`, `ATTRIBUTE_ID`, `STYLE_GROUP_ID`, `VENDOR_ID`, `QUANTITY_BREAK`, `VOLUME_PRICE`, `LAST_UPDATED_STAMP`, `LAST_UPDATED_TX_STAMP`, `CREATED_STAMP`, `CREATED_TX_STAMP`) VALUES ('21',  'UV_COATING_GLOSS', 'STANDARD', 'ADMORE', '250|500|750|1000|1500|2000|2500|3000|4000|5000|7500|10000', '65|79|88|97|126|158|173|194|248|302|446|531', '2017-05-15 13:40:00', '2017-05-15 13:40:00', '2017-05-15 13:40:00', '2017-05-15 13:40:00');
INSERT INTO `qc_attribute_value` (`ATTRIBUTE_VALUE_ID`, `ATTRIBUTE_ID`, `STYLE_GROUP_ID`, `VENDOR_ID`, `QUANTITY_BREAK`, `VOLUME_PRICE`, `LAST_UPDATED_STAMP`, `LAST_UPDATED_TX_STAMP`, `CREATED_STAMP`, `CREATED_TX_STAMP`) VALUES ('22',  'LAMINATION_OVERSIZE_GLOSS', 'STANDARD', 'ADMORE', '250|500|750|1000|1500|2000|2500|3000|4000|5000|7500|10000', '82|106|140|174|231|290|358|427|560|693|1019|1359', '2017-05-15 13:40:00', '2017-05-15 13:40:00', '2017-05-15 13:40:00', '2017-05-15 13:40:00');
INSERT INTO `qc_attribute_value` (`ATTRIBUTE_VALUE_ID`, `ATTRIBUTE_ID`, `STYLE_GROUP_ID`, `VENDOR_ID`, `QUANTITY_BREAK`, `VOLUME_PRICE`, `LAST_UPDATED_STAMP`, `LAST_UPDATED_TX_STAMP`, `CREATED_STAMP`, `CREATED_TX_STAMP`) VALUES ('23',  'LAMINATION_OVERSIZE_MATTE', 'STANDARD', 'ADMORE', '250|500|750|1000|1500|2000|2500|3000|4000|5000|7500|10000', '102|161|208|255|354|450|549|651|852|1053|1553|2043', '2017-05-15 13:40:00', '2017-05-15 13:40:00', '2017-05-15 13:40:00', '2017-05-15 13:40:00');
INSERT INTO `qc_attribute_value` (`ATTRIBUTE_VALUE_ID`, `ATTRIBUTE_ID`, `STYLE_GROUP_ID`, `VENDOR_ID`, `QUANTITY_BREAK`, `VOLUME_PRICE`, `LAST_UPDATED_STAMP`, `LAST_UPDATED_TX_STAMP`, `CREATED_STAMP`, `CREATED_TX_STAMP`) VALUES ('24',  'LAMINATION_OVERSIZE_SOFT_TOUCH', 'STANDARD', 'ADMORE', '250|500|750|1000|1500|2000|2500|3000|4000|5000|7500|10000', '122|183|240|298|412|527|641|756|986|1215|1789|2367', '2017-05-15 13:40:00', '2017-05-15 13:40:00', '2017-05-15 13:40:00', '2017-05-15 13:40:00');
INSERT INTO `qc_attribute_value` (`ATTRIBUTE_VALUE_ID`, `ATTRIBUTE_ID`, `STYLE_GROUP_ID`, `VENDOR_ID`, `QUANTITY_BREAK`, `VOLUME_PRICE`, `LAST_UPDATED_STAMP`, `LAST_UPDATED_TX_STAMP`, `CREATED_STAMP`, `CREATED_TX_STAMP`) VALUES ('25',  'SPINE_ATTACHMENTS', 'STANDARD', 'ADMORE', '250|500|750|1000|1500|2000|2500|3000|4000|5000|7500|10000', '109|215|321|427|622|830|1033|1239|1646|2052|3058|3996',  '2017-05-15 13:40:00', '2017-05-15 13:40:00', '2017-05-15 13:40:00', '2017-05-15 13:40:00');
INSERT INTO `qc_attribute_value` (`ATTRIBUTE_VALUE_ID`, `ATTRIBUTE_ID`, `STYLE_GROUP_ID`, `VENDOR_ID`, `QUANTITY_BREAK`, `VOLUME_PRICE`, `LAST_UPDATED_STAMP`, `LAST_UPDATED_TX_STAMP`, `CREATED_STAMP`, `CREATED_TX_STAMP`) VALUES ('26',  'DISCOUNT_15_SQ_INCH', 'STANDARD', 'ADMORE', '250|500|750|1000|1500|2000|2500|3000|4000|5000|7500|10000', '-56|-60|-65|-68|-76|-84|-91|-99|-114|-130|-170|-209', '2017-05-15 13:40:00', '2017-05-15 13:40:00', '2017-05-15 13:40:00', '2017-05-15 13:40:00');


INSERT INTO `qc_attribute_value` (`ATTRIBUTE_VALUE_ID`, `ATTRIBUTE_ID`, `STYLE_GROUP_ID`, `VENDOR_ID`, `QUANTITY_BREAK`, `VOLUME_PRICE`, `LAST_UPDATED_STAMP`, `LAST_UPDATED_TX_STAMP`, `CREATED_STAMP`, `CREATED_TX_STAMP`) VALUES ('27',  'PRINT_1C', 'LARGE', 'ADMORE', '250|500|750|1000|1500|2000|2500|3000|4000|5000|7500|10000', '310|360|430|501|622|774|916|1058|1238|1418|1958|2385', '2017-05-15 13:40:00', '2017-05-15 13:40:00', '2017-05-15 13:40:00', '2017-05-15 13:40:00');
INSERT INTO `qc_attribute_value` (`ATTRIBUTE_VALUE_ID`, `ATTRIBUTE_ID`, `STYLE_GROUP_ID`, `VENDOR_ID`, `QUANTITY_BREAK`, `VOLUME_PRICE`, `LAST_UPDATED_STAMP`, `LAST_UPDATED_TX_STAMP`, `CREATED_STAMP`, `CREATED_TX_STAMP`) VALUES ('28',  'PRINT_4C', 'LARGE', 'ADMORE', '250|500|750|1000|1500|2000|2500|3000|4000|5000|7500|10000', '365|453|541|629|806|956|1098|1231|1433|1634|2174|2592', '2017-05-15 13:40:00', '2017-05-15 13:40:00', '2017-05-15 13:40:00', '2017-05-15 13:40:00');
INSERT INTO `qc_attribute_value` (`ATTRIBUTE_VALUE_ID`, `ATTRIBUTE_ID`, `STYLE_GROUP_ID`, `VENDOR_ID`, `QUANTITY_BREAK`, `VOLUME_PRICE`, `LAST_UPDATED_STAMP`, `LAST_UPDATED_TX_STAMP`, `CREATED_STAMP`, `CREATED_TX_STAMP`) VALUES ('29',  'FOIL_STAMP_BASE', 'LARGE', 'ADMORE', '250|500|750|1000|1500|2000|2500|3000|4000|5000|7500|10000', '260|354|426|497|624|812|974|1126|1346|1566|2214|2790', '2017-05-15 13:40:00', '2017-05-15 13:40:00', '2017-05-15 13:40:00', '2017-05-15 13:40:00');
INSERT INTO `qc_attribute_value` (`ATTRIBUTE_VALUE_ID`, `ATTRIBUTE_ID`, `STYLE_GROUP_ID`, `VENDOR_ID`, `QUANTITY_BREAK`, `VOLUME_PRICE`, `LAST_UPDATED_STAMP`, `LAST_UPDATED_TX_STAMP`, `CREATED_STAMP`, `CREATED_TX_STAMP`) VALUES ('30',  'EMBOSS_BASE', 'LARGE', 'ADMORE', '250|500|750|1000|1500|2000|2500|3000|4000|5000|7500|10000', '260|354|426|497|624|812|974|1126|1346|1566|2214|2790', '2017-05-15 13:40:00', '2017-05-15 13:40:00', '2017-05-15 13:40:00', '2017-05-15 13:40:00');
INSERT INTO `qc_attribute_value` (`ATTRIBUTE_VALUE_ID`, `ATTRIBUTE_ID`, `STYLE_GROUP_ID`, `VENDOR_ID`, `QUANTITY_BREAK`, `VOLUME_PRICE`, `LAST_UPDATED_STAMP`, `LAST_UPDATED_TX_STAMP`, `CREATED_STAMP`, `CREATED_TX_STAMP`) VALUES ('31',  'ADDITIONAL_COLOR_PER_SIDE', 'LARGE', 'ADMORE', '250|500|750|1000|1500|2000|2500|3000|4000|5000|7500|10000', '79|88|95|102|111|130|149|162|174|185|257|315', '2017-05-15 13:40:00', '2017-05-15 13:40:00', '2017-05-15 13:40:00', '2017-05-15 13:40:00');
INSERT INTO `qc_attribute_value` (`ATTRIBUTE_VALUE_ID`, `ATTRIBUTE_ID`, `STYLE_GROUP_ID`, `VENDOR_ID`, `QUANTITY_BREAK`, `VOLUME_PRICE`, `LAST_UPDATED_STAMP`, `LAST_UPDATED_TX_STAMP`, `CREATED_STAMP`, `CREATED_TX_STAMP`) VALUES ('32',  'HEAVY_COVERAGE_PER_SIDE', 'LARGE', 'ADMORE', '250|500|750|1000|1500|2000|2500|3000|4000|5000|7500|10000', '79|88|95|102|111|130|149|162|174|185|257|315', '2017-05-15 13:40:00', '2017-05-15 13:40:00', '2017-05-15 13:40:00', '2017-05-15 13:40:00');
INSERT INTO `qc_attribute_value` (`ATTRIBUTE_VALUE_ID`, `ATTRIBUTE_ID`, `STYLE_GROUP_ID`, `VENDOR_ID`, `QUANTITY_BREAK`, `VOLUME_PRICE`, `LAST_UPDATED_STAMP`, `LAST_UPDATED_TX_STAMP`, `CREATED_STAMP`, `CREATED_TX_STAMP`) VALUES ('33',  'PRINT_4C_2ND_SIDE', 'LARGE', 'ADMORE', '250|500|750|1000|1500|2000|2500|3000|4000|5000|7500|10000', '225|225|243|261|293|324|356|386|450|513|668|828', '2017-05-15 13:40:00', '2017-05-15 13:40:00', '2017-05-15 13:40:00', '2017-05-15 13:40:00');
INSERT INTO `qc_attribute_value` (`ATTRIBUTE_VALUE_ID`, `ATTRIBUTE_ID`, `STYLE_GROUP_ID`, `VENDOR_ID`, `QUANTITY_BREAK`, `VOLUME_PRICE`, `LAST_UPDATED_STAMP`, `LAST_UPDATED_TX_STAMP`, `CREATED_STAMP`, `CREATED_TX_STAMP`) VALUES ('34',  'GROUP_A_STOCKS', 'LARGE', 'ADMORE', '250|500|750|1000|1500|2000|2500|3000|4000|5000|7500|10000', '26|36|50|64|90|117|142|165|215|266|385|513', '2017-05-15 13:40:00', '2017-05-15 13:40:00', '2017-05-15 13:40:00', '2017-05-15 13:40:00');
INSERT INTO `qc_attribute_value` (`ATTRIBUTE_VALUE_ID`, `ATTRIBUTE_ID`, `STYLE_GROUP_ID`, `VENDOR_ID`, `QUANTITY_BREAK`, `VOLUME_PRICE`, `LAST_UPDATED_STAMP`, `LAST_UPDATED_TX_STAMP`, `CREATED_STAMP`, `CREATED_TX_STAMP`) VALUES ('35',  'GROUP_B_STOCKS', 'LARGE', 'ADMORE', '250|500|750|1000|1500|2000|2500|3000|4000|5000|7500|10000', '40|58|80|102|143|185|225|262|343|423|608|801', '2017-05-15 13:40:00', '2017-05-15 13:40:00', '2017-05-15 13:40:00', '2017-05-15 13:40:00');
INSERT INTO `qc_attribute_value` (`ATTRIBUTE_VALUE_ID`, `ATTRIBUTE_ID`, `STYLE_GROUP_ID`, `VENDOR_ID`, `QUANTITY_BREAK`, `VOLUME_PRICE`, `LAST_UPDATED_STAMP`, `LAST_UPDATED_TX_STAMP`, `CREATED_STAMP`, `CREATED_TX_STAMP`) VALUES ('36',  'GROUP_C_STOCKS', 'LARGE', 'ADMORE', '250|500|750|1000|1500|2000|2500|3000|4000|5000|7500|10000', '61|88|122|155|217|283|342|397|520|644|932|1224', '2017-05-15 13:40:00', '2017-05-15 13:40:00', '2017-05-15 13:40:00', '2017-05-15 13:40:00');
INSERT INTO `qc_attribute_value` (`ATTRIBUTE_VALUE_ID`, `ATTRIBUTE_ID`, `STYLE_GROUP_ID`, `VENDOR_ID`, `QUANTITY_BREAK`, `VOLUME_PRICE`, `LAST_UPDATED_STAMP`, `LAST_UPDATED_TX_STAMP`, `CREATED_STAMP`, `CREATED_TX_STAMP`) VALUES ('37',  'GROUP_D_STOCKS', 'LARGE', 'ADMORE', '250|500|750|1000|1500|2000|2500|3000|4000|5000|7500|10000', '91|131|180|230|323|418|504|589|770|950|1377|1809', '2017-05-15 13:40:00', '2017-05-15 13:40:00', '2017-05-15 13:40:00', '2017-05-15 13:40:00');
INSERT INTO `qc_attribute_value` (`ATTRIBUTE_VALUE_ID`, `ATTRIBUTE_ID`, `STYLE_GROUP_ID`, `VENDOR_ID`, `QUANTITY_BREAK`, `VOLUME_PRICE`, `LAST_UPDATED_STAMP`, `LAST_UPDATED_TX_STAMP`, `CREATED_STAMP`, `CREATED_TX_STAMP`) VALUES ('38',  'ITEM_UPCHARGE', 'LARGE', 'ADMORE', '250|500|750|1000|1500|2000|2500|3000|4000|5000|7500|10000', '52|92|122|152|227|295|353|402|532|662|965|1224', '2017-05-15 13:40:00', '2017-05-15 13:40:00', '2017-05-15 13:40:00', '2017-05-15 13:40:00');
INSERT INTO `qc_attribute_value` (`ATTRIBUTE_VALUE_ID`, `ATTRIBUTE_ID`, `STYLE_GROUP_ID`, `VENDOR_ID`, `QUANTITY_BREAK`, `VOLUME_PRICE`, `LAST_UPDATED_STAMP`, `LAST_UPDATED_TX_STAMP`, `CREATED_STAMP`, `CREATED_TX_STAMP`) VALUES ('39',  'ITEM_UPCHARGE', 'LARGE', 'ADMORE', '250|500|750|1000|1500|2000|2500|3000|4000|5000|7500|10000', '187|219|250|281|400|515|601|713|922|1130|1573|1953', '2017-05-15 13:40:00', '2017-05-15 13:40:00', '2017-05-15 13:40:00', '2017-05-15 13:40:00');
INSERT INTO `qc_attribute_value` (`ATTRIBUTE_VALUE_ID`, `ATTRIBUTE_ID`, `STYLE_GROUP_ID`, `VENDOR_ID`, `QUANTITY_BREAK`, `VOLUME_PRICE`, `LAST_UPDATED_STAMP`, `LAST_UPDATED_TX_STAMP`, `CREATED_STAMP`, `CREATED_TX_STAMP`) VALUES ('40',  'AQUEOUS_GLOSS', 'LARGE', 'ADMORE', '250|500|750|1000|1500|2000|2500|3000|4000|5000|7500|10000', '0|0|0|0|0|0|0|0|0|0|0|0', '2017-05-15 13:40:00', '2017-05-15 13:40:00', '2017-05-15 13:40:00', '2017-05-15 13:40:00');
INSERT INTO `qc_attribute_value` (`ATTRIBUTE_VALUE_ID`, `ATTRIBUTE_ID`, `STYLE_GROUP_ID`, `VENDOR_ID`, `QUANTITY_BREAK`, `VOLUME_PRICE`, `LAST_UPDATED_STAMP`, `LAST_UPDATED_TX_STAMP`, `CREATED_STAMP`, `CREATED_TX_STAMP`) VALUES ('41',  'AQUEOUS_MATTE', 'LARGE', 'ADMORE', '250|500|750|1000|1500|2000|2500|3000|4000|5000|7500|10000', '0|0|0|0|0|0|0|0|0|0|0|0', '2017-05-15 13:40:00', '2017-05-15 13:40:00', '2017-05-15 13:40:00', '2017-05-15 13:40:00');
INSERT INTO `qc_attribute_value` (`ATTRIBUTE_VALUE_ID`, `ATTRIBUTE_ID`, `STYLE_GROUP_ID`, `VENDOR_ID`, `QUANTITY_BREAK`, `VOLUME_PRICE`, `LAST_UPDATED_STAMP`, `LAST_UPDATED_TX_STAMP`, `CREATED_STAMP`, `CREATED_TX_STAMP`) VALUES ('42',  'AQUEOUS_SATIN', 'LARGE', 'ADMORE', '250|500|750|1000|1500|2000|2500|3000|4000|5000|7500|10000', '0|0|0|0|0|0|0|0|0|0|0|0', '2017-05-15 13:40:00', '2017-05-15 13:40:00', '2017-05-15 13:40:00', '2017-05-15 13:40:00');
INSERT INTO `qc_attribute_value` (`ATTRIBUTE_VALUE_ID`, `ATTRIBUTE_ID`, `STYLE_GROUP_ID`, `VENDOR_ID`, `QUANTITY_BREAK`, `VOLUME_PRICE`, `LAST_UPDATED_STAMP`, `LAST_UPDATED_TX_STAMP`, `CREATED_STAMP`, `CREATED_TX_STAMP`) VALUES ('43',  'AQUEOUS_CHOICE', 'LARGE', 'ADMORE', '250|500|750|1000|1500|2000|2500|3000|4000|5000|7500|10000', '0|0|0|0|0|0|0|0|0|0|0|0', '2017-05-15 13:40:00', '2017-05-15 13:40:00', '2017-05-15 13:40:00', '2017-05-15 13:40:00');
INSERT INTO `qc_attribute_value` (`ATTRIBUTE_VALUE_ID`, `ATTRIBUTE_ID`, `STYLE_GROUP_ID`, `VENDOR_ID`, `QUANTITY_BREAK`, `VOLUME_PRICE`, `LAST_UPDATED_STAMP`, `LAST_UPDATED_TX_STAMP`, `CREATED_STAMP`, `CREATED_TX_STAMP`) VALUES ('44',  'AQUEOUS_SOFT_TOUCH', 'LARGE', 'ADMORE', '250|500|750|1000|1500|2000|2500|3000|4000|5000|7500|10000', '126|141|153|164|178|193|221|240|257|275|378|459', '2017-05-15 13:40:00', '2017-05-15 13:40:00', '2017-05-15 13:40:00', '2017-05-15 13:40:00');
INSERT INTO `qc_attribute_value` (`ATTRIBUTE_VALUE_ID`, `ATTRIBUTE_ID`, `STYLE_GROUP_ID`, `VENDOR_ID`, `QUANTITY_BREAK`, `VOLUME_PRICE`, `LAST_UPDATED_STAMP`, `LAST_UPDATED_TX_STAMP`, `CREATED_STAMP`, `CREATED_TX_STAMP`) VALUES ('45',  'UV_COATING_GLOSS', 'LARGE', 'ADMORE', '250|500|750|1000|1500|2000|2500|3000|4000|5000|7500|10000', '65|79|88|97|126|158|173|194|248|302|446|531', '2017-05-15 13:40:00', '2017-05-15 13:40:00', '2017-05-15 13:40:00', '2017-05-15 13:40:00');
INSERT INTO `qc_attribute_value` (`ATTRIBUTE_VALUE_ID`, `ATTRIBUTE_ID`, `STYLE_GROUP_ID`, `VENDOR_ID`, `QUANTITY_BREAK`, `VOLUME_PRICE`, `LAST_UPDATED_STAMP`, `LAST_UPDATED_TX_STAMP`, `CREATED_STAMP`, `CREATED_TX_STAMP`) VALUES ('46',  'LAMINATION_OVERSIZE_GLOSS', 'LARGE', 'ADMORE', '250|500|750|1000|1500|2000|2500|3000|4000|5000|7500|10000', '82|106|140|174|231|290|358|427|560|693|1019|1359', '2017-05-15 13:40:00', '2017-05-15 13:40:00', '2017-05-15 13:40:00', '2017-05-15 13:40:00');
INSERT INTO `qc_attribute_value` (`ATTRIBUTE_VALUE_ID`, `ATTRIBUTE_ID`, `STYLE_GROUP_ID`, `VENDOR_ID`, `QUANTITY_BREAK`, `VOLUME_PRICE`, `LAST_UPDATED_STAMP`, `LAST_UPDATED_TX_STAMP`, `CREATED_STAMP`, `CREATED_TX_STAMP`) VALUES ('47',  'LAMINATION_OVERSIZE_MATTE', 'LARGE', 'ADMORE', '250|500|750|1000|1500|2000|2500|3000|4000|5000|7500|10000', '102|161|208|255|354|450|549|651|852|1053|1553|2043', '2017-05-15 13:40:00', '2017-05-15 13:40:00', '2017-05-15 13:40:00', '2017-05-15 13:40:00');
INSERT INTO `qc_attribute_value` (`ATTRIBUTE_VALUE_ID`, `ATTRIBUTE_ID`, `STYLE_GROUP_ID`, `VENDOR_ID`, `QUANTITY_BREAK`, `VOLUME_PRICE`, `LAST_UPDATED_STAMP`, `LAST_UPDATED_TX_STAMP`, `CREATED_STAMP`, `CREATED_TX_STAMP`) VALUES ('48',  'LAMINATION_OVERSIZE_SOFT_TOUCH', 'LARGE', 'ADMORE', '250|500|750|1000|1500|2000|2500|3000|4000|5000|7500|10000', '122|183|240|298|412|527|641|756|986|1215|1789|2367', '2017-05-15 13:40:00', '2017-05-15 13:40:00', '2017-05-15 13:40:00', '2017-05-15 13:40:00');
INSERT INTO `qc_attribute_value` (`ATTRIBUTE_VALUE_ID`, `ATTRIBUTE_ID`, `STYLE_GROUP_ID`, `VENDOR_ID`, `QUANTITY_BREAK`, `VOLUME_PRICE`, `LAST_UPDATED_STAMP`, `LAST_UPDATED_TX_STAMP`, `CREATED_STAMP`, `CREATED_TX_STAMP`) VALUES ('49',  'SPINE_ATTACHMENTS', 'LARGE', 'ADMORE', '250|500|750|1000|1500|2000|2500|3000|4000|5000|7500|10000', '109|215|321|427|622|830|1033|1239|1646|2052|3058|3996', '2017-05-15 13:40:00', '2017-05-15 13:40:00', '2017-05-15 13:40:00', '2017-05-15 13:40:00');
INSERT INTO `qc_attribute_value` (`ATTRIBUTE_VALUE_ID`, `ATTRIBUTE_ID`, `STYLE_GROUP_ID`, `VENDOR_ID`, `QUANTITY_BREAK`, `VOLUME_PRICE`, `LAST_UPDATED_STAMP`, `LAST_UPDATED_TX_STAMP`, `CREATED_STAMP`, `CREATED_TX_STAMP`) VALUES ('50',  'DISCOUNT_15_SQ_INCH', 'LARGE', 'ADMORE', '250|500|750|1000|1500|2000|2500|3000|4000|5000|7500|10000', '-56|-60|-65|-68|-76|-84|-91|-99|-114|-130|-170|-209', '2017-05-15 13:40:00', '2017-05-15 13:40:00', '2017-05-15 13:40:00', '2017-05-15 13:40:00');



INSERT INTO `qc_attribute_value` (`ATTRIBUTE_VALUE_ID`, `ATTRIBUTE_ID`, `STYLE_GROUP_ID`, `VENDOR_ID`, `QUANTITY_BREAK`, `VOLUME_PRICE`, `LAST_UPDATED_STAMP`, `LAST_UPDATED_TX_STAMP`, `CREATED_STAMP`, `CREATED_TX_STAMP`) VALUES ('51',  'PRINT_1C', 'LEGAL', 'ADMORE', '250|500|750|1000|1500|2000|2500|3000|4000|5000|7500|10000', '424|493|590|687|853|1058|1256|1453|1698|1944|2680|3267', '2017-05-15 13:40:00', '2017-05-15 13:40:00', '2017-05-15 13:40:00', '2017-05-15 13:40:00');
INSERT INTO `qc_attribute_value` (`ATTRIBUTE_VALUE_ID`, `ATTRIBUTE_ID`, `STYLE_GROUP_ID`, `VENDOR_ID`, `QUANTITY_BREAK`, `VOLUME_PRICE`, `LAST_UPDATED_STAMP`, `LAST_UPDATED_TX_STAMP`, `CREATED_STAMP`, `CREATED_TX_STAMP`) VALUES ('52',  'PRINT_4C', 'LEGAL', 'ADMORE', '250|500|750|1000|1500|2000|2500|3000|4000|5000|7500|10000', '500|621|742|862|1103|1309|1505|1690|1961|2232|2984|3555', '2017-05-15 13:40:00', '2017-05-15 13:40:00', '2017-05-15 13:40:00', '2017-05-15 13:40:00');
INSERT INTO `qc_attribute_value` (`ATTRIBUTE_VALUE_ID`, `ATTRIBUTE_ID`, `STYLE_GROUP_ID`, `VENDOR_ID`, `QUANTITY_BREAK`, `VOLUME_PRICE`, `LAST_UPDATED_STAMP`, `LAST_UPDATED_TX_STAMP`, `CREATED_STAMP`, `CREATED_TX_STAMP`) VALUES ('53',  'FOIL_STAMP_BASE', 'LEGAL', 'ADMORE', '250|500|750|1000|1500|2000|2500|3000|4000|5000|7500|10000', '356|485|583|680|855|1111|1334|1542|1844|2147|3031|3816', '2017-05-15 13:40:00', '2017-05-15 13:40:00', '2017-05-15 13:40:00', '2017-05-15 13:40:00');
INSERT INTO `qc_attribute_value` (`ATTRIBUTE_VALUE_ID`, `ATTRIBUTE_ID`, `STYLE_GROUP_ID`, `VENDOR_ID`, `QUANTITY_BREAK`, `VOLUME_PRICE`, `LAST_UPDATED_STAMP`, `LAST_UPDATED_TX_STAMP`, `CREATED_STAMP`, `CREATED_TX_STAMP`) VALUES ('54',  'EMBOSS_BASE', 'LEGAL', 'ADMORE', '250|500|750|1000|1500|2000|2500|3000|4000|5000|7500|10000', '356|485|583|680|855|1111|1334|1542|1844|2147|3031|3816', '2017-05-15 13:40:00', '2017-05-15 13:40:00', '2017-05-15 13:40:00', '2017-05-15 13:40:00');
INSERT INTO `qc_attribute_value` (`ATTRIBUTE_VALUE_ID`, `ATTRIBUTE_ID`, `STYLE_GROUP_ID`, `VENDOR_ID`, `QUANTITY_BREAK`, `VOLUME_PRICE`, `LAST_UPDATED_STAMP`, `LAST_UPDATED_TX_STAMP`, `CREATED_STAMP`, `CREATED_TX_STAMP`) VALUES ('55',  'ADDITIONAL_COLOR_PER_SIDE', 'LEGAL', 'ADMORE', '250|500|750|1000|1500|2000|2500|3000|4000|5000|7500|10000', '79|88|95|102|111|130|149|162|174|185|257|315', '2017-05-15 13:40:00', '2017-05-15 13:40:00', '2017-05-15 13:40:00', '2017-05-15 13:40:00');
INSERT INTO `qc_attribute_value` (`ATTRIBUTE_VALUE_ID`, `ATTRIBUTE_ID`, `STYLE_GROUP_ID`, `VENDOR_ID`, `QUANTITY_BREAK`, `VOLUME_PRICE`, `LAST_UPDATED_STAMP`, `LAST_UPDATED_TX_STAMP`, `CREATED_STAMP`, `CREATED_TX_STAMP`) VALUES ('56',  'HEAVY_COVERAGE_PER_SIDE', 'LEGAL', 'ADMORE', '250|500|750|1000|1500|2000|2500|3000|4000|5000|7500|10000', '79|88|95|102|111|130|149|162|174|185|257|315', '2017-05-15 13:40:00', '2017-05-15 13:40:00', '2017-05-15 13:40:00', '2017-05-15 13:40:00');
INSERT INTO `qc_attribute_value` (`ATTRIBUTE_VALUE_ID`, `ATTRIBUTE_ID`, `STYLE_GROUP_ID`, `VENDOR_ID`, `QUANTITY_BREAK`, `VOLUME_PRICE`, `LAST_UPDATED_STAMP`, `LAST_UPDATED_TX_STAMP`, `CREATED_STAMP`, `CREATED_TX_STAMP`) VALUES ('57',  'PRINT_4C_2ND_SIDE', 'LEGAL', 'ADMORE', '250|500|750|1000|1500|2000|2500|3000|4000|5000|7500|10000', '225|225|243|261|293|324|356|386|450|513|668|828', '2017-05-15 13:40:00', '2017-05-15 13:40:00', '2017-05-15 13:40:00', '2017-05-15 13:40:00');
INSERT INTO `qc_attribute_value` (`ATTRIBUTE_VALUE_ID`, `ATTRIBUTE_ID`, `STYLE_GROUP_ID`, `VENDOR_ID`, `QUANTITY_BREAK`, `VOLUME_PRICE`, `LAST_UPDATED_STAMP`, `LAST_UPDATED_TX_STAMP`, `CREATED_STAMP`, `CREATED_TX_STAMP`) VALUES ('58',  'GROUP_A_STOCKS', 'LEGAL', 'ADMORE', '250|500|750|1000|1500|2000|2500|3000|4000|5000|7500|10000', '26|36|50|64|90|117|142|165|215|266|385|513', '2017-05-15 13:40:00', '2017-05-15 13:40:00', '2017-05-15 13:40:00', '2017-05-15 13:40:00');
INSERT INTO `qc_attribute_value` (`ATTRIBUTE_VALUE_ID`, `ATTRIBUTE_ID`, `STYLE_GROUP_ID`, `VENDOR_ID`, `QUANTITY_BREAK`, `VOLUME_PRICE`, `LAST_UPDATED_STAMP`, `LAST_UPDATED_TX_STAMP`, `CREATED_STAMP`, `CREATED_TX_STAMP`) VALUES ('59',  'GROUP_B_STOCKS', 'LEGAL', 'ADMORE', '250|500|750|1000|1500|2000|2500|3000|4000|5000|7500|10000', '40|58|80|102|143|185|225|262|343|423|608|801', '2017-05-15 13:40:00', '2017-05-15 13:40:00', '2017-05-15 13:40:00', '2017-05-15 13:40:00');
INSERT INTO `qc_attribute_value` (`ATTRIBUTE_VALUE_ID`, `ATTRIBUTE_ID`, `STYLE_GROUP_ID`, `VENDOR_ID`, `QUANTITY_BREAK`, `VOLUME_PRICE`, `LAST_UPDATED_STAMP`, `LAST_UPDATED_TX_STAMP`, `CREATED_STAMP`, `CREATED_TX_STAMP`) VALUES ('60',  'GROUP_C_STOCKS', 'LEGAL', 'ADMORE', '250|500|750|1000|1500|2000|2500|3000|4000|5000|7500|10000', '61|88|122|155|217|283|342|397|520|644|932|1224', '2017-05-15 13:40:00', '2017-05-15 13:40:00', '2017-05-15 13:40:00', '2017-05-15 13:40:00');
INSERT INTO `qc_attribute_value` (`ATTRIBUTE_VALUE_ID`, `ATTRIBUTE_ID`, `STYLE_GROUP_ID`, `VENDOR_ID`, `QUANTITY_BREAK`, `VOLUME_PRICE`, `LAST_UPDATED_STAMP`, `LAST_UPDATED_TX_STAMP`, `CREATED_STAMP`, `CREATED_TX_STAMP`) VALUES ('61',  'GROUP_D_STOCKS', 'LEGAL', 'ADMORE', '250|500|750|1000|1500|2000|2500|3000|4000|5000|7500|10000', '91|131|180|230|323|418|504|589|770|950|1377|1809', '2017-05-15 13:40:00', '2017-05-15 13:40:00', '2017-05-15 13:40:00', '2017-05-15 13:40:00');
INSERT INTO `qc_attribute_value` (`ATTRIBUTE_VALUE_ID`, `ATTRIBUTE_ID`, `STYLE_GROUP_ID`, `VENDOR_ID`, `QUANTITY_BREAK`, `VOLUME_PRICE`, `LAST_UPDATED_STAMP`, `LAST_UPDATED_TX_STAMP`, `CREATED_STAMP`, `CREATED_TX_STAMP`) VALUES ('62',  'ITEM_UPCHARGE', 'LEGAL', 'ADMORE', '250|500|750|1000|1500|2000|2500|3000|4000|5000|7500|10000', '43|52|73|94|139|176|196|207|232|257|300|349', '2017-05-15 13:40:00', '2017-05-15 13:40:00', '2017-05-15 13:40:00', '2017-05-15 13:40:00');
INSERT INTO `qc_attribute_value` (`ATTRIBUTE_VALUE_ID`, `ATTRIBUTE_ID`, `STYLE_GROUP_ID`, `VENDOR_ID`, `QUANTITY_BREAK`, `VOLUME_PRICE`, `LAST_UPDATED_STAMP`, `LAST_UPDATED_TX_STAMP`, `CREATED_STAMP`, `CREATED_TX_STAMP`) VALUES ('63',  'AQUEOUS_GLOSS', 'LEGAL', 'ADMORE', '250|500|750|1000|1500|2000|2500|3000|4000|5000|7500|10000', '0|0|0|0|0|0|0|0|0|0|0|0', '2017-05-15 13:40:00', '2017-05-15 13:40:00', '2017-05-15 13:40:00', '2017-05-15 13:40:00');
INSERT INTO `qc_attribute_value` (`ATTRIBUTE_VALUE_ID`, `ATTRIBUTE_ID`, `STYLE_GROUP_ID`, `VENDOR_ID`, `QUANTITY_BREAK`, `VOLUME_PRICE`, `LAST_UPDATED_STAMP`, `LAST_UPDATED_TX_STAMP`, `CREATED_STAMP`, `CREATED_TX_STAMP`) VALUES ('64',  'AQUEOUS_MATTE', 'LEGAL', 'ADMORE', '250|500|750|1000|1500|2000|2500|3000|4000|5000|7500|10000', '0|0|0|0|0|0|0|0|0|0|0|0', '2017-05-15 13:40:00', '2017-05-15 13:40:00', '2017-05-15 13:40:00', '2017-05-15 13:40:00');
INSERT INTO `qc_attribute_value` (`ATTRIBUTE_VALUE_ID`, `ATTRIBUTE_ID`, `STYLE_GROUP_ID`, `VENDOR_ID`, `QUANTITY_BREAK`, `VOLUME_PRICE`, `LAST_UPDATED_STAMP`, `LAST_UPDATED_TX_STAMP`, `CREATED_STAMP`, `CREATED_TX_STAMP`) VALUES ('65',  'AQUEOUS_SATIN', 'LEGAL', 'ADMORE', '250|500|750|1000|1500|2000|2500|3000|4000|5000|7500|10000', '0|0|0|0|0|0|0|0|0|0|0|0', '2017-05-15 13:40:00', '2017-05-15 13:40:00', '2017-05-15 13:40:00', '2017-05-15 13:40:00');
INSERT INTO `qc_attribute_value` (`ATTRIBUTE_VALUE_ID`, `ATTRIBUTE_ID`, `STYLE_GROUP_ID`, `VENDOR_ID`, `QUANTITY_BREAK`, `VOLUME_PRICE`, `LAST_UPDATED_STAMP`, `LAST_UPDATED_TX_STAMP`, `CREATED_STAMP`, `CREATED_TX_STAMP`) VALUES ('66',  'AQUEOUS_CHOICE', 'LEGAL', 'ADMORE', '250|500|750|1000|1500|2000|2500|3000|4000|5000|7500|10000', '0|0|0|0|0|0|0|0|0|0|0|0', '2017-05-15 13:40:00', '2017-05-15 13:40:00', '2017-05-15 13:40:00', '2017-05-15 13:40:00');
INSERT INTO `qc_attribute_value` (`ATTRIBUTE_VALUE_ID`, `ATTRIBUTE_ID`, `STYLE_GROUP_ID`, `VENDOR_ID`, `QUANTITY_BREAK`, `VOLUME_PRICE`, `LAST_UPDATED_STAMP`, `LAST_UPDATED_TX_STAMP`, `CREATED_STAMP`, `CREATED_TX_STAMP`) VALUES ('67',  'AQUEOUS_SOFT_TOUCH', 'LEGAL', 'ADMORE', '250|500|750|1000|1500|2000|2500|3000|4000|5000|7500|10000', '123|137|149|159|173|187|214|234|251|268|368|443', '2017-05-15 13:40:00', '2017-05-15 13:40:00', '2017-05-15 13:40:00', '2017-05-15 13:40:00');
INSERT INTO `qc_attribute_value` (`ATTRIBUTE_VALUE_ID`, `ATTRIBUTE_ID`, `STYLE_GROUP_ID`, `VENDOR_ID`, `QUANTITY_BREAK`, `VOLUME_PRICE`, `LAST_UPDATED_STAMP`, `LAST_UPDATED_TX_STAMP`, `CREATED_STAMP`, `CREATED_TX_STAMP`) VALUES ('68',  'UV_COATING_GLOSS', 'LEGAL', 'ADMORE', '250|500|750|1000|1500|2000|2500|3000|4000|5000|7500|10000', '63|77|86|95|122|153|168|189|241|293|432|513', '2017-05-15 13:40:00', '2017-05-15 13:40:00', '2017-05-15 13:40:00', '2017-05-15 13:40:00');
INSERT INTO `qc_attribute_value` (`ATTRIBUTE_VALUE_ID`, `ATTRIBUTE_ID`, `STYLE_GROUP_ID`, `VENDOR_ID`, `QUANTITY_BREAK`, `VOLUME_PRICE`, `LAST_UPDATED_STAMP`, `LAST_UPDATED_TX_STAMP`, `CREATED_STAMP`, `CREATED_TX_STAMP`) VALUES ('69',  'LAMINATION_OVERSIZE_GLOSS', 'LEGAL', 'ADMORE', '250|500|750|1000|1500|2000|2500|3000|4000|5000|7500|10000', '83|110|148|185|249|316|392|468|618|768|1136|1512', '2017-05-15 13:40:00', '2017-05-15 13:40:00', '2017-05-15 13:40:00', '2017-05-15 13:40:00');
INSERT INTO `qc_attribute_value` (`ATTRIBUTE_VALUE_ID`, `ATTRIBUTE_ID`, `STYLE_GROUP_ID`, `VENDOR_ID`, `QUANTITY_BREAK`, `VOLUME_PRICE`, `LAST_UPDATED_STAMP`, `LAST_UPDATED_TX_STAMP`, `CREATED_STAMP`, `CREATED_TX_STAMP`) VALUES ('70',  'LAMINATION_OVERSIZE_MATTE', 'LEGAL', 'ADMORE', '250|500|750|1000|1500|2000|2500|3000|4000|5000|7500|10000', '107|175|230|285|401|515|632|750|987|1224|1815|2396', '2017-05-15 13:40:00', '2017-05-15 13:40:00', '2017-05-15 13:40:00', '2017-05-15 13:40:00');
INSERT INTO `qc_attribute_value` (`ATTRIBUTE_VALUE_ID`, `ATTRIBUTE_ID`, `STYLE_GROUP_ID`, `VENDOR_ID`, `QUANTITY_BREAK`, `VOLUME_PRICE`, `LAST_UPDATED_STAMP`, `LAST_UPDATED_TX_STAMP`, `CREATED_STAMP`, `CREATED_TX_STAMP`) VALUES ('71',  'LAMINATION_OVERSIZE_SOFT_TOUCH', 'LEGAL', 'ADMORE', '250|500|750|1000|1500|2000|2500|3000|4000|5000|7500|10000', '131|198|271|343|482|620|759|897|1175|1451|2144|2837', '2017-05-15 13:40:00', '2017-05-15 13:40:00', '2017-05-15 13:40:00', '2017-05-15 13:40:00');
INSERT INTO `qc_attribute_value` (`ATTRIBUTE_VALUE_ID`, `ATTRIBUTE_ID`, `STYLE_GROUP_ID`, `VENDOR_ID`, `QUANTITY_BREAK`, `VOLUME_PRICE`, `LAST_UPDATED_STAMP`, `LAST_UPDATED_TX_STAMP`, `CREATED_STAMP`, `CREATED_TX_STAMP`) VALUES ('72',  'DISCOUNT_15_SQ_INCH', 'LEGAL', 'ADMORE', '250|500|750|1000|1500|2000|2500|3000|4000|5000|7500|10000', '-56|-60|-65|-68|-76|-84|-91|-99|-114|-130|-170|-209', '2017-05-15 13:40:00', '2017-05-15 13:40:00', '2017-05-15 13:40:00', '2017-05-15 13:40:00');




INSERT INTO `qc_style_attribute_value` (`STYLE_ID`, `ATTRIBUTE_VALUE_ID`, `LAST_UPDATED_STAMP`, `LAST_UPDATED_TX_STAMP`, `CREATED_STAMP`, `CREATED_TX_STAMP`) VALUES ('LS1-0806', '38', '2017-05-15 13:40:00', '2017-05-15 13:40:00', '2017-05-15 13:40:00', '2017-05-15 13:40:00');
INSERT INTO `qc_style_attribute_value` (`STYLE_ID`, `ATTRIBUTE_VALUE_ID`, `LAST_UPDATED_STAMP`, `LAST_UPDATED_TX_STAMP`, `CREATED_STAMP`, `CREATED_TX_STAMP`) VALUES ('SFIF-0808', '38', '2017-05-15 13:40:00', '2017-05-15 13:40:00', '2017-05-15 13:40:00', '2017-05-15 13:40:00');
INSERT INTO `qc_style_attribute_value` (`STYLE_ID`, `ATTRIBUTE_VALUE_ID`, `LAST_UPDATED_STAMP`, `LAST_UPDATED_TX_STAMP`, `CREATED_STAMP`, `CREATED_TX_STAMP`) VALUES ('VSRP-0830', '38', '2017-05-15 13:40:00', '2017-05-15 13:40:00', '2017-05-15 13:40:00', '2017-05-15 13:40:00');
INSERT INTO `qc_style_attribute_value` (`STYLE_ID`, `ATTRIBUTE_VALUE_ID`, `LAST_UPDATED_STAMP`, `LAST_UPDATED_TX_STAMP`, `CREATED_STAMP`, `CREATED_TX_STAMP`) VALUES ('VH-0832', '38', '2017-05-15 13:40:00', '2017-05-15 13:40:00', '2017-05-15 13:40:00', '2017-05-15 13:40:00');
INSERT INTO `qc_style_attribute_value` (`STYLE_ID`, `ATTRIBUTE_VALUE_ID`, `LAST_UPDATED_STAMP`, `LAST_UPDATED_TX_STAMP`, `CREATED_STAMP`, `CREATED_TX_STAMP`) VALUES ('SFTF-0855', '38', '2017-05-15 13:40:00', '2017-05-15 13:40:00', '2017-05-15 13:40:00', '2017-05-15 13:40:00');
INSERT INTO `qc_style_attribute_value` (`STYLE_ID`, `ATTRIBUTE_VALUE_ID`, `LAST_UPDATED_STAMP`, `LAST_UPDATED_TX_STAMP`, `CREATED_STAMP`, `CREATED_TX_STAMP`) VALUES ('AP-0861', '38', '2017-05-15 13:40:00', '2017-05-15 13:40:00', '2017-05-15 13:40:00', '2017-05-15 13:40:00');
INSERT INTO `qc_style_attribute_value` (`STYLE_ID`, `ATTRIBUTE_VALUE_ID`, `LAST_UPDATED_STAMP`, `LAST_UPDATED_TX_STAMP`, `CREATED_STAMP`, `CREATED_TX_STAMP`) VALUES ('WP-0880', '38', '2017-05-15 13:40:00', '2017-05-15 13:40:00', '2017-05-15 13:40:00', '2017-05-15 13:40:00');
INSERT INTO `qc_style_attribute_value` (`STYLE_ID`, `ATTRIBUTE_VALUE_ID`, `LAST_UPDATED_STAMP`, `LAST_UPDATED_TX_STAMP`, `CREATED_STAMP`, `CREATED_TX_STAMP`) VALUES ('SF-0882', '38', '2017-05-15 13:40:00', '2017-05-15 13:40:00', '2017-05-15 13:40:00', '2017-05-15 13:40:00');
INSERT INTO `qc_style_attribute_value` (`STYLE_ID`, `ATTRIBUTE_VALUE_ID`, `LAST_UPDATED_STAMP`, `LAST_UPDATED_TX_STAMP`, `CREATED_STAMP`, `CREATED_TX_STAMP`) VALUES ('HV-0857', '39', '2017-05-15 13:40:00', '2017-05-15 13:40:00', '2017-05-15 13:40:00', '2017-05-15 13:40:00');
INSERT INTO `qc_style_attribute_value` (`STYLE_ID`, `ATTRIBUTE_VALUE_ID`, `LAST_UPDATED_STAMP`, `LAST_UPDATED_TX_STAMP`, `CREATED_STAMP`, `CREATED_TX_STAMP`) VALUES ('HV-0859', '39', '2017-05-15 13:40:00', '2017-05-15 13:40:00', '2017-05-15 13:40:00', '2017-05-15 13:40:00');
INSERT INTO `qc_style_attribute_value` (`STYLE_ID`, `ATTRIBUTE_VALUE_ID`, `LAST_UPDATED_STAMP`, `LAST_UPDATED_TX_STAMP`, `CREATED_STAMP`, `CREATED_TX_STAMP`) VALUES ('3DLE-2813', '62', '2017-05-15 13:40:00', '2017-05-15 13:40:00', '2017-05-15 13:40:00', '2017-05-15 13:40:00');
















































































