DROP TABLE `qc_attribute_value`;
DROP TABLE `qc_attribute`;
DROP TABLE `qc_attribute_type`;
DROP TABLE `qc_folder_style`;
DROP TABLE `qc_folder_group`;
DROP TABLE `qc_vendor`;


INSERT INTO `qc_folder_group` (`FOLDER_GROUP_ID`, `FOLDER_GROUP_NAME`, `FOLDER_GROUP_QTY_BREAK`, `ACTIVE_FLAG`, `LAST_UPDATED_STAMP`, `LAST_UPDATED_TX_STAMP`, `CREATED_STAMP`, `CREATED_TX_STAMP`) VALUES ('LARGE', 'Large Presentation Folders', '250|500|750|1000|1500|2000|2500|3000|4000|5000|7500|10000', 'Y', '2017-05-15 13:40:00', '2017-05-15 13:40:00', '2017-05-15 13:40:00', '2017-05-15 13:40:00');
INSERT INTO `qc_folder_group` (`FOLDER_GROUP_ID`, `FOLDER_GROUP_NAME`, `FOLDER_GROUP_QTY_BREAK`, `ACTIVE_FLAG`, `LAST_UPDATED_STAMP`, `LAST_UPDATED_TX_STAMP`, `CREATED_STAMP`, `CREATED_TX_STAMP`) VALUES ('LEGAL', 'Legal Folders', '250|500|750|1000|1500|2000|2500|3000|4000|5000|7500|10000', 'Y', '2017-05-15 13:40:00', '2017-05-15 13:40:00', '2017-05-15 13:40:00', '2017-05-15 13:40:00');


INSERT INTO `qc_folder_style` (`STYLE_ID`, `FOLDER_GROUP_ID`, `VENDOR_ID`, `STYLE_NAME`, `STYLE_DESCRIPTION`, `ACTIVE_FLAG`, `LAST_UPDATED_STAMP`, `LAST_UPDATED_TX_STAMP`, `CREATED_STAMP`, `CREATED_TX_STAMP`) VALUES ('0846', 'LEGAL', '1', 'LHV-0846', 'Legal size folder with Horizontal pocket on Left and Vertical pocket on right side.', 'Y', '2017-05-15 13:40:00', '2017-05-15 13:40:00', '2017-05-15 13:40:00', '2017-05-15 13:40:00');
INSERT INTO `qc_folder_style` (`STYLE_ID`, `FOLDER_GROUP_ID`, `VENDOR_ID`, `STYLE_NAME`, `STYLE_DESCRIPTION`, `ACTIVE_FLAG`, `LAST_UPDATED_STAMP`, `LAST_UPDATED_TX_STAMP`, `CREATED_STAMP`, `CREATED_TX_STAMP`) VALUES ('0806', 'LARGE', '1','LS1-0806', 'Landscape Letter Size 1 Pocket Folder', 'Y', '2017-05-15 13:40:00', '2017-05-15 13:40:00', '2017-05-15 13:40:00', '2017-05-15 13:40:00');


INSERT INTO `qc_attribute_type` (`ATTRIBUTE_TYPE_ID`, `ATTRIBUTE_TYPE_NAME`, `ACTIVE_FLAG`, `LAST_UPDATED_STAMP`, `LAST_UPDATED_TX_STAMP`, `CREATED_STAMP`, `CREATED_TX_STAMP`) VALUES ('BASE_PRICE', 'Base Price', 'Y', '2017-05-15 13:40:00', '2017-05-15 13:40:00', '2017-05-15 13:40:00', '2017-05-15 13:40:00');
INSERT INTO `qc_attribute_type` (`ATTRIBUTE_TYPE_ID`, `ATTRIBUTE_TYPE_NAME`, `ACTIVE_FLAG`, `LAST_UPDATED_STAMP`, `LAST_UPDATED_TX_STAMP`, `CREATED_STAMP`, `CREATED_TX_STAMP`) VALUES ('CATEGORY_ADD_ON_PRICE', 'Category Add-on Price', 'Y', '2017-05-15 13:40:00', '2017-05-15 13:40:00', '2017-05-15 13:40:00', '2017-05-15 13:40:00');
INSERT INTO `qc_attribute_type` (`ATTRIBUTE_TYPE_ID`, `ATTRIBUTE_TYPE_NAME`, `ACTIVE_FLAG`, `LAST_UPDATED_STAMP`, `LAST_UPDATED_TX_STAMP`, `CREATED_STAMP`, `CREATED_TX_STAMP`) VALUES ('STYLE_ADD_ON_PRICE', 'Style Add-on Price', 'Y', '2017-05-15 13:40:00', '2017-05-15 13:40:00', '2017-05-15 13:40:00', '2017-05-15 13:40:00');


INSERT INTO `qc_attribute` (`ATTRIBUTE_ID`, `ATTRIBUTE_NAME`, `ATTRIBUTE_LABEL`, `ATTRIBUTE_DESCRIPTION`, `ATTRIBUTE_TYPE_ID`, `ACTIVE_FLAG`, `SEQUENCE_NUM`, `LAST_UPDATED_STAMP`, `LAST_UPDATED_TX_STAMP`, `CREATED_STAMP`, `CREATED_TX_STAMP`) VALUES ('PRINT_1C', 'One Color Printing', 'Print - One PMS Color', 'One PMS Color Printing Price', 'BASE_PRICE', 'Y', '0', '2017-05-15 13:40:00', '2017-05-15 13:40:00', '2017-05-15 13:40:00', '2017-05-15 13:40:00');
INSERT INTO `qc_attribute` (`ATTRIBUTE_ID`, `ATTRIBUTE_NAME`, `ATTRIBUTE_LABEL`, `ATTRIBUTE_DESCRIPTION`, `ATTRIBUTE_TYPE_ID`, `ACTIVE_FLAG`, `SEQUENCE_NUM`, `LAST_UPDATED_STAMP`, `LAST_UPDATED_TX_STAMP`, `CREATED_STAMP`, `CREATED_TX_STAMP`) VALUES ('PRINT_2C', 'Two Color Printing', 'Print - Two PMS Color', 'Two PMS Color Printing Price', 'BASE_PRICE', 'Y', '1', '2017-05-15 13:40:00', '2017-05-15 13:40:00', '2017-05-15 13:40:00', '2017-05-15 13:40:00');
INSERT INTO `qc_attribute` (`ATTRIBUTE_ID`, `ATTRIBUTE_NAME`, `ATTRIBUTE_LABEL`, `ATTRIBUTE_DESCRIPTION`, `ATTRIBUTE_TYPE_ID`, `ACTIVE_FLAG`, `SEQUENCE_NUM`, `LAST_UPDATED_STAMP`, `LAST_UPDATED_TX_STAMP`, `CREATED_STAMP`, `CREATED_TX_STAMP`) VALUES ('PRINT_4C', 'Four Color Printing', 'Four Color Process', 'Four Color Printing Price', 'BASE_PRICE', 'Y', '2', '2017-05-15 13:40:00', '2017-05-15 13:40:00', '2017-05-15 13:40:00', '2017-05-15 13:40:00');
INSERT INTO `qc_attribute` (`ATTRIBUTE_ID`, `ATTRIBUTE_NAME`, `ATTRIBUTE_LABEL`, `ATTRIBUTE_DESCRIPTION`, `ATTRIBUTE_TYPE_ID`, `ACTIVE_FLAG`, `SEQUENCE_NUM`, `LAST_UPDATED_STAMP`, `LAST_UPDATED_TX_STAMP`, `CREATED_STAMP`, `CREATED_TX_STAMP`) VALUES ('FOIL_OR_EMBOSS_36_SQ_INCH', 'Foil Stamping or Embossing up to 36 sq in', 'Foil Stamp or Emboss - 36 sq.in.', 'Foil Stamping or Embossing Price for Image Area upto 36 Square Inches', 'BASE_PRICE', 'Y', '3', '2017-05-15 13:40:00', '2017-05-15 13:40:00', '2017-05-15 13:40:00', '2017-05-15 13:40:00');
INSERT INTO `qc_attribute` (`ATTRIBUTE_ID`, `ATTRIBUTE_NAME`, `ATTRIBUTE_LABEL`, `ATTRIBUTE_DESCRIPTION`, `ATTRIBUTE_TYPE_ID`, `ACTIVE_FLAG`, `SEQUENCE_NUM`, `LAST_UPDATED_STAMP`, `LAST_UPDATED_TX_STAMP`, `CREATED_STAMP`, `CREATED_TX_STAMP`) VALUES ('FOIL_AND_EMBOSS_36_SQ_INCH', 'Foil Stamping and Embossing up to 36 sq in', 'Foil Stamp + Emboss - 36 sq.in.', 'Foil Stamping and Embossing Price for Image Area upto 36 Square Inches', 'BASE_PRICE', 'Y', '4', '2017-05-15 13:40:00', '2017-05-15 13:40:00', '2017-05-15 13:40:00', '2017-05-15 13:40:00');
INSERT INTO `qc_attribute` (`ATTRIBUTE_ID`, `ATTRIBUTE_NAME`, `ATTRIBUTE_LABEL`, `ATTRIBUTE_DESCRIPTION`, `ATTRIBUTE_TYPE_ID`, `ACTIVE_FLAG`, `SEQUENCE_NUM`, `LAST_UPDATED_STAMP`, `LAST_UPDATED_TX_STAMP`, `CREATED_STAMP`, `CREATED_TX_STAMP`) VALUES ('ADDITIONAL_COLOR_PER_SIDE', 'Additional Color Per Side', 'Additional PMS (per side)', 'Additional PMS Color Add-on Price per Side', 'CATEGORY_ADD_ON_PRICE', 'Y', '5', '2017-05-15 13:40:00', '2017-05-15 13:40:00', '2017-05-15 13:40:00', '2017-05-15 13:40:00');
INSERT INTO `qc_attribute` (`ATTRIBUTE_ID`, `ATTRIBUTE_NAME`, `ATTRIBUTE_LABEL`, `ATTRIBUTE_DESCRIPTION`, `ATTRIBUTE_TYPE_ID`, `ACTIVE_FLAG`, `SEQUENCE_NUM`, `LAST_UPDATED_STAMP`, `LAST_UPDATED_TX_STAMP`, `CREATED_STAMP`, `CREATED_TX_STAMP`) VALUES ('HEAVY_COVERAGE_PER_SIDE', 'Heavy Coverage Per Side', 'Heavy Coverage (per side)', 'Heavy Ink Coverage Add-on Price per Side', 'CATEGORY_ADD_ON_PRICE', 'Y', '6', '2017-05-15 13:40:00', '2017-05-15 13:40:00', '2017-05-15 13:40:00', '2017-05-15 13:40:00');
INSERT INTO `qc_attribute` (`ATTRIBUTE_ID`, `ATTRIBUTE_NAME`, `ATTRIBUTE_LABEL`, `ATTRIBUTE_DESCRIPTION`, `ATTRIBUTE_TYPE_ID`, `ACTIVE_FLAG`, `SEQUENCE_NUM`, `LAST_UPDATED_STAMP`, `LAST_UPDATED_TX_STAMP`, `CREATED_STAMP`, `CREATED_TX_STAMP`) VALUES ('PRINT_4C_2ND_SIDE', 'Four Color Printing 2nd Side', 'Four Color Process (2nd side)', 'Four Color Process Add-on Price for 2nd Side', 'CATEGORY_ADD_ON_PRICE', 'Y', '7', '2017-05-15 13:40:00', '2017-05-15 13:40:00', '2017-05-15 13:40:00', '2017-05-15 13:40:00');
INSERT INTO `qc_attribute` (`ATTRIBUTE_ID`, `ATTRIBUTE_NAME`, `ATTRIBUTE_LABEL`, `ATTRIBUTE_DESCRIPTION`, `ATTRIBUTE_TYPE_ID`, `ACTIVE_FLAG`, `SEQUENCE_NUM`, `LAST_UPDATED_STAMP`, `LAST_UPDATED_TX_STAMP`, `CREATED_STAMP`, `CREATED_TX_STAMP`) VALUES ('2ND_FOIL_AREA_36_SQ_INCH', '2nd Foil Stamping Area up to 36 sq in', '2nd Foil Area - Same Std. Color up to 36 sq. in.', 'Second Foil Area Add-on Price for Same Std Color up to 36 Square Inches', 'CATEGORY_ADD_ON_PRICE', 'Y', '8', '2017-05-15 13:40:00', '2017-05-15 13:40:00', '2017-05-15 13:40:00', '2017-05-15 13:40:00');
INSERT INTO `qc_attribute` (`ATTRIBUTE_ID`, `ATTRIBUTE_NAME`, `ATTRIBUTE_LABEL`, `ATTRIBUTE_DESCRIPTION`, `ATTRIBUTE_TYPE_ID`, `ACTIVE_FLAG`, `SEQUENCE_NUM`, `LAST_UPDATED_STAMP`, `LAST_UPDATED_TX_STAMP`, `CREATED_STAMP`, `CREATED_TX_STAMP`) VALUES ('GROUP_A_STOCKS', 'Group A Stocks', 'Group A Stocks', 'Group A Stocks Add-on Price', 'CATEGORY_ADD_ON_PRICE', 'Y', '9', '2017-05-15 13:40:00', '2017-05-15 13:40:00', '2017-05-15 13:40:00', '2017-05-15 13:40:00');
INSERT INTO `qc_attribute` (`ATTRIBUTE_ID`, `ATTRIBUTE_NAME`, `ATTRIBUTE_LABEL`, `ATTRIBUTE_DESCRIPTION`, `ATTRIBUTE_TYPE_ID`, `ACTIVE_FLAG`, `SEQUENCE_NUM`, `LAST_UPDATED_STAMP`, `LAST_UPDATED_TX_STAMP`, `CREATED_STAMP`, `CREATED_TX_STAMP`) VALUES ('GROUP_B_STOCKS', 'Group B Stocks', 'Group B Stocks', 'Group B Stocks Add-on Price', 'CATEGORY_ADD_ON_PRICE', 'Y', '10', '2017-05-15 13:40:00', '2017-05-15 13:40:00', '2017-05-15 13:40:00', '2017-05-15 13:40:00');
INSERT INTO `qc_attribute` (`ATTRIBUTE_ID`, `ATTRIBUTE_NAME`, `ATTRIBUTE_LABEL`, `ATTRIBUTE_DESCRIPTION`, `ATTRIBUTE_TYPE_ID`, `ACTIVE_FLAG`, `SEQUENCE_NUM`, `LAST_UPDATED_STAMP`, `LAST_UPDATED_TX_STAMP`, `CREATED_STAMP`, `CREATED_TX_STAMP`) VALUES ('GROUP_C_STOCKS', 'Group C Stocks', 'Group C Stocks', 'Group C Stocks Add-on Price', 'CATEGORY_ADD_ON_PRICE', 'Y', '11', '2017-05-15 13:40:00', '2017-05-15 13:40:00', '2017-05-15 13:40:00', '2017-05-15 13:40:00');
INSERT INTO `qc_attribute` (`ATTRIBUTE_ID`, `ATTRIBUTE_NAME`, `ATTRIBUTE_LABEL`, `ATTRIBUTE_DESCRIPTION`, `ATTRIBUTE_TYPE_ID`, `ACTIVE_FLAG`, `SEQUENCE_NUM`, `LAST_UPDATED_STAMP`, `LAST_UPDATED_TX_STAMP`, `CREATED_STAMP`, `CREATED_TX_STAMP`) VALUES ('GROUP_D_STOCKS', 'Group D Stocks', 'Group D Stocks', 'Group D Stocks Add-on Price', 'CATEGORY_ADD_ON_PRICE', 'Y', '12', '2017-05-15 13:40:00', '2017-05-15 13:40:00', '2017-05-15 13:40:00', '2017-05-15 13:40:00');
INSERT INTO `qc_attribute` (`ATTRIBUTE_ID`, `ATTRIBUTE_NAME`, `ATTRIBUTE_LABEL`, `ATTRIBUTE_DESCRIPTION`, `ATTRIBUTE_TYPE_ID`, `ACTIVE_FLAG`, `SEQUENCE_NUM`, `LAST_UPDATED_STAMP`, `LAST_UPDATED_TX_STAMP`, `CREATED_STAMP`, `CREATED_TX_STAMP`) VALUES ('ITEM_UPCHARGE', 'Item Upcharge', 'Item Upcharge', 'Style Specific Upcharge', 'STYLE_ADD_ON_PRICE', 'Y', '13', '2017-05-15 13:40:00', '2017-05-15 13:40:00', '2017-05-15 13:40:00', '2017-05-15 13:40:00');


INSERT INTO `qc_attribute_value` (`ATTRIBUTE_VALUE_ID`, `ATTRIBUTE_ID`, `FOLDER_GROUP_ID`, `ATTRIBUTE_VALUE`, `LAST_UPDATED_STAMP`, `LAST_UPDATED_TX_STAMP`, `CREATED_STAMP`, `CREATED_TX_STAMP`) VALUES ('1', 'PRINT_1C', 'LARGE', '310|360|430|501|622|774|916|1058|1238|1418|1958|2385', '2017-05-15 13:40:00', '2017-05-15 13:40:00', '2017-05-15 13:40:00', '2017-05-15 13:40:00');
INSERT INTO `qc_attribute_value` (`ATTRIBUTE_VALUE_ID`, `ATTRIBUTE_ID`, `FOLDER_GROUP_ID`, `ATTRIBUTE_VALUE`, `LAST_UPDATED_STAMP`, `LAST_UPDATED_TX_STAMP`, `CREATED_STAMP`, `CREATED_TX_STAMP`) VALUES ('2', 'PRINT_2C', 'LARGE', '388|448|526|604|734|904|1064|1223|1415|1607|2214|2700', '2017-05-15 13:40:00', '2017-05-15 13:40:00', '2017-05-15 13:40:00', '2017-05-15 13:40:00');
INSERT INTO `qc_attribute_value` (`ATTRIBUTE_VALUE_ID`, `ATTRIBUTE_ID`, `FOLDER_GROUP_ID`, `ATTRIBUTE_VALUE`, `LAST_UPDATED_STAMP`, `LAST_UPDATED_TX_STAMP`, `CREATED_STAMP`, `CREATED_TX_STAMP`) VALUES ('3', 'PRINT_4C', 'LARGE', '365|453|541|629|806|956|1098|1231|1433|1634|2174|2592', '2017-05-15 13:40:00', '2017-05-15 13:40:00', '2017-05-15 13:40:00', '2017-05-15 13:40:00');
INSERT INTO `qc_attribute_value` (`ATTRIBUTE_VALUE_ID`, `ATTRIBUTE_ID`, `FOLDER_GROUP_ID`, `ATTRIBUTE_VALUE`, `LAST_UPDATED_STAMP`, `LAST_UPDATED_TX_STAMP`, `CREATED_STAMP`, `CREATED_TX_STAMP`) VALUES ('4', 'FOIL_OR_EMBOSS_36_SQ_INCH', 'LARGE', '260|354|426|497|624|812|974|1126|1346|1566|2214|2790', '2017-05-15 13:40:00', '2017-05-15 13:40:00', '2017-05-15 13:40:00', '2017-05-15 13:40:00');
INSERT INTO `qc_attribute_value` (`ATTRIBUTE_VALUE_ID`, `ATTRIBUTE_ID`, `FOLDER_GROUP_ID`, `ATTRIBUTE_VALUE`, `LAST_UPDATED_STAMP`, `LAST_UPDATED_TX_STAMP`, `CREATED_STAMP`, `CREATED_TX_STAMP`) VALUES ('5', 'FOIL_AND_EMBOSS_36_SQ_INCH', 'LARGE', '414|525|612|699|866|1085|1299|1507|1809|2111|2997|3771', '2017-05-15 13:40:00', '2017-05-15 13:40:00', '2017-05-15 13:40:00', '2017-05-15 13:40:00');
INSERT INTO `qc_attribute_value` (`ATTRIBUTE_VALUE_ID`, `ATTRIBUTE_ID`, `FOLDER_GROUP_ID`, `ATTRIBUTE_VALUE`, `LAST_UPDATED_STAMP`, `LAST_UPDATED_TX_STAMP`, `CREATED_STAMP`, `CREATED_TX_STAMP`) VALUES ('6', 'ADDITIONAL_COLOR_PER_SIDE', 'LARGE', '79|88|95|102|111|130|149|162|174|185|257|315', '2017-05-15 13:40:00', '2017-05-15 13:40:00', '2017-05-15 13:40:00', '2017-05-15 13:40:00');
INSERT INTO `qc_attribute_value` (`ATTRIBUTE_VALUE_ID`, `ATTRIBUTE_ID`, `FOLDER_GROUP_ID`, `ATTRIBUTE_VALUE`, `LAST_UPDATED_STAMP`, `LAST_UPDATED_TX_STAMP`, `CREATED_STAMP`, `CREATED_TX_STAMP`) VALUES ('7', 'HEAVY_COVERAGE_PER_SIDE', 'LARGE', '79|88|95|102|111|130|149|162|174|185|257|315', '2017-05-15 13:40:00', '2017-05-15 13:40:00', '2017-05-15 13:40:00', '2017-05-15 13:40:00');
INSERT INTO `qc_attribute_value` (`ATTRIBUTE_VALUE_ID`, `ATTRIBUTE_ID`, `FOLDER_GROUP_ID`, `ATTRIBUTE_VALUE`, `LAST_UPDATED_STAMP`, `LAST_UPDATED_TX_STAMP`, `CREATED_STAMP`, `CREATED_TX_STAMP`) VALUES ('8', 'PRINT_4C_2ND_SIDE', 'LARGE', '225|225|243|261|293|324|356|386|450|513|668|828', '2017-05-15 13:40:00', '2017-05-15 13:40:00', '2017-05-15 13:40:00', '2017-05-15 13:40:00');
INSERT INTO `qc_attribute_value` (`ATTRIBUTE_VALUE_ID`, `ATTRIBUTE_ID`, `FOLDER_GROUP_ID`, `ATTRIBUTE_VALUE`, `LAST_UPDATED_STAMP`, `LAST_UPDATED_TX_STAMP`, `CREATED_STAMP`, `CREATED_TX_STAMP`) VALUES ('9', '2ND_FOIL_AREA_36_SQ_INCH', 'LARGE', '50|51|54|57|61|65|68|70|78|86|95|108', '2017-05-15 13:40:00', '2017-05-15 13:40:00', '2017-05-15 13:40:00', '2017-05-15 13:40:00');
INSERT INTO `qc_attribute_value` (`ATTRIBUTE_VALUE_ID`, `ATTRIBUTE_ID`, `FOLDER_GROUP_ID`, `ATTRIBUTE_VALUE`, `LAST_UPDATED_STAMP`, `LAST_UPDATED_TX_STAMP`, `CREATED_STAMP`, `CREATED_TX_STAMP`) VALUES ('10', 'GROUP_A_STOCKS', 'LARGE', '26|36|50|64|90|117|142|165|215|266|385|513', '2017-05-15 13:40:00', '2017-05-15 13:40:00', '2017-05-15 13:40:00', '2017-05-15 13:40:00');
INSERT INTO `qc_attribute_value` (`ATTRIBUTE_VALUE_ID`, `ATTRIBUTE_ID`, `FOLDER_GROUP_ID`, `ATTRIBUTE_VALUE`, `LAST_UPDATED_STAMP`, `LAST_UPDATED_TX_STAMP`, `CREATED_STAMP`, `CREATED_TX_STAMP`) VALUES ('11', 'GROUP_B_STOCKS', 'LARGE', '40|58|80|102|143|185|225|262|343|423|608|801', '2017-05-15 13:40:00', '2017-05-15 13:40:00', '2017-05-15 13:40:00', '2017-05-15 13:40:00');
INSERT INTO `qc_attribute_value` (`ATTRIBUTE_VALUE_ID`, `ATTRIBUTE_ID`, `FOLDER_GROUP_ID`, `ATTRIBUTE_VALUE`, `LAST_UPDATED_STAMP`, `LAST_UPDATED_TX_STAMP`, `CREATED_STAMP`, `CREATED_TX_STAMP`) VALUES ('12', 'GROUP_C_STOCKS', 'LARGE', '61|88|122|155|217|283|342|397|520|644|932|1224', '2017-05-15 13:40:00', '2017-05-15 13:40:00', '2017-05-15 13:40:00', '2017-05-15 13:40:00');
INSERT INTO `qc_attribute_value` (`ATTRIBUTE_VALUE_ID`, `ATTRIBUTE_ID`, `FOLDER_GROUP_ID`, `ATTRIBUTE_VALUE`, `LAST_UPDATED_STAMP`, `LAST_UPDATED_TX_STAMP`, `CREATED_STAMP`, `CREATED_TX_STAMP`) VALUES ('13', 'GROUP_D_STOCKS', 'LARGE', '91|131|180|230|323|418|504|589|770|950|1377|1809', '2017-05-15 13:40:00', '2017-05-15 13:40:00', '2017-05-15 13:40:00', '2017-05-15 13:40:00');


INSERT INTO `qc_stock` (`STOCK_ID`, `STOCK_TYPE_ID`, `MATERIAL_TYPE_ID`, `STOCK_NAME`, `LAST_UPDATED_STAMP`, `LAST_UPDATED_TX_STAMP`, `CREATED_STAMP`, `CREATED_TX_STAMP`) VALUES ('BN80', 'GROUP_B', 'PAPER', 'Natural 80lb. Fiber', '2017-05-15 13:40:00', '2017-05-15 13:40:00', '2017-05-15 13:40:00', '2017-05-15 13:40:00');
INSERT INTO `qc_stock` (`STOCK_ID`, `STOCK_TYPE_ID`, `MATERIAL_TYPE_ID`, `STOCK_NAME`, `LAST_UPDATED_STAMP`, `LAST_UPDATED_TX_STAMP`, `CREATED_STAMP`, `CREATED_TX_STAMP`) VALUES ('BC80', 'GROUP_B', 'PAPER', 'Cream 80lb. Fiber', '2017-05-15 13:40:00', '2017-05-15 13:40:00', '2017-05-15 13:40:00', '2017-05-15 13:40:00');
INSERT INTO `qc_stock` (`STOCK_ID`, `STOCK_TYPE_ID`, `MATERIAL_TYPE_ID`, `STOCK_NAME`, `LAST_UPDATED_STAMP`, `LAST_UPDATED_TX_STAMP`, `CREATED_STAMP`, `CREATED_TX_STAMP`) VALUES ('BN100', 'GROUP_B', 'PAPER', 'Natural 100lb. Linen', '2017-05-15 13:40:00', '2017-05-15 13:40:00', '2017-05-15 13:40:00', '2017-05-15 13:40:00');
INSERT INTO `qc_stock` (`STOCK_ID`, `STOCK_TYPE_ID`, `MATERIAL_TYPE_ID`, `STOCK_NAME`, `LAST_UPDATED_STAMP`, `LAST_UPDATED_TX_STAMP`, `CREATED_STAMP`, `CREATED_TX_STAMP`) VALUES ('BG80', 'GROUP_B', 'PAPER', 'Gray 80lb. Fiber', '2017-05-15 13:40:00', '2017-05-15 13:40:00', '2017-05-15 13:40:00', '2017-05-15 13:40:00');
INSERT INTO `qc_stock` (`STOCK_ID`, `STOCK_TYPE_ID`, `MATERIAL_TYPE_ID`, `STOCK_NAME`, `LAST_UPDATED_STAMP`, `LAST_UPDATED_TX_STAMP`, `CREATED_STAMP`, `CREATED_TX_STAMP`) VALUES ('BB80', 'GROUP_B', 'PAPER', 'Ice Blue 80lb. Fiber', '2017-05-15 13:40:00', '2017-05-15 13:40:00', '2017-05-15 13:40:00', '2017-05-15 13:40:00');
INSERT INTO `qc_stock` (`STOCK_ID`, `STOCK_TYPE_ID`, `MATERIAL_TYPE_ID`, `STOCK_NAME`, `LAST_UPDATED_STAMP`, `LAST_UPDATED_TX_STAMP`, `CREATED_STAMP`, `CREATED_TX_STAMP`) VALUES ('BP80', 'GROUP_B', 'PAPER', 'Periwinkle 80lb. Fiber', '2017-05-15 13:40:00', '2017-05-15 13:40:00', '2017-05-15 13:40:00', '2017-05-15 13:40:00');
INSERT INTO `qc_stock` (`STOCK_ID`, `STOCK_TYPE_ID`, `MATERIAL_TYPE_ID`, `STOCK_NAME`, `LAST_UPDATED_STAMP`, `LAST_UPDATED_TX_STAMP`, `CREATED_STAMP`, `CREATED_TX_STAMP`) VALUES ('BT80', 'GROUP_B', 'PAPER', 'Thyme 80lb. Fiber', '2017-05-15 13:40:00', '2017-05-15 13:40:00', '2017-05-15 13:40:00', '2017-05-15 13:40:00');
INSERT INTO `qc_stock` (`STOCK_ID`, `STOCK_TYPE_ID`, `MATERIAL_TYPE_ID`, `STOCK_NAME`, `LAST_UPDATED_STAMP`, `LAST_UPDATED_TX_STAMP`, `CREATED_STAMP`, `CREATED_TX_STAMP`) VALUES ('BR80', 'GROUP_B', 'PAPER', 'Rose 80lb. Fiber', '2017-05-15 13:40:00', '2017-05-15 13:40:00', '2017-05-15 13:40:00', '2017-05-15 13:40:00');
INSERT INTO `qc_stock` (`STOCK_ID`, `STOCK_TYPE_ID`, `MATERIAL_TYPE_ID`, `STOCK_NAME`, `LAST_UPDATED_STAMP`, `LAST_UPDATED_TX_STAMP`, `CREATED_STAMP`, `CREATED_TX_STAMP`) VALUES ('CSGW16', 'GROUP_C', 'PAPER', 'White 16 PT C2S Semi-Gloss', '2017-05-15 13:40:00', '2017-05-15 13:40:00', '2017-05-15 13:40:00', '2017-05-15 13:40:00');
INSERT INTO `qc_stock` (`STOCK_ID`, `STOCK_TYPE_ID`, `MATERIAL_TYPE_ID`, `STOCK_NAME`, `LAST_UPDATED_STAMP`, `LAST_UPDATED_TX_STAMP`, `CREATED_STAMP`, `CREATED_TX_STAMP`) VALUES ('CSGW18', 'GROUP_C', 'PAPER', 'White 18 PT C1S Semi-Gloss', '2017-05-15 13:40:00', '2017-05-15 13:40:00', '2017-05-15 13:40:00', '2017-05-15 13:40:00');
INSERT INTO `qc_stock` (`STOCK_ID`, `STOCK_TYPE_ID`, `MATERIAL_TYPE_ID`, `STOCK_NAME`, `LAST_UPDATED_STAMP`, `LAST_UPDATED_TX_STAMP`, `CREATED_STAMP`, `CREATED_TX_STAMP`) VALUES ('CCC12', 'GROUP_C', 'PAPER', 'White 12 PT C1S Cast Coated', '2017-05-15 13:40:00', '2017-05-15 13:40:00', '2017-05-15 13:40:00', '2017-05-15 13:40:00');
INSERT INTO `qc_stock` (`STOCK_ID`, `STOCK_TYPE_ID`, `MATERIAL_TYPE_ID`, `STOCK_NAME`, `LAST_UPDATED_STAMP`, `LAST_UPDATED_TX_STAMP`, `CREATED_STAMP`, `CREATED_TX_STAMP`) VALUES ('CEW80', 'GROUP_C', 'PAPER', 'Eco White 80lb. Smooth', '2017-05-15 13:40:00', '2017-05-15 13:40:00', '2017-05-15 13:40:00', '2017-05-15 13:40:00');
INSERT INTO `qc_stock` (`STOCK_ID`, `STOCK_TYPE_ID`, `MATERIAL_TYPE_ID`, `STOCK_NAME`, `LAST_UPDATED_STAMP`, `LAST_UPDATED_TX_STAMP`, `CREATED_STAMP`, `CREATED_TX_STAMP`) VALUES ('CEGG80', 'GROUP_C', 'PAPER', 'White Eggshell 80lb', '2017-05-15 13:40:00', '2017-05-15 13:40:00', '2017-05-15 13:40:00', '2017-05-15 13:40:00');
INSERT INTO `qc_stock` (`STOCK_ID`, `STOCK_TYPE_ID`, `MATERIAL_TYPE_ID`, `STOCK_NAME`, `LAST_UPDATED_STAMP`, `LAST_UPDATED_TX_STAMP`, `CREATED_STAMP`, `CREATED_TX_STAMP`) VALUES ('CS80', 'GROUP_C', 'PAPER', 'Sandstone 80lb. Felt', '2017-05-15 13:40:00', '2017-05-15 13:40:00', '2017-05-15 13:40:00', '2017-05-15 13:40:00');
INSERT INTO `qc_stock` (`STOCK_ID`, `STOCK_TYPE_ID`, `MATERIAL_TYPE_ID`, `STOCK_NAME`, `LAST_UPDATED_STAMP`, `LAST_UPDATED_TX_STAMP`, `CREATED_STAMP`, `CREATED_TX_STAMP`) VALUES ('CEI80', 'GROUP_C', 'PAPER', 'Eco Ivory 80lb. Smooth', '2017-05-15 13:40:00', '2017-05-15 13:40:00', '2017-05-15 13:40:00', '2017-05-15 13:40:00');
INSERT INTO `qc_stock` (`STOCK_ID`, `STOCK_TYPE_ID`, `MATERIAL_TYPE_ID`, `STOCK_NAME`, `LAST_UPDATED_STAMP`, `LAST_UPDATED_TX_STAMP`, `CREATED_STAMP`, `CREATED_TX_STAMP`) VALUES ('CJ80', 'GROUP_C', 'PAPER', 'Jute 80lb. Vellum', '2017-05-15 13:40:00', '2017-05-15 13:40:00', '2017-05-15 13:40:00', '2017-05-15 13:40:00');
INSERT INTO `qc_stock` (`STOCK_ID`, `STOCK_TYPE_ID`, `MATERIAL_TYPE_ID`, `STOCK_NAME`, `LAST_UPDATED_STAMP`, `LAST_UPDATED_TX_STAMP`, `CREATED_STAMP`, `CREATED_TX_STAMP`) VALUES ('CP80', 'GROUP_C', 'PAPER', 'Pumice 80lb. Felt', '2017-05-15 13:40:00', '2017-05-15 13:40:00', '2017-05-15 13:40:00', '2017-05-15 13:40:00');
INSERT INTO `qc_stock` (`STOCK_ID`, `STOCK_TYPE_ID`, `MATERIAL_TYPE_ID`, `STOCK_NAME`, `LAST_UPDATED_STAMP`, `LAST_UPDATED_TX_STAMP`, `CREATED_STAMP`, `CREATED_TX_STAMP`) VALUES ('CSG100', 'GROUP_C', 'PAPER', 'Sterling Gray 100lb. Linen', '2017-05-15 13:40:00', '2017-05-15 13:40:00', '2017-05-15 13:40:00', '2017-05-15 13:40:00');
INSERT INTO `qc_stock` (`STOCK_ID`, `STOCK_TYPE_ID`, `MATERIAL_TYPE_ID`, `STOCK_NAME`, `LAST_UPDATED_STAMP`, `LAST_UPDATED_TX_STAMP`, `CREATED_STAMP`, `CREATED_TX_STAMP`) VALUES ('CMASH12', 'GROUP_C', 'PAPER', 'Ash 12 PT C1S MarbleCoat', '2017-05-15 13:40:00', '2017-05-15 13:40:00', '2017-05-15 13:40:00', '2017-05-15 13:40:00');
INSERT INTO `qc_stock` (`STOCK_ID`, `STOCK_TYPE_ID`, `MATERIAL_TYPE_ID`, `STOCK_NAME`, `LAST_UPDATED_STAMP`, `LAST_UPDATED_TX_STAMP`, `CREATED_STAMP`, `CREATED_TX_STAMP`) VALUES ('CB80', 'GROUP_C', 'PAPER', 'New Black 80lb. Felt', '2017-05-15 13:40:00', '2017-05-15 13:40:00', '2017-05-15 13:40:00', '2017-05-15 13:40:00');
INSERT INTO `qc_stock` (`STOCK_ID`, `STOCK_TYPE_ID`, `MATERIAL_TYPE_ID`, `STOCK_NAME`, `LAST_UPDATED_STAMP`, `LAST_UPDATED_TX_STAMP`, `CREATED_STAMP`, `CREATED_TX_STAMP`) VALUES ('CMBLK12', 'GROUP_C', 'PAPER', 'Black 12 PT C1S MarbleCoat', '2017-05-15 13:40:00', '2017-05-15 13:40:00', '2017-05-15 13:40:00', '2017-05-15 13:40:00');
INSERT INTO `qc_stock` (`STOCK_ID`, `STOCK_TYPE_ID`, `MATERIAL_TYPE_ID`, `STOCK_NAME`, `LAST_UPDATED_STAMP`, `LAST_UPDATED_TX_STAMP`, `CREATED_STAMP`, `CREATED_TX_STAMP`) VALUES ('CMBLU12', 'GROUP_C', 'PAPER', 'Blue 12 PT C1S MarbleCoat', '2017-05-15 13:40:00', '2017-05-15 13:40:00', '2017-05-15 13:40:00', '2017-05-15 13:40:00');
INSERT INTO `qc_stock` (`STOCK_ID`, `STOCK_TYPE_ID`, `MATERIAL_TYPE_ID`, `STOCK_NAME`, `LAST_UPDATED_STAMP`, `LAST_UPDATED_TX_STAMP`, `CREATED_STAMP`, `CREATED_TX_STAMP`) VALUES ('CFG80', 'GROUP_C', 'PAPER', 'Forest Green 80lb. Felt', '2017-05-15 13:40:00', '2017-05-15 13:40:00', '2017-05-15 13:40:00', '2017-05-15 13:40:00');
INSERT INTO `qc_stock` (`STOCK_ID`, `STOCK_TYPE_ID`, `MATERIAL_TYPE_ID`, `STOCK_NAME`, `LAST_UPDATED_STAMP`, `LAST_UPDATED_TX_STAMP`, `CREATED_STAMP`, `CREATED_TX_STAMP`) VALUES ('CY80', 'GROUP_C', 'PAPER', 'Yellow 80lb. Vellum', '2017-05-15 13:40:00', '2017-05-15 13:40:00', '2017-05-15 13:40:00', '2017-05-15 13:40:00');
INSERT INTO `qc_stock` (`STOCK_ID`, `STOCK_TYPE_ID`, `MATERIAL_TYPE_ID`, `STOCK_NAME`, `LAST_UPDATED_STAMP`, `LAST_UPDATED_TX_STAMP`, `CREATED_STAMP`, `CREATED_TX_STAMP`) VALUES ('CMBUR12', 'GROUP_C', 'PAPER', 'Burgundy 12 PT C1S MarbleCoat', '2017-05-15 13:40:00', '2017-05-15 13:40:00', '2017-05-15 13:40:00', '2017-05-15 13:40:00');
INSERT INTO `qc_stock` (`STOCK_ID`, `STOCK_TYPE_ID`, `MATERIAL_TYPE_ID`, `STOCK_NAME`, `LAST_UPDATED_STAMP`, `LAST_UPDATED_TX_STAMP`, `CREATED_STAMP`, `CREATED_TX_STAMP`) VALUES ('DMAH100', 'GROUP_D', 'PAPER', 'Mahogany 100lb. Linen', '2017-05-15 13:40:00', '2017-05-15 13:40:00', '2017-05-15 13:40:00', '2017-05-15 13:40:00');
INSERT INTO `qc_stock` (`STOCK_ID`, `STOCK_TYPE_ID`, `MATERIAL_TYPE_ID`, `STOCK_NAME`, `LAST_UPDATED_STAMP`, `LAST_UPDATED_TX_STAMP`, `CREATED_STAMP`, `CREATED_TX_STAMP`) VALUES ('DG80', 'GROUP_D', 'PAPER', 'Granite 80lb. Felt', '2017-05-15 13:40:00', '2017-05-15 13:40:00', '2017-05-15 13:40:00', '2017-05-15 13:40:00');
INSERT INTO `qc_stock` (`STOCK_ID`, `STOCK_TYPE_ID`, `MATERIAL_TYPE_ID`, `STOCK_NAME`, `LAST_UPDATED_STAMP`, `LAST_UPDATED_TX_STAMP`, `CREATED_STAMP`, `CREATED_TX_STAMP`) VALUES ('DSGG80', 'GROUP_D', 'PAPER', 'Smoke Gray 80lb Grandee', '2017-05-15 13:40:00', '2017-05-15 13:40:00', '2017-05-15 13:40:00', '2017-05-15 13:40:00');
INSERT INTO `qc_stock` (`STOCK_ID`, `STOCK_TYPE_ID`, `MATERIAL_TYPE_ID`, `STOCK_NAME`, `LAST_UPDATED_STAMP`, `LAST_UPDATED_TX_STAMP`, `CREATED_STAMP`, `CREATED_TX_STAMP`) VALUES ('DCG80', 'GROUP_D', 'PAPER', 'Charcoal 80lb Grandee', '2017-05-15 13:40:00', '2017-05-15 13:40:00', '2017-05-15 13:40:00', '2017-05-15 13:40:00');
INSERT INTO `qc_stock` (`STOCK_ID`, `STOCK_TYPE_ID`, `MATERIAL_TYPE_ID`, `STOCK_NAME`, `LAST_UPDATED_STAMP`, `LAST_UPDATED_TX_STAMP`, `CREATED_STAMP`, `CREATED_TX_STAMP`) VALUES ('DDBLK100', 'GROUP_D', 'PAPER', 'Dark Black 100lb. Linen', '2017-05-15 13:40:00', '2017-05-15 13:40:00', '2017-05-15 13:40:00', '2017-05-15 13:40:00');
INSERT INTO `qc_stock` (`STOCK_ID`, `STOCK_TYPE_ID`, `MATERIAL_TYPE_ID`, `STOCK_NAME`, `LAST_UPDATED_STAMP`, `LAST_UPDATED_TX_STAMP`, `CREATED_STAMP`, `CREATED_TX_STAMP`) VALUES ('DB12', 'GROUP_D', 'PAPER', 'Black 12 PT C1S ColorCoat', '2017-05-15 13:40:00', '2017-05-15 13:40:00', '2017-05-15 13:40:00', '2017-05-15 13:40:00');
INSERT INTO `qc_stock` (`STOCK_ID`, `STOCK_TYPE_ID`, `MATERIAL_TYPE_ID`, `STOCK_NAME`, `LAST_UPDATED_STAMP`, `LAST_UPDATED_TX_STAMP`, `CREATED_STAMP`, `CREATED_TX_STAMP`) VALUES ('DA100', 'GROUP_D', 'PAPER', 'Aquamarine 100lb. Vellum', '2017-05-15 13:40:00', '2017-05-15 13:40:00', '2017-05-15 13:40:00', '2017-05-15 13:40:00');
INSERT INTO `qc_stock` (`STOCK_ID`, `STOCK_TYPE_ID`, `MATERIAL_TYPE_ID`, `STOCK_NAME`, `LAST_UPDATED_STAMP`, `LAST_UPDATED_TX_STAMP`, `CREATED_STAMP`, `CREATED_TX_STAMP`) VALUES ('DDBLU100', 'GROUP_D', 'PAPER', 'Dark Blue 100lb. Linen', '2017-05-15 13:40:00', '2017-05-15 13:40:00', '2017-05-15 13:40:00', '2017-05-15 13:40:00');
INSERT INTO `qc_stock` (`STOCK_ID`, `STOCK_TYPE_ID`, `MATERIAL_TYPE_ID`, `STOCK_NAME`, `LAST_UPDATED_STAMP`, `LAST_UPDATED_TX_STAMP`, `CREATED_STAMP`, `CREATED_TX_STAMP`) VALUES ('DB90', 'GROUP_D', 'PAPER', 'Blue 90lb. Hopsack', '2017-05-15 13:40:00', '2017-05-15 13:40:00', '2017-05-15 13:40:00', '2017-05-15 13:40:00');
INSERT INTO `qc_stock` (`STOCK_ID`, `STOCK_TYPE_ID`, `MATERIAL_TYPE_ID`, `STOCK_NAME`, `LAST_UPDATED_STAMP`, `LAST_UPDATED_TX_STAMP`, `CREATED_STAMP`, `CREATED_TX_STAMP`) VALUES ('DDB90', 'GROUP_D', 'PAPER', 'Deep Blue 90lb. Cordwain', '2017-05-15 13:40:00', '2017-05-15 13:40:00', '2017-05-15 13:40:00', '2017-05-15 13:40:00');
INSERT INTO `qc_stock` (`STOCK_ID`, `STOCK_TYPE_ID`, `MATERIAL_TYPE_ID`, `STOCK_NAME`, `LAST_UPDATED_STAMP`, `LAST_UPDATED_TX_STAMP`, `CREATED_STAMP`, `CREATED_TX_STAMP`) VALUES ('DRD80', 'GROUP_D', 'PAPER', 'Royal Blue 80lb. Tweed', '2017-05-15 13:40:00', '2017-05-15 13:40:00', '2017-05-15 13:40:00', '2017-05-15 13:40:00');
INSERT INTO `qc_stock` (`STOCK_ID`, `STOCK_TYPE_ID`, `MATERIAL_TYPE_ID`, `STOCK_NAME`, `LAST_UPDATED_STAMP`, `LAST_UPDATED_TX_STAMP`, `CREATED_STAMP`, `CREATED_TX_STAMP`) VALUES ('DN12', 'GROUP_D', 'PAPER', 'Navy 12 PT C1S ColorCoat', '2017-05-15 13:40:00', '2017-05-15 13:40:00', '2017-05-15 13:40:00', '2017-05-15 13:40:00');
INSERT INTO `qc_stock` (`STOCK_ID`, `STOCK_TYPE_ID`, `MATERIAL_TYPE_ID`, `STOCK_NAME`, `LAST_UPDATED_STAMP`, `LAST_UPDATED_TX_STAMP`, `CREATED_STAMP`, `CREATED_TX_STAMP`) VALUES ('DBBG80', 'GROUP_D', 'PAPER', 'Blazer Blue 80lb Grandee', '2017-05-15 13:40:00', '2017-05-15 13:40:00', '2017-05-15 13:40:00', '2017-05-15 13:40:00');
INSERT INTO `qc_stock` (`STOCK_ID`, `STOCK_TYPE_ID`, `MATERIAL_TYPE_ID`, `STOCK_NAME`, `LAST_UPDATED_STAMP`, `LAST_UPDATED_TX_STAMP`, `CREATED_STAMP`, `CREATED_TX_STAMP`) VALUES ('DDP100', 'GROUP_D', 'PAPER', 'Deep Pine 100lb. Linen', '2017-05-15 13:40:00', '2017-05-15 13:40:00', '2017-05-15 13:40:00', '2017-05-15 13:40:00');
INSERT INTO `qc_stock` (`STOCK_ID`, `STOCK_TYPE_ID`, `MATERIAL_TYPE_ID`, `STOCK_NAME`, `LAST_UPDATED_STAMP`, `LAST_UPDATED_TX_STAMP`, `CREATED_STAMP`, `CREATED_TX_STAMP`) VALUES ('DFG90', 'GROUP_D', 'PAPER', 'Forest Green 90lb. Hopsack', '2017-05-15 13:40:00', '2017-05-15 13:40:00', '2017-05-15 13:40:00', '2017-05-15 13:40:00');
INSERT INTO `qc_stock` (`STOCK_ID`, `STOCK_TYPE_ID`, `MATERIAL_TYPE_ID`, `STOCK_NAME`, `LAST_UPDATED_STAMP`, `LAST_UPDATED_TX_STAMP`, `CREATED_STAMP`, `CREATED_TX_STAMP`) VALUES ('DLG80', 'GROUP_D', 'PAPER', 'Leaf Green 80lb Vellum', '2017-05-15 13:40:00', '2017-05-15 13:40:00', '2017-05-15 13:40:00', '2017-05-15 13:40:00');
INSERT INTO `qc_stock` (`STOCK_ID`, `STOCK_TYPE_ID`, `MATERIAL_TYPE_ID`, `STOCK_NAME`, `LAST_UPDATED_STAMP`, `LAST_UPDATED_TX_STAMP`, `CREATED_STAMP`, `CREATED_TX_STAMP`) VALUES ('DB100', 'GROUP_D', 'PAPER', 'Burgundy 100lb. Linen', '2017-05-15 13:40:00', '2017-05-15 13:40:00', '2017-05-15 13:40:00', '2017-05-15 13:40:00');
INSERT INTO `qc_stock` (`STOCK_ID`, `STOCK_TYPE_ID`, `MATERIAL_TYPE_ID`, `STOCK_NAME`, `LAST_UPDATED_STAMP`, `LAST_UPDATED_TX_STAMP`, `CREATED_STAMP`, `CREATED_TX_STAMP`) VALUES ('DMER100', 'GROUP_D', 'PAPER', 'Merlot 100lb. Linen', '2017-05-15 13:40:00', '2017-05-15 13:40:00', '2017-05-15 13:40:00', '2017-05-15 13:40:00');
INSERT INTO `qc_stock` (`STOCK_ID`, `STOCK_TYPE_ID`, `MATERIAL_TYPE_ID`, `STOCK_NAME`, `LAST_UPDATED_STAMP`, `LAST_UPDATED_TX_STAMP`, `CREATED_STAMP`, `CREATED_TX_STAMP`) VALUES ('DE100', 'GROUP_D', 'PAPER', 'Eggplant 100lb. Linen', '2017-05-15 13:40:00', '2017-05-15 13:40:00', '2017-05-15 13:40:00', '2017-05-15 13:40:00');
INSERT INTO `qc_stock` (`STOCK_ID`, `STOCK_TYPE_ID`, `MATERIAL_TYPE_ID`, `STOCK_NAME`, `LAST_UPDATED_STAMP`, `LAST_UPDATED_TX_STAMP`, `CREATED_STAMP`, `CREATED_TX_STAMP`) VALUES ('DR90', 'GROUP_D', 'PAPER', 'Red 90lb. Hopsack', '2017-05-15 13:40:00', '2017-05-15 13:40:00', '2017-05-15 13:40:00', '2017-05-15 13:40:00');
INSERT INTO `qc_stock` (`STOCK_ID`, `STOCK_TYPE_ID`, `MATERIAL_TYPE_ID`, `STOCK_NAME`, `LAST_UPDATED_STAMP`, `LAST_UPDATED_TX_STAMP`, `CREATED_STAMP`, `CREATED_TX_STAMP`) VALUES ('D', 'GROUP_D', 'PAPER', 'Red Gloss 14 PT C1S', '2017-05-15 13:40:00', '2017-05-15 13:40:00', '2017-05-15 13:40:00', '2017-05-15 13:40:00');
