LUX-10APW-56,0,5
LUX-1590-B,0,5
LUX-1801-B,0,5
LUX-4260-B,0,5
LUX-4872-B,0,5
LUX-4CO-B,0,5
LUX-5080-B,0,5
LUX-512CO-B,0,5
LUX-72973-B,0,5
LUX-8510-B,0,5
LUX-8520-B,0,5
LUX-8530-B,0,5
LUXMLR-B,0,5
LUX-KGBM-000,0,5
LUX-KNPBM-0,0,5
LUX-KNPBM-000,0,5
LUX-4880-COLORPACK,0,5
LUX-4880-HFOILLINEDPACK,0,5
FLBK4872-01,0,5
FLBK4872-03,0,5
FLBK4872-04,0,5
FLBK4880-01,0,5
FLBK4880-03,0,5
FLBK4880-04,0,5
FLNT4260-04,0,5
FLNT4870-04,0,5
FLNT4872-01,0,5
FLNT4872-02,0,5
FLNT4872-04,0,5
FLNT4875-04,0,5
FLNT4880-01,0,5
FLNT4880-02,0,5
FLNT4880-04,0,5
FLNT4885-04,0,5
FLNV4872-03,0,5
FLNV4872-04,0,5
FLNV4880-03,0,5
FLNV4880-04,0,5
FLSL4872-02,0,5
FLSL4880-02,0,5
FLSM4872-03,0,5
FLSM4880-03,0,5
FLWH4260-01,0,5
FLWH4260-02,0,5
FLWH4260-03,0,5
FLWH4260-04,0,5
FLWH4870-01,0,5
FLWH4870-02,0,5
FLWH4870-03,0,5
FLWH4870-04,0,5
FLWH4872-01,0,5
FLWH4872-02,0,5
FLWH4872-03,0,5
FLWH4872-04,0,5
FLWH4875-01,0,5
FLWH4875-02,0,5
FLWH4875-03,0,5
FLWH4875-04,0,5
FLWH4880-01,0,5
FLWH4880-02,0,5
FLWH4880-03,0,5
FLWH4880-03SB,0,5
FLWH4880-04,0,5
FLWH4880-04GT,0,5
FLWH4885-01,0,5
FLWH4885-02,0,5
FLWH4885-03,0,5
FLWH4885-04,0,5
FLWH4895-01,0,5
FLWH4895-02,0,5
FLWH4895-03,0,5
FLWH4895-04,0,5
FLWH8535-01,0,5
FLWH8535-02,0,5
FLWH8535-03,0,5
FLWH8535-04,0,5
FLWHPHGC-01,0,5
FLWHPHGC-02,0,5
FLWHPHGC-03,0,5
FLWHPHGC-04,0,5
LUX-PF-07,0,5
LUX-PF-10,0,5
LUX-PF-101,0,5
LUX-PF-102,0,5
LUX-PF-103,0,5
LUX-PF-104,0,5
LUX-PF-106,0,5
LUX-PF-11,0,5
LUX-PF-112,0,5
LUX-PF-113,0,5
LUX-PF-12,0,5
LUX-PF-13,0,5
LUX-PF-14,0,5
LUX-PF-15,0,5
LUX-PF-17,0,5
LUX-PF-18,0,5
LUX-PF-22,0,5
LUX-PF-23,0,5
LUX-PF-25,0,5
LUX-PF-26,0,5
LUX-PF-56,0,5
LUX-PF-L17,0,5
LUX-PF-L20,0,5
LUX-PF-L22,0,5
LUX614GF-05,0,5
LUX614GF-07,0,5
LUX614GF-10,0,5
LUX614GF-101,0,5
LUX614GF-102,0,5
LUX614GF-103,0,5
LUX614GF-104,0,5
LUX614GF-106,0,5
LUX614GF-11,0,5
LUX614GF-112,0,5
LUX614GF-113,0,5
LUX614GF-12,0,5
LUX614GF-13,0,5
LUX614GF-14,0,5
LUX614GF-15,0,5
LUX614GF-17,0,5
LUX614GF-18,0,5
LUX614GF-20,0,5
LUX614GF-22,0,5
LUX614GF-23,0,5
LUX614GF-25,0,5
LUX614GF-26,0,5
LUX614GF-B,0,5
LUXA7GF-05,0,5
LUXA7GF-07,0,5
LUXA7GF-10,0,5
LUXA7GF-101,0,5
LUXA7GF-102,0,5
LUXA7GF-103,0,5
LUXA7GF-104,0,5
LUXA7GF-106,0,5
LUXA7GF-11,0,5
LUXA7GF-112,0,5
LUXA7GF-113,0,5
LUXA7GF-12,0,5
LUXA7GF-13,0,5
LUXA7GF-14,0,5
LUXA7GF-15,0,5
LUXA7GF-17,0,5
LUXA7GF-18,0,5
LUXA7GF-20,0,5
LUXA7GF-22,0,5
LUXA7GF-23,0,5
LUXA7GF-25,0,5
LUXA7GF-26,0,5
LUXA7GF-B,0,5
LUX-334LC103,0,5
LUX-334LC104,0,5
LUX-334LC106,0,5
LUX-334LC113,0,5
LUX-414LC103,0,5
LUX-414LC104,0,5
LUX-414LC106,0,5
LUX-414LC113,0,5
LUX-434LC103,0,5
LUX-434LC104,0,5
LUX-434LC106,0,5
LUX-434LC113,0,5
LUX-514LC103,0,5
LUX-514LC104,0,5
LUX-514LC106,0,5
LUX-514LC113,0,5
LUX-518LC103,0,5
LUX-518LC104,0,5
LUX-518LC106,0,5
LUX-518LC113,0,5
LUX-534LC103,0,5
LUX-534LC104,0,5
LUX-534LC106,0,5
LUX-534LC113,0,5
LUX-558LC103,0,5
LUX-558LC104,0,5
LUX-558LC106,0,5
LUX-558LC113,0,5
LUX-55LC103,0,5
LUX-55LC104,0,5
LUX-55LC106,0,5
LUX-55LC113,0,5
LUX-618LC103,0,5
LUX-618LC104,0,5
LUX-618LC106,0,5
LUX-618LC113,0,5
1113PBM-HR,0,5
1117-C-10,0,5
1117-C-101,0,5
1117-C-102,0,5
1117-C-103,0,5
1117-C-104,0,5
1117-C-106,0,5
1117-C-11,0,5
1117-C-112,0,5
1117-C-113,0,5
1117-C-114,0,5
1117-C-12,0,5
1117-C-13,0,5
1117-C-14,0,5
1117-C-15,0,5
1117-C-17,0,5
1117-C-18,0,5
1117-C-22,0,5
1117-C-23,0,5
1117-C-25,0,5
1117-C-26,0,5
1117-C-L05,0,5
1117-C-L07,0,5
1117-C-L17,0,5
1117-C-L20,0,5
1117-C-L22,0,5
1117-P-10,0,5
1117-P-102,0,5
1117-P-103,0,5
1117-P-104,0,5
1117-P-106,0,5
1117-P-11,0,5
1117-P-112,0,5
1117-P-113,0,5
1117-P-114,0,5
1117-P-12,0,5
1117-P-13,0,5
1117-P-14,0,5
1117-P-15,0,5
1117-P-17,0,5
1117-P-18,0,5
1117-P-22,0,5
1117-P-23,0,5
1117-P-25,0,5
1117-P-26,0,5
1117-P-60T15,0,5
1117-P-BULI,0,5
1117-P-L05,0,5
1117-P-L07,0,5
1117-P-L17,0,5
1117-P-L20,0,5
1117-P-L22,0,5
1212-C-10,0,5
1212-C-101,0,5
1212-C-102,0,5
1212-C-103,0,5
1212-C-104,0,5
1212-C-106,0,5
1212-C-11,0,5
1212-C-112,0,5
1212-C-113,0,5
1212-C-114,0,5
1212-C-12,0,5
1212-C-13,0,5
1212-C-14,0,5
1212-C-15,0,5
1212-C-17,0,5
1212-C-18,0,5
1212-C-22,0,5
1212-C-23,0,5
1212-C-25,0,5
1212-C-26,0,5
1212-C-L05,0,5
1212-C-L07,0,5
1212-C-L17,0,5
1212-C-L20,0,5
1212-C-L22,0,5
1212-P-10,0,5
1212-P-101,0,5
1212-P-102,0,5
1212-P-103,0,5
1212-P-104,0,5
1212-P-106,0,5
1212-P-11,0,5
1212-P-112,0,5
1212-P-113,0,5
1212-P-114,0,5
1212-P-12,0,5
1212-P-13,0,5
1212-P-14,0,5
1212-P-15,0,5
1212-P-17,0,5
1212-P-18,0,5
1212-P-22,0,5
1212-P-23,0,5
1212-P-25,0,5
1212-P-26,0,5
1212-P-60T15,0,5
1212-P-BULI,0,5
1212-P-L05,0,5
1212-P-L07,0,5
1212-P-L17,0,5
1212-P-L20,0,5
1212-P-L22,0,5
1218-C-05,0,5
1218-C-07,0,5
1218-C-10,0,5
1218-C-101,0,5
1218-C-102,0,5
1218-C-103,0,5
1218-C-104,0,5
1218-C-106,0,5
1218-C-11,0,5
1218-C-112,0,5
1218-C-113,0,5
1218-C-114,0,5
1218-C-12,0,5
1218-C-13,0,5
1218-C-14,0,5
1218-C-15,0,5
1218-C-17,0,5
1218-C-18,0,5
1218-C-20,0,5
1218-C-22,0,5
1218-C-23,0,5
1218-C-25,0,5
1218-C-26,0,5
1218-C-27,0,5
1218-C-L17,0,5
1218-C-L22,0,5
1218-P-05,0,5
1218-P-07,0,5
1218-P-10,0,5
1218-P-101,0,5
1218-P-102,0,5
1218-P-103,0,5
1218-P-104,0,5
1218-P-106,0,5
1218-P-11,0,5
1218-P-112,0,5
1218-P-113,0,5
1218-P-114,0,5
1218-P-12,0,5
1218-P-13,0,5
1218-P-14,0,5
1218-P-15,0,5
1218-P-17,0,5
1218-P-18,0,5
1218-P-20,0,5
1218-P-22,0,5
1218-P-23,0,5
1218-P-25,0,5
1218-P-26,0,5
1218-P-60T15,0,5
1218-P-BULI,0,5
1218-P-L17,0,5
1218-P-L22,0,5
1319-C-05,0,5
1319-C-07,0,5
1319-C-10,0,5
1319-C-101,0,5
1319-C-102,0,5
1319-C-103,0,5
1319-C-104,0,5
1319-C-106,0,5
1319-C-11,0,5
1319-C-112,0,5
1319-C-113,0,5
1319-C-114,0,5
1319-C-12,0,5
1319-C-13,0,5
1319-C-14,0,5
1319-C-15,0,5
1319-C-17,0,5
1319-C-18,0,5
1319-C-20,0,5
1319-C-22,0,5
1319-C-23,0,5
1319-C-25,0,5
1319-C-26,0,5
1319-C-L17,0,5
1319-C-L22,0,5
1319-P-05,0,5
1319-P-07,0,5
1319-P-10,0,5
1319-P-101,0,5
1319-P-102,0,5
1319-P-103,0,5
1319-P-104,0,5
1319-P-106,0,5
1319-P-11,0,5
1319-P-112,0,5
1319-P-113,0,5
1319-P-114,0,5
1319-P-12,0,5
1319-P-13,0,5
1319-P-14,0,5
1319-P-15,0,5
1319-P-17,0,5
1319-P-18,0,5
1319-P-20,0,5
1319-P-22,0,5
1319-P-23,0,5
1319-P-25,0,5
1319-P-26,0,5
1319-P-60T15,0,5
1319-P-BULI,0,5
1319-P-L17,0,5
1319-P-L22,0,5
14257,0,5
1801-200,0,5
1CO-80WSB,0,5
2X2CO-10,0,5
2X2CO-102,0,5
2X2CO-11,0,5
2X2CO-18,0,5
2X2CO-B,0,5
2X2CO-L22,0,5
4010-101,0,5
4010-102,0,5
4010-103,0,5
4010-104,0,5
4010-106,0,5
4010-112,0,5
4010-113,0,5
4010-L05,0,5
4010-L17,0,5
4010-L20,0,5
4010-L22,0,5
4020-101,0,5
4020-102,0,5
4020-103,0,5
4020-104,0,5
4020-106,0,5
4020-112,0,5
4020-113,0,5
4020-L05,0,5
4020-L17,0,5
4020-L20,0,5
4020-L22,0,5
4030-101,0,5
4030-102,0,5
4030-103,0,5
4030-104,0,5
4030-106,0,5
4030-112,0,5
4030-113,0,5
4030-L05,0,5
4030-L17,0,5
4030-L20,0,5
4030-L22,0,5
4040-101,0,5
4040-102,0,5
4040-103,0,5
4040-104,0,5
4040-106,0,5
4040-112,0,5
4040-113,0,5
4040-L05,0,5
4040-L17,0,5
4040-L20,0,5
4040-L22,0,5
4260-15,0,5
434SQFLD-10,0,5
434SQFLD-11,0,5
434SQFLD-12,0,5
434SQFLD-13,0,5
434SQFLD-14,0,5
434SQFLD-15,0,5
434SQFLD-17,0,5
434SQFLD-18,0,5
434SQFLD-22,0,5
434SQFLD-23,0,5
434SQFLD-25,0,5
434SQFLD-26,0,5
434SQFLD-27,0,5
434SQFLT-10,0,5
434SQFLT-11,0,5
434SQFLT-12,0,5
434SQFLT-13,0,5
434SQFLT-14,0,5
434SQFLT-15,0,5
434SQFLT-17,0,5
434SQFLT-18,0,5
434SQFLT-22,0,5
434SQFLT-23,0,5
434SQFLT-25,0,5
434SQFLT-26,0,5
434SQFLT-27,0,5
4860-114,0,5
4865-114B,0,5
4870-114B,0,5
4872-114B,0,5
4872-R,0,5
4880V-103,0,5
4880V-18,0,5
5030-L05,0,5
514SQFLD-10,0,5
514SQFLD-11,0,5
514SQFLD-12,0,5
514SQFLD-13,0,5
514SQFLD-14,0,5
514SQFLD-15,0,5
514SQFLD-17,0,5
514SQFLD-18,0,5
514SQFLD-22,0,5
514SQFLD-23,0,5
514SQFLD-25,0,5
514SQFLD-26,0,5
514SQFLD-27,0,5
514SQFLT-10,0,5
514SQFLT-11,0,5
514SQFLT-12,0,5
514SQFLT-13,0,5
514SQFLT-14,0,5
514SQFLT-15,0,5
514SQFLT-17,0,5
514SQFLT-18,0,5
514SQFLT-22,0,5
514SQFLT-23,0,5
514SQFLT-25,0,5
514SQFLT-26,0,5
514SQFLT-27,0,5
534SQFLD-10,0,5
534SQFLD-11,0,5
534SQFLD-12,0,5
534SQFLD-13,0,5
534SQFLD-14,0,5
534SQFLD-15,0,5
534SQFLD-17,0,5
534SQFLD-18,0,5
534SQFLD-22,0,5
534SQFLD-23,0,5
534SQFLD-25,0,5
534SQFLD-26,0,5
534SQFLD-27,0,5
534SQFLT-10,0,5
534SQFLT-11,0,5
534SQFLT-12,0,5
534SQFLT-13,0,5
534SQFLT-14,0,5
534SQFLT-15,0,5
534SQFLT-17,0,5
534SQFLT-18,0,5
534SQFLT-22,0,5
534SQFLT-23,0,5
534SQFLT-25,0,5
534SQFLT-26,0,5
534SQFLT-27,0,5
614SQFLD-10,0,5
614SQFLD-11,0,5
614SQFLD-12,0,5
614SQFLD-13,0,5
614SQFLD-14,0,5
614SQFLD-15,0,5
614SQFLD-17,0,5
614SQFLD-18,0,5
614SQFLD-22,0,5
614SQFLD-23,0,5
614SQFLD-25,0,5
614SQFLD-26,0,5
614SQFLD-27,0,5
614SQFLT-10,0,5
614SQFLT-11,0,5
614SQFLT-12,0,5
614SQFLT-13,0,5
614SQFLT-14,0,5
614SQFLT-15,0,5
614SQFLT-17,0,5
614SQFLT-18,0,5
614SQFLT-22,0,5
614SQFLT-23,0,5
614SQFLT-25,0,5
614SQFLT-26,0,5
614SQFLT-27,0,5
634SQFLT-10,0,5
634SQFLT-11,0,5
634SQFLT-12,0,5
634SQFLT-13,0,5
634SQFLT-14,0,5
634SQFLT-15,0,5
634SQFLT-17,0,5
634SQFLT-18,0,5
634SQFLT-22,0,5
634SQFLT-23,0,5
634SQFLT-25,0,5
634SQFLT-26,0,5
634SQFLT-27,0,5
67146,0,5
67153,0,5
67211,0,5
67229,0,5
67781,0,5
69PBM-HR,0,5
714SQFLT-10,0,5
714SQFLT-11,0,5
714SQFLT-12,0,5
714SQFLT-13,0,5
714SQFLT-14,0,5
714SQFLT-15,0,5
714SQFLT-17,0,5
714SQFLT-18,0,5
714SQFLT-22,0,5
714SQFLT-23,0,5
714SQFLT-25,0,5
714SQFLT-26,0,5
714SQFLT-27,0,5
734SQFLT-10,0,5
734SQFLT-11,0,5
734SQFLT-12,0,5
734SQFLT-13,0,5
734SQFLT-14,0,5
734SQFLT-15,0,5
734SQFLT-17,0,5
734SQFLT-18,0,5
734SQFLT-22,0,5
734SQFLT-23,0,5
734SQFLT-25,0,5
734SQFLT-26,0,5
734SQFLT-27,0,5
73821,0,5
73832,0,5
81211-C-08,0,5
81211-C-100,0,5
81211-C-101,0,5
81211-C-102,0,5
81211-C-106,0,5
81211-C-112,0,5
81211-C-113,0,5
81211-C-114,0,5
81211-C-12,0,5
81211-C-196,0,5
81211-C-197,0,5
81211-C-198,0,5
81211-C-199,0,5
81211-C-23,0,5
81211-C-25,0,5
81211-C-52,0,5
81211-C-53,0,5
81211-C-55,0,5
81211-C-76,0,5
81211-C-80,0,5
81211-C-84,0,5
81211-C-L05,0,5
81211-C-L07,0,5
81211-C-L17,0,5
81211-C-L20,0,5
81211-C-L22,0,5
81211-P-08,0,5
81211-P-100,0,5
81211-P-101,0,5
81211-P-102,0,5
81211-P-106,0,5
81211-P-112,0,5
81211-P-113,0,5
81211-P-114,0,5
81211-P-12,0,5
81211-P-196,0,5
81211-P-197,0,5
81211-P-198,0,5
81211-P-199,0,5
81211-P-20,0,5
81211-P-23,0,5
81211-P-25,0,5
81211-P-52,0,5
81211-P-53,0,5
81211-P-55,0,5
81211-P-76,0,5
81211-P-80,0,5
81211-P-84,0,5
81211-P-BULI,0,5
81211-P-L05,0,5
81211-P-L07,0,5
81211-P-L17,0,5
81211-P-L20,0,5
81211-P-L22,0,5
81214-C-10,0,5
81214-C-101,0,5
81214-C-102,0,5
81214-C-103,0,5
81214-C-104,0,5
81214-C-106,0,5
81214-C-11,0,5
81214-C-112,0,5
81214-C-113,0,5
81214-C-114,0,5
81214-C-12,0,5
81214-C-13,0,5
81214-C-14,0,5
81214-C-15,0,5
81214-C-17,0,5
81214-C-18,0,5
81214-C-22,0,5
81214-C-23,0,5
81214-C-25,0,5
81214-C-26,0,5
81214-C-L05,0,5
81214-C-L07,0,5
81214-C-L17,0,5
81214-C-L20,0,5
81214-C-L22,0,5
81214-P-10,0,5
81214-P-101,0,5
81214-P-102,0,5
81214-P-103,0,5
81214-P-104,0,5
81214-P-106,0,5
81214-P-11,0,5
81214-P-112,0,5
81214-P-113,0,5
81214-P-114,0,5
81214-P-12,0,5
81214-P-13,0,5
81214-P-14,0,5
81214-P-15,0,5
81214-P-17,0,5
81214-P-18,0,5
81214-P-22,0,5
81214-P-23,0,5
81214-P-25,0,5
81214-P-26,0,5
81214-P-60T15,0,5
81214-P-BULI,0,5
81214-P-L05,0,5
81214-P-L07,0,5
81214-P-L17,0,5
81214-P-L20,0,5
81214-P-L22,0,5
814SQFLT-10,0,5
814SQFLT-11,0,5
814SQFLT-12,0,5
814SQFLT-13,0,5
814SQFLT-14,0,5
814SQFLT-15,0,5
814SQFLT-17,0,5
814SQFLT-18,0,5
814SQFLT-22,0,5
814SQFLT-23,0,5
814SQFLT-25,0,5
814SQFLT-26,0,5
814SQFLT-27,0,5
834SQFLT-10,0,5
834SQFLT-11,0,5
834SQFLT-12,0,5
834SQFLT-13,0,5
834SQFLT-14,0,5
834SQFLT-15,0,5
834SQFLT-17,0,5
834SQFLT-18,0,5
834SQFLT-22,0,5
834SQFLT-23,0,5
834SQFLT-25,0,5
834SQFLT-26,0,5
834SQFLT-27,0,5
84793,0,5
8503-103,0,5
8503-18,0,5
8504-103,0,5
8504-18,0,5
8505-12,0,5
8505-15,0,5
8505-18,0,5
8505-20,0,5
8515-12,0,5
8515-15,0,5
8515-20,0,5
8525-12,0,5
8525-15,0,5
8525-18,0,5
8525-20,0,5
8535-12,0,5
8535-15,0,5
8595-80R,0,5
87477,0,5
87512,0,5
87519,0,5
87543,0,5
87812,0,5
87881,0,5
87907,0,5
87923,0,5
87949,0,5
89129,0,5
914SQFLT-10,0,5
914SQFLT-11,0,5
914SQFLT-12,0,5
914SQFLT-13,0,5
914SQFLT-14,0,5
914SQFLT-15,0,5
914SQFLT-17,0,5
914SQFLT-18,0,5
914SQFLT-22,0,5
914SQFLT-23,0,5
914SQFLT-25,0,5
914SQFLT-26,0,5
914SQFLT-27,0,5
92912,0,5
92938,0,5
A7BX-B-10,0,5
A7BX-B-11,0,5
A7BX-B-112,0,5
A7BX-B-12,0,5
A7BX-B-17,0,5
A7BX-B-26,0,5
A7BX-B-L20,0,5
A7BX-B-L22,0,5
A7BX-T-10,0,5
A7BX-T-11,0,5
A7BX-T-112,0,5
A7BX-T-12,0,5
A7BX-T-17,0,5
A7BX-T-26,0,5
A7BX-T-L20,0,5
A7BX-T-L22,0,5
AIR378-103,0,5
AIR378-18,0,5
BP-CPM1215BL,0,5
BP-CPM1215R,0,5
BP-CPM1215Y,0,5
BP-EN1095,0,5
BP-EN1096,0,5
BP-P2012B,0,5
BP-P2012G,0,5
BP-P2012R,0,5
BP-P2012Y,0,5
BP-P2018B,0,5
BP-P2018G,0,5
BP-P2018R,0,5
BP-P2018Y,0,5
BP-P2024B,0,5
BP-P2024G,0,5
BP-P2024R,0,5
BP-P2024Y,0,5
BP-P3024B,0,5
BP-P3024G,0,5
BP-P3024R,0,5
BP-P3024Y,0,5
BP-P3036B,0,5
BP-P3036G,0,5
BP-P3036R,0,5
BP-P3036Y,0,5
BP-TYC1013G,0,5
BP-TYC1013R,0,5
BP-TYC1013Y,0,5
BP-TYC912G,0,5
BP-TYC912R,0,5
BP-TYC912Y,0,5
EX-1820-18,0,5
EX-1840-18,0,5
EX-1855-18,0,5
EX-1865-18,0,5
EX-1870-18,0,5
EX-1872-18,0,5
EX-1875-18,0,5
EX-1880-18,0,5
EX-1895-18,0,5
EX-624PF-BLC,0,5
EX-624PF-LC1,0,5
EX-624PF-LC2,0,5
EX-OL23-BLC,0,5
EX-OL23-LC1,0,5
EX-OL23-LC2,0,5
EX-OL28-BLC,0,5
EX-OL28-LC1,0,5
EX-OL28-LC2,0,5
EX10-LEBA624PF,0,5
EX10-LEBAOL23,0,5
EX10-LEBAOL24,0,5
EX10-LEBAOL28,0,5
EX1644-10,0,5
EX1644-11,0,5
EX1644-12,0,5
EX1644-13,0,5
EX1644-14,0,5
EX1644-15,0,5
EX1644-17,0,5
EX1644-18,0,5
EX1644-22,0,5
EX1644-23,0,5
EX1644-25,0,5
EX1644-26,0,5
EX1644-27,0,5
EX1CO-27,0,5
EX4010-10,0,5
EX4010-11,0,5
EX4010-12,0,5
EX4010-13,0,5
EX4010-14,0,5
EX4010-15,0,5
EX4010-17,0,5
EX4010-18,0,5
EX4010-22,0,5
EX4010-23,0,5
EX4010-25,0,5
EX4010-26,0,5
EX4010-27,0,5
EX4010-B,0,5
EX4020-10,0,5
EX4020-11,0,5
EX4020-12,0,5
EX4020-13,0,5
EX4020-14,0,5
EX4020-15,0,5
EX4020-17,0,5
EX4020-18,0,5
EX4020-22,0,5
EX4020-23,0,5
EX4020-25,0,5
EX4020-26,0,5
EX4020-27,0,5
EX4030-10,0,5
EX4030-11,0,5
EX4030-12,0,5
EX4030-13,0,5
EX4030-14,0,5
EX4030-15,0,5
EX4030-17,0,5
EX4030-18,0,5
EX4030-22,0,5
EX4030-23,0,5
EX4030-25,0,5
EX4030-26,0,5
EX4030-27,0,5
EX4040-10,0,5
EX4040-11,0,5
EX4040-12,0,5
EX4040-13,0,5
EX4040-14,0,5
EX4040-15,0,5
EX4040-17,0,5
EX4040-18,0,5
EX4040-22,0,5
EX4040-23,0,5
EX4040-25,0,5
EX4040-26,0,5
EX4040-27,0,5
EX4060-10,0,5
EX4060-11,0,5
EX4060-12,0,5
EX4060-13,0,5
EX4060-14,0,5
EX4060-15,0,5
EX4060-17,0,5
EX4060-18,0,5
EX4060-22,0,5
EX4060-23,0,5
EX4060-25,0,5
EX4060-26,0,5
EX4060-27,0,5
EX4060-28,0,5
EX4080-10,0,5
EX4080-11,0,5
EX4080-12,0,5
EX4080-13,0,5
EX4080-14,0,5
EX4080-15,0,5
EX4080-17,0,5
EX4080-18,0,5
EX4080-22,0,5
EX4080-23,0,5
EX4080-25,0,5
EX4080-26,0,5
EX4080-27,0,5
EX4820-10,0,5
EX4820-11,0,5
EX4820-12,0,5
EX4820-13,0,5
EX4820-14,0,5
EX4820-15,0,5
EX4820-17,0,5
EX4820-18,0,5
EX4820-22,0,5
EX4820-23,0,5
EX4820-25,0,5
EX4820-26,0,5
EX4820-27,0,5
EX4860-10,0,5
EX4860-11,0,5
EX4860-12,0,5
EX4860-13,0,5
EX4860-14,0,5
EX4860-15,0,5
EX4860-17,0,5
EX4860-18,0,5
EX4860-22,0,5
EX4860-23,0,5
EX4860-25,0,5
EX4860-26,0,5
EX4860-27,0,5
EX4865-10,0,5
EX4865-11,0,5
EX4865-12,0,5
EX4865-13,0,5
EX4865-14,0,5
EX4865-15,0,5
EX4865-17,0,5
EX4865-18,0,5
EX4865-22,0,5
EX4865-23,0,5
EX4865-25,0,5
EX4865-26,0,5
EX4865-27,0,5
EX4870-10,0,5
EX4870-11,0,5
EX4870-12,0,5
EX4870-13,0,5
EX4870-14,0,5
EX4870-15,0,5
EX4870-17,0,5
EX4870-18,0,5
EX4870-22,0,5
EX4870-23,0,5
EX4870-25,0,5
EX4870-26,0,5
EX4870-27,0,5
EX4875-10,0,5
EX4875-11,0,5
EX4875-12,0,5
EX4875-13,0,5
EX4875-14,0,5
EX4875-15,0,5
EX4875-17,0,5
EX4875-18,0,5
EX4875-22,0,5
EX4875-23,0,5
EX4875-25,0,5
EX4875-26,0,5
EX4875-27,0,5
EX4880-10,0,5
EX4880-11,0,5
EX4880-12,0,5
EX4880-13,0,5
EX4880-14,0,5
EX4880-15,0,5
EX4880-17,0,5
EX4880-18,0,5
EX4880-22,0,5
EX4880-23,0,5
EX4880-25,0,5
EX4880-26,0,5
EX4880-27,0,5
EX4885-27,0,5
EX4894-10,0,5
EX4894-11,0,5
EX4894-12,0,5
EX4894-13,0,5
EX4894-14,0,5
EX4894-15,0,5
EX4894-17,0,5
EX4894-18,0,5
EX4894-22,0,5
EX4894-23,0,5
EX4894-25,0,5
EX4894-26,0,5
EX4894-27,0,5
EX4895-10,0,5
EX4895-11,0,5
EX4895-12,0,5
EX4895-13,0,5
EX4895-14,0,5
EX4895-15,0,5
EX4895-17,0,5
EX4895-18,0,5
EX4895-22,0,5
EX4895-23,0,5
EX4895-25,0,5
EX4895-26,0,5
EX4895-27,0,5
EX4897-10,0,5
EX4897-11,0,5
EX4897-12,0,5
EX4897-13,0,5
EX4897-14,0,5
EX4897-15,0,5
EX4897-17,0,5
EX4897-18,0,5
EX4897-22,0,5
EX4897-23,0,5
EX4897-25,0,5
EX4897-26,0,5
EX4897-27,0,5
EX4899-10,0,5
EX4899-11,0,5
EX4899-12,0,5
EX4899-13,0,5
EX4899-14,0,5
EX4899-15,0,5
EX4899-17,0,5
EX4899-18,0,5
EX4899-22,0,5
EX4899-23,0,5
EX4899-25,0,5
EX4899-26,0,5
EX5010-10,0,5
EX5010-11,0,5
EX5010-12,0,5
EX5010-13,0,5
EX5010-14,0,5
EX5010-15,0,5
EX5010-17,0,5
EX5010-18,0,5
EX5010-22,0,5
EX5010-23,0,5
EX5010-25,0,5
EX5010-26,0,5
EX5010-27,0,5
EX5020-10,0,5
EX5020-11,0,5
EX5020-12,0,5
EX5020-13,0,5
EX5020-14,0,5
EX5020-15,0,5
EX5020-17,0,5
EX5020-18,0,5
EX5020-22,0,5
EX5020-23,0,5
EX5020-25,0,5
EX5020-26,0,5
EX5020-27,0,5
EX5030-10,0,5
EX5030-11,0,5
EX5030-12,0,5
EX5030-13,0,5
EX5030-14,0,5
EX5030-15,0,5
EX5030-17,0,5
EX5030-18,0,5
EX5030-22,0,5
EX5030-23,0,5
EX5030-25,0,5
EX5030-26,0,5
EX5030-27,0,5
EX5040-10,0,5
EX5040-11,0,5
EX5040-12,0,5
EX5040-13,0,5
EX5040-14,0,5
EX5040-15,0,5
EX5040-17,0,5
EX5040-18,0,5
EX5040-22,0,5
EX5040-23,0,5
EX5040-25,0,5
EX5040-26,0,5
EX5040-27,0,5
EX5040-30,0,5
EX5060-10,0,5
EX5060-11,0,5
EX5060-12,0,5
EX5060-13,0,5
EX5060-14,0,5
EX5060-15,0,5
EX5060-17,0,5
EX5060-18,0,5
EX5060-22,0,5
EX5060-23,0,5
EX5060-25,0,5
EX5060-26,0,5
EX5060-27,0,5
EX7716-10,0,5
EX7716-11,0,5
EX7716-12,0,5
EX7716-13,0,5
EX7716-14,0,5
EX7716-15,0,5
EX7716-17,0,5
EX7716-18,0,5
EX7716-22,0,5
EX7716-23,0,5
EX7716-26,0,5
EX7716-27,0,5
EX8515-10,0,5
EX8515-11,0,5
EX8515-12,0,5
EX8515-13,0,5
EX8515-14,0,5
EX8515-15,0,5
EX8515-17,0,5
EX8515-18,0,5
EX8515-22,0,5
EX8515-23,0,5
EX8515-25,0,5
EX8515-26,0,5
EX8515-27,0,5
EX8535-10,0,5
EX8535-11,0,5
EX8535-12,0,5
EX8535-13,0,5
EX8535-14,0,5
EX8535-15,0,5
EX8535-17,0,5
EX8535-18,0,5
EX8535-22,0,5
EX8535-23,0,5
EX8535-25,0,5
EX8535-26,0,5
EX8535-27,0,5
EX8555-10,0,5
EX8555-11,0,5
EX8555-12,0,5
EX8555-13,0,5
EX8555-14,0,5
EX8555-15,0,5
EX8555-17,0,5
EX8555-18,0,5
EX8555-22,0,5
EX8555-23,0,5
EX8555-25,0,5
EX8555-26,0,5
EX8555-27,0,5
EXLEVC-10,0,5
EXLEVC-11,0,5
EXLEVC-12,0,5
EXLEVC-13,0,5
EXLEVC-14,0,5
EXLEVC-15,0,5
EXLEVC-17,0,5
EXLEVC-18,0,5
EXLEVC-18H,0,5
EXLEVC-22,0,5
EXLEVC-23,0,5
EXLEVC-25,0,5
EXLEVC-26,0,5
EXLEVC-27,0,5
FE-4220-12,0,5
FE-4220-15,0,5
FE-6070-15,0,5
FE-7280-12,0,5
FE-7280-15,0,5
FE4265-12,0,5
FE4265-15,0,5
FE4265-20,0,5
FE4270-12,0,5
FE4270-15,0,5
FE4270-20,0,5
FE4270-22,0,5
FE4275-12,0,5
FE4275-15,0,5
FE4275-20,0,5
FE4275-22,0,5
FE4280-12,0,5
FE4280-15,0,5
FE4280-20,0,5
FE4280-22,0,5
FE4865-22,0,5
FE8535-20,0,5
FFW-10-103,0,5
FFW-10-18,0,5
FFW-10-L20,0,5
FFW-10-L22,0,5
FFW-1013-18,0,5
FFW-69-102,0,5
FFW-69-103,0,5
FFW-69-18,0,5
FFW-69-L20,0,5
FFW-69-L22,0,5
FFW-912-103,0,5
FFW-912-18,0,5
FFW-912-L22,0,5
INVDW-102,0,5
INVDW-11,0,5
INVDW-18,0,5
INVDW-L20,0,5
INVDW-L22,0,5
LEVC-200,0,5
LEVC-96,0,5
LEVC-L07,0,5
LEVC3-103,0,5
LUX-10APW-103,0,5
LUX-10APW-18,0,5
LUX-10APW-L22,0,5
LUX-10BS-103,0,5
LUX-10BS-22,0,5
LUX-1590-07,0,5
LUX-1590-101,0,5
LUX-1590-102,0,5
LUX-1590-103,0,5
LUX-1590-11,0,5
LUX-1590-12,0,5
LUX-1590-13,0,5
LUX-1590-17,0,5
LUX-1590-18,0,5
LUX-1590-22,0,5
LUX-1590-L20,0,5
LUX-1590-L22,0,5
LUX-1644-101,0,5
LUX-1644-102,0,5
LUX-1644-103,0,5
LUX-1644-104,0,5
LUX-1644-106,0,5
LUX-1644-112,0,5
LUX-1644-113,0,5
LUX-1645-56,0,5
LUX-1801-10,0,5
LUX-1801-101,0,5
LUX-1801-102,0,5
LUX-1801-103,0,5
LUX-1801-11,0,5
LUX-1801-12,0,5
LUX-1801-18,0,5
LUX-1801-18HH,0,5
LUX-1801-22,0,5
LUX-1801-L17,0,5
LUX-1801-L20,0,5
LUX-1801-L22,0,5
LUX-1865-103,0,5
LUX-1870-103,0,5
LUX-1872-103,0,5
LUX-1875-103,0,5
LUX-1880-103,0,5
LUX-1895-103,0,5
LUX-1CO-05,0,5
LUX-1CO-07,0,5
LUX-1CO-10,0,5
LUX-1CO-101,0,5
LUX-1CO-102,0,5
LUX-1CO-103,0,5
LUX-1CO-104,0,5
LUX-1CO-106,0,5
LUX-1CO-11,0,5
LUX-1CO-112,0,5
LUX-1CO-113,0,5
LUX-1CO-12,0,5
LUX-1CO-13,0,5
LUX-1CO-14,0,5
LUX-1CO-15,0,5
LUX-1CO-17,0,5
LUX-1CO-18,0,5
LUX-1CO-18H,0,5
LUX-1CO-20,0,5
LUX-1CO-22,0,5
LUX-1CO-23,0,5
LUX-1CO-25,0,5
LUX-1CO-26,0,5
LUX-1CO-L17,0,5
LUX-1CO-L22,0,5
LUX-4080-102,0,5
LUX-4080-113,0,5
LUX-4260-101,0,5
LUX-4260-103,0,5
LUX-4260-11,0,5
LUX-4260-12,0,5
LUX-4260-18,0,5
LUX-4260-22,0,5
LUX-4590-101,0,5
LUX-4590-102,0,5
LUX-4590-103,0,5
LUX-4590-11,0,5
LUX-4590-12,0,5
LUX-4590-18,0,5
LUX-4820-101,0,5
LUX-4820-102,0,5
LUX-4820-103,0,5
LUX-4820-104,0,5
LUX-4820-105,0,5
LUX-4820-106,0,5
LUX-4820-112,0,5
LUX-4820-113,0,5
LUX-4820-39,0,5
LUX-4820-L22,0,5
LUX-4855-101,0,5
LUX-4855-103,0,5
LUX-4855-12,0,5
LUX-4855-22,0,5
LUX-4860-05,0,5
LUX-4860-07,0,5
LUX-4860-101,0,5
LUX-4860-102,0,5
LUX-4860-103,0,5
LUX-4860-104,0,5
LUX-4860-106,0,5
LUX-4860-112,0,5
LUX-4860-113,0,5
LUX-4860-18HH,0,5
LUX-4860-L17,0,5
LUX-4860-L20,0,5
LUX-4860-L22,0,5
LUX-4860-W103,0,5
LUX-4860-W18,0,5
LUX-4860-W22,0,5
LUX-4865-101,0,5
LUX-4865-102,0,5
LUX-4865-103,0,5
LUX-4865-104,0,5
LUX-4865-106,0,5
LUX-4865-112,0,5
LUX-4865-113,0,5
LUX-4865-39,0,5
LUX-4870-101,0,5
LUX-4870-102,0,5
LUX-4870-103,0,5
LUX-4870-104,0,5
LUX-4870-106,0,5
LUX-4870-112,0,5
LUX-4870-113,0,5
LUX-4870-39,0,5
LUX-4872-07,0,5
LUX-4872-10,0,5
LUX-4872-101,0,5
LUX-4872-102,0,5
LUX-4872-103,0,5
LUX-4872-104,0,5
LUX-4872-106,0,5
LUX-4872-11,0,5
LUX-4872-112,0,5
LUX-4872-113,0,5
LUX-4872-12,0,5
LUX-4872-13,0,5
LUX-4872-14,0,5
LUX-4872-15,0,5
LUX-4872-17,0,5
LUX-4872-18,0,5
LUX-4872-22,0,5
LUX-4872-23,0,5
LUX-4872-25,0,5
LUX-4872-26,0,5
LUX-4872-L05,0,5
LUX-4872-L17,0,5
LUX-4872-L20,0,5
LUX-4872-L22,0,5
LUX-4875-101,0,5
LUX-4875-102,0,5
LUX-4875-103,0,5
LUX-4875-104,0,5
LUX-4875-106,0,5
LUX-4875-112,0,5
LUX-4875-113,0,5
LUX-4875-39,0,5
LUX-4880-101,0,5
LUX-4880-102,0,5
LUX-4880-103,0,5
LUX-4880-104,0,5
LUX-4880-105,0,5
LUX-4880-106,0,5
LUX-4880-112,0,5
LUX-4880-113,0,5
LUX-4880-18G,0,5
LUX-4880-39,0,5
LUX-4885-101,0,5
LUX-4885-102,0,5
LUX-4885-103,0,5
LUX-4885-11,0,5
LUX-4885-12,0,5
LUX-4885-13,0,5
LUX-4885-14,0,5
LUX-4885-18,0,5
LUX-4885-22,0,5
LUX-4885-39,0,5
LUX-4894-05,0,5
LUX-4894-07,0,5
LUX-4894-101,0,5
LUX-4894-102,0,5
LUX-4894-103,0,5
LUX-4894-104,0,5
LUX-4894-106,0,5
LUX-4894-112,0,5
LUX-4894-113,0,5
LUX-4894-L20,0,5
LUX-4894-L22,0,5
LUX-4895-101,0,5
LUX-4895-102,0,5
LUX-4895-103,0,5
LUX-4895-104,0,5
LUX-4895-106,0,5
LUX-4895-112,0,5
LUX-4895-113,0,5
LUX-4895-39,0,5
LUX-4895-L05,0,5
LUX-4895-L20,0,5
LUX-4895-L22,0,5
LUX-4897-05,0,5
LUX-4897-07,0,5
LUX-4897-101,0,5
LUX-4897-102,0,5
LUX-4897-106,0,5
LUX-4897-112,0,5
LUX-4897-113,0,5
LUX-4897-L17,0,5
LUX-4897-L20,0,5
LUX-4897-L22,0,5
LUX-4899-05,0,5
LUX-4899-07,0,5
LUX-4899-101,0,5
LUX-4899-102,0,5
LUX-4899-103,0,5
LUX-4899-104,0,5
LUX-4899-106,0,5
LUX-4899-112,0,5
LUX-4899-113,0,5
LUX-4899-17,0,5
LUX-4899-39,0,5
LUX-4899-L20,0,5
LUX-4899-L22,0,5
LUX-4BAR-103,0,5
LUX-4BAR-18,0,5
LUX-4CO-18,0,5
LUX-5040-07,0,5
LUX-5040-101,0,5
LUX-5040-102,0,5
LUX-5040-103,0,5
LUX-5040-104,0,5
LUX-5040-112,0,5
LUX-5040-L05,0,5
LUX-5040-L17,0,5
LUX-5040-L20,0,5
LUX-5040-L22,0,5
LUX-5080-10,0,5
LUX-5080-101,0,5
LUX-5080-102,0,5
LUX-5080-103,0,5
LUX-5080-104,0,5
LUX-5080-106,0,5
LUX-5080-11,0,5
LUX-5080-112,0,5
LUX-5080-113,0,5
LUX-5080-12,0,5
LUX-5080-13,0,5
LUX-5080-14,0,5
LUX-5080-15,0,5
LUX-5080-17,0,5
LUX-5080-18,0,5
LUX-5080-22,0,5
LUX-5080-23,0,5
LUX-5080-25,0,5
LUX-5080-26,0,5
LUX-512BAR-103,0,5
LUX-512BAR-18,0,5
LUX-512CO-102,0,5
LUX-512CO-103,0,5
LUX-512CO-11,0,5
LUX-512CO-12,0,5
LUX-512CO-18,0,5
LUX-512CO-22,0,5
LUX-512CO-L20,0,5
LUX-512CO-L22,0,5
LUX-72973-12,0,5
LUX-72973-13,0,5
LUX-7716-101,0,5
LUX-7716-102,0,5
LUX-7716-103,0,5
LUX-7716-104,0,5
LUX-7716-106,0,5
LUX-7716-112,0,5
LUX-7716-113,0,5
LUX-7716-25,0,5
LUX-7CO-10,0,5
LUX-7CO-101,0,5
LUX-7CO-102,0,5
LUX-7CO-103,0,5
LUX-7CO-11,0,5
LUX-7CO-12,0,5
LUX-7CO-18,0,5
LUX-7CO-18CNY,0,5
LUX-7CO-22,0,5
LUX-7CO-L20,0,5
LUX-7CO-L22,0,5
LUX-8505-101,0,5
LUX-8505-102,0,5
LUX-8505-103,0,5
LUX-8505-104,0,5
LUX-8505-106,0,5
LUX-8505-12,0,5
LUX-8510-103,0,5
LUX-8510-18,0,5
LUX-8515-101,0,5
LUX-8515-102,0,5
LUX-8515-104,0,5
LUX-8515-112,0,5
LUX-8515-113,0,5
LUX-8520-103,0,5
LUX-8520-18,0,5
LUX-8525-101,0,5
LUX-8525-102,0,5
LUX-8525-103,0,5
LUX-8525-104,0,5
LUX-8525-106,0,5
LUX-8530-103,0,5
LUX-8530-18,0,5
LUX-8535-102,0,5
LUX-8535-103,0,5
LUX-8535-112,0,5
LUX-8535-113,0,5
LUX-8545-101,0,5
LUX-8545-102,0,5
LUX-8545-103,0,5
LUX-8545-104,0,5
LUX-8545-106,0,5
LUX-8545-18,0,5
LUX-8555-112,0,5
LUX-8555-113,0,5
LUX-8565-18,0,5
LUX-8575-18,0,5
LUX-8585-18,0,5
LUX-A7FFW-103,0,5
LUX-A7FFW-18,0,5
LUX-KBBM-3,0,5
LUX-KBBM-4,0,5
LUX-KWBM-0,0,5
LUX-KWBM-00,0,5
LUX-KWBM-000,0,5
LUX-KWBM-1,0,5
LUX-KWBM-2,0,5
LUX-KWBM-3,0,5
LUX-KWBM-4,0,5
LUX-KWBM-5,0,5
LUX-KWBM-6,0,5
LUX-KWBM-7,0,5
LUX-KWBM-CD,0,5
LUX-LEEBAR-103,0,5
LUX-LEEBAR-18,0,5
LUX-LINER-10,0,5
LUX-LINER-101,0,5
LUX-LINER-102,0,5
LUX-LINER-103,0,5
LUX-LINER-104,0,5
LUX-LINER-106,0,5
LUX-LINER-11,0,5
LUX-LINER-112,0,5
LUX-LINER-113,0,5
LUX-LINER-12,0,5
LUX-LINER-13,0,5
LUX-LINER-14,0,5
LUX-LINER-15,0,5
LUX-LINER-17,0,5
LUX-LINER-18,0,5
LUX-LINER-22,0,5
LUX-LINER-23,0,5
LUX-LINER-25,0,5
LUX-LINER-26,0,5
LUX-LINER-B,0,5
LUX-LINER-L05,0,5
LUX-LINER-L07,0,5
LUX-LINER-L17,0,5
LUX-LINER-L20,0,5
LUX-LINER-L22,0,5
LUX-MP-04,0,5
LUX-MPB-22,0,5
LUX-SWATCHBOOK,0,5
LUX4897-103,0,5
LUX5030-101,0,5
LUXLEVC-101,0,5
LUXLEVC-102,0,5
LUXLEVC-103,0,5
LUXLEVC-104,0,5
LUXLEVC-106,0,5
LUXLEVC-112,0,5
LUXLEVC-113,0,5
LUXLEVC-114,0,5
LUXLEVC-17,0,5
LUXMLR-10,0,5
LUXMLR-102,0,5
LUXMLR-103,0,5
LUXMLR-11,0,5
LUXMLR-17,0,5
LUXMLR-22,0,5
LUXMLR-L20,0,5
SH4265-05,0,5
SH4265-07,0,5
SH4270-05,0,5
SH4270-07,0,5
SH4275-05,0,5
SH4275-07,0,5
SH4280-05,0,5
SH4280-07,0,5
WS-0069,0,5
WS-2034,0,5
LUX Textures,0,5
10BS-BLI,0,5
10BS-NLI,0,5
10BS-WLI,0,5
1117-C-BGLI,0,5
1117-C-BLI,0,5
1117-C-BULI,0,5
1117-C-GNLI,0,5
1117-C-GRLI,0,5
1117-C-NLI,0,5
1117-C-S01,0,5
1117-C-S02,0,5
1117-C-S03,0,5
1117-C-S04,0,5
1117-C-S05,0,5
1117-C-WLI,0,5
1117-P-BGLI,0,5
1117-P-BLI,0,5
1117-P-GNLI,0,5
1117-P-GRLI,0,5
1117-P-NLI,0,5
1117-P-S01,0,5
1117-P-S02,0,5
1117-P-S03,0,5
1117-P-WCN,0,5
1117-P-WGV,0,5
1117-P-WLI,0,5
1117-P-WPQ,0,5
1212-C-BGLI,0,5
1212-C-BLI,0,5
1212-C-BULI,0,5
1212-C-GNLI,0,5
1212-C-GRLI,0,5
1212-C-NLI,0,5
1212-C-S01,0,5
1212-C-S02,0,5
1212-C-S03,0,5
1212-C-S04,0,5
1212-C-S05,0,5
1212-C-WLI,0,5
1212-P-BGLI,0,5
1212-P-BLI,0,5
1212-P-GNLI,0,5
1212-P-GRLI,0,5
1212-P-NLI,0,5
1212-P-S01,0,5
1212-P-S02,0,5
1212-P-S03,0,5
1212-P-WCN,0,5
1212-P-WGV,0,5
1212-P-WLI,0,5
1212-P-WPQ,0,5
1218-C-BGLI,0,5
1218-C-BLI,0,5
1218-C-BULI,0,5
1218-C-GNLI,0,5
1218-C-GRLI,0,5
1218-C-NLI,0,5
1218-C-S01,0,5
1218-C-S02,0,5
1218-C-S03,0,5
1218-C-S04,0,5
1218-C-S05,0,5
1218-C-WLI,0,5
1218-P-BGLI,0,5
1218-P-BLI,0,5
1218-P-GNLI,0,5
1218-P-GRLI,0,5
1218-P-NLI,0,5
1218-P-S01,0,5
1218-P-S02,0,5
1218-P-S03,0,5
1218-P-WCN,0,5
1218-P-WGV,0,5
1218-P-WLI,0,5
1218-P-WPQ,0,5
1319-C-BGLI,0,5
1319-C-BLI,0,5
1319-C-BULI,0,5
1319-C-GNLI,0,5
1319-C-GRLI,0,5
1319-C-NLI,0,5
1319-C-S01,0,5
1319-C-S02,0,5
1319-C-S03,0,5
1319-C-S04,0,5
1319-C-S05,0,5
1319-C-WLI,0,5
1319-P-BGLI,0,5
1319-P-BLI,0,5
1319-P-GNLI,0,5
1319-P-GRLI,0,5
1319-P-NLI,0,5
1319-P-S01,0,5
1319-P-S02,0,5
1319-P-S03,0,5
1319-P-WCN,0,5
1319-P-WGV,0,5
1319-P-WLI,0,5
1319-P-WPQ,0,5
1590-WLI,0,5
1644-BLI,0,5
1644-NLI,0,5
1644-WLI,0,5
17MINFLT-WLI,0,5
1801-BLI,0,5
1801-NLI,0,5
1801-S01,0,5
1801-S02,0,5
1801-S03,0,5
1801-WLI,0,5
1880-BLI,0,5
1CO-BLI,0,5
1CO-NLI,0,5
1CO-WLI,0,5
1COS01,0,5
1COS02,0,5
1COS03,0,5
4010-BULI,0,5
4010-C-S01,0,5
4010-C-S02,0,5
4010-C-S03,0,5
4010-C-S04,0,5
4010-C-S05,0,5
4012-NLI,0,5
4012-WLI,0,5
4020-BULI,0,5
4020-C-S04,0,5
4020-C-S05,0,5
4020-S01,0,5
4020-S02,0,5
4020-S03,0,5
4030-BULI,0,5
4030-C-S01,0,5
4030-C-S02,0,5
4030-C-S03,0,5
4030-C-S04,0,5
4030-C-S05,0,5
4030-S01,0,5
4030-S02,0,5
4030-S03,0,5
4040-BLI,0,5
4040-BULI,0,5
4040-C-S04,0,5
4040-C-S05,0,5
4040-NLI,0,5
4040-S01,0,5
4040-S02,0,5
4040-S03,0,5
4040-WLI,0,5
4060-BULI,0,5
4060-C-S01,0,5
4060-C-S02,0,5
4060-C-S03,0,5
4060-C-S04,0,5
4060-C-S05,0,5
4070-BULI,0,5
4070-C-S01,0,5
4070-C-S02,0,5
4070-C-S03,0,5
4070-C-S04,0,5
4070-C-S05,0,5
4080-BULI,0,5
4080-C-S01,0,5
4080-C-S02,0,5
4080-C-S03,0,5
4080-C-S04,0,5
4080-C-S05,0,5
4260-BGLI,0,5
4260-BULI,0,5
4260-GNLI,0,5
4260-GRLI,0,5
4820-BLI,0,5
4820-NLI,0,5
4820-WLI,0,5
4855-NLI,0,5
4855-WLI,0,5
4860-BGLI,0,5
4860-BLI,0,5
4860-BULI,0,5
4860-GNLI,0,5
4860-GRLI,0,5
4860-NLI,0,5
4860-S01,0,5
4860-S02,0,5
4860-S03,0,5
4860-WLI,0,5
4865-BLI,0,5
4865-NLI,0,5
4865-WCN,0,5
4865-WGV,0,5
4865-WLI,0,5
4865-WPQ,0,5
4870-BGLI,0,5
4870-BLI,0,5
4870-BULI,0,5
4870-GNLI,0,5
4870-GRLI,0,5
4870-NLI,0,5
4870-WLI,0,5
4870-WPQ,0,5
4872-BLI,0,5
4872-NLI,0,5
4872-WLI,0,5
4875-BGLI,0,5
4875-BLI,0,5
4875-BULI,0,5
4875-GNLI,0,5
4875-GRLI,0,5
4875-NLI,0,5
4875-WLI,0,5
4880-BGLI,0,5
4880-BLI,0,5
4880-BULI,0,5
4880-GNLI,0,5
4880-GRLI,0,5
4880-NLI,0,5
4880-WCN,0,5
4880-WGV,0,5
4880-WLI,0,5
4880-WPQ,0,5
4880V-BLI,0,5
4880V-NLI,0,5
4889-BULI,0,5
4894-BLI,0,5
4894-NLI,0,5
4894-WLI,0,5
4895-BLI,0,5
4895-NLI,0,5
4895-WCN,0,5
4895-WGV,0,5
4895-WLI,0,5
4897-BLI,0,5
4897-NLI,0,5
4897-WLI,0,5
4899-BGLI,0,5
4899-BLI,0,5
4899-GNLI,0,5
4899-GRLI,0,5
4899-NLI,0,5
4899-WLI,0,5
4BAR-BLI,0,5
4BAR-NLI,0,5
4BAR-WLI,0,5
5010-BULI,0,5
5010-C-S01,0,5
5010-C-S02,0,5
5010-C-S03,0,5
5010-C-S04,0,5
5010-C-S05,0,5
5020-BULI,0,5
5020-C-S01,0,5
5020-C-S02,0,5
5020-C-S03,0,5
5020-C-S04,0,5
5020-C-S05,0,5
5030-BULI,0,5
5030-C-S01,0,5
5030-C-S02,0,5
5030-C-S03,0,5
5030-C-S04,0,5
5030-C-S05,0,5
5040-BLI,0,5
5040-BULI,0,5
5040-C-S01,0,5
5040-C-S02,0,5
5040-C-S03,0,5
5040-C-S04,0,5
5040-C-S05,0,5
5040-NLI,0,5
5040-WLI,0,5
5060-BULI,0,5
5060-C-S01,0,5
5060-C-S02,0,5
5060-C-S03,0,5
5060-C-S04,0,5
5060-C-S05,0,5
5080-BLI,0,5
5080-BULI,0,5
5080-C-S01,0,5
5080-C-S02,0,5
5080-C-S03,0,5
5080-C-S04,0,5
5080-C-S05,0,5
5080-NLI,0,5
5080-WLI,0,5
512BAR-BLI,0,5
512BAR-NLI,0,5
512BAR-WLI,0,5
5370-S01,0,5
5370-S02,0,5
5370-S03,0,5
5380-S01,0,5
5380-S02,0,5
5380-S03,0,5
614GF-BLI,0,5
614GF-NLI,0,5
614GF-WLI,0,5
614PTL-S01,0,5
614ZF-BLI,0,5
614ZF-NLI,0,5
614ZF-WLI,0,5
6PKT-S01,0,5
6PKT-S02,0,5
6PKT-S03,0,5
7716-BLI,0,5
7716-NLI,0,5
7716-WLI,0,5
81211-C-05411,0,5
81211-C-59,0,5
81211-C-90,0,5
81211-C-BGLI,0,5
81211-C-BLI,0,5
81211-C-BULI,0,5
81211-C-GNLI,0,5
81211-C-GRLI,0,5
81211-C-S01,0,5
81211-C-S02,0,5
81211-C-S03,0,5
81211-C-S04,0,5
81211-C-S05,0,5
81211-P-59,0,5
81211-P-90,0,5
81211-P-BGLI,0,5
81211-P-BLI,0,5
81211-P-GNLI,0,5
81211-P-GRLI,0,5
81211-P-S01,0,5
81211-P-S02,0,5
81211-P-S03,0,5
81211-P-WCN,0,5
81211-P-WGV,0,5
81211-P-WPQ,0,5
81214-C-BGLI,0,5
81214-C-BULI,0,5
81214-C-GNLI,0,5
81214-C-GRLI,0,5
81214-C-S01,0,5
81214-C-S02,0,5
81214-C-S03,0,5
81214-C-S04,0,5
81214-C-S05,0,5
81214-P-BGLI,0,5
81214-P-GNLI,0,5
81214-P-GRLI,0,5
81214-P-S01,0,5
81214-P-S02,0,5
81214-P-S03,0,5
8505-BLI,0,5
8505-NLI,0,5
8505-WLI,0,5
8510-BLI,0,5
8510-NLI,0,5
8510-WLI,0,5
8515-BLI,0,5
8515-NLI,0,5
8515-WLI,0,5
8520-BLI,0,5
8520-NLI,0,5
8520-WLI,0,5
8525-BLI,0,5
8525-NLI,0,5
8525-WLI,0,5
8530-BLI,0,5
8530-NLI,0,5
8530-WLI,0,5
8535-BLI,0,5
8535-NLI,0,5
8535-S01,0,5
8535-S02,0,5
8535-S03,0,5
8535-WLI,0,5
A7BX-B-NLI,0,5
A7BX-T-NLI,0,5
A7GF-BLI,0,5
A7GF-NLI,0,5
A7GF-WLI,0,5
A7PKT-S01,0,5
A7PKT-S02,0,5
A7PKT-S03,0,5
A7PTL-S01,0,5
A7PTL-S02,0,5
A7PTL-S03,0,5
A7ZF-BLI,0,5
A7ZF-NLI,0,5
A7ZF-WLI,0,5
BC-NLI,0,5
BC-WLI,0,5
LEEBAR-BLI,0,5
LEEBAR-NLI,0,5
LEEBAR-WLI,0,5
LEVC-BLI,0,5
LEVC-NLI,0,5
LEVC-S01,0,5
LEVC-S02,0,5
LEVC-S03,0,5
LEVC-WLI,0,5
LEVC3-NLI,0,5
LINER-S01,0,5
LINER-S02,0,5
LINER-S03,0,5
LUX-4885-BLI,0,5
LUX-4885-NLI,0,5
LUX-4885-WLI,0,5
LUXMLR-BLI,0,5
LUXMLR-NLI,0,5
LUXMLR-WLI,0,5
MPB-NLI,0,5
WS-2960,0,5
WS-2961,0,5
WS-3269,0,5
WS-3270,0,5
LUXMLR-M06,0,5
LUXMLR-M07,0,5
LUX-614PTL103,0,5
LUX-614PTL104,0,5
LUX-614PTL106,0,5
LUX-614PTL113,0,5
LUX-A7PTL103,0,5
LUX-A7PTL104,0,5
LUX-A7PTL106,0,5
LUX-A7PTL113,0,5
LUX-6PKT103,0,5
LUX-6PKT104,0,5
LUX-6PKT106,0,5
LUX-6PKT113,0,5
LUX-A7PKT103,0,5
LUX-A7PKT104,0,5
LUX-A7PKT106,0,5
LUX-A7PKT113,0,5
LUX614ZF-05,0,5
LUX614ZF-07,0,5
LUX614ZF-10,0,5
LUX614ZF-101,0,5
LUX614ZF-102,0,5
LUX614ZF-103,0,5
LUX614ZF-104,0,5
LUX614ZF-106,0,5
LUX614ZF-11,0,5
LUX614ZF-112,0,5
LUX614ZF-113,0,5
LUX614ZF-12,0,5
LUX614ZF-13,0,5
LUX614ZF-14,0,5
LUX614ZF-15,0,5
LUX614ZF-17,0,5
LUX614ZF-18,0,5
LUX614ZF-20,0,5
LUX614ZF-22,0,5
LUX614ZF-23,0,5
LUX614ZF-25,0,5
LUX614ZF-26,0,5
LUX614ZF-B,0,5
LUXA7ZF-05,0,5
LUXA7ZF-07,0,5
LUXA7ZF-10,0,5
LUXA7ZF-101,0,5
LUXA7ZF-102,0,5
LUXA7ZF-103,0,5
LUXA7ZF-104,0,5
LUXA7ZF-106,0,5
LUXA7ZF-11,0,5
LUXA7ZF-112,0,5
LUXA7ZF-113,0,5
LUXA7ZF-12,0,5
LUXA7ZF-13,0,5
LUXA7ZF-14,0,5
LUXA7ZF-15,0,5
LUXA7ZF-17,0,5
LUXA7ZF-18,0,5
LUXA7ZF-20,0,5
LUXA7ZF-22,0,5
LUXA7ZF-23,0,5
LUXA7ZF-25,0,5
LUXA7ZF-26,0,5
LUXA7ZF-B,0,5
FLGB4880-03,0,10
FLGB4880-04,0,10
PF-GB,0,10
SCH-GB,0,10
614GF-GB,0,10
A7GF-GB,0,10
LUX-KGBBM-00,0,10
LUX-KGBBM-000,0,10
2X2CO-GB,0,10
4CO-GB,0,10
10BS-GB,0,10
1117-J-GB,0,10
1117-P-GB,0,10
1212-P-GB,0,10
1218-C-GB,0,10
1218-P-GB,0,10
1319-C-GB,0,10
1319-P-GB,0,10
1590-GB,0,10
1644-GB,0,10
17MINFLT-GB,0,10
1801-GB,0,10
1801-GBHE,0,10
1802-GBH01,0,10
1865-GB,0,10
1870-GB,0,10
1872-GB,0,10
1875-GB,0,10
1880-GB,0,10
1895-GB,0,10
1CO-GBSG,0,10
1COGB,0,10
2286-GB,0,10
4010-18GB,0,10
4020-18GB,0,10
4030-18GB,0,10
4040-18GB,0,10
4040-GB,0,10
4060-18GB,0,10
4260-GB,0,10
4820-GB,0,10
4855-GB,0,10
4860-GB,0,10
4860-WGB,0,10
4865-GB,0,10
4870-GB,0,10
4872-GB,0,10
4875-GB,0,10
4880-GB,0,10
4880V-GB,0,10
4892-GB,0,10
4894-GB,0,10
4895-GB,0,10
4896-GB,0,10
4897-GB,0,10
4898-GB,0,10
4995-GB,0,10
4BAR-GB,0,10
5040-GB,0,10
512BAR-GB,0,10
61112-GB,0,10
69GB,0,10
72973-GB,0,10
7450-GB,0,10
75522-GB,0,10
7716-GB,0,10
7CO-GB,0,10
81211-C-46,0,10
81211-P-46,0,10
81214-C-GB,0,10
81214-P-GB,0,10
8503-GB,0,10
8504-GB,0,10
8505-GB,0,10
8510-GB,0,10
8515-GB,0,10
8520-GB,0,10
8525-GB,0,10
8530-GB,0,10
8535-GB,0,10
8545-GB,0,10
8555-GB,0,10
8565-GB,0,10
8575-GB,0,10
8585-GB,0,10
912GB,0,10
A7FFW-GB,0,10
FFW-10-GB,0,10
FFW-1013-GB,0,10
FFW-69-GB,0,10
FFW-912-GB,0,10
INVDW-GB,0,10
LEEBAR-GB,0,10
LEVC-201,0,10
LEVC-GB,0,10
LEVC-GBH04,0,10
LEVC-GBH05,0,10
LINER-GB,0,10
LUX-10APW-GB,0,10
LUX-1645-GB,0,10
LUX-4590-GB,0,10
LUX-4860-GBB,0,10
LUX-4880-GBSG,0,10
LUX-4885-GB,0,10
LUX-512CO-GB,0,10
LUXMLR-GB,0,10
GBC-01,0,10
GBT-05,0,10
614PTLGB,0,10
A7PTLGB,0,10
6PKTGB,0,10
A7PKTGB,0,10
614ZF-GB,0,10
A7ZF-GB,0,10